flow_id,tx_packets,rx_packets,lost_packets,retx_packets,mean_delay_ms,throughput_mbps
1,11093,9355,2398,4,71.8595,0.565674
2,9821,8253,2044,4,72.5032,0.499025
3,10433,8646,2361,4,72.9862,0.522793
4,10380,8715,2189,4,73.3526,0.526967
5,10110,8444,2207,4,72.4906,0.510576
6,7127,7124,0,14248,12.0608,0.0174629
7,6161,6161,0,12322,12.0609,0.0151398
8,6630,6628,0,13256,12.0614,0.0164222
9,6687,6687,0,13374,12.061,0.0164784
10,6349,6349,0,12698,12.0606,0.0155514
11,73,57,23,8,73.5789,0.00325644
12,41,41,0,82,12.0488,9.952e-05
13,15,15,0,8,81.2,0.00073016
14,34,26,8,8,79.3077,0.00137056
15,9,9,0,18,12,1.888e-05
16,19,19,0,38,12.0526,4.512e-05
17,9,9,0,8,66.4444,0.00031452
18,6,6,0,12,12,1.264e-05
19,25,25,0,8,71.16,0.00128364
20,14,14,0,28,12,2.928e-05
21,35,35,0,8,69,0.00192076
22,19,19,0,38,12.0526,3.968e-05
23,14,14,0,8,75.7857,0.00065824
24,8,8,0,16,12,1.68e-05
25,24,24,0,8,63.9167,0.00124904
26,167,148,20,8,70,0.0087512
27,13,13,0,26,12,2.72e-05
28,117,117,0,234,12.0598,0.00028608
29,29,21,8,8,68.5714,0.00109272
30,15,15,0,30,12,3.296e-05
31,22,21,1,8,77.7143,0.00108664
32,7,7,0,8,81.5714,0.00024304
33,125,82,52,8,76.4634,0.00473208
34,12,12,0,24,12,2.512e-05
35,42,30,18,8,61.3333,0.00160908
36,47,34,19,8,72.2941,0.0018258
37,5,5,0,10,12,1.056e-05
38,67,67,0,134,12.0597,0.0001616
39,24,24,0,48,12.0417,5.584e-05
40,28,28,0,56,12.0357,6.64e-05
41,27,16,11,8,78.6875,0.00077504
42,10,10,0,20,12,2.096e-05
43,112,112,0,8,30.1786,0.0065852
44,57,57,0,114,12.0526,0.00011872
45,23,23,0,8,35.4783,0.00116428
46,61,61,0,8,35.3279,0.00345688
47,13,13,0,26,12,2.72e-05
48,32,32,0,64,12.0312,6.672e-05
49,50,50,0,8,35.22,0.00284404
50,26,26,0,52,12.0385,5.424e-05
51,51,51,0,8,29.4706,0.00288188
52,27,27,0,54,12.037,5.632e-05
53,41,41,0,8,43.2195,0.00229
54,22,22,0,44,12.0455,4.592e-05
55,79,79,0,8,65.2658,0.00459436
56,41,41,0,82,12.0488,8.544e-05
57,98,84,14,8,83.4881,0.00486928
58,55,36,30,8,84.4444,0.00196496
59,7,7,0,6,71,0.000248
60,72,72,0,144,12.0556,0.0001832
61,117,104,13,10,82.4904,0.00609296
62,33,33,0,66,12.0303,7.648e-05
63,5,5,0,10,12,1.056e-05
64,95,95,0,190,12.0526,0.00024064
65,235,187,71,8,78.5134,0.011088
66,58,54,4,10,76.5185,0.00306984
67,90,81,9,8,77.9259,0.00468828
68,168,168,0,336,12.0655,0.00044368
69,43,43,0,86,12.0465,0.00010528
70,56,56,0,112,12.0536,0.00013264
71,192,170,25,8,78.4765,0.0100527
72,145,145,0,290,12.0621,0.00037312
73,117,104,13,10,80.3846,0.00609536
74,97,97,0,194,12.0619,0.00024768
75,82,58,26,8,82.2759,0.00328984
76,48,48,0,96,12.0625,0.00013232
77,29,16,13,8,65.1875,0.0007798
78,13,12,1,8,77.9167,0.00051036
79,9,9,0,18,12,1.888e-05
80,51,42,9,10,82,0.00233256
81,8,8,0,16,12,1.776e-05
82,21,13,8,8,59.4615,0.00057016
83,33,33,0,66,12.0606,8e-05
84,117,102,15,10,71.1275,0.0059464
85,10,10,0,20,12,2.192e-05
86,84,75,9,8,76.92,0.00431632
87,101,72,48,8,63.9167,0.0041558
88,81,81,0,162,12.0494,0.00019552
89,59,59,0,118,12.0508,0.00014752
90,57,57,0,114,12.0526,0.0001328
91,8,8,0,8,80.375,0.00027248
92,5,5,0,10,12,1.056e-05
93,26,24,2,8,79.5417,0.00123488
94,13,13,0,26,12,2.784e-05
95,125,117,9,8,73.0427,0.00689196
96,74,74,0,148,12.0541,0.000172
97,20,19,1,8,83.8421,0.000927
98,322,280,53,8,64.3786,0.0167331
99,10,10,0,20,12,2.128e-05
100,193,193,0,386,12.057,0.00045152
101,49,31,27,10,71.6452,0.00159648
102,187,175,14,10,67.12,0.0103435
103,123,123,0,246,12.0569,0.00028672
104,26,24,2,8,80.875,0.00125164
105,13,13,0,26,12,2.784e-05
106,15,15,0,8,61.4,0.00071092
107,77,65,12,8,78.5385,0.00374044
108,9,9,0,18,12,1.888e-05
109,46,46,0,92,12.0435,0.00010928
110,54,42,12,10,78.8333,0.0022704
111,38,38,0,76,12.0526,9.552e-05
112,19,19,0,8,76.3684,0.00096228
113,75,69,6,8,64.5507,0.00397232
114,11,11,0,22,12,2.304e-05
115,58,58,0,116,12.0517,0.00013936
116,19,19,0,8,56.0526,0.0009666
117,308,288,22,8,74.1701,0.0171906
118,11,11,0,22,12,2.304e-05
119,161,146,15,8,81.2397,0.00862568
120,181,181,0,362,12.0552,0.00043584
121,92,92,0,184,12.0543,0.00022192
122,31,28,3,8,78.1071,0.00150752
123,43,31,16,8,65.871,0.00168672
124,169,142,43,8,61.9085,0.0083698
125,17,17,0,34,12,3.68e-05
126,26,26,0,52,12.0385,6.544e-05
127,105,105,0,210,12.0571,0.00025344
128,116,97,26,8,65.4742,0.00568068
129,32,32,0,8,43.7188,0.00174008
130,17,17,0,34,12,3.552e-05
131,83,72,11,10,70.9722,0.00410064
132,28,25,3,8,79.24,0.00128616
133,56,56,0,112,12.0536,0.00014384
134,15,15,0,30,12,3.2e-05
135,19,19,0,8,71.5789,0.00096524
136,29,29,0,58,12.0345,7.456e-05
137,11,11,0,22,12,2.304e-05
138,13,13,0,8,50.3077,0.00056136
139,78,70,8,10,73.3143,0.00404232
140,253,236,19,8,73.5297,0.014096
141,34,20,23,8,78.9,0.00102364
142,8,8,0,16,12,1.68e-05
143,52,52,0,104,12.0577,0.0001304
144,155,155,0,310,12.0581,0.0003696
145,18,18,0,36,12.0556,4.272e-05
146,30,30,0,8,74.4667,0.00159592
147,73,69,4,8,66.3768,0.0039476
148,16,16,0,32,12,3.344e-05
149,55,55,0,110,12.0545,0.00012416
150,14,14,0,8,57.4286,0.00064444
151,8,8,0,16,12,1.68e-05
152,55,55,0,8,65.1091,0.003131
153,29,29,0,58,12.0345,6.048e-05
154,46,43,5,10,73.1395,0.0023396
155,28,28,0,56,12.0357,6.16e-05
156,106,85,27,10,72.8824,0.00488304
157,166,153,14,10,77.0784,0.00906808
158,69,50,19,10,78.62,0.00276328
159,41,26,24,10,79.1538,0.00132832
160,73,73,0,146,12.0548,0.00017248
161,142,142,0,284,12.0704,0.000412
162,43,43,0,86,12.0465,0.00011808
163,43,25,32,8,75.96,0.00131548
164,24,24,0,48,12.0417,6.064e-05
165,30,20,16,8,58.2,0.00098472
166,23,23,0,46,12.0435,5.632e-05
167,12,12,0,24,12,2.512e-05
168,70,66,4,10,81.8939,0.0037772
169,56,56,0,112,12.0536,0.0001256
170,49,38,11,10,76.9211,0.00209928
171,32,32,0,64,12.0625,8.08e-05
172,41,41,0,8,71.3659,0.00225132
173,22,22,0,44,12.0455,4.592e-05
174,29,29,0,8,72.7241,0.00157684
175,96,96,0,8,75.5729,0.00557788
176,16,16,0,32,12,3.344e-05
177,49,49,0,98,12.0408,0.00010208
178,16,16,0,8,62.375,0.00076328
179,9,9,0,18,12,1.888e-05
180,90,81,9,10,77.7901,0.00467848
181,13,13,0,8,76.4615,0.00060236
182,40,31,9,8,80.0645,0.0016502
183,54,40,17,10,80.3,0.00221472
184,65,65,0,130,12.0462,0.0001568
185,8,8,0,16,12,1.68e-05
186,22,22,0,44,12.0455,5.328e-05
187,75,56,26,8,82.1429,0.00321092
188,34,34,0,68,12.0588,9.008e-05
189,46,46,0,92,12.0652,0.0001256
190,169,149,23,8,72.7852,0.00880168
191,119,119,0,238,12.0588,0.00028928
192,24,24,0,8,66.6667,0.00123688
193,13,13,0,26,12,2.72e-05
194,69,69,0,138,12.0435,0.00015776
195,87,67,27,8,72.791,0.00384896
196,47,40,7,10,75.675,0.00214856
197,53,53,0,106,12.0566,0.000144
198,32,32,0,64,12.0312,7.76e-05
199,153,137,18,10,65.0657,0.00804152
200,133,133,0,266,12.0602,0.00032672
201,27,27,0,8,66.1111,0.00145732
202,36,31,5,8,75,0.0016552
203,15,15,0,30,12,3.136e-05
204,22,22,0,44,12.0455,4.976e-05
205,8,8,0,8,59.25,0.0002764
206,68,68,0,8,71.0882,0.00389368
207,5,5,0,10,12,1.056e-05
208,35,35,0,70,12.0286,7.296e-05
209,40,40,0,8,53.375,0.00224288
210,21,21,0,42,12.0476,4.384e-05
211,37,37,0,8,65.4324,0.00201732
212,93,88,5,10,71.6932,0.00510384
213,9,9,0,8,70.8889,0.0003324
214,20,20,0,40,12.05,4.176e-05
215,68,68,0,136,12.0588,0.0001624
216,6,6,0,12,12,1.264e-05
217,71,54,18,8,66.3889,0.00305884
218,7,7,0,8,75.2857,0.00021008
219,98,81,17,8,65.4691,0.00468712
220,153,135,24,8,63.2074,0.00793248
221,47,27,38,8,40.1481,0.00144772
222,39,39,0,78,12.0513,0.0001008
223,5,5,0,10,12,1.056e-05
224,39,25,14,8,56.32,0.00127912
225,64,64,0,128,12.0625,0.00016624
226,79,79,0,158,12.0506,0.00017472
227,15,15,0,30,12,3.136e-05
228,20,20,0,40,12.05,4.656e-05
229,73,73,0,8,63.8082,0.00419172
230,38,38,0,76,12.0526,7.92e-05
231,16,16,0,8,37.75,0.00078724
232,87,74,18,6,68.3108,0.00430004
233,110,105,8,6,71.2857,0.00617508
234,10,10,0,20,12,2.096e-05
235,48,48,0,96,12.0417,0.00011344
236,74,74,0,148,12.0541,0.0001816
237,50,35,20,10,74.6286,0.00186496
238,64,44,38,8,58,0.00245956
239,93,74,27,8,48,0.00427456
240,32,32,0,64,12.0625,8.272e-05
241,23,23,0,46,12.0435,4.8e-05
242,50,50,0,100,12.04,0.0001112
243,16,16,0,8,44.3125,0.00073916
244,9,9,0,18,12,1.888e-05
245,57,57,0,8,62.8947,0.00325956
246,30,30,0,60,12.0333,6.256e-05
247,20,20,0,8,51.55,0.00101224
248,11,11,0,22,12,2.304e-05
249,16,16,0,8,42.375,0.00078768
250,9,9,0,18,12,1.888e-05
251,28,28,0,8,53.6786,0.0014618
252,15,15,0,30,12,3.136e-05
253,111,86,29,10,76.1047,0.0049868
254,64,50,15,8,81.96,0.00280548
255,72,72,0,144,12.0556,0.000196
256,40,40,0,80,12.05,0.00010448
257,43,36,13,8,79,0.00195596
258,24,24,0,48,12.0417,5.488e-05
259,46,22,24,8,74.5909,0.00113468
260,20,20,0,40,12.05,5.072e-05
261,82,82,0,8,70.9268,0.00472748
262,42,42,0,84,12.0476,8.752e-05
263,52,52,0,8,61.4231,0.00292032
264,27,27,0,54,12.037,5.632e-05
265,21,21,0,8,52.1905,0.00105536
266,60,52,8,10,80.7115,0.00290224
267,12,12,0,24,12,2.512e-05
268,38,38,0,76,12.0526,9.616e-05
269,129,111,18,10,78.2973,0.00650296
270,97,97,0,194,12.0619,0.00025856
271,242,200,61,8,76.935,0.0118843
272,31,22,9,8,79.0455,0.00110964
273,170,170,0,340,12.0588,0.000436
274,139,116,30,10,76.0948,0.00678936
275,14,14,0,28,12,3.088e-05
276,88,88,0,176,12.0568,0.00021936
277,246,216,34,10,77.6019,0.0128011
278,163,163,0,326,12.0552,0.00039744
279,78,61,25,10,79.2459,0.00341992
280,43,24,37,8,77.4583,0.00124132
281,58,58,0,116,12.0517,0.00014192
282,22,22,0,44,12.0455,5.808e-05
283,213,175,45,8,76.3714,0.0103746
284,159,159,0,318,12.0692,0.00044704
285,18,11,11,8,83.3636,0.0004468
286,72,46,31,8,81.6522,0.00259844
287,7,7,0,14,12,1.472e-05
288,58,31,42,8,74.0968,0.00164888
289,39,39,0,78,12.0513,0.00010688
290,78,60,23,10,75.4667,0.00338888
291,21,21,0,42,12.0476,4.8e-05
292,58,58,0,116,12.069,0.0001688
293,105,84,22,8,80.0833,0.00489696
294,289,185,163,8,75.5459,0.0110064
295,72,72,0,144,12.0556,0.00018512
296,142,142,0,284,12.0634,0.0003736
297,9,9,0,8,74.6667,0.00031476
298,7,7,0,8,81.1429,0.00022656
299,6,6,0,12,12,1.264e-05
300,5,5,0,10,12,1.056e-05
301,62,50,12,8,74.64,0.00280412
302,97,84,13,8,64.7024,0.00489524
303,38,38,0,76,12.0526,9.552e-05
304,58,58,0,116,12.0517,0.00013744
305,39,21,20,8,79.1429,0.0010538
306,36,36,0,8,71.0833,0.00195448
307,23,22,1,8,82.8182,0.00110168
308,19,19,0,38,12.0526,3.968e-05
309,12,12,0,24,12,2.544e-05
310,17,17,0,8,66.7059,0.000848
311,50,33,21,10,80.2424,0.00176768
312,10,10,0,20,12,2.096e-05
313,30,30,0,60,12.0333,7.6e-05
314,619,427,333,8,72.0304,0.0256468
315,395,395,0,790,12.0658,0.00106976
316,21,15,6,8,61.1333,0.00070904
317,10,10,0,20,12,2.096e-05
318,83,73,10,8,78.0685,0.00423616
319,48,48,0,96,12.0417,0.0001176
320,77,67,10,8,81.5075,0.00383636
321,57,57,0,114,12.0526,0.00014432
322,62,41,28,10,70.9512,0.00218792
323,72,53,36,8,50.3396,0.00298316
324,293,213,113,6,77.0892,0.0127358
325,10,6,5,8,80.8333,0.00018428
326,38,38,0,76,12.0526,0.0001064
327,40,40,0,80,12.05,9.68e-05
328,182,182,0,364,12.0604,0.00046352
329,5,5,0,10,12,1.056e-05
330,64,51,14,10,74.5294,0.0029072
331,175,160,16,10,54.6187,0.00942816
332,151,151,0,302,12.0596,0.00040224
333,515,399,154,8,78.3183,0.0239455
334,348,348,0,696,12.0603,0.0008728
335,24,24,0,8,33.7917,0.00124024
336,48,48,0,8,47.4583,0.00271212
337,13,13,0,26,12,2.72e-05
338,25,25,0,50,12.04,5.216e-05
339,32,32,0,8,38.3125,0.00175916
340,41,41,0,8,50.2683,0.00228976
341,17,17,0,34,12,3.552e-05
342,22,22,0,44,12.0455,4.592e-05
343,23,23,0,8,27.7391,0.00119692
344,13,13,0,26,12,2.72e-05
345,32,32,0,8,37.8438,0.0017198
346,17,17,0,34,12,3.552e-05
347,132,128,6,10,54.5781,0.00748952
348,73,73,0,146,12.0411,0.00015648
349,43,43,0,8,61.2093,0.00236832
350,23,23,0,46,12.0435,4.8e-05
351,18,18,0,8,60.1667,0.00090692
352,10,10,0,20,12,2.096e-05
353,32,32,0,8,63.5625,0.0017458
354,47,37,13,10,73.1892,0.00204968
355,43,24,37,6,73.8333,0.00130328
356,100,61,55,10,78.5082,0.00340528
357,17,17,0,34,12,3.552e-05
358,31,31,0,62,12.0323,7.744e-05
359,23,23,0,46,12.0435,6.112e-05
360,59,59,0,118,12.0508,0.00016
361,110,82,30,8,74.7805,0.00473864
362,68,53,15,10,69.8868,0.00293736
363,65,65,0,130,12.0615,0.00017216
364,46,46,0,92,12.0435,0.0001192
365,16,16,0,8,65.625,0.00076628
366,19,19,0,38,12.0526,5.088e-05
367,9,9,0,18,12,1.888e-05
368,682,558,161,8,78.5753,0.033554
369,75,54,25,8,76.5556,0.00307036
370,31,18,13,6,80.7222,0.00093892
371,20,12,15,8,78.1667,0.00051776
372,463,463,0,926,12.0626,0.00117728
373,50,50,0,100,12.06,0.0001336
374,25,25,0,50,12.04,5.952e-05
375,10,10,0,20,12,2.288e-05
376,125,99,30,10,79.2626,0.0057216
377,22,22,0,8,77.6364,0.00111608
378,87,87,0,174,12.069,0.00024896
379,71,52,31,8,79.6346,0.00294452
380,12,12,0,24,12,2.512e-05
381,344,262,123,8,77.6145,0.0156252
382,30,16,14,8,82.75,0.00076016
383,39,39,0,78,12.0513,9.696e-05
384,242,242,0,484,12.0661,0.00065328
385,12,12,0,24,12,2.64e-05
386,77,53,24,8,81.3208,0.00298432
387,35,18,31,8,72.5556,0.00086072
388,45,45,0,90,12.0667,0.00012128
389,15,15,0,30,12,3.584e-05
390,253,213,60,8,76.0798,0.012692
391,100,75,29,8,76.4933,0.0043274
392,158,158,0,316,12.057,0.00038192
393,54,32,35,8,79.25,0.0017138
394,64,64,0,128,12.0625,0.00017008
395,30,30,0,60,12.0333,7.152e-05
396,46,34,12,8,83.1176,0.001825
397,27,27,0,54,12.037,7.072e-05
398,33,26,7,8,78.4615,0.00134412
399,16,16,0,32,12,3.504e-05
400,44,44,0,88,12.0455,0.00011664
401,15,10,9,8,82.9,0.00040624
402,134,123,12,10,64.4309,0.00719448
403,8,8,0,16,12,1.744e-05
404,115,115,0,230,12.0609,0.00031488
405,135,122,18,8,66.7377,0.00719308
406,72,72,0,144,12.0556,0.0001672
407,56,36,35,10,79.7778,0.00191216
408,34,34,0,68,12.0588,8.4e-05
409,94,80,15,10,80.475,0.00461304
410,97,74,29,8,79.7027,0.00425316
411,62,62,0,124,12.0484,0.00015952
412,57,57,0,114,12.0526,0.00014752
413,50,36,14,8,81.4722,0.00198208
414,152,119,50,6,68.5966,0.00702184
415,137,93,61,10,79.9785,0.0054424
416,33,33,0,66,12.0606,8.224e-05
417,109,109,0,218,12.055,0.00027104
418,76,76,0,152,12.0526,0.00019568
419,62,54,8,8,81.0926,0.00305668
420,100,77,28,8,79.987,0.00443496
421,44,44,0,88,12.0455,0.00011312
422,73,73,0,146,12.0548,0.00019136
423,69,55,14,8,84.5091,0.00309924
424,113,92,25,8,82,0.00537644
425,47,47,0,94,12.0638,0.0001264
426,81,81,0,162,12.0617,0.00021536
427,47,29,21,8,83.5517,0.0015554
428,25,25,0,50,12.04,6.848e-05
429,16,16,0,8,80,0.00078516
430,31,17,14,6,79.0588,0.00087368
431,16,11,6,8,83.6364,0.00048632
432,9,9,0,18,12,1.888e-05
433,20,20,0,40,12.05,4.208e-05
434,8,8,0,16,12,1.744e-05
435,25,25,0,8,58.08,0.00130096
436,33,33,0,8,72.8485,0.00176984
437,14,14,0,28,12,2.928e-05
438,18,18,0,36,12,3.76e-05
439,6,6,0,8,49.3333,0.00014768
440,4,4,0,8,12,8.48e-06
441,17,17,0,8,53,0.00084904
442,717,577,192,8,78.2565,0.0346746
443,21,19,2,8,83.2105,0.00093056
444,10,10,0,20,12,2.096e-05
445,460,460,0,920,12.0609,0.00113744
446,11,11,0,22,12,2.368e-05
447,250,219,39,8,78.5205,0.0130412
448,93,51,68,8,81.8431,0.00287776
449,72,44,44,8,84.5682,0.0024648
450,184,184,0,368,12.0598,0.00046288
451,47,47,0,94,12.0638,0.00012608
452,44,33,11,8,83.0303,0.00178804
453,38,38,0,76,12.0526,9.904e-05
454,27,27,0,54,12.037,6.88e-05
455,147,97,65,8,80.0309,0.00566876
456,90,90,0,180,12.0556,0.00023088
457,4,4,0,6,75.5,6.688e-05
458,3,3,0,6,12,6.4e-06
459,105,82,27,10,84.3293,0.00474288
460,72,72,0,144,12.0556,0.00019312
461,60,33,46,6,82.9697,0.00187696
462,124,82,64,10,83.5244,0.00468072
463,32,32,0,64,12.0625,8.176e-05
464,78,78,0,156,12.0641,0.0002104
465,38,33,5,8,80.8182,0.0017786
466,22,22,0,44,12.0455,5.168e-05
467,47,29,19,8,79.8621,0.00152052
468,23,12,13,8,75.0833,0.00053384
469,26,26,0,52,12.0385,7.088e-05
470,24,24,0,8,73.6667,0.001229
471,10,10,0,20,12,2.32e-05
472,6,6,0,8,81.8333,0.00013492
473,107,85,24,10,80.5294,0.00495296
474,13,13,0,26,12,2.72e-05
475,11,11,0,8,69.0909,0.00047496
476,4,4,0,8,12,8.48e-06
477,79,79,0,158,12.0633,0.00020576
478,7,7,0,14,12,1.472e-05
479,68,47,29,8,85,0.00265556
480,40,40,0,80,12.05,0.0001096
481,217,176,52,8,80.2898,0.010455
482,144,144,0,288,12.0625,0.00037968
483,46,28,22,8,74.6429,0.00148288
484,25,25,0,50,12.04,6.816e-05
485,14,14,0,8,64.5,0.00062548
486,8,8,0,16,12,1.68e-05
487,24,23,1,8,81.6087,0.00120424
488,802,650,200,8,75.9892,0.039085
489,13,13,0,26,12,2.72e-05
490,519,519,0,1038,12.0617,0.00132288
491,202,157,64,10,82.5987,0.00926488
492,62,49,15,10,78.3265,0.00269544
493,69,49,31,8,84.3469,0.00273708
494,140,140,0,280,12.0643,0.00038608
495,38,38,0,76,12.0526,9.744e-05
496,46,46,0,92,12.0435,0.00011664
497,427,389,42,8,80.7712,0.0233392
498,16,12,6,8,86.8333,0.00054476
499,293,293,0,586,12.058,0.00069984
500,9,9,0,18,12,1.952e-05
501,73,58,16,8,84.3103,0.00332556
502,23,13,17,8,84.8462,0.00055548
503,45,45,0,90,12.0444,0.00010912
504,9,9,0,18,12,2.048e-05
505,17,17,0,8,73.1176,0.00081164
506,10,10,0,20,12,2.096e-05
507,956,789,210,8,77.0469,0.0475297
508,630,630,0,1260,12.0619,0.00158032
509,22,15,7,8,79.2667,0.0006826
510,12,12,0,24,12,2.576e-05
511,55,44,11,8,75.7273,0.0024612
512,124,100,26,8,81.53,0.00581964
513,32,32,0,64,12.0312,7.888e-05
514,12,11,1,8,79.3636,0.00047928
515,83,83,0,166,12.0602,0.00021856
516,7,7,0,14,12,1.472e-05
517,47,27,33,8,79.2222,0.001448
518,84,65,24,10,82.6615,0.00365408
519,52,27,46,8,77.2963,0.00142892
520,25,25,0,50,12.04,6.784e-05
521,48,31,20,8,80.6129,0.00166532
522,69,40,31,8,78.9,0.00223492
523,60,60,0,120,12.05,0.00015856
524,20,20,0,40,12.05,4.624e-05
525,34,34,0,68,12.0588,9.168e-05
526,236,181,63,8,77.0276,0.0107181
527,154,154,0,308,12.0649,0.0004072
528,135,114,22,8,83.1316,0.0066716
529,64,41,33,8,83.7805,0.00227724
530,105,105,0,210,12.0667,0.0003088
531,34,34,0,68,12.0294,7.984e-05
532,7,6,1,8,81.1667,0.00014816
533,30,18,20,8,81.0556,0.00088464
534,13,13,0,26,12,2.88e-05
535,44,22,27,8,81.3182,0.00111716
536,17,13,4,8,75.4615,0.00057144
537,18,18,0,36,12.0556,4.016e-05
538,44,43,1,10,81.8837,0.0023544
539,9,9,0,18,12,1.888e-05
540,32,32,0,64,12.0312,7.056e-05
541,11,11,0,8,71.7273,0.00043684
542,106,87,19,10,76.0115,0.00504528
543,71,53,19,10,80.3208,0.00294384
544,7,7,0,14,12,1.472e-05
545,81,81,0,162,12.0617,0.00020864
546,48,48,0,96,12.0625,0.00012336
547,168,130,58,10,75.7154,0.00767736
548,125,125,0,250,12.056,0.00032128
549,101,82,23,8,80.1463,0.00475264
550,55,55,0,110,12.0545,0.00012768
551,18,18,0,8,64.5556,0.00090356
552,10,10,0,20,12,2.096e-05
553,63,40,31,8,78.575,0.00221584
554,37,37,0,74,12.0541,9.312e-05
555,15,15,0,8,65.5333,0.00070812
556,9,9,0,18,12,1.888e-05
557,25,25,0,50,12.04,6.4e-05
558,205,140,88,10,77.5571,0.00818008
559,114,114,0,228,12.0614,0.0002808
560,42,34,8,8,79.5,0.0018392
561,25,25,0,50,12.04,5.856e-05
562,388,239,235,8,77.9205,0.0142788
563,93,73,23,8,76.9041,0.00418708
564,50,26,25,8,75.3462,0.00138804
565,418,254,262,8,76.3268,0.0151839
566,231,231,0,462,12.0649,0.00060704
567,63,63,0,126,12.0476,0.00015456
568,24,24,0,48,12.0417,6.544e-05
569,249,249,0,498,12.0643,0.00065312
570,133,111,26,8,78.7658,0.00651512
571,95,95,0,190,12.0632,0.00024928
572,4,4,0,8,12,8.48e-06
573,85,63,30,8,68.5873,0.00360776
574,48,48,0,96,12.0625,0.00012592
575,480,369,124,8,77.7453,0.0221324
576,289,182,141,8,78.6648,0.0107747
577,290,290,0,580,12.0621,0.00073136
578,174,174,0,348,12.0632,0.0004664
579,99,85,14,8,74.9059,0.00493184
580,63,53,11,8,79.6226,0.00300392
581,99,72,31,8,73,0.00414284
582,67,67,0,134,12.0597,0.00017536
583,46,46,0,92,12.0435,0.00011088
584,14,9,5,8,69.5556,0.00033652
585,52,52,0,104,12.0577,0.00012592
586,7,7,0,14,12,1.6e-05
587,20,14,7,8,80.5714,0.00066444
588,9,9,0,18,12,1.888e-05
589,9,9,0,8,87.3333,0.00031132
590,6,6,0,12,12,1.264e-05
591,147,112,58,6,81.0357,0.00661652
592,986,706,367,10,75.5297,0.0424934
593,84,84,0,168,12.0595,0.00020816
594,602,602,0,1204,12.0631,0.0015448
595,9,9,0,8,40.6667,0.00035832
596,6,6,0,12,12,1.264e-05
597,13,13,0,8,60.4615,0.00060156
598,8,8,0,16,12,1.68e-05
599,24,24,0,8,61.5417,0.0012472
600,42,24,34,8,78,0.00123384
601,34,18,28,8,79.4444,0.00085716
602,13,13,0,26,12,2.72e-05
603,22,22,0,44,12.0455,5.808e-05
604,13,13,0,26,12,2.88e-05
605,157,116,52,10,79.5948,0.00682776
606,34,19,16,8,79.7895,0.00096208
607,30,17,22,8,78.6471,0.00082492
608,106,106,0,212,12.0566,0.00027664
609,15,9,11,8,78,0.00034
610,17,17,0,34,12.0588,4e-05
611,10,10,0,20,12,2.096e-05
612,6,6,0,12,12,1.264e-05
613,72,54,21,10,79.8333,0.0029912
614,35,21,17,8,83.5238,0.00105208
615,71,52,37,8,76.3269,0.00291216
616,42,42,0,84,12.0476,0.00010672
617,18,18,0,36,12.0556,4.272e-05
618,39,39,0,78,12.0513,9.344e-05
619,119,92,36,10,78.9674,0.00532872
620,30,18,17,6,78.8333,0.0009214
621,51,28,40,8,77.2857,0.00151368
622,80,80,0,160,12.0625,0.00021936
623,25,25,0,50,12.04,5.6e-05
624,27,27,0,54,12.037,7.008e-05
625,123,96,33,8,81.2396,0.00557488
626,29,18,11,8,76.3333,0.00088596
627,87,87,0,174,12.0575,0.00023872
628,13,13,0,26,12,2.88e-05
629,68,55,15,10,83.3818,0.00307384
630,48,48,0,96,12.0625,0.000132
631,63,40,34,8,79.925,0.00221728
632,58,39,28,10,77.7949,0.00211808
633,38,38,0,76,12.0526,9.744e-05
634,36,36,0,72,12.0556,9.52e-05
635,39,35,6,10,76.2571,0.00186848
636,23,23,0,46,12.0435,4.96e-05
637,81,59,26,10,76.2203,0.00332016
638,52,52,0,104,12.0577,0.0001384
639,16,9,10,8,81.5556,0.00031972
640,12,12,0,8,78.9167,0.00053124
641,43,34,9,10,79.7353,0.00185616
642,7,7,0,14,12,1.472e-05
643,26,26,0,52,12.0385,6.352e-05
644,59,46,13,8,84.6957,0.00259752
645,39,39,0,78,12.0513,0.00010272
646,160,125,44,8,75.88,0.00733388
647,41,19,38,6,74.8421,0.000994
648,928,718,267,6,75.546,0.0433006
649,98,98,0,196,12.0612,0.00024912
650,15,15,0,30,12,3.296e-05
651,529,529,0,1058,12.0605,0.00130592
652,26,20,8,8,79.65,0.00099368
653,38,21,27,8,82.1429,0.00107448
654,186,124,99,8,77.1855,0.00729956
655,12,12,0,24,12,2.512e-05
656,19,19,0,38,12.0526,4.64e-05
657,118,118,0,236,12.0593,0.00030832
658,29,29,0,8,75.1724,0.00152948
659,50,30,35,6,80.4667,0.00163864
660,16,16,0,32,12,3.344e-05
661,52,40,12,8,79.975,0.00223888
662,28,28,0,56,12.0357,7.504e-05
663,25,18,7,8,81.6667,0.00089504
664,28,28,0,56,12.0357,6.544e-05
665,13,13,0,26,12,2.944e-05
666,84,61,32,8,75.3443,0.00345784
667,19,12,7,8,78.5833,0.00054528
668,52,33,31,10,77.8485,0.00178864
669,56,56,0,112,12.0536,0.0001512
670,44,28,19,8,80.2143,0.00150344
671,9,9,0,18,12,1.888e-05
672,32,32,0,64,12.0625,8.944e-05
673,24,17,7,8,79.4118,0.00084864
674,52,25,44,8,79.48,0.00132148
675,18,17,1,8,77.7059,0.00080136
676,24,24,0,48,12.0417,6.576e-05
677,22,14,9,8,81.9286,0.0006164
678,10,10,0,20,12,2.128e-05
679,23,23,0,46,12.0435,6.304e-05
680,9,9,0,18,12,1.92e-05
681,10,10,0,20,12,2.224e-05
682,35,18,28,6,76.2222,0.00091356
683,24,23,1,6,64.5217,0.00124948
684,102,84,18,10,76.869,0.00488896
685,20,20,0,40,12.05,4.176e-05
686,75,75,0,150,12.0533,0.00018656
687,185,125,77,8,78.936,0.00738412
688,64,33,50,8,77.2424,0.00176388
689,121,121,0,242,12.0661,0.00034368
690,27,27,0,54,12.037,6.752e-05
691,78,59,19,10,76.7966,0.00336456
692,121,90,41,8,79.7667,0.00521004
693,52,52,0,104,12.0577,0.0001384
694,30,14,29,8,82.2143,0.00065304
695,76,76,0,152,12.0526,0.00019216
696,10,10,0,20,12,2.128e-05
697,69,49,26,8,81.8163,0.0027402
698,48,26,33,8,69.0769,0.0013434
699,48,48,0,96,12.0625,0.00012464
700,18,18,0,36,12.0556,3.92e-05
701,124,66,89,8,79.3333,0.00378176
702,47,23,33,8,78.913,0.00120956
703,61,61,0,122,12.0656,0.000176
704,120,92,37,8,82.6739,0.00536872
705,44,21,34,8,77.8095,0.0010634
706,19,19,0,38,12.0526,4.32e-05
707,84,44,58,8,77.5682,0.00248464
708,99,75,27,10,81.0667,0.00427216
709,85,85,0,170,12.0706,0.0002432
710,187,151,53,8,73.6623,0.00894388
711,68,68,0,136,12.0588,0.00019184
712,116,116,0,232,12.0603,0.00028592
713,444,351,129,8,75.8632,0.0209962
714,7,7,0,14,12,1.472e-05
715,72,45,31,8,72.1556,0.0025312
716,70,54,19,10,85.2778,0.00298624
717,36,36,0,72,12.0556,9.328e-05
718,52,25,48,6,81.6,0.00137452
719,141,91,83,6,81.044,0.00537212
720,49,49,0,98,12.0408,0.00011904
721,17,17,0,34,12,3.584e-05
722,84,84,0,168,12.0595,0.00021104
723,176,120,72,10,82.2583,0.00697536
724,114,114,0,228,12.0614,0.00030608
725,45,22,36,8,75.4091,0.001099
726,361,215,205,8,75.5209,0.0128144
727,20,20,0,40,12.05,4.944e-05
728,185,185,0,370,12.0649,0.00048992
729,122,89,39,8,73.0449,0.00515568
730,64,34,45,8,77.8529,0.00182688
731,74,74,0,148,12.0676,0.00020432
732,14,10,4,8,77.4,0.00041756
733,60,43,20,8,82.0698,0.00239924
734,32,32,0,64,12.0625,7.888e-05
735,8,8,0,16,12,1.776e-05
736,36,36,0,72,12.0556,9.488e-05
737,59,30,33,8,77.8667,0.0016164
738,27,27,0,54,12.037,7.136e-05
739,133,82,52,8,75.7927,0.0047594
740,51,33,18,8,75.3939,0.00181232
741,56,34,33,8,76.7941,0.00186852
742,69,69,0,138,12.058,0.00018752
743,29,29,0,58,12.0345,7.776e-05
744,29,29,0,58,12.0345,6.944e-05
745,84,61,30,8,78.5082,0.00348184
746,122,89,40,8,77.0112,0.0052042
747,48,48,0,96,12.0625,0.00012816
748,80,80,0,160,12.0625,0.00022768
749,30,17,17,8,77.5882,0.00082284
750,54,35,36,8,72.7714,0.00191352
751,12,12,0,24,12,2.64e-05
752,31,31,0,62,12.0645,7.872e-05
753,109,72,57,8,78.6111,0.00416696
754,16,16,0,32,12,3.856e-05
755,17,17,0,8,44.7647,0.0008402
756,10,10,0,20,12,2.096e-05
757,13,13,0,8,61.7692,0.00055452
758,8,8,0,16,12,1.68e-05
759,63,49,19,8,77.6939,0.00276092
760,38,30,8,8,80.9,0.0016282
761,37,37,0,74,12.0541,9.568e-05
762,136,91,66,8,75.4505,0.00530736
763,22,22,0,44,12.0455,5.36e-05
764,20,18,2,8,81.1111,0.000857
765,49,22,44,6,69.5455,0.00116496
766,80,80,0,160,12.0625,0.00021104
767,40,19,33,8,82.4211,0.00092544
768,57,39,21,8,69.4103,0.00218224
769,10,10,0,20,12,2.16e-05
770,16,16,0,32,12,3.664e-05
771,36,36,0,72,12.0556,9.328e-05
772,16,16,0,8,59.25,0.000765
773,9,9,0,18,12,1.888e-05
774,128,67,75,8,75.597,0.0038766
775,60,60,0,120,12.05,0.00015696
776,45,35,10,8,79.2857,0.0019368
777,31,14,19,8,78.3571,0.00064028
778,25,25,0,50,12.04,5.76e-05
779,12,12,0,24,12,2.992e-05
780,110,82,40,10,78.7561,0.00467832
781,363,285,86,8,77.6246,0.0170601
782,54,34,30,8,79.3235,0.0018252
783,70,70,0,140,12.0571,0.00019632
784,225,225,0,450,12.0667,0.00060448
785,18,18,0,36,12.0556,4.112e-05
786,51,33,24,8,77.0303,0.00180984
787,45,27,30,8,79,0.00143788
788,32,32,0,64,12.0625,8.72e-05
789,42,42,0,84,12.0476,0.00010672
790,27,27,0,54,12.037,6.688e-05
791,24,24,0,48,12.0417,6.48e-05
792,76,58,19,8,80.5862,0.00331668
793,143,81,88,8,78.4321,0.00470212
794,47,47,0,94,12.0638,0.00012736
795,76,76,0,152,12.0526,0.00019952
796,48,23,45,8,78.8696,0.00119936
797,42,26,18,8,79.3077,0.00138104
798,226,162,99,8,61.7037,0.00957304
799,267,267,0,534,12.0599,0.0006544
800,17,17,0,34,12,3.936e-05
801,31,20,11,6,75.8,0.00103996
802,65,52,22,8,79.7115,0.00292276
803,21,21,0,42,12.0476,5.248e-05
804,128,128,0,256,12.0625,0.00033008
805,465,340,175,10,77.1382,0.0203254
806,20,20,0,40,12.05,4.176e-05
807,42,42,0,84,12.0476,0.00010192
808,280,280,0,560,12.0607,0.0007208
809,86,62,26,10,76.0484,0.00346272
810,7,5,3,8,84.2,7.54e-05
811,361,268,106,8,75.0373,0.0159813
812,130,81,49,8,73.9877,0.00469616
813,58,58,0,116,12.0517,0.00015376
814,109,69,45,8,73.5942,0.00396624
815,4,4,0,8,12,8.48e-06
816,219,219,0,438,12.0594,0.00054624
817,76,76,0,152,12.0658,0.00020848
818,21,21,0,8,70.619,0.00109036
819,39,22,20,8,78.3636,0.00114196
820,69,45,34,8,74.4667,0.00252172
821,54,54,0,108,12.0556,0.00013136
822,12,12,0,24,12,2.512e-05
823,16,16,0,32,12,3.504e-05
824,43,43,0,86,12.0698,0.00012192
825,338,250,113,8,77.548,0.0149256
826,27,14,19,6,73.2857,0.00067156
827,207,207,0,414,12.0628,0.000552
828,12,12,0,24,12,2.64e-05
829,703,459,359,8,76.7168,0.0275759
830,401,401,0,802,12.0648,0.00106848
831,91,48,52,8,76,0.00269988
832,41,41,0,82,12.0488,9.984e-05
833,304,222,114,10,77.1486,0.0131955
834,57,43,19,8,77.1395,0.00241488
835,180,180,0,360,12.0611,0.00045136
836,83,51,43,8,81.7843,0.0028842
837,31,31,0,62,12.0323,7.648e-05
838,45,45,0,90,12.0667,0.00011968
839,41,35,6,8,80.6571,0.00192024
840,105,72,49,8,78.2083,0.00417248
841,36,20,17,8,81.2,0.00099976
842,26,26,0,52,12.0385,6.128e-05
843,68,68,0,136,12.0588,0.00018192
844,16,16,0,32,12,3.664e-05
845,70,52,26,8,81,0.0029252
846,40,40,0,80,12.05,0.00010864
847,39,20,28,8,80.4,0.00102132
848,19,19,0,38,12.0526,4.544e-05
849,112,78,44,10,79.5513,0.0045404
850,59,59,0,118,12.0508,0.00015104
851,64,64,0,128,12.0469,0.00015632
852,7,7,0,8,73.8571,0.00024744
853,144,97,60,8,67.1134,0.0056876
854,5,5,0,10,12,1.056e-05
855,89,89,0,178,12.0562,0.000232
856,21,21,0,8,66.8571,0.00105272
857,12,12,0,24,12,2.512e-05
858,29,21,8,8,73.0476,0.00109176
859,50,22,36,8,74.4091,0.00115368
860,14,14,0,28,12,3.088e-05
861,20,20,0,40,12.05,4.304e-05
862,21,21,0,42,12.0476,5.472e-05
863,84,50,46,8,80.32,0.0028054
864,168,116,69,8,78.1638,0.00680608
865,46,46,0,92,12.0652,0.0001256
866,96,96,0,192,12.0625,0.00026384
867,102,76,32,10,73.6447,0.004322
868,67,46,38,8,80.8696,0.00256916
869,104,66,67,8,73.6818,0.00382432
870,43,43,0,86,12.0465,0.00012064
871,51,51,0,102,12.0588,0.00012704
872,249,192,80,8,72.5417,0.0114053
873,147,147,0,294,12.0612,0.00037056
874,11,11,0,8,76.0909,0.00047164
875,7,7,0,14,12,1.472e-05
876,60,32,46,8,75.6875,0.00175124
877,38,20,29,8,71.25,0.00100092
878,29,29,0,58,12.0345,7.36e-05
879,18,18,0,36,12.0556,4.208e-05
880,9,9,0,8,83.2222,0.00035228
881,6,6,0,12,12,1.264e-05
882,71,62,9,10,77.1452,0.00352384
883,57,37,21,8,75.0541,0.002049
884,83,43,60,8,76.6047,0.00237004
885,51,51,0,102,12.0588,0.00013184
886,33,33,0,66,12.0606,8.672e-05
887,49,41,8,8,77.561,0.00229028
888,39,39,0,78,12.0513,9.248e-05
889,27,27,0,54,12.037,6.496e-05
890,22,22,0,8,71.2727,0.0011118
891,12,12,0,24,12,2.512e-05
892,59,32,27,8,74.75,0.00175732
893,30,30,0,60,12.0667,8.112e-05
894,110,77,45,8,71.1299,0.0044712
895,89,67,27,8,77.1493,0.00386576
896,65,65,0,130,12.0615,0.00018272
897,51,51,0,102,12.0588,0.00013696
898,212,183,41,8,74.2186,0.010872
899,32,19,15,8,76.7368,0.0009606
900,140,140,0,280,12.0571,0.00033456
901,13,13,0,26,12,2.752e-05
902,37,30,7,8,79.8667,0.00163204
903,63,40,26,8,71.575,0.00218832
904,57,38,19,10,72.6842,0.00211952
905,19,19,0,38,12.0526,4.096e-05
906,32,32,0,64,12.0625,8.048e-05
907,50,42,9,8,62.9524,0.00236248
908,20,20,0,8,79.4,0.00100368
909,35,35,0,70,12.0571,9.728e-05
910,30,30,0,60,12.0333,7.504e-05
911,11,11,0,22,12,2.304e-05
912,17,17,0,8,52.1765,0.00082516
913,10,10,0,20,12,2.096e-05
914,51,43,8,8,79.2791,0.00237928
915,69,38,41,8,79.6053,0.00210848
916,32,32,0,64,12.0625,7.792e-05
917,33,33,0,66,12.0303,7.84e-05
918,33,26,7,8,81.8462,0.001392
919,62,62,0,124,12.0645,0.00016208
920,18,18,0,36,12.0556,4.304e-05
921,467,308,209,8,77.2013,0.0184209
922,268,268,0,536,12.0597,0.00068144
923,46,41,6,8,80.6098,0.00228868
924,23,23,0,46,12.0435,4.992e-05
925,30,28,2,8,79.7143,0.00146936
926,13,9,4,8,80.7778,0.00036704
927,128,104,34,8,71.8462,0.00606692
928,16,16,0,32,12,3.344e-05
929,144,86,85,8,78.8721,0.00497068
930,7,7,0,14,12,1.472e-05
931,78,78,0,156,12.0513,0.000188
932,74,74,0,148,12.0541,0.00019824
933,54,37,19,8,79.7568,0.00204832
934,118,76,45,8,74.1447,0.0043904
935,31,31,0,62,12.0645,8.288e-05
936,56,36,27,10,74.1944,0.00194752
937,65,65,0,130,12.0615,0.000176
938,33,33,0,66,12.0606,8.736e-05
939,21,18,3,8,81.8889,0.00089428
940,187,103,111,8,78.5049,0.0060166
941,11,11,0,22,12,2.304e-05
942,93,93,0,186,12.0645,0.0002464
943,17,17,0,8,68.7059,0.00081612
944,42,37,5,10,71.2703,0.0020132
945,38,21,25,8,83.2857,0.001094
946,10,10,0,20,12,2.096e-05
947,28,28,0,56,12.0357,6.32e-05
948,20,20,0,40,12.05,5.008e-05
949,54,46,8,8,65.8696,0.00258436
950,62,56,6,10,66.4286,0.00312568
951,30,30,0,60,12.0333,7.28e-05
952,46,46,0,92,12.0435,0.00010928
953,24,24,0,8,54.5,0.00125564
954,13,13,0,26,12,2.72e-05
955,17,17,0,8,27.2353,0.00083248
956,10,10,0,20,12,2.096e-05
957,41,36,5,8,80.0556,0.00197812
958,87,65,24,8,77.9692,0.00374852
959,24,24,0,48,12.0417,5.744e-05
960,21,13,8,8,65.3846,0.00059952
961,57,57,0,114,12.0526,0.000152
962,10,10,0,20,12,2.192e-05
963,20,17,3,8,83.8824,0.00081868
964,173,98,106,10,69.4694,0.00568032
965,11,11,0,22,12,2.304e-05
966,101,85,18,8,78.8824,0.0049608
967,68,47,21,8,76.6383,0.0026558
968,90,90,0,180,12.0556,0.0002344
969,65,65,0,130,12.0615,0.00016896
970,42,42,0,84,12.0476,0.00011088
971,9,9,0,8,75.4444,0.0003516
972,39,21,20,8,81.6667,0.00103952
973,6,6,0,12,12,1.264e-05
974,19,19,0,38,12.0526,4.448e-05
975,86,72,14,10,67.75,0.00411224
976,18,18,0,8,78.4444,0.00087964
977,56,56,0,112,12.0536,0.00014736
978,10,10,0,20,12,2.096e-05
979,52,52,0,8,61.7308,0.00294776
980,27,27,0,54,12.037,5.632e-05
981,27,25,2,8,81.44,0.00128952
982,67,46,29,8,76.3913,0.00256
983,14,14,0,28,12,3.024e-05
984,35,35,0,70,12.0571,8.128e-05
985,19,19,0,8,62.2632,0.00093972
986,11,11,0,22,12,2.304e-05
987,16,16,0,8,76.875,0.00076816
988,9,9,0,18,12,1.888e-05
989,40,24,21,6,77.7917,0.00127604
990,44,22,38,8,77.4091,0.00115076
991,21,21,0,42,12.0476,5.408e-05
992,15,15,0,30,12,3.2e-05
993,44,32,17,8,76.8438,0.00172464
994,22,22,0,44,12.0455,5.328e-05
995,421,339,105,8,73.9174,0.0203167
996,268,268,0,536,12.0597,0.00064848
997,117,64,63,8,77.4062,0.00364352
998,59,59,0,118,12.0508,0.0001552
999,20,20,0,8,68.85,0.00102816
1000,22,19,3,8,83.4211,0.0009518
1001,11,11,0,22,12,2.304e-05
1002,182,149,41,8,78.9262,0.00879612
1003,24,13,20,6,60,0.00061268
1004,11,11,0,22,12,2.304e-05
1005,121,121,0,242,12.0579,0.00029632
1006,10,10,0,20,12,2.224e-05
1007,27,27,0,8,70.7037,0.00145564
1008,15,15,0,30,12,3.136e-05
1009,56,42,14,10,84.1429,0.0023044
1010,89,68,36,10,70.0735,0.00385712
1011,36,36,0,72,12.0556,9.648e-05
1012,62,62,0,124,12.0484,0.00015952
1013,7,7,0,8,72.7143,0.00022452
1014,5,5,0,10,12,1.056e-05
1015,119,86,34,8,76.9767,0.00500428
1016,80,80,0,160,12.05,0.000196
1017,60,48,13,8,63.2083,0.00270204
1018,135,116,20,10,75.0603,0.00683232
1019,108,73,49,8,79.4384,0.00420064
1020,35,35,0,70,12.0571,8.64e-05
1021,100,100,0,200,12.06,0.0002648
1022,63,63,0,126,12.0635,0.00016288
1023,17,17,0,8,72.7059,0.00084816
1024,39,30,9,10,83.1333,0.00162248
1025,57,37,35,8,83.0541,0.00203576
1026,51,32,33,8,80.1875,0.001751
1027,10,10,0,20,12,2.096e-05
1028,24,24,0,48,12.0417,5.776e-05
1029,32,32,0,64,12.0625,8.016e-05
1030,29,29,0,58,12.0345,6.752e-05
1031,11,11,0,8,73.0909,0.00048472
1032,7,7,0,14,12,1.472e-05
1033,39,35,4,8,79.1429,0.00188752
1034,68,54,14,10,83.4259,0.0030048
1035,20,20,0,40,12.05,4.304e-05
1036,49,29,36,10,79.1379,0.00150912
1037,23,18,6,8,75.6667,0.00089472
1038,45,45,0,90,12.0444,0.00011648
1039,27,27,0,54,12.037,7.648e-05
1040,12,12,0,24,12,2.512e-05
1041,75,56,20,8,82.375,0.00319328
1042,557,398,223,8,76.6508,0.0238936
1043,47,47,0,94,12.0638,0.00012288
1044,342,342,0,684,12.0643,0.0009
1045,406,267,187,8,78.4532,0.0159207
1046,43,28,21,8,74.8571,0.00151628
1047,250,250,0,500,12.068,0.00068752
1048,16,10,6,8,76.4,0.00041252
1049,22,22,0,44,12.0455,5.2e-05
1050,8,8,0,16,12,1.68e-05
1051,82,61,24,8,76.0328,0.00347728
1052,57,57,0,114,12.0526,0.00015072
1053,30,25,5,8,81.4,0.00132936
1054,52,30,33,8,72.3667,0.00158212
1055,16,16,0,32,12,3.632e-05
1056,10,10,0,8,68.3,0.00039416
1057,28,28,0,56,12.0357,7.504e-05
1058,6,6,0,12,12,1.264e-05
1059,36,31,5,8,71.0968,0.00167416
1060,28,28,0,56,12.0357,6.064e-05
1061,42,31,11,8,76.2581,0.00168792
1062,25,25,0,50,12.04,6.304e-05
1063,13,13,0,8,69.1538,0.0005596
1064,8,8,0,16,12,1.68e-05
1065,127,101,30,10,78.0396,0.0059004
1066,57,34,40,6,70.9118,0.00191556
1067,14,14,0,8,64.6429,0.00065804
1068,94,94,0,188,12.0532,0.00024048
1069,29,29,0,58,12.0345,6.688e-05
1070,206,158,51,8,76.1709,0.009364
1071,80,49,42,8,80.2857,0.00276396
1072,8,8,0,16,12,1.68e-05
1073,100,81,24,10,77.0864,0.00466
1074,146,146,0,292,12.0685,0.00042512
1075,116,78,55,8,74.3205,0.00448412
1076,47,47,0,94,12.0638,0.00012864
1077,75,75,0,150,12.0667,0.00020352
1078,63,63,0,126,12.0635,0.00016736
1079,17,12,5,8,53.6667,0.00052876
1080,52,31,33,8,76.5484,0.00168912
1081,8,8,0,16,12,1.68e-05
1082,67,54,14,8,75.7778,0.00304096
1083,29,29,0,58,12.0345,7.712e-05
1084,39,24,15,8,65.0417,0.0012354
1085,42,42,0,84,12.0476,0.00010864
1086,20,20,0,40,12.05,4.976e-05
1087,13,13,0,8,75,0.00058936
1088,8,8,0,16,12,1.68e-05
1089,54,41,17,8,69.122,0.00229952
1090,44,34,10,8,79.8824,0.00183264
1091,29,29,0,58,12.0345,7.232e-05
1092,244,193,72,8,70.1917,0.01148
1093,28,28,0,56,12.0357,7.024e-05
1094,43,33,10,8,79.697,0.00181552
1095,53,33,32,8,83.5758,0.00180484
1096,150,150,0,300,12.06,0.00037968
1097,25,25,0,50,12.04,5.92e-05
1098,80,58,22,8,78.3966,0.00328172
1099,28,28,0,56,12.0357,7.056e-05
1100,39,22,27,8,79.2273,0.00111452
1101,181,130,85,10,78.1077,0.00757904
1102,63,44,21,10,74.9545,0.0023764
1103,51,51,0,102,12.0588,0.00014496
1104,19,19,0,38,12.0526,4.64e-05
1105,43,25,19,8,74.96,0.00132144
1106,102,102,0,204,12.0588,0.00026288
1107,39,39,0,78,12.0513,9.984e-05
1108,68,48,20,10,78.1875,0.00266696
1109,109,88,22,8,57.1591,0.00514
1110,20,20,0,40,12.05,4.848e-05
1111,44,44,0,88,12.0455,0.00011792
1112,86,86,0,172,12.0581,0.00021296
1113,159,144,16,8,62.8472,0.00849212
1114,101,101,0,202,12.0594,0.00024352
1115,52,52,0,8,78.5192,0.00294376
1116,27,27,0,54,12.037,5.632e-05
1117,18,18,0,8,32.3333,0.0008874
1118,36,33,6,8,62.9697,0.00179396
1119,10,10,0,20,12,2.096e-05
1120,21,21,0,42,12.0476,4.864e-05
1121,118,100,24,8,73.75,0.00583144
1122,88,88,0,176,12.0568,0.00022768
1123,100,81,27,8,68.1975,0.0047212
1124,78,52,27,10,75.5962,0.0028556
1125,94,74,23,10,75.5135,0.0042352
1126,69,46,26,8,64.3261,0.0025738
1127,67,67,0,134,12.0597,0.00017312
1128,69,69,0,138,12.058,0.00018624
1129,35,35,0,70,12.0571,8.64e-05
1130,94,85,9,8,82.1765,0.00491832
1131,32,18,16,8,66.5556,0.00088044
1132,61,61,0,122,12.0492,0.0001504
1133,14,14,0,28,12,3.152e-05
1134,92,66,38,10,72.3636,0.00373408
1135,25,15,19,8,70,0.00070752
1136,58,58,0,116,12.0517,0.00014544
1137,80,65,15,8,74.2615,0.00374552
1138,11,11,0,22,12,2.4e-05
1139,51,51,0,102,12.0588,0.0001328
1140,52,52,0,8,69.6731,0.0029258
1141,27,27,0,54,12.037,5.632e-05
1142,12,12,0,8,69.8333,0.0005254
1143,7,7,0,14,12,1.472e-05
1144,121,97,26,10,74.6598,0.00558192
1145,75,48,29,8,75.4792,0.00268172
1146,56,41,15,8,73.1707,0.00227276
1147,90,90,0,180,12.0556,0.0002232
1148,42,42,0,84,12.0476,0.00010192
1149,24,24,0,48,12.0417,5.104e-05
1150,62,46,24,8,73.2174,0.00255104
1151,125,104,24,8,76,0.006059
1152,34,34,0,68,12.0588,8.816e-05
1153,92,92,0,184,12.0652,0.00024624
1154,46,36,10,10,79.8889,0.0019568
1155,28,13,20,8,71.6154,0.00057632
1156,19,10,13,8,77.5,0.0004032
1157,29,29,0,58,12.0345,7.232e-05
1158,11,11,0,22,12,2.528e-05
1159,8,8,0,16,12,1.68e-05
1160,80,47,34,8,74.9787,0.00264436
1161,45,45,0,90,12.0444,0.00012128
1162,33,30,3,8,76.8333,0.00159232
1163,19,19,0,38,12.0526,4.288e-05
1164,41,27,16,8,69.3704,0.00141736
1165,140,117,28,8,76.1111,0.00686608
1166,76,76,0,152,12.0526,0.00018128
1167,35,33,4,8,79.8182,0.00181536
1168,18,18,0,36,12,3.824e-05
1169,70,44,36,8,76.1364,0.00248208
1170,42,42,0,84,12.0476,0.0001096
1171,29,14,23,8,73.5,0.00065132
1172,58,31,34,8,77.2903,0.00167336
1173,45,45,0,90,12.0444,0.0001184
1174,9,9,0,18,12,1.888e-05
1175,29,29,0,58,12.0345,7.744e-05
1176,65,53,12,10,75.6604,0.00302864
1177,46,46,0,92,12.0435,0.00011216
1178,117,89,33,10,74.9438,0.00509992
1179,54,45,9,8,78.9333,0.00252312
1180,71,71,0,142,12.0563,0.00018944
1181,34,34,0,68,12.0588,8.4e-05
1182,51,40,11,8,72.45,0.00220328
1183,61,44,17,8,68.9773,0.00246624
1184,235,198,41,8,72.9343,0.0117472
1185,28,28,0,56,12.0357,6.672e-05
1186,40,40,0,80,12.05,0.00010544
1187,43,37,6,8,66.4324,0.00206212
1188,149,149,0,298,12.0604,0.00036192
1189,60,54,6,10,71.3704,0.00308304
1190,25,25,0,50,12.04,5.824e-05
1191,46,46,0,92,12.0435,0.00011088
1192,9,9,0,8,68.7778,0.00033332
1193,6,6,0,12,12,1.264e-05
1194,30,30,0,8,72.8333,0.00160452
1195,16,16,0,32,12,3.344e-05
1196,119,91,29,10,77.6154,0.00531112
1197,147,105,73,10,79.9333,0.006158
1198,79,79,0,158,12.0633,0.00022112
1199,98,98,0,196,12.0612,0.00027056
1200,80,61,19,10,81.6885,0.00341992
1201,49,29,31,8,73.8621,0.00152136
1202,54,54,0,108,12.0556,0.00014256
1203,28,17,11,8,76.7059,0.00080444
1204,27,27,0,54,12.037,6.496e-05
1205,36,21,28,8,66.7143,0.00105696
1206,10,10,0,20,12,2.096e-05
1207,19,19,0,38,12.0526,4.544e-05
1208,96,77,20,8,84.2597,0.00445316
1209,61,61,0,122,12.0492,0.00015008
1210,54,35,21,8,79.4571,0.00194128
1211,61,43,18,10,79.907,0.00239192
1212,81,57,39,8,72.8421,0.00324152
1213,31,31,0,62,12.0645,8.864e-05
1214,39,39,0,78,12.0513,9.792e-05
1215,52,52,0,104,12.0577,0.00013936
1216,25,24,1,8,75.4583,0.0012632
1217,31,20,11,8,82.25,0.00100596
1218,14,14,0,28,12,2.928e-05
1219,15,15,0,30,12,3.488e-05
1220,88,73,17,10,79.6027,0.00413592
1221,50,50,0,100,12.06,0.00012144
1222,35,17,21,8,76.9412,0.00083396
1223,14,14,0,28,12,3.088e-05
1224,22,22,0,44,12.0455,5.872e-05
1225,76,59,17,10,62.3898,0.00333216
1226,61,38,40,6,72.2632,0.00216784
1227,47,24,23,8,74.4167,0.00124864
1228,51,27,39,6,69.4815,0.0014686
1229,52,52,0,104,12.0577,0.00013648
1230,34,34,0,68,12.0588,8.432e-05
1231,22,22,0,44,12.0455,5.456e-05
1232,18,18,0,36,12.0556,3.888e-05
1233,18,18,0,8,58.7778,0.0008772
1234,10,10,0,20,12,2.096e-05
1235,19,19,0,8,63.4737,0.00093584
1236,11,11,0,22,12,2.304e-05
1237,103,63,50,8,74.0635,0.00361204
1238,22,12,16,8,80.1667,0.00053504
1239,59,59,0,118,12.0508,0.00015584
1240,8,8,0,16,12,1.68e-05
1241,105,68,47,10,73.8235,0.00392224
1242,78,57,24,10,77.4211,0.00323456
1243,59,39,29,10,76.9231,0.00208688
1244,25,14,11,8,77.7857,0.00064048
1245,56,56,0,112,12.0536,0.00015472
1246,49,49,0,98,12.0612,0.00013504
1247,36,36,0,72,12.0556,9.968e-05
1248,85,64,25,10,76.8125,0.00357992
1249,10,10,0,20,12,2.256e-05
1250,58,58,0,116,12.069,0.00016304
1251,43,24,19,8,71.9583,0.00124568
1252,17,17,0,8,67.2353,0.00082196
1253,22,22,0,44,12.0455,5.808e-05
1254,66,63,3,10,80.0952,0.0035896
1255,307,215,149,8,68.4279,0.0127806
1256,10,10,0,20,12,2.096e-05
1257,81,64,17,10,68.4375,0.00362064
1258,53,53,0,106,12.0377,0.00011872
1259,184,184,0,368,12.0598,0.0004744
1260,53,53,0,106,12.0566,0.00013536
1261,56,49,7,10,82.7347,0.00272576
1262,11,9,2,8,76.3333,0.0003516
1263,36,36,0,72,12.0556,9.008e-05
1264,7,7,0,14,12,1.504e-05
1265,94,78,16,10,79.6282,0.00449432
1266,37,20,29,8,73.35,0.00102332
1267,71,71,0,142,12.0563,0.00019936
1268,17,17,0,34,12.0588,4.128e-05
1269,45,26,28,8,79.4231,0.00134384
1270,24,24,0,48,12.0417,5.808e-05
1271,69,43,26,8,71.4651,0.00241028
1272,44,23,21,8,72.5217,0.00119548
1273,37,37,0,74,12.0541,9.632e-05
1274,13,13,0,26,12,2.72e-05
1275,121,114,7,8,71.9211,0.006665
1276,78,78,0,156,12.0513,0.00019248
1277,16,16,0,8,61.6875,0.00074752
1278,16,16,0,8,66.5625,0.00076596
1279,5,5,0,8,66.2,0.00012244
1280,9,9,0,18,12,1.888e-05
1281,9,9,0,18,12,1.888e-05
1282,4,4,0,8,12,8.48e-06
1283,202,179,23,8,74.8939,0.0106108
1284,164,164,0,328,12.0671,0.00044976
1285,20,20,0,8,59,0.00101504
1286,36,34,2,8,82.1471,0.001922
1287,11,11,0,22,12,2.304e-05
1288,35,27,8,8,78.2593,0.00143036
1289,31,31,0,62,12.0323,6.72e-05
1290,19,19,0,38,12.0526,4.32e-05
1291,139,119,21,10,78.4874,0.00694728
1292,37,25,13,8,83,0.001319
1293,61,43,33,10,74.4419,0.00233744
1294,103,103,0,206,12.0583,0.00027264
1295,18,18,0,36,12.0556,4.208e-05
1296,40,40,0,80,12.05,0.00010832
1297,53,44,9,6,80.3864,0.00248552
1298,33,33,0,66,12.0606,8.128e-05
1299,38,20,23,6,76.9,0.00104892
1300,28,16,13,8,80.125,0.00074848
1301,26,26,0,52,12.0385,6e-05
1302,13,13,0,26,12,3.2e-05
1303,103,96,7,10,69.3438,0.005622
1304,153,135,23,10,72.1037,0.0079188
1305,68,68,0,136,12.0588,0.00016624
1306,97,97,0,194,12.0515,0.0002336
1307,25,15,16,8,79.5333,0.00072444
1308,85,54,50,8,72.4815,0.00304352
1309,11,11,0,22,12,2.4e-05
1310,44,44,0,88,12.0455,0.00011056
1311,71,65,9,8,73.6769,0.00371964
1312,35,35,0,70,12.0286,7.36e-05
1313,102,77,40,8,72.0909,0.00447024
1314,57,57,0,114,12.0526,0.00014784
1315,9,9,0,8,71,0.00035788
1316,6,6,0,12,12,1.264e-05
1317,46,26,39,8,76.3462,0.0013756
1318,18,15,3,8,83.2667,0.00068588
1319,24,24,0,48,12.0417,6.32e-05
1320,9,9,0,18,12,1.952e-05
1321,129,90,53,8,74.7667,0.00522328
1322,75,75,0,150,12.0533,0.00020128
1323,86,65,21,8,79.8769,0.00375396
1324,43,23,27,8,81.4783,0.00115864
1325,58,58,0,116,12.0517,0.00015504
1326,18,18,0,36,12.0556,4.048e-05
1327,71,53,21,10,76.2453,0.00296296
1328,32,16,28,8,79.875,0.00074336
1329,48,48,0,96,12.0625,0.00012176
1330,11,11,0,22,12,2.336e-05
1331,68,48,24,10,67.6875,0.002704
1332,41,41,0,82,12.0488,0.00010784
1333,73,44,42,8,76.9773,0.0024546
1334,36,36,0,72,12.0556,8.688e-05
1335,232,185,60,8,76.6757,0.0109604
1336,224,186,46,8,78.0269,0.0110653
1337,246,167,111,8,76.9401,0.00992408
1338,151,151,0,302,12.0596,0.0003888
1339,157,157,0,314,12.0573,0.00039552
1340,144,144,0,288,12.0625,0.00037808
1341,91,57,50,6,81.2982,0.00330884
1342,44,30,23,8,78.2,0.00162692
1343,50,50,0,100,12.06,0.00012688
1344,24,24,0,48,12.0417,5.776e-05
1345,33,29,4,8,81.5172,0.00152208
1346,19,11,8,8,78.7273,0.00048404
1347,18,18,0,36,12.0556,4.08e-05
1348,69,50,22,8,79.64,0.00283848
1349,10,10,0,20,12,2.256e-05
1350,92,69,27,8,80.7536,0.00399324
1351,38,38,0,76,12.0526,9.968e-05
1352,59,59,0,118,12.0678,0.00016192
1353,74,56,19,8,82.4821,0.00320568
1354,69,41,36,8,78.9024,0.00229476
1355,46,46,0,92,12.0652,0.00012272
1356,44,24,37,8,80.5,0.00124148
1357,38,38,0,76,12.0526,0.00010032
1358,53,35,18,8,79.6571,0.00190876
1359,22,22,0,44,12.0455,5.712e-05
1360,197,136,85,8,79.0368,0.00803848
1361,83,72,11,8,82.9722,0.00416684
1362,29,29,0,58,12.0345,7.136e-05
1363,63,63,0,126,12.0476,0.00015456
1364,183,147,43,10,80.3605,0.0087016
1365,59,37,34,8,76.6216,0.00202984
1366,135,135,0,270,12.0667,0.00038624
1367,34,34,0,68,12.0588,9.104e-05
1368,180,136,58,8,78.0662,0.00801024
1369,142,100,53,8,79.91,0.00586784
1370,41,23,21,8,78.1304,0.00119828
1371,124,124,0,248,12.0645,0.000348
1372,84,84,0,168,12.0595,0.0002328
1373,16,16,0,32,12,3.44e-05
1374,54,29,33,8,79.8966,0.0015388
1375,9,9,0,8,77.1111,0.00031896
1376,26,26,0,52,12.0385,7.056e-05
1377,6,6,0,12,12,1.264e-05
1378,53,34,36,8,73.3824,0.0018336
1379,166,125,61,8,68.8,0.00736244
1380,56,28,51,8,79.4286,0.00147596
1381,30,30,0,60,12.0333,6.96e-05
1382,92,92,0,184,12.0543,0.00022
1383,110,64,53,8,78.7188,0.00366672
1384,25,25,0,50,12.04,6.912e-05
1385,106,77,36,8,75.0779,0.00445972
1386,50,50,0,100,12.06,0.00013104
1387,24,14,15,8,76,0.00062432
1388,71,71,0,142,12.0563,0.00019392
1389,27,14,13,8,75.3571,0.00066128
1390,20,16,4,8,80.8125,0.00077832
1391,12,12,0,24,12,2.736e-05
1392,311,267,56,10,77.9251,0.0159263
1393,12,12,0,24,12,2.704e-05
1394,10,10,0,20,12,2.096e-05
1395,216,216,0,432,12.0602,0.00055344
1396,44,29,16,8,79.2069,0.00154216
1397,181,141,60,8,71.3617,0.00829604
1398,23,23,0,46,12.0435,5.632e-05
1399,93,93,0,186,12.0538,0.00021568
1400,29,29,0,8,76.1379,0.00154868
1401,72,38,47,8,78.4737,0.00211
1402,506,353,252,8,72.9433,0.0211185
1403,16,16,0,32,12,3.344e-05
1404,34,34,0,68,12.0588,8.048e-05
1405,315,315,0,630,12.0603,0.00078208
1406,36,36,0,8,54.5556,0.00195048
1407,19,19,0,38,12.0526,3.968e-05
1408,27,27,0,8,60,0.00142812
1409,15,15,0,30,12,3.136e-05
1410,37,33,4,8,67.303,0.00181368
1411,58,51,7,10,77.8824,0.0028644
1412,21,21,0,42,12.0476,4.768e-05
1413,42,42,0,84,12.0476,0.0001048
1414,28,27,1,8,76.6667,0.00140804
1415,92,69,38,8,76.8116,0.0039942
1416,141,95,67,10,81.4526,0.00547384
1417,15,15,0,30,12,3.2e-05
1418,60,60,0,120,12.05,0.00015056
1419,87,87,0,174,12.0575,0.00023584
1420,488,403,128,8,81.5385,0.0241894
1421,362,362,0,724,12.0635,0.00096016
1422,26,14,21,6,78.1429,0.00068752
1423,10,10,0,20,12,2.16e-05
1424,52,34,21,8,84.1176,0.00183336
1425,83,62,37,8,82.2258,0.00356936
1426,207,178,47,8,78.5899,0.0105418
1427,137,120,17,8,85.1833,0.00704104
1428,27,27,0,54,12.037,7.232e-05
1429,101,81,28,10,84.2222,0.00463264
1430,57,57,0,114,12.0526,0.00013952
1431,154,154,0,308,12.0584,0.00038736
1432,96,96,0,192,12.0625,0.00024944
1433,77,77,0,154,12.0649,0.00020256
1434,124,98,29,8,74.2041,0.00573424
1435,124,101,28,10,77.2871,0.00590592
1436,87,87,0,174,12.0575,0.00021056
1437,180,154,27,8,76.3117,0.0091364
1438,130,87,71,6,79.8161,0.00510348
1439,117,117,0,234,12.0598,0.000288
1440,74,74,0,148,12.0541,0.00019024
1441,104,77,40,10,79.0909,0.00448
1442,120,120,0,240,12.0583,0.00031536
1443,71,71,0,142,12.0563,0.00019904
1444,43,24,26,8,78.7917,0.0012614
1445,19,19,0,38,12.0526,4.448e-05
1446,16,16,0,8,49,0.00073988
1447,9,9,0,18,12,1.888e-05
1448,63,47,16,8,78.8936,0.00260948
1449,11,11,0,8,83.6364,0.00046632
1450,35,35,0,70,12.0571,9.024e-05
1451,7,7,0,14,12,1.472e-05
1452,20,12,8,8,75.0833,0.00052568
1453,9,9,0,18,12,1.984e-05
1454,117,95,26,10,82.7368,0.00547848
1455,85,85,0,170,12.0588,0.00022016
1456,32,20,16,8,79.4,0.00099192
1457,131,93,38,10,79.5376,0.00533312
1458,17,17,0,34,12.0588,4.032e-05
1459,47,26,27,8,79.1923,0.00134012
1460,82,82,0,164,12.061,0.00022
1461,23,23,0,46,12.0435,5.6e-05
1462,12,12,0,8,81.3333,0.00053124
1463,7,7,0,14,12,1.472e-05
1464,21,21,0,8,78.7619,0.00107848
1465,183,156,36,10,79.8077,0.00919184
1466,52,31,36,8,79.3548,0.0016738
1467,12,12,0,24,12,2.512e-05
1468,80,63,17,6,73.4444,0.00363516
1469,131,131,0,262,12.0611,0.00033664
1470,29,29,0,58,12.0345,7.52e-05
1471,21,15,9,8,76.7333,0.00071832
1472,27,21,6,8,74.7143,0.00108084
1473,50,50,0,100,12.06,0.000132
1474,10,10,0,20,12,2.16e-05
1475,13,13,0,26,12,2.912e-05
1476,95,95,0,190,12.0526,0.00024032
1477,79,60,26,10,80.55,0.00344032
1478,98,76,31,10,76.0132,0.0043476
1479,55,55,0,110,12.0545,0.00014592
1480,71,71,0,142,12.0563,0.00019232
1481,52,30,38,8,71.9333,0.0016086
1482,27,27,0,54,12.037,6.528e-05
1483,43,24,25,8,56.0833,0.00122272
1484,92,74,26,10,83.0135,0.00424544
1485,59,59,0,118,12.0508,0.00015648
1486,19,19,0,6,80.6842,0.00097368
1487,11,11,0,22,12,2.304e-05
1488,52,52,0,8,73.0962,0.0029522
1489,25,25,0,8,75.96,0.00131468
1490,27,27,0,54,12.037,5.632e-05
1491,14,14,0,28,12,2.928e-05
1492,24,24,0,8,41.7917,0.0012354
1493,93,88,5,10,79.1932,0.0051216
1494,13,13,0,26,12,2.72e-05
1495,70,61,10,10,82.7049,0.00349832
1496,68,68,0,136,12.0588,0.0001704
1497,52,52,0,104,12.0577,0.00012688
1498,194,165,34,8,73.6727,0.0097696
1499,111,111,0,222,12.0541,0.00026368
1500,117,94,23,8,82.0106,0.00547236
1501,84,84,0,168,12.0595,0.00022128
1502,46,35,11,8,78.7143,0.00191996
1503,28,28,0,56,12.0357,7.376e-05
1504,98,66,32,10,70.8333,0.00372616
1505,61,61,0,122,12.0492,0.00015744
1506,38,38,0,8,46.6316,0.00211592
1507,20,20,0,40,12.05,4.176e-05
1508,24,24,0,8,48.125,0.001275
1509,61,57,4,8,74.7018,0.00325084
1510,68,59,9,8,80.8136,0.0033532
1511,13,13,0,26,12,2.72e-05
1512,31,31,0,62,12.0323,6.656e-05
1513,44,44,0,88,12.0455,0.00010512
1514,62,55,7,10,82.6,0.00311568
1515,43,43,0,86,12.0465,0.00011168
1516,116,103,14,8,75.3981,0.0059986
1517,87,87,0,174,12.0575,0.00021408
1518,62,44,18,8,73.4091,0.00245904
1519,36,36,0,72,12.0556,8.944e-05
1520,62,55,7,8,78.1091,0.00312804
1521,17,11,6,8,79.0909,0.00044216
1522,46,46,0,92,12.0435,0.00011376
1523,20,16,4,8,82.0625,0.00076096
1524,9,9,0,18,12,1.984e-05
1525,10,10,0,20,12,2.096e-05
1526,36,32,6,8,63.8438,0.00170364
1527,18,18,0,36,12,3.856e-05
1528,58,41,21,10,74.8293,0.00224824
1529,36,36,0,72,12.0556,9.552e-05
1530,21,21,0,42,12.0476,5.152e-05
1531,25,22,3,8,80.0909,0.00115224
1532,72,54,26,8,74.7593,0.00308136
1533,81,66,15,8,76.2576,0.003787
1534,13,13,0,26,12,2.72e-05
1535,40,40,0,80,12.05,9.04e-05
1536,48,48,0,96,12.0417,0.0001096
1537,40,40,0,8,75.25,0.00224264
1538,21,21,0,42,12.0476,4.384e-05
1539,66,60,6,10,80.5,0.00334176
1540,52,52,0,104,12.0577,0.0001256
1541,182,165,17,8,75.1636,0.00975
1542,111,111,0,222,12.0541,0.000264
1543,77,63,16,8,80,0.00363392
1544,46,46,0,92,12.0435,0.0001208
1545,79,78,1,10,82.141,0.0044796
1546,48,48,0,96,12.0417,0.00010352
1547,25,25,0,8,71.32,0.00131788
1548,14,14,0,28,12,2.928e-05
1549,5,5,0,8,55.2,0.00011104
1550,20,20,0,8,42.25,0.00098336
1551,128,123,5,10,73.7967,0.00725704
1552,4,4,0,8,12,8.48e-06
1553,11,11,0,22,12,2.304e-05
1554,91,91,0,182,12.0549,0.00022176
1555,58,53,5,10,83.5094,0.00299824
1556,43,43,0,86,12.0465,0.00010112
1557,32,25,7,8,69.6,0.00131044
1558,17,17,0,34,12,3.936e-05
1559,24,24,0,8,66.25,0.00121924
1560,13,13,0,26,12,2.72e-05
1561,96,94,2,10,71.2872,0.00543344
1562,55,55,0,110,12.0364,0.00011808
1563,36,36,0,8,73.7222,0.0019682
1564,19,19,0,38,12.0526,3.968e-05
1565,90,73,19,10,64.2603,0.0041716
1566,47,25,23,8,68.44,0.00129132
1567,16,16,0,8,66.125,0.00078068
1568,180,164,16,8,44.5488,0.00969384
1569,61,61,0,122,12.0492,0.00015936
1570,23,23,0,46,12.0435,5.44e-05
1571,9,9,0,18,12,1.888e-05
1572,94,94,0,188,12.0532,0.00020976
1573,24,24,0,8,52.75,0.001259
1574,13,13,0,26,12,2.72e-05
1575,15,15,0,8,39.8667,0.00070584
1576,9,9,0,18,12,1.888e-05
1577,41,41,0,8,58.1463,0.0022934
1578,22,22,0,44,12.0455,4.592e-05
1579,33,33,0,8,50.1515,0.00181772
1580,18,18,0,36,12,3.76e-05
1581,32,32,0,8,41.875,0.0017128
1582,17,17,0,34,12,3.552e-05
1583,20,20,0,8,48.95,0.00099604
1584,195,184,13,10,75.5978,0.0108574
1585,11,11,0,22,12,2.304e-05
1586,127,127,0,254,12.0551,0.00030112
1587,13,13,0,8,71.0769,0.0005874
1588,10,10,0,8,79,0.00042836
1589,8,8,0,16,12,1.68e-05
1590,6,6,0,12,12,1.264e-05
1591,106,92,17,8,77.8696,0.00534216
1592,48,29,33,10,69.8621,0.001498
1593,72,72,0,144,12.0556,0.0001816
1594,27,27,0,54,12.037,7.232e-05
1595,179,156,31,10,64.5128,0.00921016
1596,125,125,0,250,12.056,0.00030752
1597,47,35,12,8,67.6286,0.00189872
1598,41,30,20,8,65.5,0.00160124
1599,45,27,26,8,58.2222,0.00143344
1600,30,30,0,60,12.0333,7.664e-05
1601,24,24,0,48,12.0417,5.552e-05
1602,25,25,0,50,12.04,6.08e-05
1603,40,40,0,8,56.9,0.00222112
1604,21,21,0,42,12.0476,4.384e-05
1605,45,45,0,8,67.2,0.00252444
1606,42,42,0,8,65.4286,0.00233676
1607,24,24,0,48,12.0417,5.008e-05
1608,22,22,0,44,12.0455,4.592e-05
1609,24,24,0,8,36,0.00121844
1610,13,13,0,26,12,2.72e-05
1611,27,27,0,8,32.1852,0.00141616
1612,15,15,0,30,12,3.136e-05
1613,15,15,0,8,29.6,0.00071904
1614,23,23,0,8,48.087,0.00121436
1615,9,9,0,18,12,1.888e-05
1616,13,13,0,26,12,2.72e-05
1617,21,21,0,8,37.7619,0.0010414
1618,12,12,0,24,12,2.512e-05
1619,37,25,12,8,80.68,0.0013168
1620,20,20,0,40,12.05,4.88e-05
1621,52,45,7,8,74.2,0.00253144
1622,37,24,13,8,79.4583,0.00123848
1623,27,27,0,54,12.037,6.144e-05
1624,20,20,0,40,12.05,4.816e-05
1625,123,108,15,8,75.8426,0.00633452
1626,48,39,14,8,78.9231,0.00217288
1627,76,76,0,152,12.0526,0.0001928
1628,560,433,170,8,75.9815,0.026002
1629,80,57,38,10,77.2281,0.00317112
1630,27,27,0,54,12.037,6.464e-05
1631,375,375,0,750,12.064,0.0009968
1632,50,50,0,100,12.06,0.00012368
1633,22,22,0,8,72.0455,0.00110704
1634,12,12,0,24,12,2.512e-05
1635,132,128,4,10,77.3281,0.00751544
1636,87,87,0,174,12.0575,0.00020352
1637,26,26,0,8,83.3462,0.00134072
1638,17,15,2,8,83.6,0.00068968
1639,14,14,0,28,12,2.928e-05
1640,10,10,0,20,12,2.096e-05
1641,77,57,26,8,73.4035,0.00322228
1642,58,43,16,6,78.5814,0.00244072
1643,41,41,0,82,12.0488,0.00010368
1644,43,43,0,86,12.0465,0.00010976
1645,14,14,0,8,71.7143,0.00064972
1646,24,16,10,8,79.625,0.00075716
1647,16,12,4,8,84.6667,0.00051684
1648,48,24,28,8,77,0.00126912
1649,34,17,19,8,78.7647,0.00082612
1650,8,8,0,16,12,1.68e-05
1651,10,10,0,20,12,2.096e-05
1652,8,8,0,16,12,1.84e-05
1653,22,22,0,44,12.0455,5.456e-05
1654,14,14,0,28,12,3.056e-05
1655,26,26,0,8,37,0.00134992
1656,127,120,9,8,64.2,0.0070652
1657,14,14,0,28,12,2.928e-05
1658,76,76,0,152,12.0526,0.00018288
1659,30,29,1,8,70.9655,0.00157276
1660,90,77,13,8,71.3896,0.00446832
1661,15,15,0,30,12,3.168e-05
1662,25,21,4,8,79.1429,0.00106292
1663,54,32,35,8,71.8438,0.00173556
1664,53,53,0,106,12.0566,0.00013088
1665,13,13,0,26,12,2.752e-05
1666,30,30,0,60,12.0333,7.984e-05
1667,361,335,29,6,72.7612,0.0201181
1668,18,18,0,8,82.2222,0.00090564
1669,240,240,0,480,12.0583,0.00058704
1670,10,10,0,20,12,2.096e-05
1671,46,46,0,8,65.087,0.00258916
1672,24,24,0,48,12.0417,5.008e-05
1673,37,31,6,8,65.9677,0.00167932
1674,107,80,36,10,77.7,0.00456504
1675,287,175,161,8,78.9943,0.0103604
1676,19,19,0,38,12.0526,4.032e-05
1677,222,146,109,8,77.4041,0.0086284
1678,69,69,0,138,12.058,0.00019392
1679,34,24,11,8,78.5,0.00123324
1680,139,103,45,8,79.8835,0.00599672
1681,159,159,0,318,12.0629,0.00042464
1682,120,120,0,240,12.0583,0.00031056
1683,17,17,0,34,12,3.744e-05
1684,79,53,26,8,78.1132,0.00297612
1685,89,89,0,178,12.0562,0.00023072
1686,217,169,51,10,79.645,0.0100261
1687,47,47,0,94,12.0638,0.0001344
1688,152,152,0,304,12.0658,0.0004072
1689,114,78,47,10,79.2821,0.00448408
1690,52,26,33,8,77.1538,0.0013862
1691,74,74,0,148,12.0541,0.00018832
1692,112,82,31,8,80.2317,0.00473844
1693,22,22,0,44,12.0455,5.84e-05
1694,33,18,15,8,77,0.00087524
1695,72,72,0,144,12.0556,0.00018416
1696,32,30,4,8,71.4,0.0015822
1697,64,47,19,8,82.8936,0.0026168
1698,24,14,13,8,83.3571,0.00066832
1699,16,16,0,32,12,3.952e-05
1700,89,50,53,6,79.98,0.00286264
1701,18,18,0,36,12.0556,3.984e-05
1702,62,50,12,10,80.6,0.00277864
1703,39,39,0,78,12.0513,0.00010656
1704,12,12,0,24,12,2.864e-05
1705,55,55,0,110,12.0545,0.00013472
1706,43,43,0,86,12.0465,0.00011392
1707,255,188,95,8,80.1223,0.0111823
1708,63,45,18,8,83.3111,0.00250524
1709,170,170,0,340,12.0647,0.00046992
1710,36,36,0,72,12.0556,9.68e-05
1711,24,14,11,8,80.5714,0.00066756
1712,53,34,23,8,82.8824,0.00183144
1713,71,53,25,10,81.6415,0.00301936
1714,12,12,0,24,12,2.64e-05
1715,30,30,0,60,12.0667,8.368e-05
1716,51,51,0,102,12.0588,0.00013824
1717,508,315,254,8,76.8635,0.0188515
1718,290,290,0,580,12.0621,0.00074896
1719,402,272,208,10,77.3493,0.0162669
1720,263,263,0,526,12.0646,0.00070784
1721,107,57,63,8,77.4211,0.0032428
1722,52,52,0,104,12.0577,0.00013904
1723,55,40,18,6,83.125,0.00228524
1724,43,43,0,86,12.0465,0.00010688
1725,16,16,0,8,83.375,0.00076256
1726,162,105,84,10,74.7619,0.00607472
1727,9,9,0,18,12,1.888e-05
1728,87,87,0,174,12.0575,0.00023264
1729,115,87,30,10,78.5402,0.0050096
1730,205,156,64,10,78.25,0.00919424
1731,64,27,58,6,79.1852,0.00149372
1732,78,78,0,156,12.0641,0.00021584
1733,136,136,0,272,12.0588,0.00035376
1734,20,20,0,40,12.05,4.784e-05
1735,41,24,18,8,83.0417,0.00125452
1736,142,109,48,10,74.5688,0.00635904
1737,31,23,9,8,82.3913,0.00121208
1738,98,98,0,196,12.0714,0.00028496
1739,15,15,0,30,12,3.296e-05
1740,160,111,69,8,74.1351,0.00648676
1741,136,87,67,8,78.6207,0.00504884
1742,51,33,36,8,74.7879,0.00179
1743,92,92,0,184,12.0652,0.00025424
1744,85,85,0,170,12.0588,0.00022816
1745,30,30,0,60,12.0333,7.696e-05
1746,72,52,20,8,80.3462,0.00294364
1747,44,22,25,8,81.8636,0.00110232
1748,25,14,12,8,79.0714,0.00062312
1749,12,9,3,8,79.5556,0.000357
1750,14,14,0,28,12,3.12e-05
1751,12,12,0,24,12,2.96e-05
1752,6,6,0,12,12,1.264e-05
1753,351,281,94,10,74.331,0.0167861
1754,229,229,0,458,12.0611,0.000584
1755,34,34,0,8,67.1765,0.00187476
1756,18,18,0,36,12,3.76e-05
1757,71,55,17,8,76.4545,0.00309704
1758,44,44,0,88,12.0455,0.00011984
1759,440,353,96,8,77.3598,0.021157
1760,41,20,32,8,74.15,0.00098012
1761,273,273,0,546,12.0586,0.00067552
1762,16,16,0,32,12,3.504e-05
1763,27,25,2,8,80.32,0.00132072
1764,411,291,163,10,76.732,0.017386
1765,14,14,0,28,12,3.024e-05
1766,21,21,0,8,76.4286,0.0010844
1767,243,243,0,486,12.0617,0.00064576
1768,70,51,33,10,80.1765,0.00284672
1769,12,12,0,24,12,2.512e-05
1770,58,52,6,10,75.3462,0.002962
1771,49,49,0,98,12.0612,0.00012448
1772,41,41,0,82,12.0488,9.184e-05
1773,42,30,12,8,84.2667,0.0015836
1774,23,23,0,46,12.0435,5.888e-05
1775,108,93,18,8,79.4839,0.00541636
1776,105,66,54,8,79.7424,0.00376608
1777,69,69,0,138,12.058,0.00017504
1778,60,60,0,120,12.0667,0.00016208
1779,22,15,7,8,80.0667,0.0007078
1780,106,77,43,10,81.1039,0.00445544
1781,10,10,0,20,12,2.16e-05
1782,73,73,0,146,12.0548,0.0001824
1783,111,83,41,8,77.3494,0.00482932
1784,25,18,7,8,86.3889,0.00086864
1785,238,135,146,8,77.6444,0.00796684
1786,12,12,0,24,12,2.704e-05
1787,127,127,0,254,12.063,0.00032768
1788,310,260,59,8,79.85,0.015509
1789,227,227,0,454,12.0617,0.00059424
1790,125,102,26,10,79.5784,0.00590552
1791,95,95,0,190,12.0632,0.00026272
1792,76,59,19,10,79.6102,0.00330552
1793,55,55,0,110,12.0545,0.0001616
1794,20,20,0,40,12.05,5.072e-05
1795,198,159,46,10,80.2704,0.00935264
1796,14,10,4,8,80.4,0.00039468
1797,135,135,0,270,12.0593,0.00036288
1798,7,7,0,14,12,1.472e-05
1799,43,43,0,86,12.0465,0.00011616
1800,62,43,19,10,77.3023,0.00237296
1801,98,77,21,10,74.5325,0.00438872
1802,25,14,19,8,79.6429,0.00065088
1803,38,38,0,76,12.0526,9.872e-05
1804,66,66,0,132,12.0455,0.0001592
1805,47,35,12,8,77.0571,0.00189992
1806,131,109,35,10,78.7798,0.0063104
1807,10,10,0,20,12,2.256e-05
1808,26,26,0,52,12.0385,6.16e-05
1809,95,95,0,190,12.0632,0.00024064
1810,64,51,13,8,82.3529,0.002853
1811,39,39,0,78,12.0513,0.0001024
1812,105,62,53,10,80.1774,0.00354528
1813,68,46,31,10,76.0435,0.00253264
1814,70,54,16,8,76.1296,0.00303948
1815,49,49,0,98,12.0612,0.00012736
1816,6,6,0,8,73.8333,0.0001554
1817,44,44,0,88,12.0455,0.00012016
1818,40,40,0,80,12.05,9.616e-05
1819,4,4,0,8,12,8.48e-06
1820,31,16,15,8,79.8125,0.00078856
1821,27,22,5,8,74.9091,0.00111656
1822,12,12,0,24,12,2.704e-05
1823,161,116,55,8,79.2069,0.00681844
1824,13,13,0,26,12,2.752e-05
1825,106,106,0,212,12.0566,0.00027984
1826,64,42,29,8,77.9286,0.00231104
1827,34,34,0,68,12.0588,7.792e-05
1828,22,14,9,8,79.9286,0.0006526
1829,240,164,91,8,78.4146,0.00969456
1830,27,15,13,8,74.7333,0.00070808
1831,12,12,0,24,12,2.704e-05
1832,11,11,0,22,12,2.368e-05
1833,14,9,5,8,74.8889,0.00032164
1834,77,59,23,8,79.4237,0.00337692
1835,12,8,4,8,77.75,0.00027924
1836,8,8,0,16,12,1.776e-05
1837,32,19,15,8,77.5263,0.00096888
1838,7,5,2,8,77.4,8.996e-05
1839,97,83,15,8,76.9398,0.00480276
1840,54,54,0,108,12.0556,0.00013712
1841,6,6,0,12,12,1.36e-05
1842,56,52,4,10,81.6154,0.00293752
1843,134,106,37,8,72.434,0.00621504
1844,17,17,0,34,12.0588,4.128e-05
1845,4,4,0,8,12,8.48e-06
1846,70,70,0,140,12.0571,0.0001752
1847,77,77,0,154,12.0649,0.00021824
1848,67,42,27,8,81.9286,0.0023202
1849,37,37,0,74,12.0541,0.00010592
1850,60,46,14,8,85.6304,0.0026008
1851,61,35,40,8,76.8286,0.00192416
1852,39,39,0,78,12.0513,0.00010336
1853,32,32,0,64,12.0625,8.144e-05
1854,22,16,6,8,78.125,0.00077048
1855,33,16,24,8,75.125,0.0007914
1856,120,90,51,8,69.3667,0.00522608
1857,10,10,0,20,12,2.096e-05
1858,13,13,0,26,12,2.976e-05
1859,83,83,0,166,12.0602,0.00020096
1860,79,65,14,8,68.4769,0.00371388
1861,47,37,10,8,76.8649,0.00203908
1862,47,47,0,94,12.0638,0.00012192
1863,28,28,0,56,12.0357,7.216e-05
1864,64,40,45,8,73.475,0.00219592
1865,32,32,0,64,12.0625,8.24e-05
1866,121,85,47,8,74.8471,0.00492804
1867,44,32,18,8,76.4375,0.0017156
1868,162,148,19,8,77.1757,0.00873676
1869,33,19,14,8,74.5789,0.00095492
1870,65,65,0,130,12.0615,0.00016992
1871,75,61,28,8,78.541,0.0034572
1872,26,26,0,52,12.0385,6.064e-05
1873,113,113,0,226,12.0531,0.00026432
1874,17,17,0,34,12.0588,4.288e-05
1875,45,45,0,90,12.0444,0.00010848
1876,7,7,0,8,80.1429,0.00022344
1877,5,5,0,10,12,1.056e-05
1878,47,29,29,10,73.3448,0.00149512
1879,28,28,0,56,12.0357,6.704e-05
1880,30,29,1,8,74.7241,0.00152272
1881,26,22,4,8,80,0.0011158
1882,17,17,0,34,12,3.68e-05
1883,13,13,0,26,12,2.72e-05
1884,51,51,0,8,68.7647,0.0028842
1885,27,27,0,54,12.037,5.632e-05
1886,118,81,52,8,81.7037,0.00468012
1887,63,63,0,126,12.0476,0.00015136
1888,69,32,56,6,74.625,0.00181768
1889,188,170,18,8,78.5706,0.0100932
1890,24,24,0,48,12.0417,5.936e-05
1891,155,155,0,310,12.0581,0.0003984
1892,16,13,3,8,82.3077,0.00059144
1893,17,12,5,8,80.5,0.00050812
1894,8,8,0,16,12,1.68e-05
1895,9,9,0,18,12,2.048e-05
1896,145,145,0,290,12.0621,0.00039488
1897,289,208,89,8,77.1058,0.0123869
1898,157,111,55,8,71.3964,0.00651732
1899,60,36,36,8,56.5556,0.00196696
1900,50,24,39,8,79.2917,0.0012312
1901,180,180,0,360,12.0667,0.00048848
1902,87,87,0,174,12.0575,0.00022816
1903,22,22,0,44,12.0455,4.688e-05
1904,22,22,0,44,12.0455,5.808e-05
1905,41,41,0,82,12.0488,9.056e-05
1906,89,89,0,178,12.0562,0.00023648
1907,7,7,0,8,79.8571,0.00019736
1908,10,10,0,8,84.6,0.00042156
1909,5,5,0,10,12,1.056e-05
1910,6,6,0,12,12,1.264e-05
1911,51,43,8,10,81.3023,0.00236592
1912,379,256,202,10,76.5703,0.0152845
1913,36,36,0,72,12.0556,8.752e-05
1914,225,225,0,450,12.0578,0.00055552
1915,47,33,15,8,78.8788,0.00178444
1916,69,49,20,10,73.7755,0.00270656
1917,63,32,44,8,74.4062,0.00175108
1918,20,20,0,40,12.05,4.464e-05
1919,48,48,0,96,12.0625,0.00012016
1920,23,23,0,46,12.0435,5.472e-05
1921,5,5,0,8,60.8,0.00012008
1922,49,43,6,10,67.8372,0.00238112
1923,4,4,0,8,12,8.48e-06
1924,28,28,0,56,12.0357,6.32e-05
1925,39,20,19,8,80.05,0.00102736
1926,171,116,72,8,76.7931,0.00681212
1927,53,32,21,10,72.625,0.00169304
1928,19,19,0,38,12.0526,4.8e-05
1929,101,101,0,202,12.0594,0.00026176
1930,29,29,0,58,12.0345,7.264e-05
1931,35,31,4,8,66.8065,0.00168344
1932,28,28,0,56,12.0357,6.064e-05
1933,497,376,130,6,78.6835,0.022595
1934,15,13,2,8,81,0.00060748
1935,363,363,0,726,12.0634,0.00095872
1936,34,19,19,8,70.5263,0.00092
1937,9,9,0,18,12,1.888e-05
1938,25,13,16,8,78,0.0005854
1939,13,13,0,26,12,2.816e-05
1940,10,10,0,20,12,2.224e-05
1941,36,18,24,8,79.5,0.00088088
1942,16,16,0,32,12,3.632e-05
1943,58,30,47,8,76.5667,0.00159324
1944,27,27,0,54,12.037,7.36e-05
1945,32,26,6,8,80.8846,0.00138996
1946,17,17,0,34,12,3.776e-05
1947,11,9,2,8,80.2222,0.00031464
1948,74,54,29,8,77.1481,0.00303924
1949,134,101,48,8,81.3564,0.00587752
1950,242,202,60,8,74.2624,0.011987
1951,52,22,47,6,76.2273,0.001156
1952,38,20,26,8,82.65,0.00101384
1953,63,34,29,8,73.7059,0.00184712
1954,7,7,0,14,12,1.6e-05
1955,47,47,0,94,12.0638,0.00012928
1956,77,77,0,154,12.0519,0.0001856
1957,160,160,0,320,12.0563,0.00037936
1958,17,17,0,34,12,3.872e-05
1959,14,14,0,28,12,3.088e-05
1960,32,32,0,64,12.0625,8.944e-05
1961,223,166,63,8,78.9639,0.0098458
1962,63,35,43,8,80.5143,0.0019272
1963,45,25,34,8,76.56,0.001313
1964,41,20,38,8,78.75,0.0010106
1965,132,88,62,8,79.6136,0.00513484
1966,62,39,43,8,76.7692,0.00212668
1967,149,149,0,298,12.0671,0.00040576
1968,33,33,0,66,12.0303,7.84e-05
1969,34,20,14,8,76.9,0.00098492
1970,23,23,0,46,12.0435,6.432e-05
1971,16,10,6,8,82.1,0.00039004
1972,14,14,0,28,12,3.152e-05
1973,71,71,0,142,12.0563,0.00017536
1974,101,71,38,8,76.1549,0.0040706
1975,37,37,0,74,12.0541,9.504e-05
1976,27,20,8,8,79.75,0.00101156
1977,28,17,11,8,79.5882,0.00083624
1978,56,56,0,112,12.0536,0.00015088
1979,12,12,0,24,12,2.544e-05
1980,143,104,48,10,78.2596,0.00601024
1981,14,14,0,28,12,3.216e-05
1982,90,90,0,180,12.0556,0.00023344
1983,58,39,31,10,78.5385,0.00212472
1984,22,13,9,8,83.5385,0.00056656
1985,37,37,0,74,12.0541,9.984e-05
1986,172,112,79,10,77.3214,0.0065184
1987,11,11,0,22,12,2.752e-05
1988,14,14,0,8,69.1429,0.00064408
1989,102,102,0,204,12.0588,0.00026224
1990,191,153,50,8,78.9412,0.0090536
1991,8,8,0,16,12,1.68e-05
1992,118,118,0,236,12.0593,0.00030352
1993,12,11,1,8,64.0909,0.00044988
1994,62,45,17,8,78.3333,0.00251372
1995,37,37,0,74,12.0541,0.00010016
1996,77,53,32,8,70.1698,0.0030098
1997,49,49,0,98,12.0612,0.000128
1998,48,23,27,8,81,0.00121348
1999,45,24,21,8,78.75,0.00125304
2000,13,8,5,8,75.875,0.00030092
2001,62,43,19,8,75.5349,0.00241892
2002,21,21,0,42,12.0476,5.216e-05
2003,51,28,23,8,79.2857,0.0015048
2004,21,21,0,42,12.0476,5.504e-05
2005,5,5,0,10,12,1.056e-05
2006,34,34,0,68,12.0588,9.008e-05
2007,85,61,29,8,75.9672,0.00348808
2008,25,25,0,50,12.04,5.824e-05
2009,29,24,5,8,80.0833,0.00126744
2010,49,49,0,98,12.0612,0.0001312
2011,15,15,0,30,12,3.296e-05
2012,79,63,17,10,76.4286,0.00362776
2013,30,19,11,8,61.5789,0.00094192
2014,52,52,0,104,12.0577,0.00013776
2015,14,14,0,28,12,3.152e-05
2016,190,145,51,8,77.3034,0.00854608
2017,74,52,24,8,81.3077,0.00292684
2018,123,123,0,246,12.065,0.00033184
2019,45,45,0,90,12.0667,0.00012064
2020,50,38,12,8,81.0526,0.00206576
2021,32,32,0,64,12.0312,7.504e-05
2022,28,16,13,8,76.5625,0.00078156
2023,105,66,63,10,65.7273,0.00370744
2024,12,12,0,24,12,2.672e-05
2025,62,62,0,124,12.0645,0.00017872
2026,8,8,0,8,75.375,0.00029748
2027,5,5,0,10,12,1.056e-05
2028,98,75,27,8,66.5067,0.00434484
2029,200,158,59,8,73.6772,0.0093608
2030,90,45,47,8,75.7556,0.00250992
2031,220,178,53,8,73.3876,0.0105561
2032,56,56,0,112,12.0536,0.00012848
2033,110,110,0,220,12.0545,0.00026448
2034,40,40,0,80,12.05,9.776e-05
2035,154,154,0,308,12.0584,0.00036912
2036,18,18,0,8,65.8889,0.00088316
2037,10,10,0,20,12,2.096e-05
2038,35,35,0,8,50.1714,0.00194016
2039,19,19,0,38,12.0526,3.968e-05
2040,73,56,19,8,75.3036,0.0031826
2041,42,42,0,84,12.0476,0.00010704
2042,112,69,63,8,78.3478,0.00395896
2043,65,65,0,130,12.0615,0.00017152
2044,92,70,23,8,77.5286,0.0040106
2045,64,64,0,128,12.0625,0.00018096
2046,60,36,27,8,72.2778,0.00196468
2047,58,35,26,8,81.0571,0.00193716
2048,18,18,0,36,12.0556,4.4e-05
2049,34,34,0,68,12.0588,9.264e-05
2050,7,7,0,14,12,1.472e-05
2051,27,27,0,8,69.037,0.00143048
2052,30,30,0,60,12.0333,7.056e-05
2053,15,15,0,30,12,3.136e-05
2054,49,32,20,8,69.4375,0.0017432
2055,15,15,0,8,77.3333,0.000691
2056,27,27,0,54,12.037,7.424e-05
2057,26,19,7,8,83.0526,0.00094884
2058,24,13,13,8,83.4615,0.00060484
2059,9,9,0,18,12,1.888e-05
2060,11,11,0,22,12,2.304e-05
2061,7,7,0,14,12,1.472e-05
2062,23,23,0,8,51.8261,0.00116272
2063,31,31,0,8,59.6129,0.00164912
2064,13,13,0,26,12,2.72e-05
2065,17,17,0,34,12.0588,3.552e-05
2066,19,19,0,8,41.5789,0.000969
2067,11,11,0,22,12,2.304e-05
2068,38,30,11,8,79.5,0.00162332
2069,18,18,0,36,12.0556,4.048e-05
2070,38,24,17,8,77.9167,0.00123888
2071,26,22,4,8,71.6818,0.00110364
2072,19,19,0,38,12.0526,4.608e-05
2073,13,13,0,26,12,2.848e-05
2074,246,192,68,8,77.9583,0.0114119
2075,78,52,41,6,79.75,0.00300404
2076,162,162,0,324,12.0617,0.0004344
2077,53,53,0,106,12.0566,0.00012224
2078,149,117,32,8,82.9829,0.00687672
2079,94,94,0,188,12.0532,0.00023728
2080,31,18,13,8,84.0556,0.00087496
2081,15,15,0,30,12,3.68e-05
2082,19,19,0,8,79.2105,0.0009424
2083,20,17,3,8,83.1176,0.00080736
2084,11,11,0,22,12,2.304e-05
2085,126,77,67,8,78.6494,0.00442472
2086,52,37,28,10,74.2703,0.00204752
2087,47,26,38,8,74.9615,0.00138708
2088,10,10,0,20,12,2.096e-05
2089,73,73,0,146,12.0548,0.00019424
2090,34,34,0,68,12.0588,7.92e-05
2091,24,24,0,48,12.0417,6.384e-05
2092,85,71,15,10,74.6479,0.00407064
2093,57,43,15,10,83.6047,0.0024108
2094,56,56,0,112,12.0536,0.00014544
2095,36,36,0,72,12.0556,9.712e-05
2096,60,44,25,8,81.1364,0.00245572
2097,289,189,115,8,77.1481,0.0112148
2098,37,37,0,74,12.0541,9.312e-05
2099,170,170,0,340,12.0647,0.0004584
2100,21,14,7,8,72.0714,0.00064084
2101,169,148,22,8,79.2095,0.008748
2102,9,9,0,18,12,1.888e-05
2103,67,54,14,8,81.8519,0.00308896
2104,130,130,0,260,12.0615,0.00032176
2105,41,41,0,82,12.0488,9.856e-05
2106,46,30,20,10,78.7333,0.0015792
2107,28,28,0,56,12.0357,7.376e-05
2108,133,89,67,8,79.4944,0.00518128
2109,83,83,0,166,12.0602,0.00022144
2110,49,20,43,8,72.9,0.00102812
2111,40,31,10,8,81.871,0.00165964
2112,59,39,30,8,82,0.00216812
2113,23,23,0,46,12.0435,5.28e-05
2114,35,35,0,70,12.0571,9.216e-05
2115,11,11,0,22,12,2.56e-05
2116,38,30,8,8,81.9333,0.0016334
2117,23,23,0,46,12.0435,5.632e-05
2118,57,52,5,10,78.2885,0.00292648
2119,124,76,73,8,77.0132,0.00441168
2120,85,40,75,4,76.4,0.0023024
2121,41,41,0,82,12.0488,9.056e-05
2122,63,63,0,126,12.0635,0.0001664
2123,31,31,0,62,12.0323,7.04e-05
2124,20,20,0,8,81.7,0.00098876
2125,20,18,3,8,86.3333,0.0008668
2126,11,11,0,22,12,2.304e-05
2127,11,11,0,22,12,2.304e-05
2128,22,22,0,8,55.5455,0.00115348
2129,381,350,34,10,76.5486,0.020915
2130,91,77,17,8,83.974,0.00446108
2131,12,12,0,24,12,2.512e-05
2132,262,262,0,524,12.0573,0.00063408
2133,64,64,0,128,12.0469,0.00016048
2134,42,32,10,6,78.625,0.00176028
2135,44,23,26,8,81.3043,0.00117524
2136,23,23,0,46,12.0435,5.6e-05
2137,62,41,38,6,78.2927,0.00234724
2138,20,20,0,40,12.05,4.656e-05
2139,33,33,0,66,12.0606,8.064e-05
2140,9,9,0,8,63,0.00033464
2141,121,86,38,8,78.0116,0.00497692
2142,6,6,0,12,12,1.264e-05
2143,78,78,0,156,12.0641,0.00021872
2144,51,28,30,8,79,0.00151724
2145,124,86,56,8,78.2326,0.00500296
2146,67,50,19,10,78.26,0.00273376
2147,26,26,0,52,12.0385,6.48e-05
2148,81,81,0,162,12.0617,0.0002112
2149,61,38,23,8,76.7632,0.00209972
2150,47,47,0,94,12.0638,0.0001232
2151,213,148,80,8,80.1351,0.0087632
2152,35,35,0,70,12.0571,9.088e-05
2153,135,135,0,270,12.0593,0.00033984
2154,46,35,17,8,75.5143,0.00188652
2155,21,21,0,42,12.0476,4.608e-05
2156,46,31,21,8,81.6452,0.00164516
2157,27,27,0,54,12.037,7.424e-05
2158,60,51,9,10,81.6863,0.00283096
2159,43,43,0,86,12.0465,0.00010816
2160,269,232,42,10,77.8147,0.0138137
2161,1043,866,231,8,74.4723,0.0521822
2162,207,207,0,414,12.0628,0.00053248
2163,639,639,0,1278,12.0595,0.00154944
2164,22,13,9,8,80.0769,0.00058104
2165,69,41,39,8,78.7317,0.00228088
2166,6,6,0,8,67,0.00014348
2167,11,11,0,22,12,2.752e-05
2168,37,37,0,74,12.0541,0.00010112
2169,4,4,0,8,12,8.48e-06
2170,93,85,8,10,81.7882,0.00489592
2171,64,64,0,128,12.0625,0.00016208
2172,76,46,44,8,78.4565,0.00260424
2173,41,41,0,82,12.0488,0.00010784
2174,166,115,53,8,77.8957,0.00677964
2175,104,104,0,208,12.0673,0.0002936
2176,67,42,28,8,77.9048,0.0023198
2177,20,20,0,8,60.15,0.00098068
2178,41,41,0,82,12.0488,0.00011136
2179,120,98,27,8,74.5306,0.00573884
2180,11,11,0,22,12,2.304e-05
2181,78,78,0,156,12.0513,0.00019408
2182,17,17,0,34,12,3.744e-05
2183,53,31,40,6,77.3226,0.0017446
2184,30,30,0,60,12.0333,7.76e-05
2185,22,11,18,6,79.0909,0.00051336
2186,8,8,0,16,12,1.696e-05
2187,61,39,23,8,80.9487,0.00218088
2188,64,44,20,10,77.7045,0.00239896
2189,34,34,0,68,12.0588,9.296e-05
2190,39,21,29,8,76.1429,0.00106004
2191,41,41,0,82,12.0488,0.00010624
2192,14,14,0,8,68.6429,0.00065576
2193,20,18,2,8,83.5556,0.0008944
2194,45,19,26,8,77.0526,0.000951
2195,20,20,0,40,12.05,4.784e-05
2196,8,8,0,16,12,1.68e-05
2197,11,11,0,22,12,2.304e-05
2198,17,17,0,34,12,3.776e-05
2199,823,601,313,8,76.7987,0.0361568
2200,549,549,0,1098,12.0674,0.0015008
2201,65,37,40,8,78.3514,0.00204268
2202,34,20,25,8,78.15,0.000998
2203,43,25,21,8,78.2,0.00132688
2204,35,35,0,70,12.0571,9.12e-05
2205,17,17,0,34,12.0588,4.128e-05
2206,294,228,75,8,77.614,0.0136094
2207,92,51,61,8,73.6275,0.00287072
2208,21,21,0,42,12.0476,5.408e-05
2209,88,63,29,10,81.1429,0.0035912
2210,203,203,0,406,12.064,0.00054176
2211,42,42,0,84,12.0476,0.0001032
2212,170,122,73,10,76.1557,0.0071652
2213,49,49,0,98,12.0612,0.00012704
2214,50,27,29,8,79.037,0.00145584
2215,112,112,0,224,12.0625,0.00028624
2216,43,28,18,8,77.9643,0.00147868
2217,136,94,59,8,78.9149,0.0054964
2218,24,24,0,48,12.0417,6.544e-05
2219,42,25,17,8,78.88,0.00130436
2220,25,25,0,50,12.04,6.944e-05
2221,78,78,0,156,12.0513,0.00019792
2222,22,22,0,44,12.0455,5.808e-05
2223,194,142,62,8,79.5563,0.00836928
2224,129,129,0,258,12.0698,0.00036672
2225,50,38,14,8,80.3947,0.00208968
2226,117,78,50,10,79.3846,0.0044696
2227,28,28,0,56,12.0357,7.28e-05
2228,73,60,13,10,78.1833,0.00339544
2229,70,70,0,140,12.0571,0.0001848
2230,138,105,45,8,76.8476,0.00616396
2231,64,39,42,8,77.2821,0.00214368
2232,50,50,0,100,12.06,0.00013168
2233,88,88,0,176,12.0568,0.00022576
2234,59,38,30,8,74.8158,0.00208956
2235,522,378,191,8,76.1032,0.0226734
2236,36,36,0,72,12.0556,0.00010192
2237,29,28,1,8,69.4286,0.00146756
2238,36,36,0,72,12.0556,0.00010064
2239,321,321,0,642,12.0623,0.00084192
2240,182,141,54,6,75.1702,0.00835252
2241,188,133,73,10,75.5865,0.00778544
2242,126,126,0,252,12.0635,0.00034992
2243,110,110,0,220,12.0545,0.00028048
2244,46,24,40,8,80.1667,0.00126716
2245,100,71,37,8,77.9155,0.00411216
2246,22,22,0,44,12.0455,6e-05
2247,62,62,0,124,12.0645,0.00015952
2248,53,34,20,8,78.0588,0.00182348
2249,30,30,0,60,12.0667,8.048e-05
2250,74,53,26,8,72.0377,0.00298896
2251,90,73,20,8,77.6301,0.0041982
2252,185,133,71,8,77.9398,0.00782232
2253,43,43,0,86,12.0465,0.0001152
2254,199,152,75,10,76.3355,0.00896936
2255,58,58,0,116,12.0517,0.000148
2256,38,25,17,8,76.04,0.00130536
2257,108,108,0,216,12.0556,0.00027792
2258,143,143,0,286,12.0559,0.00036064
2259,8,7,1,8,75.2857,0.00021092
2260,21,21,0,42,12.0476,5.44e-05
2261,5,5,0,10,12,1.056e-05
2262,11,11,0,8,85.1818,0.00047472
2263,7,7,0,14,12,1.472e-05
2264,99,71,41,10,80.5352,0.0040412
2265,62,62,0,124,12.0645,0.00016336
2266,12,12,0,8,73.0833,0.00054864
2267,7,7,0,14,12,1.472e-05
2268,71,52,19,10,76.2308,0.00289216
2269,53,34,20,8,75.3529,0.00186588
2270,41,41,0,82,12.0488,9.792e-05
2271,30,30,0,60,12.0333,7.856e-05
2272,77,59,18,10,75.5932,0.00329072
2273,70,38,43,8,78.6842,0.00210836
2274,100,76,24,8,71.5789,0.0044036
2275,52,52,0,104,12.0577,0.00013456
2276,33,33,0,66,12.0606,8.448e-05
2277,74,74,0,148,12.0541,0.000188
2278,66,46,21,8,78.6087,0.00259468
2279,40,40,0,80,12.05,0.00011216
2280,77,53,30,8,77.3774,0.00302912
2281,45,45,0,90,12.0444,0.00011552
2282,32,30,2,8,68.6,0.0016192
2283,216,193,26,8,75.5026,0.0114925
2284,17,17,0,34,12,3.552e-05
2285,75,68,7,10,78.9853,0.00392776
2286,144,144,0,288,12.0556,0.00034032
2287,57,57,0,114,12.0526,0.00014752
2288,29,18,11,8,71.7222,0.00089268
2289,82,45,62,6,73.5333,0.00256936
2290,15,15,0,30,12,3.584e-05
2291,34,34,0,68,12.0588,8.336e-05
2292,47,22,34,8,82.4091,0.00114676
2293,15,15,0,30,12,3.136e-05
2294,19,19,0,38,12.0526,4.288e-05
2295,256,232,27,10,73.6724,0.0138323
2296,171,171,0,342,12.0585,0.00041984
2297,80,39,58,8,75.3077,0.00212848
2298,37,37,0,74,12.0541,9.696e-05
2299,74,56,23,10,76.75,0.00311496
2300,48,38,10,10,78.4737,0.00210752
2301,45,45,0,90,12.0444,0.00011776
2302,30,30,0,60,12.0333,7.344e-05
2303,16,16,0,8,78.6875,0.0007488
2304,9,9,0,18,12,1.888e-05
2305,33,31,2,8,74.5161,0.001693
2306,82,65,19,10,82.4615,0.003644
2307,19,19,0,38,12.0526,4.224e-05
2308,55,55,0,110,12.0545,0.00015136
2309,327,226,143,10,76.823,0.0134082
2310,51,25,44,8,82.64,0.00129456
2311,197,140,75,8,78.2571,0.00824028
2312,208,208,0,416,12.0673,0.00058032
2313,24,16,8,8,77.1875,0.00078884
2314,19,19,0,38,12.0526,4.352e-05
2315,134,134,0,268,12.0597,0.00035088
2316,10,10,0,20,12,2.096e-05
2317,41,37,4,8,80,0.0020466
2318,193,141,67,8,77.766,0.0082996
2319,93,65,45,10,80.3077,0.0037164
2320,26,26,0,52,12.0385,5.968e-05
2321,125,125,0,250,12.064,0.00034976
2322,56,56,0,112,12.0536,0.00013808
2323,38,27,11,8,77.4074,0.00143952
2324,40,21,23,8,78.1429,0.0010642
2325,21,21,0,42,12.0476,5.152e-05
2326,13,13,0,26,12,2.784e-05
2327,126,105,22,10,78.6571,0.00608464
2328,193,148,52,8,79.9865,0.00875068
2329,93,93,0,186,12.0645,0.00026752
2330,119,119,0,238,12.0588,0.00029664
2331,113,89,32,10,81.4607,0.00510104
2332,84,84,0,168,12.0595,0.00023056
2333,55,31,38,8,79.9355,0.00165232
2334,93,62,48,8,79.3871,0.00355312
2335,64,47,17,10,80.1702,0.00265392
2336,29,29,0,58,12.0345,7.552e-05
2337,56,56,0,112,12.0536,0.000148
2338,41,41,0,82,12.0488,0.00011584
2339,35,19,19,8,79.9474,0.00096404
2340,16,16,0,32,12,3.856e-05
2341,26,15,11,8,84,0.0007222
2342,11,11,0,22,12,2.304e-05
2343,54,46,8,8,76.3478,0.00259732
2344,70,44,33,8,83.0682,0.00243956
2345,31,31,0,62,12.0323,7.52e-05
2346,37,37,0,74,12.0541,0.00010176
2347,57,49,8,10,79.0612,0.0027832
2348,40,40,0,80,12.05,0.00010288
2349,97,67,46,10,80.403,0.00381296
2350,27,18,9,8,76.5556,0.0008868
2351,61,61,0,122,12.0492,0.00015296
2352,12,12,0,24,12,2.512e-05
2353,35,23,12,8,78.3913,0.00119308
2354,14,14,0,28,12,3.088e-05
2355,58,36,28,8,83.8611,0.0019652
2356,30,30,0,60,12.0667,8.016e-05
2357,49,31,26,8,80.5806,0.00166956
2358,19,12,13,8,81.1667,0.0005002
2359,28,28,0,56,12.0357,6.768e-05
2360,9,9,0,18,12,1.984e-05
2361,23,18,5,8,79,0.00088092
2362,84,55,46,8,76.9818,0.00309348
2363,50,28,38,8,74.0714,0.00146564
2364,26,18,8,8,79.5,0.000861
2365,49,49,0,98,12.0612,0.0001248
2366,27,27,0,54,12.037,7.104e-05
2367,53,38,15,8,81.8421,0.00211728
2368,11,11,0,22,12,2.336e-05
2369,49,24,26,8,78.6667,0.00122296
2370,32,32,0,64,12.0625,8.08e-05
2371,47,33,17,8,81.6667,0.00178136
2372,21,21,0,42,12.0476,5.216e-05
2373,28,28,0,56,12.0357,7.024e-05
2374,127,100,28,10,77.04,0.00575824
2375,137,96,42,8,76.3229,0.00557852
2376,33,20,15,8,72.65,0.00097816
2377,87,87,0,174,12.0575,0.00022624
2378,90,90,0,180,12.0667,0.00024496
2379,17,17,0,34,12.0588,4e-05
2380,14,13,1,8,83.1538,0.00059748
2381,8,8,0,16,12,1.68e-05
2382,32,23,9,8,76.2174,0.001189
2383,31,16,21,8,77.3125,0.00075956
2384,56,38,31,8,75.4737,0.00207044
2385,67,44,35,8,81.2727,0.0024402
2386,16,16,0,32,12,3.536e-05
2387,12,12,0,24,12,2.64e-05
2388,32,32,0,64,12.0625,7.76e-05
2389,61,49,12,8,78.2653,0.0027738
2390,88,64,28,10,77.1562,0.0036608
2391,40,40,0,80,12.05,0.00010448
2392,95,62,51,10,76.2419,0.0035628
2393,147,119,43,8,76.3866,0.0070122
2394,36,36,0,72,12.0556,8.976e-05
2395,61,61,0,122,12.0656,0.0001664
2396,54,54,0,108,12.0556,0.00014
2397,90,90,0,180,12.0556,0.00021456
2398,125,96,31,8,69.3021,0.0055748
2399,26,17,9,8,79.5294,0.00083252
2400,44,23,33,8,65.1304,0.00120324
2401,73,73,0,146,12.0548,0.00019168
2402,28,15,13,8,73.9333,0.00070536
2403,13,13,0,26,12,3.008e-05
2404,16,16,0,32,12,3.472e-05
2405,13,13,0,26,12,3.136e-05
2406,36,36,0,8,64.5,0.00197804
2407,19,19,0,38,12.0526,3.968e-05
2408,16,16,0,8,59.625,0.00077656
2409,9,9,0,18,12,1.888e-05
2410,19,19,0,8,55.6842,0.00092784
2411,29,29,0,8,66.8966,0.00156248
2412,18,14,4,8,81.2143,0.00062908
2413,11,11,0,22,12,2.304e-05
2414,16,16,0,32,12,3.344e-05
2415,9,9,0,18,12,1.888e-05
2416,19,12,7,8,75.5,0.00050756
2417,71,40,31,8,76.8,0.00222984
2418,9,9,0,18,12,1.984e-05
2419,37,37,0,74,12.0541,0.00010112
2420,56,43,13,10,83.0698,0.00241616
2421,37,37,0,74,12.0541,0.00010016
2422,273,214,84,8,72.1402,0.0127494
2423,115,92,24,8,74.1087,0.00537448
2424,271,236,35,8,70.6314,0.0140963
2425,159,159,0,318,12.0566,0.00038496
2426,73,73,0,146,12.0548,0.0001808
2427,164,164,0,328,12.0549,0.00039408
2428,89,66,23,10,76.5758,0.00371144
2429,50,29,33,8,73.069,0.00153952
2430,58,58,0,116,12.0517,0.0001592
2431,60,43,32,8,72.3721,0.00241868
2432,18,18,0,36,12,3.824e-05
2433,34,34,0,68,12.0588,8.496e-05
2434,68,56,14,8,76.4107,0.00320396
2435,44,44,0,88,12.0455,0.00011728
2436,12,12,0,24,12,2.608e-05
2437,10,10,0,8,68,0.00039404
2438,6,6,0,12,12,1.264e-05
2439,496,424,97,8,76.6014,0.0254153
2440,54,40,17,8,74.8,0.00219628
2441,310,310,0,620,12.0613,0.0007912
2442,31,31,0,62,12.0645,7.84e-05
2443,9,9,0,8,71.7778,0.00031808
2444,6,6,0,12,12,1.264e-05
2445,33,28,5,8,82.1786,0.001495
2446,19,19,0,38,12.0526,4.256e-05
2447,21,19,2,8,81.3158,0.000939
2448,12,12,0,24,12,2.544e-05
2449,85,74,11,8,78.3784,0.00428056
2450,89,48,64,8,74.3125,0.00271912
2451,112,73,69,10,73.6438,0.0042104
2452,23,14,9,8,61.4286,0.00065096
2453,54,54,0,108,12.0556,0.00013808
2454,46,46,0,92,12.0435,0.00011408
2455,70,70,0,140,12.0571,0.00018768
2456,12,12,0,24,12,2.8e-05
2457,38,21,17,8,80.8571,0.00106896
2458,19,19,0,38,12.0526,4.768e-05
2459,91,60,44,8,77.7333,0.00344592
2460,48,48,0,96,12.0625,0.00013008
2461,123,109,14,8,69.6422,0.00637632
2462,80,80,0,160,12.0625,0.00020432
2463,98,76,31,8,70.3816,0.00437656
2464,59,59,0,118,12.0508,0.00013472
2465,66,50,18,8,67.24,0.00281296
2466,46,41,5,8,69.7073,0.00229976
2467,36,36,0,72,12.0556,9.168e-05
2468,24,24,0,8,76.3333,0.00123696
2469,25,25,0,50,12.04,5.696e-05
2470,13,13,0,26,12,2.72e-05
2471,24,24,0,8,62,0.00122612
2472,13,13,0,26,12,2.72e-05
2473,99,89,11,8,69.573,0.00515124
2474,58,58,0,116,12.0517,0.0001432
2475,13,13,0,8,86.3846,0.00055832
2476,18,13,7,8,78.7692,0.00058844
2477,8,8,0,16,12,1.68e-05
2478,8,8,0,16,12,1.68e-05
2479,75,68,7,8,84.1324,0.00389272
2480,55,55,0,110,12.0545,0.00012416
2481,90,79,11,10,70.2152,0.00449384
2482,68,68,0,136,12.0588,0.00016784
2483,35,35,0,8,66.1429,0.00193648
2484,9,9,0,8,69.6667,0.0003388
2485,19,19,0,38,12.0526,3.968e-05
2486,6,6,0,12,12,1.264e-05
2487,5,5,0,8,58.6,0.00011732
2488,4,4,0,8,12,8.48e-06
2489,26,26,0,8,68.1923,0.00134536
2490,14,14,0,28,12,2.928e-05
2491,34,32,2,8,78.7812,0.00170976
2492,18,18,0,36,12,3.92e-05
2493,28,23,5,8,76.0435,0.00119432
2494,57,39,18,8,76.8205,0.00216576
2495,13,13,0,26,12,2.752e-05
2496,35,35,0,70,12.0571,8.896e-05
2497,59,52,7,10,78.8846,0.00286048
2498,44,44,0,88,12.0455,0.0001112
2499,143,103,52,10,75.5631,0.0060516
2500,93,93,0,186,12.0538,0.00023456
2501,79,68,11,10,75.1912,0.00384856
2502,18,18,0,8,69.2222,0.000882
2503,46,46,0,92,12.0435,0.00011024
2504,10,10,0,20,12,2.096e-05
2505,98,86,12,10,75.1744,0.00497272
2506,63,63,0,126,12.0476,0.0001504
2507,92,83,9,10,79.012,0.00479536
2508,56,56,0,112,12.0536,0.0001336
2509,46,30,20,10,68.5,0.00152464
2510,36,26,10,8,74.4615,0.00136456
2511,28,28,0,56,12.0357,7.184e-05
2512,20,20,0,40,12.05,4.816e-05
2513,13,13,0,8,81.3077,0.00059616
2514,76,56,23,8,72.7857,0.00316164
2515,34,17,31,8,75.4118,0.00081892
2516,8,8,0,16,12,1.68e-05
2517,52,52,0,104,12.0577,0.00013264
2518,11,11,0,22,12,2.304e-05
2519,49,49,0,6,71.1633,0.00278844
2520,26,26,0,52,12.0385,5.424e-05
2521,29,29,0,8,72.2759,0.00155132
2522,16,16,0,32,12,3.344e-05
2523,141,100,62,8,79.45,0.0058232
2524,85,61,27,8,76.4918,0.00350452
2525,87,87,0,174,12.0575,0.00022688
2526,92,71,32,10,80.493,0.00407408
2527,52,52,0,104,12.0577,0.00013936
2528,53,35,24,10,79.5714,0.00184624
2529,61,61,0,122,12.0492,0.0001536
2530,32,32,0,64,12.0625,8.56e-05
2531,87,50,46,8,74.54,0.00282092
2532,64,39,36,8,73.2308,0.00216556
2533,47,47,0,94,12.0638,0.0001312
2534,34,34,0,68,12.0588,9.008e-05
2535,28,16,18,8,75.4375,0.00073632
2536,49,29,29,10,70.6552,0.00148568
2537,11,11,0,22,12,2.4e-05
2538,27,27,0,54,12.037,6.464e-05
2539,16,16,0,8,63.4375,0.00075864
2540,9,9,0,18,12,1.888e-05
2541,33,31,2,8,68.5161,0.00164324
2542,27,22,5,8,78.5909,0.00113492
2543,40,23,22,8,68.3913,0.00120444
2544,19,19,0,38,12.0526,4.256e-05
2545,14,14,0,28,12,3.024e-05
2546,19,19,0,38,12.0526,4.352e-05
2547,110,97,13,10,72.9278,0.00567192
2548,76,76,0,152,12.0526,0.0001928
2549,44,38,6,8,76.4474,0.00211312
2550,24,24,0,48,12.0417,5.68e-05
2551,19,19,0,8,68.2105,0.00096128
2552,38,31,7,8,64.0323,0.00169384
2553,11,11,0,22,12,2.304e-05
2554,23,23,0,46,12.0435,5.568e-05
2555,146,129,17,8,76.7287,0.00758576
2556,98,98,0,196,12.0612,0.00024976
2557,38,23,16,8,69.7826,0.00121252
2558,19,19,0,38,12.0526,4.352e-05
2559,32,29,3,10,72.0345,0.00155816
2560,65,55,10,10,74.4545,0.00308896
2561,19,19,0,38,12.0526,4.16e-05
2562,48,48,0,96,12.0417,0.00011696
2563,41,41,0,8,70.2927,0.00227428
2564,22,22,0,44,12.0455,4.592e-05
2565,69,63,6,8,75.0635,0.00360976
2566,60,44,20,8,74.8182,0.00246196
2567,38,38,0,76,12.0526,8.624e-05
2568,32,32,0,64,12.0625,7.984e-05
2569,69,54,16,8,67.3333,0.00304928
2570,69,53,16,8,69.4906,0.00298832
2571,49,32,22,8,66.5625,0.0017162
2572,37,37,0,74,12.0541,9.152e-05
2573,38,21,32,8,78.381,0.00108064
2574,47,34,13,8,65.0588,0.00184052
2575,41,41,0,82,12.0488,0.00010752
2576,222,171,51,8,78.7193,0.0101475
2577,29,29,0,58,12.0345,7.456e-05
2578,19,19,0,38,12.0526,4.544e-05
2579,29,29,0,58,12.0345,7.392e-05
2580,151,151,0,302,12.0596,0.00040032
2581,41,41,0,8,66.4878,0.00230312
2582,22,22,0,44,12.0455,4.592e-05
2583,88,77,13,8,74.9351,0.00447316
2584,170,145,35,10,72.7448,0.00847824
2585,55,55,0,110,12.0545,0.0001392
2586,131,131,0,262,12.0687,0.00037728
2587,66,54,12,8,72.6667,0.003033
2588,118,102,22,10,69.1863,0.00598568
2589,46,31,19,8,70.0645,0.0016728
2590,43,43,0,86,12.0465,0.00010624
2591,71,71,0,142,12.0563,0.00017152
2592,28,28,0,56,12.0357,7.504e-05
2593,184,172,13,8,72.8081,0.010207
2594,45,27,26,8,66.7778,0.00144536
2595,122,122,0,244,12.0574,0.00029552
2596,25,25,0,50,12.04,6.08e-05
2597,29,28,2,8,77.3214,0.00146804
2598,16,16,0,32,12,3.44e-05
2599,54,36,26,10,75.5556,0.00195384
2600,34,34,0,68,12.0588,8.912e-05
2601,673,500,261,8,77.996,0.03002
2602,423,423,0,846,12.0615,0.00108448
2603,32,21,11,6,79.7619,0.0011064
2604,21,21,0,42,12.0476,4.512e-05
2605,39,31,8,8,69.4839,0.00166408
2606,55,48,7,10,80.1875,0.00267472
2607,164,133,45,8,74.8647,0.00783984
2608,20,20,0,40,12.05,4.432e-05
2609,40,40,0,80,12.05,9.68e-05
2610,100,100,0,200,12.05,0.00023408
2611,24,15,9,8,73.4,0.00069024
2612,53,30,32,8,81.3333,0.00158804
2613,10,10,0,20,12,2.096e-05
2614,28,28,0,56,12.0357,7.408e-05
2615,315,214,151,8,78.1495,0.0127396
2616,188,188,0,376,12.0638,0.00052496
2617,164,139,28,8,75.8201,0.00818248
2618,109,109,0,218,12.055,0.00026592
2619,204,156,55,8,76.109,0.00923736
2620,142,142,0,284,12.0634,0.00038704
2621,91,50,67,8,77.08,0.00280044
2622,46,46,0,92,12.0652,0.00012144
2623,112,84,31,10,78.9881,0.00480632
2624,75,75,0,150,12.0667,0.00021344
2625,56,38,26,10,73.3158,0.0020252
2626,24,13,19,8,67.0769,0.00059876
2627,36,36,0,72,12.0556,9.488e-05
2628,10,10,0,20,12,2.224e-05
2629,107,86,27,10,75.0349,0.0049464
2630,73,73,0,146,12.0685,0.00020672
2631,160,127,45,8,78.5748,0.00748248
2632,36,21,18,8,76.8571,0.00109016
2633,101,101,0,202,12.0594,0.000248
2634,64,52,12,10,76.3846,0.00289912
2635,17,17,0,34,12.0588,4.256e-05
2636,93,61,34,10,78.541,0.00344648
2637,12,12,0,8,60.75,0.00049692
2638,351,288,82,8,78.5868,0.0172001
2639,51,51,0,102,12.0588,0.0001232
2640,51,43,8,10,82.6047,0.00238752
2641,7,7,0,14,12,1.472e-05
2642,269,269,0,538,12.0632,0.00069344
2643,36,36,0,72,12.0556,8.848e-05
2644,54,36,18,8,77.75,0.00198236
2645,30,30,0,60,12.0667,8.272e-05
2646,271,233,47,10,73.6052,0.0138832
2647,55,34,30,8,44.5588,0.00186636
2648,209,209,0,418,12.0622,0.0005424
2649,29,29,0,58,12.0345,7.36e-05
2650,99,79,21,8,84.9494,0.00459884
2651,74,74,0,148,12.0541,0.00019216
2652,61,50,11,8,73.04,0.00279956
2653,123,98,37,8,67.6429,0.00569556
2654,72,72,0,144,12.0556,0.00017104
2655,9,9,0,8,84.8889,0.00031968
2656,6,6,0,12,12,1.264e-05
2657,27,17,12,8,81.8235,0.00084536
2658,11,11,0,22,12,2.304e-05
2659,54,45,9,8,72.1556,0.00251096
2660,59,53,6,10,78.4717,0.00295408
2661,33,33,0,66,12.0606,8.16e-05
2662,44,44,0,88,12.0455,0.00010256
2663,48,22,43,8,83.8636,0.0011422
2664,20,20,0,40,12.05,4.912e-05
2665,22,22,0,8,29.5,0.00111736
2666,12,12,0,24,12,2.512e-05
2667,170,166,4,8,60.2651,0.0098316
2668,89,89,0,178,12.0449,0.00019008
2669,33,33,0,8,68.7273,0.00179592
2670,18,18,0,36,12.0556,3.76e-05
2671,65,54,11,10,69.2037,0.00306024
2672,13,13,0,8,79.6923,0.0005756
2673,46,46,0,92,12.0652,0.00011984
2674,8,8,0,16,12,1.68e-05
2675,27,27,0,8,71.2222,0.00139996
2676,15,15,0,30,12,3.136e-05
2677,52,37,17,8,83.9189,0.00203456
2678,296,231,97,6,63.1082,0.0138196
2679,240,181,72,8,80.1823,0.0107632
2680,29,29,0,58,12.0345,7.04e-05
2681,177,177,0,354,12.0565,0.0004336
2682,157,157,0,314,12.0637,0.00040448
2683,19,18,1,8,80.1667,0.00087372
2684,74,54,23,10,79.3148,0.00304832
2685,11,11,0,22,12,2.304e-05
2686,31,20,19,8,81,0.00100356
2687,49,49,0,98,12.0612,0.0001344
2688,29,17,12,8,77.4706,0.00084844
2689,45,45,0,90,12.0444,0.00011584
2690,13,13,0,26,12,2.784e-05
2691,12,12,0,24,12,2.64e-05
2692,32,28,4,8,75.25,0.00146748
2693,67,58,10,10,74.8793,0.00323208
2694,17,17,0,34,12,3.648e-05
2695,51,51,0,102,12.0588,0.00012832
2696,14,14,0,8,69.9286,0.00061808
2697,27,23,4,8,77.1304,0.001212
2698,32,15,22,8,77.8667,0.000691
2699,47,29,36,10,43.8966,0.00151248
2700,33,18,15,8,78.1667,0.00085992
2701,8,8,0,16,12,1.68e-05
2702,14,14,0,28,12,2.928e-05
2703,13,13,0,26,12,2.976e-05
2704,28,28,0,56,12.0357,6.928e-05
2705,12,12,0,24,12,2.672e-05
2706,104,104,0,8,47.0192,0.0061128
2707,53,53,0,106,12.0377,0.0001104
2708,36,36,0,72,12.0556,9.424e-05
2709,28,22,6,8,82.7727,0.00113736
2710,14,14,0,28,12,3.056e-05
2711,13,12,1,8,84.5,0.00054128
2712,71,43,37,8,80.907,0.00240768
2713,50,26,42,8,81.3462,0.00138332
2714,8,8,0,16,12,1.68e-05
2715,11,10,1,8,79.2,0.0003888
2716,297,210,130,8,80.1333,0.0124938
2717,41,41,0,82,12.0488,0.00010336
2718,16,16,0,32,12,3.6e-05
2719,58,44,14,8,83.7045,0.00245292
2720,7,7,0,14,12,1.472e-05
2721,188,188,0,376,12.0638,0.00048976
2722,38,38,0,76,12.0526,9.776e-05
2723,14,14,0,8,83.6429,0.00065728
2724,50,23,39,8,76.3913,0.00118756
2725,8,8,0,16,12,1.68e-05
2726,58,50,8,10,78.74,0.00278344
2727,16,16,0,32,12,3.408e-05
2728,86,66,31,10,80.5152,0.00380224
2729,19,12,11,8,81.3333,0.00051692
2730,17,14,3,8,81.2143,0.00062684
2731,41,41,0,82,12.0488,0.000104
2732,59,59,0,118,12.0508,0.0001504
2733,10,10,0,20,12,2.224e-05
2734,109,69,64,8,80.2754,0.00395368
2735,8,8,0,16,12,1.744e-05
2736,63,63,0,126,12.0635,0.0001712
2737,110,72,58,8,75.0972,0.00413524
2738,24,19,5,6,76.0526,0.00097404
2739,59,59,0,118,12.0508,0.00015008
2740,142,104,49,8,79.4423,0.00606624
2741,11,11,0,22,12,2.304e-05
2742,92,92,0,184,12.0652,0.00024336
2743,62,33,49,8,75.1212,0.00180044
2744,116,76,44,8,83.6053,0.0044078
2745,29,29,0,58,12.0345,7.104e-05
2746,218,194,26,10,81.7268,0.0114503
2747,70,70,0,140,12.0571,0.00019056
2748,173,173,0,346,12.0694,0.00049952
2749,130,100,33,10,80.62,0.00579088
2750,93,93,0,186,12.0645,0.00026112
2751,229,151,100,8,79.1457,0.00893428
2752,141,141,0,282,12.0638,0.0003808
2753,172,140,48,10,78.1357,0.00818776
2754,31,18,13,8,83.2778,0.000887
2755,128,128,0,256,12.0625,0.00034064
2756,12,12,0,24,12,2.64e-05
2757,56,34,39,8,81.2059,0.00184452
2758,29,29,0,58,12.0345,7.584e-05
2759,63,43,22,10,80.7907,0.00237976
2760,245,213,47,8,79.8779,0.0126871
2761,38,38,0,76,12.0526,0.00010352
2762,160,160,0,320,12.0563,0.00038096
2763,54,45,9,10,75.6222,0.0025152
2764,34,34,0,68,12.0588,8.432e-05
2765,89,67,31,10,83.1493,0.00378384
2766,59,59,0,118,12.0678,0.00016992
2767,186,140,55,10,79.3357,0.00817944
2768,118,118,0,236,12.0593,0.00030928
2769,64,42,25,8,83.7381,0.00233884
2770,39,39,0,78,12.0513,0.00010272
2771,57,42,16,10,83.4048,0.00225352
2772,25,14,17,8,79.6429,0.00065204
2773,37,37,0,74,12.0541,9.344e-05
2774,8,8,0,16,12,1.68e-05
2775,86,55,40,8,85.8364,0.0031486
2776,61,49,14,8,74.9184,0.00277588
2777,47,47,0,94,12.0426,0.00011808
2778,19,14,5,8,79.7143,0.00067056
2779,36,19,23,8,82.3158,0.00096672
2780,39,39,0,78,12.0513,0.00010112
2781,9,9,0,18,12,1.888e-05
2782,52,50,2,6,76.26,0.00284872
2783,58,41,25,8,75.1707,0.00228776
2784,12,12,0,24,12,2.512e-05
2785,96,83,22,8,73.4217,0.00480288
2786,39,39,0,78,12.0513,8.672e-05
2787,33,33,0,66,12.0606,8.416e-05
2788,57,57,0,114,12.0526,0.00012768
2789,18,18,0,8,76.2778,0.00088352
2790,326,275,69,8,78.6436,0.0164422
2791,10,10,0,20,12,2.096e-05
2792,215,215,0,430,12.0605,0.00052352
2793,116,94,23,8,83.383,0.0055072
2794,60,40,22,10,77.225,0.00219472
2795,77,77,0,154,12.0519,0.00019776
2796,36,36,0,72,12.0556,9.232e-05
2797,41,27,16,8,83.7778,0.00145744
2798,21,21,0,42,12.0476,5.088e-05
2799,163,139,26,8,83.3094,0.00822628
2800,113,113,0,226,12.0619,0.00028736
2801,189,127,74,8,76.8583,0.00747544
2802,107,107,0,214,12.0561,0.0002784
2803,42,28,17,8,82.25,0.00147368
2804,439,370,86,8,72.8432,0.0221734
2805,23,23,0,46,12.0435,5.76e-05
2806,32,22,10,8,73.2273,0.00113792
2807,110,93,27,8,73.0645,0.0053992
2808,282,282,0,564,12.0603,0.000684
2809,16,16,0,32,12,3.568e-05
2810,32,20,12,10,72.7,0.00101552
2811,59,59,0,118,12.0508,0.0001376
2812,71,55,19,10,80.7818,0.0030432
2813,16,16,0,32,12,3.568e-05
2814,47,47,0,94,12.0426,0.00010816
2815,140,106,51,8,74.3019,0.00619976
2816,81,81,0,162,12.0494,0.0001872
2817,32,32,0,8,58.5625,0.00175784
2818,28,28,0,8,73.7857,0.00148632
2819,17,17,0,34,12,3.552e-05
2820,15,15,0,30,12,3.136e-05
2821,18,16,2,8,84.6875,0.00073616
2822,174,124,76,8,75.879,0.00731648
2823,9,9,0,18,12,1.952e-05
2824,118,118,0,236,12.0593,0.0002952
2825,103,80,23,8,70.8125,0.00460892
2826,43,23,23,8,83.4348,0.00120804
2827,67,67,0,134,12.0597,0.0001616
2828,19,19,0,38,12.0526,4.672e-05
2829,13,13,0,8,53.4615,0.00057904
2830,21,21,0,8,70.4762,0.00107148
2831,8,8,0,16,12,1.68e-05
2832,83,62,25,10,78.3226,0.00346976
2833,12,12,0,24,12,2.512e-05
2834,56,56,0,112,12.0536,0.00015152
2835,193,144,50,8,76.25,0.00852988
2836,87,87,0,174,12.0575,0.00020512
2837,130,85,66,8,79.8,0.00494928
2838,75,46,47,8,76.7174,0.0025624
2839,72,54,26,8,80.2778,0.00307744
2840,22,13,10,8,74.1538,0.0005874
2841,75,75,0,150,12.0533,0.00020224
2842,79,52,39,8,81.5962,0.00294576
2843,44,44,0,88,12.0455,0.00010928
2844,40,40,0,80,12.05,9.744e-05
2845,11,11,0,22,12,2.368e-05
2846,51,51,0,102,12.0588,0.00013344
2847,7,7,0,8,84.2857,0.00020124
2848,182,123,87,8,75.9756,0.0072456
2849,33,17,29,6,81.1765,0.00089056
2850,5,5,0,10,12,1.056e-05
2851,173,108,102,8,74.0833,0.00630652
2852,117,117,0,234,12.0598,0.00031488
2853,10,10,0,20,12,2.096e-05
2854,97,97,0,194,12.0619,0.00024544
2855,31,26,5,8,79.6923,0.00134912
2856,13,9,4,8,79.4444,0.00032912
2857,16,16,0,32,12,3.536e-05
2858,8,8,0,16,12,1.776e-05
2859,17,17,0,8,71.6471,0.00080264
2860,56,40,21,8,73.125,0.0022292
2861,10,10,0,20,12,2.096e-05
2862,33,33,0,66,12.0606,9.184e-05
2863,131,92,39,10,78.7065,0.0053616
2864,47,31,16,8,65.0323,0.00165208
2865,30,18,13,8,77.5556,0.00086572
2866,188,136,55,8,78.4779,0.00801436
2867,80,80,0,160,12.0625,0.0002168
2868,28,28,0,56,12.0357,7.952e-05
2869,15,15,0,30,12,3.584e-05
2870,111,111,0,222,12.0631,0.00028608
2871,42,20,29,8,71.15,0.0009846
2872,76,60,16,10,84.8667,0.00335912
2873,51,51,0,102,12.0588,0.00014176
2874,58,45,13,10,83.7556,0.00248144
2875,40,40,0,80,12.05,0.00010352
2876,65,48,27,10,81.7083,0.00266144
2877,15,11,4,8,80.7273,0.00043588
2878,232,187,53,8,78.6471,0.0111134
2879,41,41,0,82,12.0488,0.00010848
2880,8,8,0,16,12,1.84e-05
2881,60,36,29,8,79.75,0.00198
2882,145,145,0,290,12.0621,0.00036992
2883,32,32,0,64,12.0625,8.176e-05
2884,93,72,29,8,77.875,0.00417548
2885,63,56,7,10,78.5179,0.00320256
2886,69,69,0,138,12.058,0.00019648
2887,48,48,0,96,12.0417,0.00011696
2888,20,19,1,8,64.1053,0.00093464
2889,102,96,6,8,79.5104,0.00559572
2890,83,63,30,8,74.8413,0.0035786
2891,65,65,0,130,12.0462,0.0001456
2892,45,45,0,90,12.0444,0.0001024
2893,34,34,0,8,83.2353,0.0018282
2894,18,18,0,36,12,3.76e-05
2895,31,23,9,8,83.2174,0.00116284
2896,14,14,0,28,12,3.088e-05
2897,11,10,1,6,79.2,0.0004294
2898,7,7,0,14,12,1.472e-05
2899,58,42,18,8,80.881,0.00235032
2900,36,20,24,8,78.65,0.000987
2901,35,35,0,70,12.0571,9.472e-05
2902,153,132,24,10,78.9242,0.00779176
2903,13,13,0,26,12,2.848e-05
2904,126,126,0,252,12.0635,0.0003576
2905,70,49,26,8,80.4898,0.00278164
2906,96,66,42,8,80.0455,0.00379244
2907,42,42,0,84,12.0476,0.00010992
2908,108,90,18,10,79.3667,0.00521232
2909,35,19,23,8,80.5263,0.00092108
2910,54,54,0,108,12.0556,0.00014192
2911,83,83,0,166,12.0602,0.00022176
2912,23,12,11,8,78.75,0.00054724
2913,210,178,53,8,72.7303,0.0105764
2914,14,14,0,28,12,3.152e-05
2915,361,269,112,8,76.0632,0.0160707
2916,36,20,22,8,78.75,0.00101804
2917,10,10,0,20,12,2.256e-05
2918,134,134,0,268,12.0597,0.00032592
2919,234,234,0,468,12.0598,0.00058832
2920,125,102,24,10,78.6471,0.00596896
2921,18,18,0,36,12.0556,4.272e-05
2922,94,94,0,188,12.0638,0.00027504
2923,70,41,39,8,69.1951,0.00228776
2924,39,39,0,78,12.0513,0.0001024
2925,77,56,27,8,76.0357,0.00317388
2926,52,52,0,104,12.0577,0.00014352
2927,91,68,27,8,77.4265,0.0039022
2928,67,40,32,8,74.025,0.00220036
2929,52,26,41,8,76.3462,0.00135808
2930,64,64,0,128,12.0625,0.00016144
2931,30,18,12,8,77.1667,0.00086424
2932,35,35,0,70,12.0571,9.024e-05
2933,24,24,0,48,12.0417,6.448e-05
2934,11,11,0,22,12,2.368e-05
2935,16,16,0,32,12,3.504e-05
2936,184,137,65,10,79.5547,0.00804112
2937,37,18,19,8,72.1667,0.00086732
2938,110,72,43,8,73.6667,0.0041768
2939,121,121,0,242,12.0661,0.00033632
2940,89,71,28,10,70.8873,0.0040032
2941,16,16,0,32,12,3.92e-05
2942,64,64,0,128,12.0625,0.00016912
2943,67,67,0,134,12.0597,0.00018656
2944,25,13,20,8,79.6923,0.00060268
2945,88,44,73,8,78.3409,0.00243168
2946,11,11,0,22,12,2.592e-05
2947,36,36,0,72,12.0556,9.296e-05
2948,26,26,0,8,62.1538,0.00139456
2949,21,21,0,8,78.3333,0.00106564
2950,96,64,49,8,76.2344,0.003663
2951,14,14,0,28,12,2.928e-05
2952,12,12,0,24,12,2.512e-05
2953,13,13,0,8,68.1538,0.00059772
2954,53,47,6,8,76.0426,0.00266212
2955,396,292,133,8,77.8562,0.0174284
2956,8,8,0,16,12,1.68e-05
2957,36,36,0,72,12.0556,8.784e-05
2958,38,31,7,8,72.5484,0.00167128
2959,283,283,0,566,12.0636,0.00073664
2960,23,23,0,46,12.0435,5.568e-05
2961,42,36,6,8,81.6667,0.00198244
2962,11,11,0,22,12,2.304e-05
2963,26,26,0,52,12.0385,6.096e-05
2964,210,182,29,10,76.033,0.0107748
2965,112,77,42,8,77.987,0.00442808
2966,150,150,0,300,12.06,0.00039984
2967,67,67,0,134,12.0597,0.00018272
2968,25,19,6,8,81.2105,0.00096928
2969,29,17,12,8,76.4706,0.00083532
2970,12,12,0,24,12,2.704e-05
2971,13,13,0,26,12,2.88e-05
2972,55,37,18,8,83.1081,0.00203716
2973,194,147,71,8,75.5034,0.00866508
2974,31,31,0,62,12.0645,8.576e-05
2975,124,124,0,248,12.0565,0.00031216
2976,49,26,31,8,69.3077,0.00137588
2977,24,24,0,48,12.0417,6.288e-05
2978,61,38,33,8,78.2632,0.00207028
2979,36,36,0,72,12.0556,9.296e-05
2980,20,20,0,8,63.8,0.00101216
2981,11,11,0,22,12,2.304e-05
2982,37,22,15,8,79.7727,0.0011178
2983,16,16,0,32,12,3.536e-05
2984,37,21,22,8,69.1429,0.00103704
2985,13,13,0,26,12,2.784e-05
2986,10,10,0,8,84.8,0.0003836
2987,313,225,119,10,79.4444,0.013385
2988,6,6,0,12,12,1.264e-05
2989,98,78,38,8,75.7564,0.00449676
2990,204,204,0,408,12.0637,0.0005592
2991,54,54,0,108,12.0556,0.00012816
2992,68,61,7,10,85.7049,0.00350104
2993,54,54,0,108,12.0556,0.00013488
2994,23,23,0,8,80.8696,0.00117256
2995,98,52,61,8,78.1538,0.00296828
2996,72,42,48,6,77.1905,0.00242152
2997,13,13,0,26,12,2.72e-05
2998,70,51,19,8,74.9412,0.00285372
2999,47,47,0,94,12.0426,0.00011776
3000,36,36,0,72,12.0556,9.008e-05
3001,47,47,0,94,12.0426,0.00011648
3002,37,37,0,74,12.0541,9.152e-05
3003,33,22,11,8,74.3182,0.00111772
3004,17,17,0,34,12.0588,4.192e-05
3005,64,36,39,8,76.9722,0.00196228
3006,31,31,0,62,12.0645,8.192e-05
3007,7,7,0,8,60.4286,0.00024528
3008,5,5,0,10,12,1.056e-05
3009,178,130,54,10,79.4615,0.00767016
3010,55,36,34,10,75.3889,0.00197288
3011,112,112,0,224,12.0625,0.00029328
3012,34,34,0,68,12.0588,8.752e-05
3013,182,145,41,8,78.4759,0.00857788
3014,123,123,0,246,12.0569,0.00031776
3015,40,29,12,8,76.9655,0.00152748
3016,170,141,46,8,74.7518,0.00832348
3017,58,41,25,8,74.3902,0.00228704
3018,21,21,0,42,12.0476,5.344e-05
3019,108,108,0,216,12.0556,0.00026128
3020,38,29,17,10,72.5862,0.00155816
3021,36,36,0,72,12.0556,8.816e-05
3022,45,27,32,8,74.963,0.00144888
3023,23,23,0,46,12.0435,5.44e-05
3024,25,25,0,50,12.04,6.752e-05
3025,233,209,25,6,78.0957,0.0124695
3026,65,45,21,8,79.0667,0.00252492
3027,168,168,0,336,12.0595,0.00041072
3028,35,35,0,70,12.0571,9.12e-05
3029,446,280,267,8,76.8321,0.0167035
3030,253,253,0,506,12.0672,0.00070368
3031,95,60,55,8,80.7833,0.0034492
3032,56,56,0,112,12.0536,0.0001496
3033,57,46,11,10,77.2826,0.00257896
3034,69,38,38,8,78.5,0.00211564
3035,35,35,0,70,12.0571,8.768e-05
3036,32,32,0,64,12.0312,7.888e-05
3037,57,35,32,8,81.8857,0.00191792
3038,110,83,35,10,78.8795,0.00482056
3039,30,30,0,60,12.0333,7.504e-05
3040,138,96,53,10,80.0521,0.0055568
3041,84,84,0,168,12.0595,0.00023184
3042,32,22,10,8,63.7727,0.00114136
3043,13,8,5,8,84,0.00025804
3044,75,45,41,8,76.5333,0.00251696
3045,15,15,0,30,12,3.296e-05
3046,6,6,0,12,12,1.296e-05
3047,42,42,0,84,12.0476,0.00011152
3048,116,91,30,8,77.989,0.0053026
3049,43,31,14,8,81.5161,0.00165416
3050,25,15,18,8,69.2,0.000727
3051,78,78,0,156,12.0641,0.00021104
3052,24,24,0,48,12.0417,6.224e-05
3053,10,10,0,20,12,2.096e-05
3054,40,31,17,8,79,0.00168152
3055,89,72,21,10,79.3611,0.00416704
3056,24,24,0,48,12.0417,5.936e-05
3057,68,68,0,136,12.0588,0.00017328
3058,57,35,34,8,66.1143,0.00190564
3059,9,6,5,8,75.1667,0.0001724
3060,139,106,42,8,78.5377,0.00621044
3061,30,30,0,60,12.0667,8.112e-05
3062,4,4,0,8,12,8.48e-06
3063,91,91,0,182,12.0659,0.00024448
3064,70,66,4,10,82.8485,0.00379144
3065,25,15,12,8,72.2667,0.00072336
3066,46,24,40,8,80.375,0.0012256
3067,55,55,0,110,12.0545,0.00012256
3068,11,11,0,22,12,2.4e-05
3069,17,17,0,34,12,3.712e-05
3070,284,250,34,8,72.604,0.0149402
3071,187,187,0,374,12.0588,0.0004752
3072,22,22,0,8,80.3636,0.0010984
3073,12,12,0,24,12,2.512e-05
3074,114,92,22,10,78.8587,0.00534336
3075,84,84,0,168,12.0595,0.00023792
3076,104,65,71,10,75.1385,0.0037068
3077,39,22,17,8,81,0.00115164
3078,62,62,0,124,12.0645,0.00016272
3079,18,18,0,36,12.0556,4.112e-05
3080,8,8,0,8,61.5,0.00027876
3081,48,30,18,10,78.3667,0.00159544
3082,106,69,44,8,75.7246,0.00397908
3083,5,5,0,10,12,1.056e-05
3084,27,27,0,54,12.037,6.848e-05
3085,20,20,0,8,68.7,0.00098288
3086,60,60,0,120,12.05,0.00014672
3087,11,11,0,22,12,2.304e-05
3088,34,21,13,8,78.381,0.0010528
3089,70,70,0,140,12.0571,0.00018768
3090,17,17,0,34,12,3.84e-05
3091,31,28,3,8,81.3929,0.00147716
3092,18,18,0,36,12.0556,4.176e-05
3093,14,14,0,8,85,0.00064788
3094,185,157,32,8,79.3694,0.00929916
3095,8,8,0,16,12,1.68e-05
3096,116,116,0,232,12.0517,0.00027856
3097,12,12,0,8,81.3333,0.00055
3098,118,111,7,10,82.4324,0.00648288
3099,7,7,0,14,12,1.472e-05
3100,102,102,0,204,12.0588,0.00025872
3101,264,231,40,8,77.7619,0.0137877
3102,176,176,0,352,12.0568,0.00042608
3103,20,13,7,8,87.8462,0.00059084
3104,33,18,15,8,86.3333,0.00090836
3105,98,60,53,8,77.8167,0.0034396
3106,9,9,0,18,12,2.048e-05
3107,16,16,0,32,12,3.888e-05
3108,10,9,1,8,79,0.00033324
3109,9,9,0,8,61,0.00036176
3110,17,17,0,8,65.0588,0.0007988
3111,22,19,3,8,81.5789,0.00091672
3112,53,53,0,106,12.0566,0.00013408
3113,114,96,20,10,71.8125,0.00552272
3114,303,264,53,8,73.7045,0.0157426
3115,6,6,0,12,12,1.264e-05
3116,10,10,0,20,12,2.096e-05
3117,11,11,0,22,12,2.4e-05
3118,83,47,66,8,60.8936,0.00264748
3119,81,81,0,162,12.0494,0.00019552
3120,196,196,0,392,12.0561,0.00047792
3121,44,44,0,88,12.0455,0.00010384
3122,13,13,0,8,66.9231,0.00055352
3123,8,8,0,16,12,1.68e-05
3124,21,18,3,8,83.6111,0.0009118
3125,41,25,22,8,80.6,0.001336
3126,70,52,22,10,79.9231,0.0028908
3127,11,11,0,22,12,2.336e-05
3128,22,22,0,44,12.0455,5.616e-05
3129,32,28,4,8,72.5357,0.00147268
3130,48,48,0,96,12.0625,0.000124
3131,16,16,0,32,12,3.408e-05
3132,7,7,0,8,70.4286,0.00023452
3133,68,52,20,8,82.8269,0.00293888
3134,5,5,0,10,12,1.056e-05
3135,40,40,0,80,12.05,0.0001048
3136,27,15,14,8,80.4667,0.00072704
3137,192,171,25,10,80.5088,0.0100782
3138,228,150,114,8,81.8667,0.00888384
3139,12,12,0,24,12,2.544e-05
3140,162,162,0,324,12.0679,0.00046736
3141,138,138,0,276,12.0652,0.00037552
3142,76,56,22,10,80.8214,0.00311328
3143,52,52,0,104,12.0577,0.00014672
3144,39,31,8,8,80.9032,0.00168988
3145,48,27,36,8,78.8148,0.00140692
3146,92,68,24,8,82.0735,0.00393344
3147,23,23,0,46,12.0435,5.952e-05
3148,25,25,0,50,12.04,5.92e-05
3149,41,27,14,8,77.3704,0.00141756
3150,62,62,0,124,12.0484,0.00015664
3151,41,33,8,8,78.0303,0.0017662
3152,22,22,0,44,12.0455,5.584e-05
3153,146,114,39,8,78.6228,0.00671836
3154,26,26,0,52,12.0385,6e-05
3155,13,13,0,8,69.0769,0.00057316
3156,67,61,6,10,84.377,0.00346616
3157,8,8,0,16,12,1.68e-05
3158,52,52,0,104,12.0385,0.0001176
3159,106,93,17,8,75.1505,0.00539824
3160,62,62,0,124,12.0484,0.00015632
3161,158,125,46,8,76.808,0.007357
3162,102,102,0,204,12.0588,0.00024784
3163,47,44,4,8,75.9091,0.00247984
3164,479,379,139,6,79.6359,0.0227467
3165,25,25,0,50,12.04,5.376e-05
3166,289,289,0,578,12.0588,0.0007152
3167,182,155,28,8,79.3161,0.00918188
3168,69,49,26,8,73.9184,0.00274608
3169,51,31,29,10,77.1613,0.00162568
3170,127,127,0,254,12.063,0.00033056
3171,20,13,9,8,70.1538,0.00056428
3172,39,39,0,78,12.0513,0.00010368
3173,29,29,0,58,12.0345,7.104e-05
3174,9,9,0,18,12,1.984e-05
3175,17,17,0,8,72.7059,0.00085128
3176,34,22,12,8,64.4091,0.00111604
3177,71,53,36,8,75.8491,0.00302632
3178,10,10,0,20,12,2.096e-05
3179,16,16,0,32,12,3.6e-05
3180,40,40,0,80,12.05,9.712e-05
3181,74,50,28,8,75.6,0.00281268
3182,6,6,0,12,12,1.264e-05
3183,126,100,28,8,69.43,0.00582048
3184,42,42,0,84,12.0476,0.00011152
3185,93,93,0,186,12.0645,0.00024672
3186,72,48,29,8,81.5,0.00270232
3187,41,41,0,82,12.0488,0.00011296
3188,39,23,22,8,78.7391,0.0011954
3189,114,90,32,8,64.0778,0.00521924
3190,19,19,0,38,12.0526,4.672e-05
3191,68,68,0,136,12.0588,0.00017232
3192,21,21,0,8,73.5238,0.0010388
3193,12,12,0,24,12,2.512e-05
3194,37,33,4,10,77.0606,0.00177728
3195,23,23,0,46,12.0435,5.056e-05
3196,41,29,12,8,78.6897,0.00156632
3197,369,272,118,8,79.0074,0.0162658
3198,40,20,20,8,79.95,0.00097756
3199,20,20,0,40,12.05,4.592e-05
3200,235,235,0,470,12.0638,0.0006224
3201,17,17,0,34,12.0588,4.096e-05
3202,74,74,0,8,72.4595,0.00424216
3203,38,38,0,76,12.0526,7.92e-05
3204,79,64,19,8,35.2188,0.00364868
3205,45,45,0,90,12.0444,0.00010464
3206,15,15,0,8,21.3333,0.00072584
3207,9,9,0,18,12,1.888e-05
3208,43,40,3,8,77.4,0.00223368
3209,24,24,0,48,12.0417,5.456e-05
3210,90,90,0,180,12.0556,0.00022416
3211,387,347,45,10,80.5014,0.0207099
3212,264,264,0,528,12.0606,0.0006696
3213,55,35,32,8,79.0857,0.00192244
3214,30,30,0,60,12.0333,7.44e-05
3215,131,114,17,10,81.9737,0.00662424
3216,93,93,0,186,12.0538,0.00023328
3217,185,160,27,8,79.1375,0.00947644
3218,154,154,0,308,12.0584,0.00040272
3219,10,10,0,8,76.5,0.00040496
3220,32,24,11,8,84.4583,0.0012422
3221,6,6,0,12,12,1.264e-05
3222,71,61,10,10,81.7213,0.00343456
3223,16,16,0,32,12,3.632e-05
3224,53,53,0,106,12.0566,0.00012864
3225,105,73,32,10,78.4795,0.00422568
3226,62,62,0,124,12.0484,0.00015696
3227,22,22,0,8,70.8182,0.0011252
3228,12,12,0,24,12,2.512e-05
3229,121,108,13,8,79.4815,0.00633912
3230,20,12,15,8,79,0.00053088
3231,742,623,145,8,78.679,0.03745
3232,84,84,0,168,12.0595,0.00020624
3233,9,9,0,18,12,2.016e-05
3234,532,532,0,1064,12.0639,0.00137968
3235,31,31,0,8,81.2581,0.00169896
3236,17,17,0,34,12,3.552e-05
3237,76,67,12,10,82.5075,0.00376984
3238,58,58,0,116,12.0517,0.00013776
3239,104,85,23,10,74.6588,0.00488776
3240,80,80,0,160,12.0625,0.00021008
3241,26,18,8,8,82.2222,0.00089176
3242,11,11,0,22,12,2.336e-05
3243,105,78,27,8,74.5128,0.00449876
3244,64,64,0,128,12.0625,0.00016912
3245,45,23,32,8,80.6087,0.00121532
3246,28,16,12,8,79.0625,0.00074536
3247,20,20,0,40,12.05,5.072e-05
3248,14,14,0,28,12,3.376e-05
3249,139,122,19,12,82.6066,0.00706276
3250,101,101,0,202,12.0594,0.00025248
3251,21,21,0,8,78.8095,0.0010394
3252,12,12,0,24,12,2.512e-05
3253,103,78,27,10,80.6026,0.0045248
3254,75,45,42,8,81.0889,0.0025032
3255,68,68,0,136,12.0588,0.00019408
3256,16,11,5,8,79.1818,0.0004366
3257,135,97,54,10,81.0412,0.00559352
3258,39,39,0,78,12.0513,0.00010176
3259,9,9,0,18,12,2.176e-05
3260,89,89,0,178,12.0562,0.00022912
3261,86,60,28,8,80.4,0.00342176
3262,49,49,0,98,12.0612,0.00012256
3263,161,133,31,8,79.5639,0.00785828
3264,124,124,0,248,12.0645,0.00033744
3265,317,263,71,8,77.2852,0.015676
3266,233,233,0,466,12.0601,0.00059392
3267,15,11,4,8,86.4545,0.00047556
3268,29,17,14,8,79.4118,0.0007962
3269,8,8,0,16,12,1.712e-05
3270,12,12,0,24,12,2.608e-05
3271,182,143,53,10,79.7413,0.00837032
3272,73,41,41,6,78.439,0.0023166
3273,131,131,0,262,12.0687,0.00037312
3274,48,48,0,96,12.0625,0.00012208
3275,64,52,12,8,79.1731,0.00295492
3276,77,51,33,8,80.4118,0.00289568
3277,39,22,28,8,77.9091,0.00111432
3278,41,41,0,82,12.0488,0.00010592
3279,45,45,0,90,12.0444,0.00011488
3280,14,14,0,28,12,3.024e-05
3281,12,12,0,8,65.1667,0.00053224
3282,36,28,8,8,81.5714,0.0014788
3283,143,92,74,8,78.337,0.00534004
3284,7,7,0,14,12,1.472e-05
3285,19,19,0,38,12.0526,4.32e-05
3286,76,76,0,152,12.0526,0.00019568
3287,282,256,26,8,80.2188,0.0152667
3288,247,247,0,494,12.0688,0.0006992
3289,54,33,33,10,79.4848,0.00177896
3290,31,31,0,62,12.0323,7.68e-05
3291,72,46,31,8,81.2826,0.00257852
3292,144,113,40,8,79.2832,0.00663976
3293,40,40,0,80,12.05,0.00011248
3294,102,102,0,204,12.0588,0.00025872
3295,138,122,17,10,80.5738,0.00711752
3296,47,23,39,8,79.7826,0.00117224
3297,112,112,0,224,12.0625,0.0003176
3298,19,19,0,38,12.0526,4.16e-05
3299,65,47,27,8,73.7234,0.00266496
3300,61,45,21,10,80.0667,0.0025148
3301,32,19,25,8,77.2632,0.0009356
3302,37,37,0,74,12.0541,9.12e-05
3303,40,40,0,80,12.05,0.00010448
3304,12,12,0,24,12,2.608e-05
3305,179,155,27,10,78.9806,0.00911264
3306,509,344,253,8,78.4186,0.020611
3307,138,138,0,276,12.0652,0.0003672
3308,60,42,30,8,75.2143,0.00232144
3309,301,301,0,602,12.0664,0.00081344
3310,10,6,4,8,80.5,0.00016996
3311,35,35,0,70,12.0571,8.736e-05
3312,59,39,20,10,70.2308,0.0021588
3313,53,34,20,6,80.2647,0.00188124
3314,5,5,0,10,12,1.056e-05
3315,397,346,70,10,77.4191,0.0206732
3316,25,25,0,50,12.04,6.016e-05
3317,20,20,0,8,76.6,0.00099212
3318,286,286,0,572,12.0594,0.00068912
3319,92,65,31,10,79.7846,0.00364688
3320,11,11,0,22,12,2.304e-05
3321,58,58,0,116,12.0517,0.00015792
3322,138,120,22,8,79.5917,0.00703036
3323,80,48,39,8,79.5417,0.00270168
3324,98,98,0,196,12.0612,0.00024592
3325,46,46,0,92,12.0652,0.00012464
3326,208,163,58,8,79.1656,0.00962856
3327,34,21,20,8,77.0476,0.00106824
3328,149,149,0,298,12.0671,0.00042464
3329,17,17,0,34,12.0588,4.128e-05
3330,286,215,78,8,78.5395,0.0127773
3331,192,192,0,384,12.0625,0.00051856
3332,35,21,19,8,79.7143,0.00109392
3333,14,14,0,28,12,3.12e-05
3334,118,88,30,8,75.7045,0.0050906
3335,31,15,21,8,79.2,0.0006934
3336,50,28,22,8,75.3214,0.00149928
3337,49,24,28,8,73.4583,0.00123828
3338,74,74,0,148,12.0541,0.0001992
3339,13,13,0,26,12,3.008e-05
3340,26,26,0,52,12.0385,7.408e-05
3341,22,22,0,44,12.0455,5.456e-05
3342,32,17,16,8,78.3529,0.00082496
3343,16,9,8,8,68,0.00032404
3344,11,11,0,22,12,2.464e-05
3345,61,49,13,8,79.3878,0.00276732
3346,7,7,0,14,12,1.472e-05
3347,37,37,0,74,12.0541,9.632e-05
3348,109,89,28,8,79.0899,0.00518172
3349,56,56,0,112,12.0536,0.000132
3350,8,8,0,8,85.875,0.0002794
3351,5,5,0,10,12,1.056e-05
3352,82,61,24,10,80.9508,0.00349712
3353,65,41,44,4,76.0488,0.002363
3354,56,56,0,112,12.0536,0.00015216
3355,37,37,0,74,12.0541,9.792e-05
3356,203,124,119,8,80.871,0.00729868
3357,128,105,23,10,77,0.00610928
3358,118,118,0,236,12.0678,0.00033008
3359,85,85,0,170,12.0588,0.00021888
3360,11,11,0,8,83.7273,0.00044832
3361,75,48,27,8,79.0417,0.00269028
3362,195,150,56,10,72.1467,0.00879488
3363,7,7,0,14,12,1.472e-05
3364,41,41,0,82,12.0488,0.00010752
3365,69,61,8,10,84.1967,0.00343096
3366,50,50,0,100,12.06,0.00012752
3367,91,65,27,8,68.6,0.003717
3368,18,12,7,8,77.5,0.000545
3369,38,19,30,6,75.6842,0.000994
3370,31,18,24,8,75.6667,0.00090144
3371,132,101,44,10,74.2475,0.00586792
3372,50,50,0,100,12.06,0.00012976
3373,8,8,0,16,12,1.68e-05
3374,20,20,0,40,12.05,4.24e-05
3375,14,14,0,28,12,3.152e-05
3376,37,37,0,74,12.0541,9.952e-05
3377,73,73,0,146,12.0548,0.00017824
3378,12,12,0,8,55,0.00053644
3379,7,7,0,14,12,1.472e-05
3380,108,83,25,8,70.0723,0.00480212
3381,70,70,0,140,12.0571,0.00018544
3382,81,71,10,8,70.7324,0.00407968
3383,136,111,43,8,71.3694,0.00649956
3384,247,202,48,8,75.1733,0.0120127
3385,51,51,0,102,12.0588,0.00012288
3386,108,108,0,216,12.0648,0.00029648
3387,147,147,0,294,12.0612,0.00036672
3388,109,101,8,10,66.7723,0.00589008
3389,70,70,0,140,12.0571,0.00017552
3390,105,60,68,8,81.1833,0.00340536
3391,58,58,0,116,12.0517,0.00015504
3392,85,79,6,10,76.9747,0.00459056
3393,51,51,0,102,12.0392,0.00011808
3394,37,24,13,8,84.5417,0.00123848
3395,19,19,0,38,12.0526,4.608e-05
3396,39,39,0,8,70.1538,0.002151
3397,18,18,0,8,78.1667,0.00087024
3398,21,21,0,42,12.0476,4.384e-05
3399,10,10,0,20,12,2.096e-05
3400,100,91,9,6,83.1209,0.00532808
3401,81,81,0,162,12.0494,0.00018784
3402,89,69,29,10,79.6812,0.00396864
3403,60,60,0,120,12.05,0.00014928
3404,15,15,0,8,70.9333,0.00069636
3405,35,17,30,8,69.5882,0.0008394
3406,9,9,0,18,12,1.888e-05
3407,13,13,0,26,12,2.848e-05
3408,30,30,0,8,78.8667,0.00161896
3409,16,16,0,32,12,3.344e-05
3410,102,60,64,8,77.1333,0.00340628
3411,19,11,11,8,57.1818,0.0004886
3412,46,46,0,92,12.0435,0.00010992
3413,257,212,53,8,70.6226,0.0126418
3414,84,51,39,8,71.6078,0.00286384
3415,9,9,0,18,12,1.984e-05
3416,180,180,0,360,12.0611,0.0004728
3417,46,46,0,92,12.0652,0.00012048
3418,14,10,4,8,85.5,0.00038884
3419,8,8,0,16,12,1.936e-05
3420,63,44,19,10,75.9773,0.0024528
3421,52,35,32,8,67.8571,0.0019372
3422,39,39,0,78,12.0513,0.00010368
3423,30,30,0,60,12.0333,7.344e-05
3424,64,49,15,10,66.5714,0.00277136
3425,61,43,18,8,68.1395,0.00239912
3426,42,42,0,84,12.0476,0.00010576
3427,34,34,0,68,12.0588,8.752e-05
3428,118,118,0,236,12.0593,0.00029296
3429,23,23,0,8,68.6957,0.00116132
3430,42,24,30,8,70.875,0.0012428
3431,13,13,0,26,12,2.72e-05
3432,22,22,0,44,12.0455,5.264e-05
3433,60,52,8,10,63.9038,0.0029548
3434,22,22,0,8,70.7727,0.0011214
3435,40,40,0,80,12.05,0.00010192
3436,12,12,0,24,12,2.512e-05
3437,29,29,0,8,64.4483,0.00157516
3438,185,172,14,8,76.9767,0.010198
3439,61,40,31,8,76.05,0.00219576
3440,16,16,0,32,12,3.344e-05
3441,131,131,0,262,12.0534,0.0003088
3442,14,14,0,8,81.2143,0.0006564
3443,38,38,0,76,12.0526,0.00010576
3444,104,83,24,8,79.8916,0.00478884
3445,92,71,37,8,72.1549,0.0040824
3446,8,8,0,16,12,1.68e-05
3447,45,35,10,8,81.9714,0.00193584
3448,66,66,0,132,12.0606,0.00016624
3449,49,49,0,98,12.0612,0.00011904
3450,29,29,0,58,12.0345,7.328e-05
3451,60,30,46,8,74.5,0.00163428
3452,27,27,0,54,12.037,7.136e-05
3453,60,49,11,10,79.2449,0.0027532
3454,78,55,31,8,72.7818,0.00311728
3455,50,30,35,10,66.2667,0.00157352
3456,43,43,0,86,12.0465,0.00011328
3457,47,47,0,94,12.0426,0.00011872
3458,28,28,0,56,12.0357,7.28e-05
3459,22,22,0,8,62.4545,0.00114496
3460,80,75,5,8,69.2267,0.00433236
3461,12,12,0,24,12,2.512e-05
3462,52,52,0,104,12.0385,0.00011664
3463,13,13,0,8,64.5385,0.00058364
3464,8,8,0,16,12,1.68e-05
3465,20,20,0,8,65.2,0.00099076
3466,13,13,0,8,66.3846,0.00059596
3467,11,11,0,22,12,2.304e-05
3468,8,8,0,16,12,1.68e-05
3469,146,142,4,10,69.6056,0.00840016
3470,78,78,0,156,12.0513,0.00017008
3471,131,131,0,8,79.5344,0.0076918
3472,67,67,0,134,12.0448,0.00013952
3473,23,14,9,8,73.5714,0.0006598
3474,11,11,0,22,12,2.464e-05
3475,51,49,2,10,75.1224,0.00271792
3476,39,34,7,8,75.0294,0.00184952
3477,30,30,0,60,12.0333,6.512e-05
3478,22,22,0,44,12.0455,5.104e-05
3479,101,87,15,8,78.9655,0.00504916
3480,68,45,27,10,74.3111,0.00253368
3481,80,80,0,160,12.0625,0.00021936
3482,40,40,0,80,12.05,0.00010448
3483,94,73,27,10,72.863,0.00419584
3484,18,14,4,8,73.1429,0.00066292
3485,54,34,28,10,72.7647,0.00178528
3486,68,68,0,136,12.0588,0.0001784
3487,9,9,0,18,12,1.92e-05
3488,32,32,0,64,12.0625,8.464e-05
3489,13,13,0,8,67.6923,0.00057588
3490,8,8,0,8,76.625,0.00025372
3491,8,8,0,16,12,1.68e-05
3492,5,5,0,10,12,1.056e-05
3493,52,42,12,8,78.7619,0.00233156
3494,18,13,5,8,63.2308,0.00057816
3495,31,31,0,62,12.0323,7.52e-05
3496,68,45,33,8,57.9556,0.00254136
3497,8,8,0,16,12,1.68e-05
3498,34,20,28,8,61.8,0.00100484
3499,18,14,4,8,63.2143,0.00061836
3500,38,38,0,76,12.0526,8.976e-05
3501,18,18,0,36,12.0556,4.4e-05
3502,9,9,0,18,12,2.016e-05
3503,19,19,0,8,60.6842,0.0009586
3504,42,33,9,8,76.9394,0.00179332
3505,11,11,0,22,12,2.304e-05
3506,57,42,15,8,81.881,0.00236128
3507,23,23,0,46,12.0435,5.216e-05
3508,77,72,5,10,77.0972,0.0040884
3509,33,33,0,66,12.0606,8.32e-05
3510,63,63,0,126,12.0476,0.0001424
3511,69,49,20,10,46.551,0.00277392
3512,44,26,18,8,48.2308,0.00134188
3513,60,45,17,6,63.5778,0.00258576
3514,47,47,0,94,12.0638,0.00012384
3515,23,23,0,46,12.0435,5.44e-05
3516,46,46,0,92,12.0435,0.00011088
3517,36,33,5,8,53.3333,0.0018004
3518,30,30,0,8,66.6667,0.0016348
3519,59,45,14,8,69.2,0.00253616
3520,21,21,0,42,12.0476,4.544e-05
3521,16,16,0,32,12,3.344e-05
3522,62,43,33,8,36.2791,0.00240732
3523,35,35,0,70,12.0571,8.512e-05
3524,34,34,0,68,12.0294,7.792e-05
3525,116,94,22,8,46.3404,0.00547736
3526,69,69,0,138,12.058,0.00017888
3527,20,20,0,8,45.65,0.00098856
3528,42,42,0,8,55.2619,0.00230784
3529,11,11,0,22,12,2.304e-05
3530,22,22,0,44,12.0455,4.592e-05
3531,29,28,1,8,63.1429,0.00151616
3532,8,8,0,8,69.5,0.0002604
3533,170,130,56,10,79.2154,0.00757504
3534,16,16,0,32,12,3.344e-05
3535,5,5,0,10,12,1.056e-05
3536,120,120,0,240,12.0583,0.00031408
3537,81,57,24,10,79.5439,0.0032308
3538,44,22,38,8,76.8182,0.00110088
3539,49,49,0,98,12.0612,0.00013696
3540,19,19,0,38,12.0526,4.64e-05
3541,150,125,26,8,82.392,0.00735496
3542,111,111,0,222,12.0541,0.00028192
3543,52,43,9,8,82.0465,0.002399
3544,30,30,0,60,12.0333,7.216e-05
3545,133,112,23,10,77.3571,0.00651976
3546,206,159,63,8,74.3585,0.00943696
3547,101,101,0,202,12.0594,0.0002656
3548,112,112,0,224,12.0536,0.00027312
3549,165,142,24,10,79.9859,0.00830824
3550,128,128,0,256,12.0703,0.00037232
3551,39,20,27,8,81.8,0.00103192
3552,557,484,78,6,76.186,0.029097
3553,35,24,11,8,59.9167,0.00127536
3554,16,16,0,32,12,3.888e-05
3555,24,14,18,8,81.0714,0.00062028
3556,383,383,0,766,12.0627,0.00097184
3557,18,18,0,36,12.0556,4.336e-05
3558,11,11,0,22,12,2.464e-05
3559,38,27,11,8,82.5926,0.00140456
3560,21,21,0,42,12.0476,5.088e-05
3561,10,10,0,8,82.4,0.00039748
3562,50,33,22,8,83.5758,0.00176316
3563,6,6,0,12,12,1.264e-05
3564,29,29,0,58,12.0345,6.912e-05
3565,18,18,0,8,82.3889,0.00087208
3566,15,11,4,8,78.5455,0.00046284
3567,10,10,0,20,12,2.096e-05
3568,10,10,0,8,76.1,0.00041324
3569,8,8,0,16,12,1.712e-05
3570,57,49,8,8,85.8367,0.0027698
3571,6,6,0,12,12,1.264e-05
3572,10,7,3,8,74.2857,0.0002058
3573,40,40,0,80,12.05,9.52e-05
3574,5,5,0,10,12,1.088e-05
3575,370,304,83,8,74.5724,0.0181841
3576,250,250,0,500,12.064,0.00064816
3577,248,222,32,10,74.9685,0.0131602
3578,210,210,0,420,12.0667,0.0005832
3579,31,16,24,8,79.625,0.00076596
3580,82,59,26,8,72.3051,0.00338964
3581,23,12,18,6,76.75,0.00060592
3582,50,29,38,8,78.7586,0.00154076
3583,138,104,45,10,79,0.00602432
3584,12,12,0,24,12,2.672e-05
3585,54,54,0,108,12.0556,0.00014224
3586,8,8,0,16,12,1.68e-05
3587,26,26,0,52,12.0385,6.992e-05
3588,89,89,0,178,12.0562,0.00023296
3589,259,220,59,10,57.6591,0.0130635
3590,101,71,50,8,75.6479,0.00407444
3591,134,134,0,268,12.0522,0.00030768
3592,64,64,0,128,12.0625,0.00016016
3593,19,19,0,8,67.7895,0.00096628
3594,11,11,0,22,12,2.304e-05
3595,65,46,20,8,79.3261,0.00260584
3596,37,37,0,74,12.0541,9.952e-05
3597,23,19,4,8,82.3684,0.00093512
3598,71,49,35,8,70.2653,0.00276004
3599,12,12,0,24,12,2.512e-05
3600,44,44,0,88,12.0455,0.00011184
3601,36,30,6,8,75.3667,0.0016232
3602,46,30,16,8,77.2667,0.001628
3603,18,18,0,36,12,4.016e-05
3604,26,26,0,52,12.0385,6.896e-05
3605,58,46,14,8,60.8478,0.00259444
3606,31,31,0,62,12.0323,7.296e-05
3607,31,24,7,8,81.5417,0.00126
3608,24,18,6,8,76.1111,0.00087448
3609,41,24,17,8,61.25,0.00123372
3610,16,16,0,32,12,3.728e-05
3611,40,40,0,8,49.675,0.00219128
3612,11,11,0,22,12,2.304e-05
3613,22,22,0,44,12.0455,5.648e-05
3614,21,21,0,42,12.0476,4.384e-05
3615,14,14,0,8,45.2143,0.000625
3616,8,8,0,16,12,1.68e-05
3617,27,27,0,8,77.1852,0.00142652
3618,65,47,22,8,79.2128,0.00262348
3619,15,15,0,30,12,3.136e-05
3620,40,40,0,80,12.05,0.00010032
3621,26,25,1,8,79.2,0.00132804
3622,14,14,0,28,12,2.928e-05
3623,46,31,15,8,83.7419,0.00169216
3624,24,24,0,48,12.0417,6.352e-05
3625,108,86,29,10,79.8372,0.00502216
3626,53,29,40,8,82.1034,0.00152308
3627,79,79,0,158,12.0633,0.00020352
3628,27,27,0,54,12.037,7.296e-05
3629,29,19,10,8,84,0.00092092
3630,12,12,0,24,12,2.672e-05
3631,28,24,4,8,82.4583,0.00124372
3632,167,116,66,10,80.2414,0.00683104
3633,14,14,0,28,12,3.056e-05
3634,105,105,0,210,12.0571,0.000264
3635,90,72,20,10,82.375,0.00408944
3636,61,61,0,122,12.0492,0.0001536
3637,77,45,38,8,79.8444,0.00253976
3638,82,72,10,10,83.9167,0.004076
3639,40,40,0,80,12.05,9.424e-05
3640,67,55,14,10,79.2909,0.0031364
3641,108,83,37,10,81.2048,0.00483304
3642,49,49,0,98,12.0612,0.00012832
3643,76,76,0,152,12.0526,0.00018224
3644,18,17,1,8,75.4118,0.00085192
3645,62,58,4,10,79.4138,0.003318
3646,25,16,9,8,82.375,0.0007692
3647,48,48,0,96,12.0417,0.00011152
3648,14,14,0,28,12,3.184e-05
3649,37,32,5,8,75.25,0.0017408
3650,101,93,8,10,80.2473,0.0053736
3651,20,20,0,40,12.05,4.464e-05
3652,85,85,0,170,12.0588,0.00020288
3653,47,37,10,10,81.6757,0.0019968
3654,60,41,27,8,83.3171,0.00229572
3655,31,31,0,62,12.0323,7.744e-05
3656,87,64,26,10,80.5312,0.00360752
3657,35,35,0,70,12.0571,9.344e-05
3658,47,31,19,8,75.3871,0.00164796
3659,58,58,0,116,12.069,0.00016432
3660,28,28,0,56,12.0357,7.024e-05
3661,50,43,7,8,80.3256,0.00241092
3662,29,16,14,6,64.4375,0.00079236
3663,105,65,70,8,78.7538,0.00371164
3664,87,63,35,8,76.3968,0.00362772
3665,29,29,0,58,12.0345,7.008e-05
3666,11,11,0,22,12,2.4e-05
3667,57,57,0,114,12.0526,0.00014848
3668,61,61,0,122,12.0656,0.0001632
3669,140,128,13,10,80.4375,0.00755304
3670,83,83,0,166,12.0482,0.0002
3671,158,128,41,8,78.1328,0.00754184
3672,75,40,52,8,77.825,0.00221944
3673,124,124,0,248,12.0645,0.00034224
3674,35,35,0,70,12.0571,8.032e-05
3675,120,101,21,8,73.0297,0.0059264
3676,81,65,16,10,78.6154,0.00372328
3677,257,207,66,10,78.3285,0.0123141
3678,46,30,21,10,75.3,0.00157392
3679,72,72,0,144,12.0556,0.0001848
3680,59,59,0,118,12.0508,0.00014912
3681,182,182,0,364,12.0604,0.00046064
3682,28,28,0,56,12.0357,7.248e-05
3683,110,88,29,10,79.9318,0.00503944
3684,52,41,17,8,80.8537,0.00224792
3685,29,29,0,58,12.0345,6.976e-05
3686,78,51,36,8,78.4314,0.00289684
3687,97,55,47,8,80.5273,0.00311708
3688,43,43,0,86,12.0465,0.00011808
3689,41,24,19,8,78.1667,0.00127248
3690,49,49,0,98,12.0612,0.000136
3691,77,65,14,10,79.6,0.00365328
3692,66,42,26,8,76.7143,0.00233596
3693,20,20,0,40,12.05,5.104e-05
3694,27,19,8,8,80.4737,0.0009386
3695,14,14,0,28,12,3.12e-05
3696,25,15,11,8,81.6,0.00071312
3697,64,40,41,8,79.675,0.00223696
3698,11,11,0,22,12,2.4e-05
3699,38,38,0,76,12.0526,0.00011024
3700,30,24,6,8,83.4167,0.00126232
3701,16,16,0,32,12,3.664e-05
3702,50,50,0,100,12.06,0.00012336
3703,77,41,51,8,72.8537,0.00230084
3704,77,42,52,8,79.5952,0.00233552
3705,36,36,0,72,12.0556,8.624e-05
3706,37,37,0,74,12.0541,9.216e-05
3707,117,89,43,10,68.2697,0.00512104
3708,10,10,0,20,12,2.096e-05
3709,45,31,15,8,79,0.00166512
3710,64,41,29,8,70.6098,0.00224672
3711,245,208,46,8,78.3413,0.0123769
3712,23,23,0,46,12.0435,5.824e-05
3713,33,33,0,66,12.0606,8.448e-05
3714,171,171,0,342,12.0585,0.00043936
3715,109,96,14,10,79.0521,0.00555008
3716,75,75,0,150,12.0533,0.00019328
3717,52,34,22,8,82.2059,0.0018422
3718,93,72,39,8,71.9583,0.00414232
3719,169,134,52,10,75.0149,0.00790944
3720,110,95,18,10,80.9789,0.00545816
3721,31,31,0,62,12.0645,8.736e-05
3722,60,60,0,120,12.05,0.00014512
3723,135,101,48,10,73.495,0.0059148
3724,126,126,0,252,12.0635,0.00032912
3725,132,110,33,10,76.6545,0.00640072
3726,82,82,0,164,12.061,0.00021232
3727,96,96,0,192,12.0625,0.0002504
3728,35,20,16,8,85.1,0.0010144
3729,96,96,0,192,12.0625,0.00024528
3730,173,125,64,10,73.216,0.00733392
3731,15,15,0,30,12,3.456e-05
3732,115,115,0,230,12.0609,0.00029152
3733,9,9,0,8,73.7778,0.00032028
3734,134,117,19,8,82.9145,0.00688884
3735,40,21,29,8,74.5238,0.00105592
3736,6,6,0,12,12,1.264e-05
3737,92,92,0,184,12.0543,0.00023536
3738,17,17,0,34,12,3.84e-05
3739,31,24,7,8,80.5833,0.00124452
3740,15,15,0,30,12,3.296e-05
3741,72,52,24,8,70.5192,0.00295784
3742,47,34,14,8,70.2059,0.00184472
3743,38,38,0,76,12.0526,9.584e-05
3744,198,137,72,10,78.2555,0.00806984
3745,29,29,0,58,12.0345,7.392e-05
3746,112,112,0,224,12.0625,0.00029104
3747,8,8,0,8,51.625,0.0002542
3748,22,22,0,8,62.6818,0.00111988
3749,5,5,0,10,12,1.056e-05
3750,12,12,0,24,12,2.512e-05
3751,11,11,0,8,67.2727,0.00044976
3752,76,63,13,4,80.1111,0.00369336
3753,7,7,0,14,12,1.472e-05
3754,57,57,0,114,12.0526,0.0001392
3755,69,69,0,138,12.058,0.0001808
3756,257,180,102,10,78.4222,0.0106028
3757,40,14,38,4,75.5714,0.00073008
3758,154,154,0,308,12.0649,0.00040496
3759,9,9,0,8,78.7778,0.00034168
3760,8,8,0,16,12,1.68e-05
3761,40,23,19,8,79.3043,0.0011974
3762,92,48,72,8,77.25,0.00267276
3763,47,30,17,8,72.5667,0.00161344
3764,122,72,77,10,73.25,0.00415208
3765,6,6,0,12,12,1.264e-05
3766,19,19,0,38,12.0526,4.576e-05
3767,44,44,0,88,12.0455,0.00011952
3768,26,26,0,52,12.0385,7.056e-05
3769,67,67,0,134,12.0597,0.00017664
3770,151,126,28,10,72.8651,0.00743792
3771,109,109,0,218,12.0642,0.00030752
3772,53,53,0,106,12.0566,0.00014016
3773,38,38,0,76,12.0526,0.00010896
3774,443,341,131,8,77.2639,0.0204081
3775,35,21,21,8,68.3333,0.0010442
3776,288,288,0,576,12.0625,0.00073648
3777,72,49,32,10,76.3469,0.00273912
3778,18,18,0,36,12.0556,4.208e-05
3779,46,46,0,92,12.0652,0.00012208
3780,18,18,0,8,72.2778,0.00086348
3781,72,52,21,8,76.4808,0.00292536
3782,10,10,0,20,12,2.096e-05
3783,40,40,0,80,12.05,0.00010576
3784,110,91,31,8,73.3626,0.00527748
3785,26,16,14,8,72.6875,0.00075564
3786,39,24,19,8,76.5,0.001269
3787,66,66,0,132,12.0455,0.00015664
3788,12,12,0,24,12,2.672e-05
3789,22,22,0,44,12.0455,5.84e-05
3790,60,42,18,10,85.2143,0.00225712
3791,36,36,0,72,12.0556,0.0001016
3792,34,19,18,8,59.6842,0.00097312
3793,61,61,0,122,12.0492,0.00014016
3794,14,14,0,28,12,3.12e-05
3795,35,23,12,8,80.2609,0.00118344
3796,16,16,0,32,12,3.568e-05
3797,214,141,108,8,71.539,0.00834976
3798,132,132,0,264,12.0606,0.0003384
3799,41,24,17,8,76.5417,0.00126732
3800,97,64,49,10,76.4688,0.0035812
3801,26,15,12,8,74.3333,0.00071192
3802,18,18,0,36,12.0556,4.528e-05
3803,10,9,1,8,82.1111,0.00036624
3804,55,55,0,110,12.0545,0.00014144
3805,10,10,0,20,12,2.16e-05
3806,34,34,0,8,58.6765,0.00187028
3807,45,45,0,8,70.4889,0.00251736
3808,18,18,0,36,12,3.76e-05
3809,24,24,0,48,12.0417,5.008e-05
3810,247,147,132,4,73.1565,0.00877392
3811,57,30,29,8,75.2333,0.00162072
3812,137,137,0,274,12.0657,0.0003952
3813,69,55,14,10,77.6364,0.00308424
3814,26,26,0,52,12.0385,6.64e-05
3815,85,54,44,8,75.7222,0.00307508
3816,76,42,62,8,73.8571,0.00232052
3817,80,56,36,10,64.9107,0.00317496
3818,47,47,0,94,12.0638,0.00012384
3819,46,46,0,92,12.0435,0.00011792
3820,38,38,0,76,12.0526,9.744e-05
3821,14,13,1,8,81.1538,0.00058028
3822,54,54,0,108,12.0556,0.00013808
3823,50,28,30,8,66,0.00149088
3824,8,8,0,16,12,1.68e-05
3825,26,26,0,52,12.0385,6.416e-05
3826,57,43,18,8,65.4419,0.0023816
3827,76,58,23,8,73.7931,0.00329292
3828,45,29,16,8,80.7586,0.00152808
3829,31,31,0,62,12.0323,7.744e-05
3830,46,46,0,92,12.0652,0.00012272
3831,38,25,19,8,66.56,0.00132308
3832,23,23,0,46,12.0435,5.888e-05
3833,22,18,4,8,77,0.000907
3834,58,41,24,8,53.2683,0.00228524
3835,20,20,0,40,12.05,4.944e-05
3836,97,78,24,8,59.3462,0.0044888
3837,11,11,0,22,12,2.304e-05
3838,28,15,22,8,80.8,0.00067516
3839,33,33,0,66,12.0606,8.512e-05
3840,58,58,0,116,12.0517,0.00015216
3841,12,12,0,24,12,2.768e-05
3842,5,5,0,8,51,0.00010112
3843,4,4,0,8,12,8.48e-06
3844,100,78,22,10,71.7821,0.00452032
3845,74,74,0,148,12.0676,0.00021424
3846,85,62,25,8,72.3871,0.00354992
3847,29,15,17,8,75.6667,0.00072828
3848,47,47,0,94,12.0426,0.0001152
3849,81,54,27,8,73.8889,0.00304088
3850,13,13,0,26,12,2.912e-05
3851,23,15,8,8,60.1333,0.00068756
3852,58,58,0,8,57.8276,0.00328736
3853,49,49,0,98,12.0408,0.0001184
3854,10,10,0,20,12,2.096e-05
3855,30,30,0,60,12.0333,6.256e-05
3856,8,8,0,8,62.875,0.00027072
3857,126,113,15,10,78.1593,0.00657728
3858,5,5,0,10,12,1.056e-05
3859,94,94,0,188,12.0532,0.00023888
3860,406,343,74,4,75.4227,0.020628
3861,192,139,74,4,77.5324,0.00829008
3862,76,50,26,8,74.76,0.00284108
3863,249,249,0,498,12.0562,0.00058528
3864,119,119,0,238,12.0588,0.00029664
3865,45,45,0,90,12.0444,0.00011584
3866,53,39,14,8,74.3077,0.00216744
3867,44,24,28,8,76.4583,0.00124848
3868,26,26,0,52,12.0385,5.808e-05
3869,6,6,0,12,12,1.264e-05
3870,22,22,0,44,12.0455,5.936e-05
3871,28,28,0,8,76.9643,0.00146924
3872,15,15,0,30,12,3.136e-05
3873,85,61,24,10,74.0656,0.00347968
3874,52,32,25,8,76.4375,0.00170564
3875,50,50,0,100,12.06,0.00013264
3876,51,31,20,8,78.9355,0.00166952
3877,27,27,0,54,12.037,6.912e-05
3878,30,30,0,60,12.0333,7.568e-05
3879,59,46,17,8,75.3913,0.00258844
3880,34,34,0,68,12.0588,8.688e-05
3881,54,40,14,6,77.775,0.00226452
3882,28,8,27,6,87.5,0.00031852
3883,102,87,16,8,77.1839,0.00506084
3884,37,37,0,74,12.0541,8.768e-05
3885,20,11,9,6,83.7273,0.00052356
3886,7,7,0,14,12,1.792e-05
3887,82,82,0,164,12.061,0.00020656
3888,10,10,0,20,12,2.448e-05
3889,23,23,0,8,66.7391,0.00118016
3890,13,13,0,26,12,2.72e-05
3891,72,53,26,8,78.1698,0.00301268
3892,142,116,32,10,77.6724,0.00680704
3893,41,41,0,82,12.0488,0.00010944
3894,89,89,0,178,12.0562,0.0002208
3895,71,46,27,8,77.7174,0.00260392
3896,37,37,0,74,12.0541,0.00010016
3897,62,44,26,8,61.9318,0.00244968
3898,36,36,0,72,12.0556,9.04e-05
3899,30,22,8,8,78.9091,0.00112376
3900,27,6,33,6,77.6667,0.00023072
3901,13,13,0,26,12,2.72e-05
3902,5,5,0,10,12,1.152e-05
3903,54,52,2,8,79.9615,0.00293704
3904,29,29,0,58,12.0345,6.112e-05
3905,62,49,14,8,54.8571,0.0027698
3906,212,172,38,4,80.8779,0.0102859
3907,41,41,0,82,12.0488,9.952e-05
3908,100,100,0,200,12.05,0.00022096
