flow_id,tx_packets,rx_packets,lost_packets,retx_packets,mean_delay_ms,throughput_mbps
1,8746,8229,542,4,66.4092,0.497573
2,8355,7900,502,4,65.4477,0.477675
3,8503,8047,506,4,66.1965,0.486566
4,10184,9363,1071,4,68.548,0.566158
5,10315,9380,1333,4,66.9627,0.567186
6,5077,5073,0,10146,12.0556,0.0113699
7,4817,4817,0,9634,12.0554,0.0107379
8,4934,4933,0,9866,12.0555,0.0110368
9,6142,6142,0,12284,12.0585,0.0144821
10,6072,6072,0,12144,12.0573,0.0140226
11,25,19,6,8,84.8947,0.00093636
12,190,171,30,10,76.5146,0.0101347
13,14,14,0,28,12,3.216e-05
14,107,107,0,214,12.0467,0.00023488
15,214,200,14,8,78.385,0.0118658
16,60,45,15,8,80.9111,0.00252836
17,141,141,0,282,12.0567,0.00032704
18,43,43,0,86,12.0465,0.00011616
19,15,15,0,8,79.3333,0.0006902
20,100,87,14,8,81.2299,0.00503108
21,45,32,22,8,81.6875,0.00174992
22,9,9,0,18,12,1.888e-05
23,61,61,0,122,12.0492,0.00014176
24,27,27,0,54,12.037,6.592e-05
25,27,22,5,8,75.0909,0.00110992
26,18,18,0,8,82.5,0.00089236
27,15,15,0,30,12,3.36e-05
28,10,10,0,20,12,2.096e-05
29,45,37,8,10,78.7297,0.00198736
30,26,21,5,8,84.619,0.00104532
31,88,73,17,8,75.589,0.00419996
32,30,30,0,60,12.0333,7.952e-05
33,16,16,0,32,12,3.856e-05
34,49,49,0,98,12.0408,0.00010848
35,58,51,10,10,83.9216,0.00280648
36,42,42,0,84,12.0476,0.0001032
37,92,73,27,10,82.7671,0.00422864
38,50,40,12,8,84.3,0.0021876
39,62,62,0,124,12.0645,0.0001624
40,29,29,0,58,12.0345,7.392e-05
41,51,42,9,8,83.4762,0.0023158
42,33,26,7,8,79.8077,0.00137344
43,115,101,16,10,80.8515,0.00588632
44,30,30,0,60,12.0333,7.056e-05
45,20,20,0,40,12.05,4.816e-05
46,83,83,0,166,12.0602,0.0002032
47,61,54,7,10,81.8519,0.00304024
48,43,43,0,86,12.0465,0.00010112
49,21,21,0,8,76.4762,0.00105248
50,12,12,0,24,12,2.512e-05
51,49,42,7,8,83.3333,0.002313
52,30,30,0,60,12.0333,7.376e-05
53,67,61,6,8,81.3279,0.00346624
54,58,48,17,10,76.0833,0.00263336
55,58,48,17,8,72.7083,0.00268788
56,87,76,19,10,75.6447,0.00432656
57,39,39,0,78,12.0513,8.576e-05
58,37,37,0,74,12.0541,8.352e-05
59,25,25,0,50,12.04,5.216e-05
60,42,42,0,84,12.0476,8.944e-05
61,85,77,8,8,79.2078,0.0044236
62,31,31,0,8,81.2258,0.00166592
63,58,58,0,116,12.0517,0.00014896
64,17,17,0,34,12,3.552e-05
65,11,11,0,8,77.4545,0.00044876
66,49,46,3,8,76.5217,0.0025654
67,7,7,0,14,12,1.472e-05
68,23,18,5,8,80.3333,0.00086552
69,25,25,0,50,12.04,5.216e-05
70,14,14,0,28,12,3.472e-05
71,50,44,6,10,75.1364,0.00244904
72,18,17,1,8,76.3529,0.000824
73,31,31,0,62,12.0323,6.976e-05
74,48,40,8,8,66.8,0.00220724
75,104,98,10,8,69.8878,0.00574708
76,10,10,0,20,12,2.16e-05
77,28,28,0,56,12.0357,6.48e-05
78,58,58,0,116,12.0517,0.00012848
79,55,55,0,8,74.1455,0.00310864
80,16,16,0,8,70.875,0.00076548
81,29,29,0,58,12.0345,6.048e-05
82,9,9,0,18,12,1.888e-05
83,30,30,0,8,61.6667,0.00163868
84,16,16,0,32,12,3.344e-05
85,18,18,0,8,74.4444,0.00087832
86,12,12,0,8,75.75,0.00053172
87,24,24,0,8,78.5833,0.00127052
88,10,10,0,20,12,2.096e-05
89,7,7,0,14,12,1.472e-05
90,13,13,0,26,12,2.72e-05
91,491,375,164,8,74.568,0.0225027
92,330,330,0,660,12.0606,0.00083888
93,90,79,13,10,75.4051,0.00452184
94,142,126,25,8,73.7222,0.00741072
95,18,11,7,8,78.6364,0.00046876
96,61,61,0,122,12.0492,0.00014752
97,85,85,0,170,12.0588,0.00020768
98,8,8,0,16,12,1.808e-05
99,38,31,7,8,79.9032,0.00169476
100,38,26,12,8,48.9615,0.00134888
101,75,61,23,8,63.6393,0.003493
102,21,21,0,42,12.0476,5.024e-05
103,21,21,0,42,12.0476,4.96e-05
104,12,11,1,8,80.8182,0.0004668
105,43,43,0,86,12.0465,9.856e-05
106,6,6,0,12,12,1.296e-05
107,47,47,0,8,73.2766,0.00262224
108,25,25,0,50,12.04,5.216e-05
109,222,193,31,10,77.6788,0.0113943
110,158,158,0,316,12.0633,0.00041776
111,48,43,5,8,81.6279,0.00236824
112,30,30,0,60,12.0333,7.248e-05
113,42,31,16,8,76.8065,0.0016964
114,83,78,5,8,72.1282,0.00451288
115,24,24,0,48,12.0417,5.84e-05
116,56,56,0,112,12.0536,0.00013584
117,26,26,0,8,75.3462,0.001375
118,38,38,0,8,68,0.00211432
119,35,35,0,8,74.8286,0.00189148
120,14,14,0,28,12,2.928e-05
121,20,20,0,40,12.05,4.176e-05
122,18,18,0,8,61.5,0.0009066
123,19,19,0,38,12.0526,3.968e-05
124,10,10,0,20,12,2.096e-05
125,18,18,0,8,24.3889,0.00085936
126,10,10,0,20,12,2.096e-05
127,375,341,41,10,64.8592,0.0203569
128,271,271,0,542,12.0664,0.00075392
129,56,48,8,8,62.2292,0.00271192
130,29,23,6,10,69.7391,0.0012052
131,32,32,0,64,12.0312,7.248e-05
132,21,21,0,42,12.0476,5.152e-05
133,12,12,0,8,63.5833,0.00053816
134,7,7,0,14,12,1.472e-05
135,34,34,0,8,52.9706,0.00186172
136,18,18,0,36,12,3.76e-05
137,120,102,20,10,62.7745,0.00595128
138,69,69,0,138,12.058,0.0001696
139,45,40,5,8,49.475,0.0022386
140,30,30,0,60,12.0333,6.768e-05
141,9,9,0,8,43.3333,0.00034624
142,6,6,0,12,12,1.264e-05
143,66,66,0,8,33.2424,0.00379012
144,34,34,0,68,12.0294,7.088e-05
145,31,31,0,8,30.3548,0.001644
146,10,10,0,8,28.4,0.00038384
147,17,17,0,34,12,3.552e-05
148,6,6,0,12,12,1.264e-05
149,13,13,0,6,34.6923,0.00061088
150,8,8,0,16,12,1.68e-05
151,28,28,0,8,39.2143,0.00150128
152,15,15,0,30,12,3.136e-05
153,41,41,0,8,49.1463,0.0022826
154,41,41,0,8,54.0976,0.00227544
155,22,22,0,44,12.0455,4.592e-05
156,22,22,0,44,12.0455,4.592e-05
157,27,27,0,8,44.4815,0.0014534
158,23,23,0,8,42.5652,0.00120676
159,15,15,0,30,12,3.136e-05
160,13,13,0,26,12,2.72e-05
161,72,72,0,8,64.4444,0.00413124
162,14,14,0,8,62.2857,0.00063864
163,37,37,0,74,12.027,7.712e-05
164,8,8,0,16,12,1.68e-05
165,148,117,44,8,69.2222,0.00689272
166,83,83,0,166,12.0602,0.0002144
167,31,24,7,8,73.3333,0.00126528
168,286,272,16,8,80.114,0.0162276
169,20,12,8,8,79.1667,0.00054424
170,31,22,16,8,78.9545,0.00110076
171,288,270,20,8,79.6593,0.0161158
172,17,17,0,34,12.0588,4.16e-05
173,209,209,0,418,12.0574,0.00049952
174,9,9,0,18,12,2.016e-05
175,60,50,10,8,81,0.00279548
176,19,19,0,38,12.0526,4.352e-05
177,113,106,7,8,80.9245,0.00621836
178,176,176,0,352,12.0511,0.00040112
179,37,37,0,74,12.0541,8.992e-05
180,11,11,0,8,71.7273,0.00047276
181,107,85,33,8,85.8706,0.004908
182,7,7,0,14,12,1.472e-05
183,64,64,0,128,12.0625,0.00016496
184,67,56,11,8,82.8214,0.0031744
185,88,75,19,8,78.7733,0.00433116
186,433,389,51,8,79.1697,0.0233371
187,44,44,0,88,12.0455,0.00010608
188,29,20,9,10,83.35,0.00099584
189,53,53,0,106,12.0566,0.0001216
190,288,288,0,576,12.0556,0.00068208
191,18,18,0,36,12.0556,4.528e-05
192,74,62,12,8,81.6774,0.003559
193,168,155,13,8,81.7871,0.0091974
194,56,41,18,8,80.7073,0.00226844
195,48,48,0,96,12.0625,0.0001224
196,114,114,0,228,12.0526,0.00027376
197,44,40,4,8,80.95,0.00221328
198,35,35,0,70,12.0571,8.704e-05
199,34,34,0,68,12.0588,8.304e-05
200,9,9,0,8,84.7778,0.00033336
201,6,6,0,12,12,1.264e-05
202,44,44,0,8,77.8409,0.00245132
203,76,69,7,8,80.971,0.00396996
204,23,23,0,46,12.0435,4.8e-05
205,42,42,0,84,12.0476,9.808e-05
206,45,42,3,10,78.0952,0.00233088
207,40,34,6,8,80.9706,0.00186728
208,33,27,6,8,84.037,0.00143948
209,29,29,0,58,12.0345,6.688e-05
210,23,23,0,46,12.0435,5.568e-05
211,18,18,0,36,12.0556,3.984e-05
212,33,33,0,8,75.6061,0.00179096
213,18,18,0,36,12,3.76e-05
214,87,69,21,8,81.7101,0.00399232
215,34,26,8,8,82.5,0.00137536
216,146,117,34,10,82.0855,0.00687888
217,50,50,0,100,12.06,0.0001304
218,21,21,0,42,12.0476,5.088e-05
219,97,97,0,194,12.0619,0.00025248
220,65,54,20,6,80.4444,0.00313016
221,70,57,13,8,80.6842,0.00321844
222,188,177,16,8,81.565,0.010529
223,29,29,0,58,12.0345,6.048e-05
224,47,47,0,94,12.0426,0.00011296
225,23,23,0,8,81.8696,0.00115828
226,111,111,0,222,12.0541,0.00025408
227,13,13,0,26,12,2.72e-05
228,46,40,6,8,82.85,0.00218684
229,24,24,0,48,12.0417,5.232e-05
230,37,27,10,10,83.3333,0.00142176
231,24,24,0,48,12.0417,5.808e-05
232,36,30,6,10,84.1667,0.00155752
233,22,22,0,44,12.0455,5.168e-05
234,51,38,18,8,75.2105,0.00212164
235,67,52,21,8,80.4423,0.00293488
236,33,32,1,8,82.125,0.00175708
237,29,29,0,58,12.0345,6.528e-05
238,41,41,0,82,12.0488,9.632e-05
239,88,61,34,8,83.5082,0.0034666
240,17,17,0,34,12,3.584e-05
241,55,55,0,110,12.0545,0.000152
242,70,70,0,140,12.0429,0.00015632
243,73,61,21,10,83.0984,0.00347344
244,40,32,8,8,79.4688,0.0017592
245,52,52,0,104,12.0577,0.00013456
246,25,25,0,50,12.04,6.464e-05
247,26,25,1,8,85.56,0.001329
248,14,14,0,28,12,2.928e-05
249,50,38,12,8,80.0789,0.00209488
250,33,33,0,66,12.0606,8.288e-05
251,17,16,2,8,77.3125,0.00078384
252,41,25,21,8,83.6,0.00128672
253,9,9,0,18,12,1.92e-05
254,49,41,8,8,81.6585,0.00224644
255,22,22,0,44,12.0455,5.264e-05
256,51,39,12,8,81.3846,0.0021624
257,17,12,6,8,77.1667,0.00050036
258,75,63,17,8,72.6508,0.00358624
259,35,35,0,70,12.0571,8.544e-05
260,34,34,0,68,12.0588,8.624e-05
261,8,8,0,16,12,1.68e-05
262,60,60,0,120,12.05,0.00014608
263,12,11,1,8,84.6364,0.00045228
264,52,45,7,8,78,0.00249972
265,7,7,0,14,12,1.472e-05
266,40,32,8,8,79.125,0.00173604
267,50,46,4,8,82.4783,0.00259364
268,30,30,0,60,12.0333,6.832e-05
269,36,28,8,10,81.75,0.00143536
270,25,25,0,50,12.04,6.368e-05
271,39,39,0,78,12.0513,9.024e-05
272,24,24,0,48,12.0417,6.096e-05
273,43,36,10,8,74.2778,0.00195956
274,78,72,6,8,66.6389,0.00417356
275,26,26,0,52,12.0385,6e-05
276,51,51,0,8,81.2353,0.00286156
277,43,43,0,86,12.0465,9.536e-05
278,27,27,0,54,12.037,5.632e-05
279,53,53,0,8,74.3208,0.00299784
280,28,28,0,56,12.0357,5.84e-05
281,70,68,2,8,67.0735,0.00390884
282,36,36,0,72,12.0278,7.504e-05
283,35,35,0,8,65.8286,0.00191768
284,73,60,16,8,77.2167,0.00345216
285,19,19,0,38,12.0526,3.968e-05
286,63,58,5,10,72.931,0.00330896
287,50,50,0,100,12.06,0.0001224
288,35,35,0,70,12.0286,7.616e-05
289,21,21,0,8,76.9048,0.00103824
290,12,12,0,24,12,2.512e-05
291,15,15,0,8,78.4,0.00068708
292,45,36,9,10,77.9167,0.00197944
293,9,9,0,18,12,1.888e-05
294,34,34,0,68,12.0588,8.272e-05
295,38,32,6,10,70.625,0.00167192
296,37,28,9,8,70.3571,0.00147308
297,151,139,13,8,80.295,0.00821928
298,136,103,38,10,79.7961,0.00600392
299,21,21,0,42,12.0476,4.64e-05
300,21,21,0,42,12.0476,4.928e-05
301,103,103,0,206,12.0583,0.00025216
302,93,93,0,186,12.0645,0.00024448
303,133,111,25,8,80.3063,0.00652784
304,80,80,0,160,12.05,0.00018288
305,162,135,31,8,82.0222,0.00795296
306,263,233,34,10,83.1288,0.0138008
307,95,95,0,190,12.0526,0.00023072
308,80,69,15,8,83.6087,0.00396816
309,186,186,0,372,12.0591,0.0004504
310,35,24,14,8,82.0833,0.00122464
311,66,55,15,8,83.3636,0.0031312
312,28,21,12,8,79.9524,0.00105736
313,49,49,0,98,12.0408,0.0001168
314,216,199,17,8,64.201,0.0118296
315,112,101,16,8,81.3168,0.005897
316,103,88,22,10,83.6023,0.0050844
317,21,21,0,42,12.0476,5.056e-05
318,43,43,0,86,12.0465,0.00010048
319,18,18,0,36,12.0556,4.592e-05
320,135,135,0,270,12.0519,0.00031136
321,63,63,0,126,12.0476,0.00014304
322,65,65,0,130,12.0462,0.00015168
323,9,9,0,8,85,0.00033912
324,6,6,0,12,12,1.264e-05
325,23,19,4,8,84.2105,0.00091976
326,35,26,11,8,86.1538,0.00136972
327,12,8,4,8,80.625,0.00030636
328,14,14,0,28,12,3.216e-05
329,21,21,0,42,12.0476,4.96e-05
330,148,126,22,8,76.3413,0.00742528
331,67,57,10,8,84.9298,0.00326764
332,42,34,8,8,85.9412,0.00187088
333,6,6,0,12,12,1.36e-05
334,48,48,0,96,12.0625,0.00012176
335,25,25,0,50,12.04,5.792e-05
336,90,71,21,8,85.2113,0.00406172
337,32,25,7,8,84.2,0.00128228
338,57,57,0,114,12.0526,0.000144
339,21,21,0,42,12.0476,5.088e-05
340,38,27,12,10,84.8148,0.00142784
341,10,10,0,8,81.9,0.00037928
342,24,24,0,48,12.0417,6.032e-05
343,63,46,18,8,52.6522,0.00260248
344,6,6,0,12,12,1.264e-05
345,31,31,0,62,12.0323,7.104e-05
346,60,51,9,10,81.8627,0.00283576
347,54,44,16,10,84.0909,0.00239408
348,47,47,0,94,12.0426,0.00011424
349,37,37,0,74,12.0541,8.416e-05
350,58,46,13,10,82.5217,0.0025588
351,65,52,13,8,82.5962,0.00293112
352,11,8,3,8,83,0.00026624
353,39,39,0,78,12.0513,0.00010976
354,44,44,0,88,12.0455,0.0001032
355,6,6,0,12,12,1.36e-05
356,27,18,9,8,84.8889,0.00090612
357,54,42,12,8,84.2619,0.00236148
358,16,16,0,32,12,3.984e-05
359,37,37,0,74,12.0541,8.8e-05
360,31,26,5,8,81.7692,0.00134228
361,12,12,0,8,81.9167,0.00049984
362,17,17,0,34,12,4e-05
363,7,7,0,14,12,1.472e-05
364,18,17,1,8,85.7647,0.00080908
365,11,11,0,22,12,2.432e-05
366,35,29,11,8,83.7931,0.00155848
367,34,30,4,10,85.2667,0.00156232
368,95,81,14,8,82.7531,0.00470992
369,22,22,0,44,12.0455,5.488e-05
370,30,21,12,10,84.5714,0.00109056
371,26,26,0,52,12.0385,6.32e-05
372,61,61,0,122,12.0492,0.00013888
373,19,19,0,38,12.0526,4.672e-05
374,163,134,33,10,82.9776,0.007916
375,45,43,2,10,82.5814,0.00232624
376,113,113,0,226,12.0619,0.00032064
377,38,38,0,76,12.0526,8.496e-05
378,177,151,30,10,82.1589,0.0089312
379,47,32,22,6,83.0625,0.00177012
380,123,123,0,246,12.0569,0.00031296
381,82,69,19,8,76.7681,0.00396956
382,31,31,0,62,12.0323,7.52e-05
383,74,71,3,10,84.1127,0.00403136
384,63,63,0,126,12.0476,0.0001504
385,58,58,0,116,12.0517,0.00013744
386,74,69,6,8,83.8696,0.00394508
387,49,49,0,98,12.0408,0.00011168
388,76,60,18,10,83.4667,0.00342328
389,67,60,7,10,83.5667,0.00341888
390,40,33,8,8,83.5152,0.00180668
391,53,53,0,106,12.0566,0.00013216
392,56,56,0,112,12.0536,0.00013616
393,25,25,0,50,12.04,5.664e-05
394,43,34,9,8,66.3824,0.00187496
395,28,18,15,8,72.7778,0.00091188
396,221,201,23,10,80.4627,0.0119083
397,111,94,17,8,71.5957,0.00546656
398,142,142,0,284,12.0563,0.0003384
399,72,72,0,144,12.0556,0.00016624
400,160,144,16,10,82.9167,0.00846336
401,27,19,8,8,83.8421,0.00097224
402,102,102,0,204,12.0588,0.00025008
403,87,87,0,174,12.046,0.00019904
404,17,17,0,34,12.0588,4.128e-05
405,23,17,6,8,82.5294,0.0008074
406,44,41,3,8,78.2195,0.00226628
407,139,96,58,8,80.0833,0.00561116
408,13,13,0,26,12,2.912e-05
409,31,31,0,62,12.0323,7.04e-05
410,90,90,0,180,12.0556,0.0002312
411,177,158,21,8,76.2405,0.009353
412,136,120,16,8,81.4667,0.00705912
413,28,19,9,8,82.8421,0.00093444
414,116,116,0,232,12.0517,0.00026928
415,86,86,0,172,12.0581,0.00020368
416,17,17,0,34,12.0588,4.128e-05
417,67,56,14,10,85.9286,0.00310992
418,49,49,0,98,12.0612,0.00012352
419,18,16,2,8,77.875,0.0007638
420,25,15,14,8,71.7333,0.00071004
421,19,10,9,8,45.2,0.0003726
422,9,9,0,18,12,1.92e-05
423,13,13,0,26,12,3.04e-05
424,8,8,0,16,12,1.776e-05
425,28,24,4,8,83.6667,0.00126612
426,41,32,9,10,82.3438,0.00175464
427,17,17,0,34,12,4e-05
428,29,29,0,58,12.0345,7.168e-05
429,18,16,2,8,82,0.00074092
430,70,57,16,8,81.5439,0.00324356
431,97,82,16,8,55.4756,0.0047654
432,9,9,0,18,12,1.952e-05
433,42,42,0,84,12.0476,0.00010864
434,57,57,0,114,12.0526,0.00013184
435,150,134,17,8,60.0821,0.00787344
436,45,33,18,8,61.4848,0.0017782
437,117,103,14,8,71.3689,0.0060116
438,90,90,0,180,12.0556,0.00020752
439,24,24,0,48,12.0417,5.712e-05
440,73,73,0,146,12.0548,0.0001696
441,57,54,3,8,82.1667,0.0030778
442,12,12,0,8,78.5,0.00052612
443,29,29,0,58,12.0345,6.112e-05
444,7,7,0,14,12,1.472e-05
445,20,17,3,8,85.3529,0.00084972
446,56,40,18,8,71.75,0.00223332
447,107,90,19,8,55.4,0.00523992
448,11,11,0,22,12,2.56e-05
449,32,24,8,8,77.8333,0.001224
450,34,34,0,68,12.0588,8.976e-05
451,61,61,0,122,12.0492,0.00014816
452,87,76,11,8,41.6184,0.00439788
453,56,45,11,8,79.4,0.00250856
454,20,20,0,40,12.05,4.72e-05
455,39,39,0,78,12.0513,8.128e-05
456,35,35,0,70,12.0571,8.32e-05
457,48,43,5,8,81.0465,0.00241892
458,26,26,0,52,12.0385,5.68e-05
459,51,48,3,8,80.8125,0.00271492
460,12,12,0,8,80,0.00054424
461,38,38,0,76,12.0526,8.848e-05
462,11,11,0,8,74.8182,0.00045856
463,7,7,0,14,12,1.472e-05
464,7,7,0,14,12,1.472e-05
465,117,100,17,8,82.42,0.00585612
466,77,63,15,10,77.619,0.0036088
467,77,77,0,154,12.0519,0.00019584
468,53,53,0,106,12.0566,0.00013472
469,25,25,0,50,12.04,5.728e-05
470,15,15,0,30,12,3.712e-05
471,8,8,0,8,84.625,0.00026744
472,5,5,0,10,12,1.056e-05
473,72,72,0,8,50.5,0.0041474
474,37,37,0,74,12.027,7.712e-05
475,58,58,0,8,41.1034,0.00329344
476,30,30,0,60,12.0333,6.256e-05
477,129,103,32,8,58.4854,0.00600768
478,69,69,0,138,12.058,0.00017184
479,969,952,17,8,52.2658,0.0573607
480,38,29,11,8,72.1724,0.00157808
481,532,532,0,1064,12.0526,0.00116176
482,120,99,21,8,81.8182,0.00577184
483,22,22,0,44,12.0455,5.424e-05
484,75,75,0,150,12.0533,0.00020032
485,72,65,7,8,83.2923,0.00373224
486,46,46,0,92,12.0435,0.00011504
487,74,62,12,8,76.871,0.00353092
488,35,30,5,10,74.3,0.00153712
489,43,43,0,86,12.0465,0.00010752
490,25,25,0,50,12.04,6.048e-05
491,19,19,0,8,77.6316,0.00096992
492,11,11,0,8,80.4545,0.00048248
493,11,11,0,22,12,2.304e-05
494,7,7,0,14,12,1.472e-05
495,15,15,0,8,22,0.00070356
496,9,9,0,18,12,1.888e-05
497,17,17,0,8,23.4706,0.0008078
498,10,10,0,20,12,2.096e-05
499,36,36,0,8,31.5833,0.00198368
500,19,19,0,38,12.0526,3.968e-05
501,140,110,46,10,67.3,0.0063884
502,77,77,0,154,12.0519,0.00019488
503,103,100,3,8,73.75,0.00582964
504,166,154,17,8,57.2727,0.00908444
505,67,67,0,134,12.0448,0.00015872
506,98,98,0,196,12.051,0.00022576
507,25,18,8,8,81.6667,0.00087572
508,42,32,20,8,47.9062,0.00170808
509,15,15,0,30,12,3.712e-05
510,24,19,5,8,77.8421,0.0009328
511,17,17,0,34,12,3.552e-05
512,15,15,0,30,12,3.744e-05
513,18,18,0,8,77.3333,0.00087116
514,70,70,0,8,60.5429,0.00405468
515,10,10,0,20,12,2.096e-05
516,36,36,0,72,12.0278,7.504e-05
517,70,70,0,8,52.1429,0.00401628
518,36,36,0,72,12.0278,7.504e-05
519,74,74,0,8,45.6351,0.0042858
520,38,38,0,76,12.0526,7.92e-05
521,45,45,0,8,45.4,0.0025098
522,24,24,0,48,12.0417,5.008e-05
523,32,32,0,8,51.4375,0.0017584
524,17,17,0,34,12,3.552e-05
525,99,79,27,10,69.0633,0.00459728
526,27,23,4,8,46.5652,0.00118
527,219,208,11,8,54.351,0.012366
528,43,33,10,8,70.0909,0.00177988
529,81,74,11,8,72.8919,0.00427272
530,63,63,0,126,12.0635,0.0001664
531,14,14,0,28,12,2.992e-05
532,121,121,0,242,12.0496,0.00027712
533,50,38,12,10,70.7632,0.0020424
534,24,24,0,48,12.0417,5.904e-05
535,51,51,0,102,12.0588,0.00012352
536,33,33,0,66,12.0606,8.448e-05
537,6,6,0,8,77.5,0.0001664
538,4,4,0,8,12,8.48e-06
539,10,10,0,8,41.6,0.00042044
540,6,6,0,12,12,1.264e-05
541,72,72,0,8,42.8194,0.00415768
542,37,37,0,74,12.0541,7.712e-05
543,26,26,0,8,30.3462,0.0013446
544,14,14,0,28,12,2.928e-05
545,35,35,0,8,56.7143,0.00193232
546,145,140,5,10,75.2643,0.00826832
547,63,54,9,10,74.1296,0.00302784
548,20,20,0,40,12.05,4.176e-05
549,123,123,0,246,12.0569,0.00030656
550,38,38,0,76,12.0526,9.2e-05
551,24,18,6,8,75.2778,0.00090968
552,14,14,0,28,12,3.248e-05
553,42,42,0,8,73.4762,0.00234532
554,447,429,18,8,73.2075,0.0257418
555,22,22,0,44,12.0455,4.592e-05
556,257,257,0,514,12.0545,0.00059616
557,19,12,7,8,78.1667,0.000541
558,8,8,0,16,12,1.712e-05
559,16,16,0,8,69.1875,0.00078572
560,76,62,14,8,77.3548,0.00353972
561,9,9,0,18,12,1.888e-05
562,65,51,14,8,78.6863,0.00287724
563,44,44,0,88,12.0455,0.00010992
564,37,37,0,74,12.0541,9.312e-05
565,13,13,0,8,62.7692,0.00059824
566,8,8,0,16,12,1.68e-05
567,43,40,3,8,79.775,0.00218656
568,20,19,1,8,74.0526,0.0009608
569,24,24,0,48,12.0417,5.328e-05
570,120,111,9,8,80.8288,0.00649416
571,10,10,0,20,12,2.128e-05
572,92,92,0,184,12.0543,0.00023088
573,18,18,0,8,82,0.0008738
574,10,10,0,20,12,2.096e-05
575,28,25,3,8,81.56,0.00131508
576,62,56,6,8,75.5179,0.00315644
577,16,16,0,32,12,3.44e-05
578,40,40,0,80,12.05,9.648e-05
579,11,10,1,8,86.1,0.00039612
580,7,7,0,14,12,1.472e-05
581,57,57,0,8,71.6842,0.0032636
582,30,30,0,60,12.0333,6.256e-05
583,17,17,0,8,56.2941,0.00080032
584,125,106,25,8,73.3396,0.00618568
585,10,10,0,20,12,2.096e-05
586,31,30,1,8,74.5333,0.00162144
587,74,74,0,148,12.0541,0.000188
588,17,17,0,34,12,3.552e-05
589,12,12,0,8,75.0833,0.00052492
590,122,113,17,8,75.4956,0.00662324
591,7,7,0,14,12,1.472e-05
592,70,70,0,140,12.0429,0.00015536
593,114,100,14,10,77.44,0.00583712
594,80,80,0,160,12.0625,0.00020688
595,10,10,0,8,81.2,0.0004276
596,6,6,0,12,12,1.264e-05
597,30,30,0,8,79.3333,0.00159324
598,35,29,6,8,76.4138,0.0015624
599,115,106,9,8,74.5755,0.00622532
600,16,16,0,32,12,3.344e-05
601,19,19,0,38,12.0526,4.352e-05
602,69,69,0,138,12.0435,0.00015232
603,33,33,0,8,75.0303,0.00177944
604,31,31,0,8,74,0.00168736
605,18,18,0,36,12,3.76e-05
606,17,17,0,34,12,3.552e-05
607,113,101,12,10,78.8317,0.00586432
608,29,29,0,8,68.1724,0.00153436
609,75,75,0,150,12.0533,0.00019584
610,16,16,0,32,12,3.344e-05
611,103,93,10,8,78.2581,0.00544584
612,43,39,4,8,83.6667,0.002128
613,71,71,0,142,12.0563,0.00017888
614,25,25,0,50,12.04,5.76e-05
615,32,32,0,8,75.2188,0.00171972
616,17,17,0,34,12,3.552e-05
617,35,35,0,8,69.0571,0.0019336
618,50,50,0,8,66.72,0.00284404
619,19,19,0,38,12.0526,3.968e-05
620,26,26,0,52,12.0385,5.424e-05
621,51,51,0,8,63.7059,0.00289964
622,27,27,0,54,12.037,5.632e-05
623,13,13,0,8,62.4615,0.00057484
624,10,10,0,8,72,0.00037396
625,8,8,0,16,12,1.68e-05
626,6,6,0,12,12,1.264e-05
627,28,28,0,8,24.0714,0.00151004
628,15,15,0,30,12,3.136e-05
629,17,17,0,8,30.2353,0.00080284
630,10,10,0,20,12,2.096e-05
631,54,54,0,8,34.2222,0.00307764
632,10,10,0,8,21.6,0.00038984
633,28,28,0,56,12.0357,5.84e-05
634,6,6,0,12,12,1.264e-05
635,40,40,0,8,28.45,0.00220556
636,21,21,0,42,12.0476,4.384e-05
637,18,18,0,8,25.6667,0.00087856
638,10,10,0,20,12,2.096e-05
639,54,54,0,8,33.1667,0.00305344
640,28,28,0,56,12.0357,5.84e-05
641,38,38,0,8,50.0789,0.00207784
642,32,32,0,8,54.4375,0.00172948
643,20,20,0,40,12.05,4.176e-05
644,17,17,0,34,12,3.552e-05
645,38,38,0,8,57.5789,0.00209524
646,20,20,0,40,12.05,4.176e-05
647,18,18,0,8,57.4444,0.00087984
648,167,126,56,10,77.6667,0.00739064
649,193,155,44,8,73,0.0091784
650,10,10,0,20,12,2.096e-05
651,231,202,40,10,71.9752,0.0120301
652,99,99,0,198,12.0606,0.00027008
653,133,133,0,266,12.0677,0.0003696
654,139,139,0,278,12.0576,0.000344
655,9,8,1,8,57.5,0.00030308
656,16,15,1,8,78.6667,0.00071672
657,11,11,0,8,83.8182,0.00043744
658,147,133,14,8,66.9098,0.00785832
659,127,115,21,8,67.6522,0.00672892
660,9,9,0,18,12,1.888e-05
661,7,7,0,14,12,1.472e-05
662,83,83,0,166,12.0482,0.00018528
663,70,70,0,140,12.0429,0.00015664
664,12,12,0,8,67.25,0.00054988
665,7,7,0,14,12,1.472e-05
666,45,43,2,10,74.9767,0.002348
667,11,11,0,8,75.0909,0.00044704
668,27,27,0,54,12.037,5.888e-05
669,72,65,7,8,61.9538,0.00373112
670,7,7,0,14,12,1.472e-05
671,37,32,5,10,60.4062,0.00175104
672,40,40,0,80,12.05,8.88e-05
673,15,15,0,8,65.8,0.00068148
674,28,28,0,56,12.0357,6.352e-05
675,9,9,0,18,12,1.888e-05
676,22,22,0,8,45.4545,0.00112164
677,12,12,0,24,12,2.512e-05
678,55,55,0,8,62.9455,0.0031308
679,29,29,0,58,12.0345,6.048e-05
680,72,62,11,10,81.2742,0.00357096
681,93,74,21,8,73.3108,0.00427372
682,61,48,17,10,81.0208,0.00261416
683,53,53,0,106,12.0566,0.00013536
684,62,62,0,124,12.0645,0.00016528
685,187,166,21,8,75.4819,0.0098506
686,39,39,0,78,12.0513,0.00010176
687,30,22,8,8,77.6818,0.00111084
688,117,117,0,234,12.0598,0.0002848
689,140,125,22,10,71.08,0.007282
690,19,19,0,38,12.0526,4.544e-05
691,84,84,0,168,12.0476,0.0001928
692,94,72,27,8,74.4306,0.00416556
693,54,54,0,108,12.0556,0.00014256
694,37,32,5,8,74.9062,0.00170428
695,60,51,9,8,71.5882,0.0028872
696,21,21,0,42,12.0476,4.96e-05
697,75,64,11,8,72.0781,0.00363784
698,35,35,0,70,12.0571,8.512e-05
699,48,48,0,96,12.0417,0.00011344
700,41,39,2,8,70.8974,0.00215684
701,138,112,34,8,81.2857,0.0065828
702,22,22,0,44,12.0455,4.784e-05
703,76,76,0,152,12.0526,0.00019248
704,101,81,23,10,75.1852,0.00467192
705,69,59,15,8,71.0169,0.00334912
706,65,65,0,130,12.0615,0.00016768
707,47,39,8,8,73.6154,0.00213004
708,10,9,1,8,44,0.00035796
709,38,30,8,8,62.3667,0.00163076
710,40,40,0,80,12.05,9.776e-05
711,22,14,15,8,69.1429,0.0006352
712,31,31,0,62,12.0323,7.808e-05
713,22,22,0,44,12.0455,4.976e-05
714,12,12,0,24,12,2.928e-05
715,32,32,0,8,68.3125,0.00174964
716,7,7,0,8,69.4286,0.0002136
717,17,17,0,34,12,3.552e-05
718,5,5,0,10,12,1.056e-05
719,86,85,1,10,69.7412,0.004862
720,52,52,0,104,12.0385,0.00011184
721,21,21,0,8,59.9048,0.0010938
722,61,54,7,10,66.1481,0.003086
723,12,12,0,24,12,2.512e-05
724,62,53,9,10,66.2453,0.00292952
725,43,43,0,86,12.0465,0.00011008
726,43,43,0,86,12.0465,0.00011232
727,5,5,0,10,12,1.056e-05
728,40,38,2,8,43.6842,0.00207932
729,28,28,0,8,56.25,0.00146616
730,21,21,0,42,12.0476,4.384e-05
731,66,61,5,8,73.1475,0.00349296
732,15,15,0,30,12,3.136e-05
733,347,329,21,6,69.6869,0.0197224
734,46,46,0,92,12.0435,0.00010544
735,158,138,26,8,70.4493,0.00812588
736,22,16,6,8,73.9375,0.00077316
737,205,205,0,410,12.0537,0.00046336
738,49,41,8,8,69.1463,0.00229976
739,90,90,0,180,12.0556,0.00022192
740,13,13,0,26,12,3.104e-05
741,28,28,0,56,12.0357,6.416e-05
742,14,14,0,8,78.9286,0.00061744
743,17,15,2,8,82.0667,0.00069456
744,8,8,0,16,12,1.68e-05
745,9,9,0,18,12,1.984e-05
746,74,67,7,8,78.4328,0.0038452
747,40,40,0,80,12.05,8.912e-05
748,46,38,9,10,78.0789,0.00205448
749,117,109,8,8,76.5963,0.00640428
750,31,31,0,62,12.0645,8.256e-05
751,62,62,0,124,12.0484,0.00013904
752,14,14,0,8,44.4286,0.00065668
753,38,38,0,8,67.6842,0.0020678
754,180,139,47,8,73.6691,0.0081938
755,9,9,0,8,65.2222,0.0003666
756,8,8,0,16,12,1.68e-05
757,20,20,0,40,12.05,4.176e-05
758,98,98,0,196,12.0612,0.0002536
759,6,6,0,12,12,1.264e-05
760,46,33,13,8,71.697,0.00177296
761,41,33,8,8,76.4545,0.00179552
762,20,11,11,8,66.6364,0.00048972
763,24,24,0,48,12.0417,5.712e-05
764,51,41,10,8,57.9024,0.00229664
765,24,24,0,48,12.0417,5.616e-05
766,9,9,0,18,12,2.176e-05
767,18,17,1,8,57.2941,0.00083756
768,21,21,0,8,68.5238,0.00106584
769,33,33,0,66,12.0303,7.52e-05
770,50,44,6,10,74.4545,0.00237272
771,10,10,0,20,12,2.096e-05
772,12,12,0,24,12,2.512e-05
773,29,23,10,8,72.6957,0.0012146
774,46,41,5,10,77.4146,0.00222832
775,33,33,0,66,12.0606,8.224e-05
776,16,16,0,32,12,3.856e-05
777,30,30,0,60,12.0333,7.312e-05
778,23,14,11,8,67.4286,0.00061988
779,12,12,0,24,12,2.896e-05
780,19,19,0,8,67.8947,0.00095984
781,113,104,9,8,52.3462,0.00610028
782,16,16,0,8,78.6875,0.00075852
783,11,11,0,22,12,2.304e-05
784,25,20,7,8,62.45,0.00099324
785,34,29,7,10,60.0345,0.00157448
786,65,65,0,130,12.0462,0.00015264
787,9,9,0,18,12,1.888e-05
788,16,16,0,32,12,3.696e-05
789,25,25,0,50,12.04,5.728e-05
790,51,51,0,8,47.7255,0.00285764
791,27,27,0,54,12.037,5.632e-05
792,6,6,0,12,12,1.264e-05
793,11,11,0,8,54.5455,0.00047472
794,7,7,0,14,12,1.472e-05
795,303,262,55,8,67.9924,0.0156687
796,188,188,0,376,12.0585,0.0004776
797,54,43,18,10,66.186,0.00232376
798,28,18,19,8,63.1667,0.00090864
799,33,33,0,66,12.0303,7.68e-05
800,10,10,0,20,12,2.096e-05
801,141,119,25,8,64.5882,0.00699044
802,13,13,0,8,43.4615,0.00056608
803,77,77,0,154,12.0519,0.00018784
804,8,8,0,16,12,1.68e-05
805,99,95,4,8,71.4526,0.00556352
806,65,65,0,130,12.0462,0.00015456
807,13,13,0,8,76.4615,0.00058948
808,83,76,7,8,61.5658,0.00438116
809,28,22,6,8,71.9091,0.00111008
810,8,8,0,16,12,1.68e-05
811,47,47,0,94,12.0426,0.0001024
812,18,18,0,36,12.0556,4.208e-05
813,13,13,0,8,64,0.00057296
814,28,28,0,8,64.3214,0.00146992
815,8,8,0,16,12,1.68e-05
816,15,15,0,30,12,3.136e-05
817,79,76,3,8,66.9079,0.00436752
818,41,41,0,82,12.0488,8.768e-05
819,33,28,5,8,68.3929,0.00146036
820,19,19,0,38,12.0526,4.544e-05
821,42,42,0,8,46.0952,0.00234604
822,22,22,0,44,12.0455,4.592e-05
823,39,39,0,6,42.5385,0.00218364
824,21,21,0,42,12.0476,4.384e-05
825,13,13,0,8,38.3846,0.00057708
826,8,8,0,16,12,1.68e-05
827,95,95,0,8,54.5789,0.00551312
828,49,49,0,98,12.0408,0.00010208
829,46,46,0,8,69.0652,0.00256612
830,24,24,0,48,12.0417,5.008e-05
831,56,56,0,8,69.6607,0.00315932
832,24,24,0,8,71.125,0.00126112
833,29,29,0,58,12.0345,6.048e-05
834,22,22,0,8,65.8182,0.00110484
835,13,13,0,26,12,2.72e-05
836,12,12,0,24,12,2.512e-05
837,119,99,21,10,73.7677,0.00576936
838,71,71,0,142,12.0563,0.00018144
839,74,66,8,8,71.3182,0.00379272
840,60,56,4,8,74.1964,0.00317336
841,11,11,0,8,64.5455,0.00045068
842,46,46,0,92,12.0435,0.00011472
843,44,44,0,88,12.0455,0.00010864
844,7,7,0,14,12,1.472e-05
845,8,8,0,8,72.125,0.00025232
846,13,13,0,8,73.4615,0.00060148
847,5,5,0,10,12,1.056e-05
848,65,65,0,8,56.5385,0.00372084
849,8,8,0,16,12,1.68e-05
850,34,34,0,68,12.0294,7.088e-05
851,19,19,0,8,58.1579,0.00095524
852,11,11,0,22,12,2.304e-05
853,31,31,0,8,40.2258,0.00165848
854,158,142,16,8,64.8592,0.00835804
855,17,17,0,34,12,3.552e-05
856,86,86,0,172,12.0581,0.000204
857,160,138,31,10,68.587,0.00816136
858,34,34,0,8,60.1765,0.00183876
859,87,87,0,174,12.0575,0.00020736
860,18,18,0,36,12,3.76e-05
861,63,58,5,8,43.6552,0.00332844
862,63,50,18,8,78.18,0.00282372
863,59,48,20,8,54.8542,0.00270116
864,47,34,13,8,61.7647,0.00186724
865,39,39,0,78,12.0513,8.64e-05
866,31,31,0,62,12.0323,6.72e-05
867,32,32,0,64,12.0312,7.248e-05
868,28,28,0,56,12.0357,6.8e-05
869,437,378,63,8,70.7989,0.0226492
870,286,286,0,572,12.0629,0.00074896
871,31,28,3,8,71.75,0.00150092
872,57,45,12,10,72.2667,0.00252808
873,17,17,0,34,12,3.808e-05
874,37,37,0,74,12.0541,9.344e-05
875,18,18,0,8,60.2778,0.00088976
876,10,10,0,20,12,2.096e-05
877,88,77,17,8,80.2597,0.00447896
878,61,61,0,122,12.0492,0.0001568
879,13,13,0,8,85.6154,0.00056648
880,8,8,0,16,12,1.68e-05
881,85,75,10,10,73.3733,0.0043348
882,129,114,24,10,64.1228,0.00670064
883,38,30,8,10,81.4333,0.00152952
884,63,63,0,126,12.0476,0.00016128
885,107,107,0,214,12.0561,0.00026784
886,45,37,15,8,46.7297,0.00203884
887,25,25,0,50,12.04,6.432e-05
888,26,26,0,52,12.0385,6e-05
889,12,12,0,8,83.8333,0.00053992
890,56,41,15,8,62.0488,0.00228236
891,7,7,0,14,12,1.472e-05
892,38,38,0,76,12.0526,9.008e-05
893,26,26,0,8,24.0385,0.0013518
894,14,14,0,28,12,2.928e-05
895,123,98,32,10,72.2347,0.00569896
896,56,46,15,8,65.1087,0.00259628
897,71,55,16,8,71.4,0.00310912
898,81,81,0,162,12.0617,0.00021312
899,30,30,0,60,12.0333,6.864e-05
900,33,33,0,66,12.0303,7.392e-05
901,44,42,2,10,71.5238,0.00226728
902,36,36,0,72,12.0556,8.464e-05
903,25,20,5,8,68.8,0.00101008
904,16,16,0,32,12,4.016e-05
905,58,58,0,8,79.2414,0.00331004
906,13,13,0,8,77.4615,0.0005976
907,12,12,0,8,73.5,0.0005366
908,30,30,0,60,12.0333,6.256e-05
909,8,8,0,16,12,1.68e-05
910,151,130,21,8,76.5308,0.00767496
911,7,7,0,14,12,1.472e-05
912,39,39,0,8,65.359,0.00217896
913,93,93,0,186,12.0538,0.00021408
914,21,21,0,42,12.0476,4.384e-05
915,45,45,0,8,61.5111,0.00254584
916,24,24,0,48,12.0417,5.008e-05
917,13,13,0,8,67.1538,0.00056348
918,8,8,0,16,12,1.68e-05
919,19,19,0,8,78.8421,0.00096024
920,11,11,0,22,12,2.304e-05
921,87,70,17,8,82.2714,0.00404116
922,423,387,38,8,76.4987,0.0232063
923,62,62,0,124,12.0645,0.00016112
924,258,258,0,516,12.0543,0.000596
925,29,24,5,8,82.9167,0.00126168
926,30,24,6,10,84.375,0.00122096
927,15,15,0,30,12,3.232e-05
928,14,11,3,8,85.4545,0.00048552
929,19,19,0,38,12.0526,4.64e-05
930,8,8,0,16,12,1.744e-05
931,103,81,22,8,81.284,0.00471404
932,19,12,7,8,86.8333,0.000531
933,75,60,15,8,81.3167,0.00344012
934,63,63,0,126,12.0635,0.00016416
935,9,9,0,18,12,1.984e-05
936,52,52,0,104,12.0577,0.00012432
937,260,234,28,8,82.6197,0.0139656
938,61,48,13,8,81.6458,0.0027228
939,166,166,0,332,12.0542,0.00039952
940,45,45,0,90,12.0444,0.00010976
941,11,11,0,8,81.3636,0.00045504
942,7,7,0,14,12,1.472e-05
943,174,142,36,8,77.3239,0.00841092
944,130,119,11,10,80.5042,0.0069584
945,192,170,23,8,82.0941,0.0100944
946,103,103,0,206,12.0485,0.00023744
947,98,98,0,196,12.051,0.00023472
948,121,121,0,242,12.0579,0.00028448
949,56,42,14,8,83.1429,0.00232408
950,30,16,15,8,84.8125,0.00073792
951,25,25,0,50,12.04,5.376e-05
952,14,14,0,28,12,3.504e-05
953,47,40,7,8,80.375,0.00221932
954,29,29,0,58,12.0345,6.496e-05
955,60,46,14,8,77.3043,0.0025964
956,40,40,0,80,12.05,0.00010192
957,228,199,31,8,83.8191,0.0118152
958,172,172,0,344,12.064,0.00044336
959,60,50,12,8,84.88,0.00280456
960,263,248,24,8,71.4194,0.014808
961,48,48,0,96,12.0417,0.00011696
962,143,143,0,286,12.049,0.00031328
963,151,123,30,10,80.6748,0.00717376
964,17,16,1,8,84.4375,0.00077308
965,48,32,17,8,82.3438,0.00172456
966,9,9,0,18,12,1.92e-05
967,55,47,8,10,85.1277,0.0025928
968,29,29,0,58,12.0345,7.328e-05
969,43,33,10,6,80.697,0.00182036
970,44,44,0,88,12.0455,0.00010672
971,28,28,0,56,12.0357,7.12e-05
972,36,29,7,8,80.3793,0.0015668
973,30,22,8,8,83.1818,0.00109744
974,30,23,7,8,82.1739,0.00116908
975,24,24,0,48,12.0417,5.904e-05
976,135,123,12,10,80.6098,0.00718616
977,18,18,0,36,12.0556,4.4e-05
978,19,19,0,38,12.0526,4.512e-05
979,83,83,0,166,12.0482,0.00019424
980,35,24,19,10,77.7917,0.00116648
981,9,9,0,8,79.4444,0.00034816
982,22,22,0,44,12.0455,5.648e-05
983,16,16,0,8,85.0625,0.00079184
984,6,6,0,12,12,1.264e-05
985,9,9,0,18,12,1.888e-05
986,78,69,9,10,83.7246,0.00391984
987,57,57,0,114,12.0526,0.00014912
988,32,24,8,8,83.8333,0.0012552
989,8,6,2,8,85,0.00015864
990,20,20,0,40,12.05,4.784e-05
991,5,5,0,10,12,1.056e-05
992,13,13,0,8,77.1538,0.00055436
993,41,41,0,8,80.5854,0.0022936
994,8,8,0,16,12,1.68e-05
995,22,22,0,44,12.0455,4.592e-05
996,81,62,28,8,78.5161,0.00353656
997,46,46,0,92,12.0435,0.00011888
998,24,24,0,8,81.5,0.00126224
999,28,23,5,10,77,0.0011964
1000,13,13,0,26,12,2.72e-05
1001,19,19,0,38,12.0526,4.384e-05
1002,74,72,2,8,62.6806,0.00412812
1003,38,38,0,76,12.0263,8.016e-05
1004,276,265,12,10,81.1019,0.0157426
1005,34,33,1,8,71.2424,0.00177828
1006,225,225,0,450,12.0622,0.00056736
1007,18,18,0,36,12,3.76e-05
1008,14,14,0,8,73.4286,0.00066456
1009,57,43,15,10,71.2093,0.00231912
1010,8,8,0,16,12,1.68e-05
1011,39,39,0,78,12.0513,9.536e-05
1012,86,81,5,8,76,0.0047144
1013,9,7,2,8,75.2857,0.00024744
1014,56,56,0,112,12.0536,0.00012656
1015,6,6,0,12,12,1.264e-05
1016,71,63,8,8,77.9365,0.00362116
1017,29,23,6,10,76.0435,0.00110896
1018,38,38,0,76,12.0526,8.592e-05
1019,21,21,0,42,12.0476,5.12e-05
1020,12,12,0,8,76.75,0.00054936
1021,7,7,0,14,12,1.472e-05
1022,121,90,34,8,79.0889,0.0052248
1023,68,68,0,136,12.0588,0.00018288
1024,11,11,0,8,70.6364,0.00044424
1025,104,104,0,208,12.0673,0.00028528
1026,81,69,20,8,61.5942,0.00399616
1027,7,7,0,14,12,1.472e-05
1028,47,47,0,94,12.0426,0.0001088
1029,62,47,17,8,81.8511,0.00262068
1030,12,10,2,8,85.6,0.00039344
1031,38,38,0,76,12.0526,0.00010288
1032,7,7,0,14,12,1.472e-05
1033,31,31,0,8,81.1935,0.00166504
1034,17,17,0,34,12,3.552e-05
1035,45,37,8,8,59.7838,0.00201864
1036,26,26,0,52,12.0385,6e-05
1037,22,22,0,8,50.2727,0.00113132
1038,12,12,0,24,12,2.512e-05
1039,18,18,0,8,56.6667,0.0008946
1040,10,10,0,20,12,2.096e-05
1041,29,29,0,8,61.4483,0.00152132
1042,16,16,0,32,12,3.344e-05
1043,47,41,6,8,67.122,0.00228616
1044,124,111,13,8,77.8649,0.00652768
1045,23,23,0,46,12.0435,4.864e-05
1046,6,6,0,8,64.1667,0.00017036
1047,85,85,0,170,12.0588,0.00021344
1048,869,801,73,8,75.1336,0.0482272
1049,19,12,12,8,76.1667,0.000529
1050,4,4,0,8,12,8.48e-06
1051,524,524,0,1048,12.0573,0.00122576
1052,8,8,0,16,12,1.68e-05
1053,56,47,9,8,80.6383,0.00263632
1054,29,20,13,8,82.15,0.0009888
1055,14,13,1,8,79.7692,0.00060148
1056,39,39,0,78,12.0513,9.344e-05
1057,18,18,0,36,12.0556,4.4e-05
1058,8,8,0,16,12,1.68e-05
1059,20,13,7,8,79.9231,0.00060772
1060,207,191,16,8,78.5707,0.0113246
1061,122,122,0,244,12.0574,0.00028592
1062,15,15,0,8,80,0.00069512
1063,9,9,0,18,12,1.888e-05
1064,267,239,29,8,72.3849,0.0142565
1065,103,83,26,10,79.2651,0.00476016
1066,59,48,11,10,83.5417,0.00265008
1067,183,183,0,366,12.0601,0.0004432
1068,74,74,0,148,12.0541,0.00019696
1069,38,38,0,76,12.0526,9.968e-05
1070,141,124,17,8,79.0645,0.00728592
1071,18,12,6,8,78.8333,0.00050596
1072,136,122,15,8,59.9672,0.00715636
1073,83,83,0,166,12.0602,0.0002032
1074,8,8,0,16,12,1.744e-05
1075,79,79,0,158,12.0506,0.00017664
1076,70,56,17,8,83.6429,0.00315936
1077,28,23,6,8,80.7391,0.00117608
1078,47,47,0,94,12.0638,0.00012032
1079,15,15,0,30,12,3.264e-05
1080,34,24,11,10,79.5833,0.0012636
1081,28,25,3,10,80.64,0.001324
1082,43,36,10,8,79.8056,0.00196184
1083,25,15,13,8,81.4,0.00070408
1084,70,55,24,6,77.6364,0.0032022
1085,22,22,0,44,12.0455,5.52e-05
1086,20,20,0,40,12.05,4.528e-05
1087,25,25,0,50,12.04,5.856e-05
1088,25,22,3,8,82.5,0.00111696
1089,14,14,0,28,12,3.376e-05
1090,35,35,0,70,12.0286,7.552e-05
1091,19,16,3,8,80.9375,0.0007686
1092,17,15,2,8,84.3333,0.00071736
1093,13,13,0,26,12,2.752e-05
1094,9,9,0,18,12,1.984e-05
1095,106,93,17,8,71.4731,0.00539492
1096,24,24,0,8,82.3333,0.00123084
1097,66,66,0,132,12.0455,0.000156
1098,13,13,0,26,12,2.72e-05
1099,99,80,20,10,77.8,0.0046268
1100,63,63,0,126,12.0635,0.00016096
1101,29,26,3,8,72.1923,0.00136868
1102,126,116,10,8,75.8276,0.00682488
1103,11,9,2,8,80,0.00035632
1104,15,15,0,30,12,3.2e-05
1105,86,86,0,172,12.0581,0.00021456
1106,7,7,0,14,12,1.472e-05
1107,68,60,10,10,71.3333,0.00339408
1108,152,135,28,10,78.2,0.00793752
1109,46,46,0,92,12.0435,0.00011056
1110,93,93,0,186,12.0538,0.00021632
1111,29,25,5,10,77.96,0.0012804
1112,139,121,19,8,72.1405,0.00709204
1113,57,43,19,10,53.4419,0.00239024
1114,17,17,0,34,12,3.744e-05
1115,94,94,0,188,12.0532,0.0002296
1116,41,41,0,82,12.0488,9.952e-05
1117,60,51,9,8,64.2941,0.00290188
1118,32,32,0,64,12.0312,7.376e-05
1119,20,16,4,8,62.25,0.00075924
1120,259,242,17,8,63.6777,0.0144476
1121,11,11,0,22,12,2.496e-05
1122,9,9,0,18,12,1.952e-05
1123,151,151,0,302,12.053,0.0003376
1124,8,8,0,8,45.625,0.00030712
1125,5,5,0,10,12,1.056e-05
1126,22,22,0,8,33.9545,0.00113208
1127,12,12,0,24,12,2.512e-05
1128,95,87,8,8,59.3448,0.00506008
1129,47,47,0,94,12.0426,0.00010112
1130,402,340,79,8,77.9765,0.0203714
1131,305,305,0,610,12.0656,0.00083872
1132,42,40,2,8,82.15,0.00220168
1133,32,32,0,64,12.0312,7.248e-05
1134,12,12,0,8,86.5833,0.0005062
1135,21,15,6,8,81.2667,0.00071084
1136,7,7,0,14,12,1.472e-05
1137,38,30,8,8,76.9333,0.00162924
1138,12,12,0,24,12,2.832e-05
1139,27,27,0,54,12.037,6.464e-05
1140,74,60,14,10,79.55,0.00339448
1141,43,43,0,86,12.0465,0.00010688
1142,100,83,17,8,75.8072,0.00480336
1143,54,54,0,108,12.0556,0.00011888
1144,55,45,10,10,78.2444,0.00243656
1145,76,71,5,10,79.6197,0.00407072
1146,37,37,0,74,12.0541,9.728e-05
1147,11,11,0,22,12,2.56e-05
1148,53,53,0,106,12.0566,0.00011968
1149,47,40,7,8,79,0.00218896
1150,36,31,5,8,81.7419,0.00167584
1151,98,92,6,8,72.3804,0.00534552
1152,27,27,0,54,12.037,6.528e-05
1153,18,18,0,36,12,3.824e-05
1154,61,61,0,122,12.0492,0.0001424
1155,222,211,11,8,75.346,0.0125841
1156,15,15,0,8,71.6,0.00071216
1157,21,21,0,8,73.2381,0.00104096
1158,156,156,0,312,12.0577,0.00038288
1159,9,9,0,18,12,1.888e-05
1160,12,12,0,24,12,2.512e-05
1161,267,254,13,8,79.9567,0.0151834
1162,41,28,19,8,75.9286,0.00147512
1163,29,25,4,8,79.6,0.00131024
1164,159,159,0,318,12.0566,0.00036896
1165,25,18,8,8,83.6667,0.00088444
1166,21,21,0,42,12.0476,5.472e-05
1167,18,18,0,36,12.0556,4.336e-05
1168,54,46,8,8,77.1739,0.00259536
1169,15,15,0,30,12,3.712e-05
1170,31,31,0,62,12.0323,7.104e-05
1171,10,10,0,8,76,0.0004
1172,134,130,4,10,80.0769,0.00763008
1173,6,6,0,12,12,1.264e-05
1174,87,87,0,174,12.046,0.000192
1175,120,102,19,10,85.3333,0.00596608
1176,87,87,0,174,12.0575,0.000224
1177,25,25,0,8,79.52,0.00129548
1178,27,19,8,8,84.9474,0.00093864
1179,14,14,0,28,12,2.928e-05
1180,15,15,0,30,12,3.68e-05
1181,33,27,6,8,86,0.00145304
1182,22,22,0,44,12.0455,5.2e-05
1183,41,35,6,8,79.0857,0.001937
1184,73,72,1,8,75.9861,0.00412468
1185,24,24,0,48,12.0417,5.872e-05
1186,37,37,0,74,12.027,7.776e-05
1187,47,47,0,8,66.1489,0.00265424
1188,25,25,0,50,12.04,5.216e-05
1189,50,44,6,8,67,0.00245052
1190,31,31,0,62,12.0323,7.168e-05
1191,26,26,0,8,49.9615,0.00134452
1192,14,14,0,28,12,2.928e-05
1193,21,21,0,8,57.5238,0.0010846
1194,39,39,0,8,70.8462,0.00214292
1195,12,12,0,24,12,2.512e-05
1196,21,21,0,42,12.0476,4.384e-05
1197,14,14,0,8,65,0.00065672
1198,17,16,1,8,80.125,0.00074268
1199,8,8,0,16,12,1.68e-05
1200,474,379,135,10,75.0633,0.0227318
1201,10,10,0,20,12,2.192e-05
1202,337,337,0,674,12.0682,0.00093344
1203,94,80,19,8,79.725,0.00461324
1204,61,61,0,122,12.0492,0.00014848
1205,26,17,9,8,78.0588,0.00080296
1206,30,21,17,10,78.4286,0.00101536
1207,15,15,0,30,12,3.744e-05
1208,19,19,0,38,12.0526,4.736e-05
1209,66,47,28,10,80.7872,0.00257208
1210,76,66,10,8,79.3333,0.00380904
1211,178,162,16,8,74.1049,0.00961156
1212,122,111,11,8,70.9369,0.00653232
1213,115,103,21,10,67.2913,0.00598904
1214,47,47,0,94,12.0426,0.000112
1215,119,119,0,238,12.0504,0.00027392
1216,68,68,0,136,12.0441,0.00015344
1217,60,60,0,120,12.05,0.00013008
1218,18,18,0,8,80.7778,0.00091272
1219,44,37,7,6,76.5676,0.00206248
1220,10,10,0,20,12,2.096e-05
1221,26,26,0,52,12.0385,6e-05
1222,84,69,16,8,79.7246,0.0039708
1223,23,23,0,8,77.5652,0.0012142
1224,51,51,0,102,12.0588,0.00013312
1225,13,13,0,26,12,2.72e-05
1226,153,137,25,10,71.8905,0.00800712
1227,89,89,0,178,12.0562,0.0002
1228,39,39,0,8,68.359,0.00216684
1229,65,51,16,10,79.0784,0.00281952
1230,18,17,1,8,73.8824,0.00080584
1231,21,21,0,42,12.0476,4.384e-05
1232,43,43,0,86,12.0465,0.00011072
1233,10,10,0,20,12,2.16e-05
1234,88,72,16,10,79.2083,0.004158
1235,6,6,0,8,74.5,0.0001666
1236,58,47,11,10,80.766,0.0025924
1237,25,20,5,8,83.3,0.0010128
1238,58,58,0,116,12.0517,0.00014928
1239,4,4,0,8,12,8.48e-06
1240,40,40,0,80,12.05,0.0001016
1241,14,14,0,28,12,3.408e-05
1242,323,306,18,8,73.2157,0.0183064
1243,76,64,17,8,83.2969,0.003661
1244,222,222,0,444,12.0586,0.00052272
1245,319,287,32,10,78.676,0.01708
1246,108,101,7,10,80.7525,0.00585816
1247,202,202,0,404,12.0545,0.0004824
1248,71,71,0,142,12.0563,0.00016224
1249,338,315,26,8,80.0952,0.018865
1250,221,221,0,442,12.0543,0.00050752
1251,218,194,27,8,80.1804,0.0115406
1252,18,13,5,8,82.0769,0.00059544
1253,138,138,0,276,12.058,0.0003432
1254,8,8,0,16,12,1.68e-05
1255,28,24,4,8,85.75,0.00123064
1256,17,17,0,34,12.0588,4.064e-05
1257,110,103,7,8,79.6117,0.00601232
1258,71,71,0,142,12.0563,0.00016768
1259,52,45,9,8,78.2889,0.00254256
1260,8,8,0,8,75.625,0.00027948
1261,39,39,0,78,12.0513,9.536e-05
1262,5,5,0,10,12,1.056e-05
1263,37,32,5,8,83.125,0.00170636
1264,20,20,0,40,12.05,4.464e-05
1265,48,40,8,8,75.5,0.00224332
1266,32,32,0,64,12.0312,7.536e-05
1267,41,41,0,82,12.0488,9.952e-05
1268,128,109,21,8,75.156,0.00638268
1269,178,158,20,8,77.2595,0.00937524
1270,76,76,0,152,12.0526,0.00019184
1271,117,117,0,234,12.0513,0.00027808
1272,47,42,5,8,75.1667,0.0023234
1273,25,25,0,50,12.04,5.472e-05
1274,61,56,5,8,70.8393,0.0031978
1275,237,213,27,8,77.7512,0.0126708
1276,11,11,0,8,73.5455,0.00044592
1277,36,36,0,8,78.5833,0.0019794
1278,38,38,0,76,12.0526,8.432e-05
1279,144,144,0,288,12.0556,0.00032976
1280,7,7,0,14,12,1.472e-05
1281,19,19,0,38,12.0526,3.968e-05
1282,25,18,7,8,76.6111,0.00089332
1283,110,95,16,10,83.0526,0.0055064
1284,153,137,17,8,82.5839,0.00805856
1285,12,12,0,24,12,2.544e-05
1286,82,82,0,164,12.061,0.00022704
1287,126,126,0,252,12.0556,0.00031184
1288,32,23,9,8,82.1304,0.00119444
1289,43,33,16,8,84.5455,0.00180092
1290,35,29,6,8,84.1379,0.0015538
1291,43,43,0,86,12.0465,9.92e-05
1292,31,25,6,8,84.08,0.00131076
1293,19,19,0,38,12.0526,4.704e-05
1294,27,27,0,54,12.037,6.432e-05
1295,25,25,0,50,12.04,5.984e-05
1296,40,32,8,8,84.1562,0.00174092
1297,28,20,14,8,81.95,0.00102376
1298,19,19,0,38,12.0526,4.768e-05
1299,91,86,8,8,84.407,0.00502272
1300,24,24,0,48,12.0417,5.552e-05
1301,18,18,0,36,12.0556,4.304e-05
1302,53,53,0,106,12.0377,0.00011552
1303,17,16,1,8,87.25,0.00078036
1304,10,10,0,20,12,2.192e-05
1305,64,61,3,10,87.6885,0.00344736
1306,48,48,0,96,12.0417,0.00011216
1307,124,105,21,8,79.181,0.00612608
1308,18,17,1,8,82.5882,0.00084516
1309,75,75,0,150,12.0533,0.00017696
1310,11,11,0,8,76.7273,0.00045744
1311,11,11,0,22,12,2.432e-05
1312,74,66,8,8,78.7727,0.00380408
1313,15,14,1,8,81.7857,0.00063224
1314,7,7,0,14,12,1.472e-05
1315,13,13,0,8,82.3846,0.00060536
1316,45,37,8,8,76.6486,0.00202336
1317,46,46,0,92,12.0435,0.00011472
1318,9,9,0,18,12,1.888e-05
1319,8,8,0,16,12,1.68e-05
1320,26,26,0,52,12.0385,5.968e-05
1321,14,14,0,8,72.4286,0.00062856
1322,44,34,10,8,80.2647,0.0018238
1323,8,8,0,16,12,1.68e-05
1324,29,29,0,58,12.0345,7.072e-05
1325,10,10,0,8,75.1,0.00039748
1326,6,6,0,12,12,1.264e-05
1327,102,78,33,8,82.7821,0.00452788
1328,161,147,14,8,77.5782,0.00867308
1329,65,65,0,130,12.0615,0.00018176
1330,100,100,0,200,12.05,0.00023376
1331,75,64,16,8,74.625,0.00367316
1332,49,49,0,98,12.0408,0.00011264
1333,34,31,3,10,81.7097,0.00167552
1334,40,30,10,10,82.2667,0.001564
1335,302,258,56,8,76.3953,0.015393
1336,27,27,0,54,12.037,6.528e-05
1337,27,27,0,54,12.037,6.944e-05
1338,194,194,0,388,12.0567,0.00045392
1339,78,63,18,10,78.1111,0.00352952
1340,28,20,8,8,81.3,0.00098664
1341,412,389,24,8,76.4627,0.0233368
1342,54,54,0,108,12.0556,0.00013968
1343,15,15,0,30,12,3.648e-05
1344,55,41,14,8,73.878,0.00229332
1345,35,26,9,8,71.8846,0.00137424
1346,247,247,0,494,12.0526,0.00056
1347,54,50,4,8,77.88,0.00279472
1348,37,37,0,74,12.0541,9.728e-05
1349,21,21,0,42,12.0476,4.768e-05
1350,31,26,5,8,84.4615,0.00134036
1351,41,41,0,82,12.0488,9.504e-05
1352,20,20,0,40,12.05,4.656e-05
1353,14,10,4,8,82.5,0.00037216
1354,43,35,8,8,70.9143,0.0019358
1355,23,15,11,8,72.9333,0.00069076
1356,8,8,0,16,12,1.936e-05
1357,25,25,0,50,12.04,5.792e-05
1358,13,13,0,26,12,3.104e-05
1359,21,21,0,8,71.8095,0.00106936
1360,12,12,0,24,12,2.512e-05
1361,19,19,0,8,65.4211,0.0009402
1362,11,11,0,22,12,2.304e-05
1363,118,100,18,8,77.21,0.00582352
1364,73,73,0,146,12.0548,0.00018688
1365,42,38,4,8,80.1842,0.00206508
1366,22,22,0,44,12.0455,4.88e-05
1367,101,72,45,10,81.7083,0.00414368
1368,56,56,0,112,12.0536,0.00015024
1369,12,11,1,8,84.5455,0.00046668
1370,67,56,11,8,76.75,0.00319088
1371,81,64,18,8,78.2656,0.00368372
1372,111,92,19,8,81.5761,0.00534168
1373,7,7,0,14,12,1.472e-05
1374,41,41,0,82,12.0488,0.00010208
1375,49,49,0,98,12.0612,0.00013088
1376,77,77,0,154,12.0519,0.00018848
1377,182,146,36,8,80.774,0.008626
1378,101,101,0,202,12.0495,0.00023904
1379,5,5,0,8,46.2,0.00011048
1380,119,100,23,8,73.05,0.0058172
1381,4,4,0,8,12,8.48e-06
1382,20,20,0,8,63.4,0.00101852
1383,68,68,0,136,12.0588,0.0001704
1384,16,15,1,8,70.6,0.00070644
1385,11,11,0,22,12,2.304e-05
1386,9,9,0,18,12,1.888e-05
1387,28,27,1,10,74.3704,0.00139152
1388,51,45,6,8,77.3111,0.00251112
1389,21,21,0,42,12.0476,4.672e-05
1390,32,32,0,64,12.0312,7.248e-05
1391,114,90,24,8,79.3889,0.0052306
1392,209,184,32,8,83.1141,0.0109135
1393,89,72,18,8,78.1667,0.00413992
1394,69,69,0,138,12.058,0.0001808
1395,5,5,0,8,77.8,9.096e-05
1396,133,133,0,266,12.0602,0.00033696
1397,58,58,0,116,12.0517,0.0001496
1398,4,4,0,8,12,8.48e-06
1399,97,80,21,10,82.15,0.00462168
1400,156,142,15,8,80.6268,0.0084114
1401,76,63,13,8,81.619,0.00359512
1402,70,70,0,140,12.0571,0.0001896
1403,105,105,0,210,12.0476,0.00023968
1404,58,58,0,116,12.0517,0.00014864
1405,44,31,13,8,82.871,0.00168052
1406,59,47,12,8,79.7872,0.00260964
1407,37,26,18,10,82.1154,0.00128256
1408,37,26,11,8,76.3846,0.00134948
1409,24,24,0,48,12.0417,5.776e-05
1410,38,38,0,76,12.0526,9.232e-05
1411,24,24,0,48,12.0417,6.096e-05
1412,45,38,7,10,79.1316,0.0021
1413,22,22,0,44,12.0455,5.808e-05
1414,87,76,14,8,83.4868,0.00440184
1415,32,32,0,64,12.0312,7.824e-05
1416,55,55,0,110,12.0545,0.0001264
1417,26,25,1,8,82.84,0.00130268
1418,221,204,20,8,81.8529,0.0121587
1419,14,14,0,28,12,2.992e-05
1420,129,129,0,258,12.0543,0.0002864
1421,308,269,41,10,81.9777,0.0159995
1422,204,204,0,408,12.0637,0.0005256
1423,81,68,13,10,84.1618,0.00389352
1424,61,61,0,122,12.0492,0.00016064
1425,151,141,10,10,85.7872,0.008338
1426,121,121,0,242,12.0579,0.00028928
1427,225,196,31,8,83.3469,0.0116422
1428,34,24,10,8,86.125,0.00126672
1429,188,171,22,8,81.3801,0.0101111
1430,144,144,0,288,12.0556,0.00035632
1431,97,89,11,8,83.3596,0.0051568
1432,11,8,3,8,81,0.00029692
1433,22,22,0,44,12.0455,5.104e-05
1434,115,115,0,230,12.0522,0.00025504
1435,60,60,0,120,12.05,0.00013776
1436,6,6,0,12,12,1.264e-05
1437,26,21,5,8,85.5714,0.00108992
1438,27,18,9,8,84.6667,0.00086944
1439,15,15,0,30,12,3.712e-05
1440,15,15,0,30,12,3.648e-05
1441,22,20,2,8,86.4,0.0010184
1442,13,13,0,26,12,2.944e-05
1443,43,37,6,10,84.9189,0.00195552
1444,167,140,29,10,79.4286,0.00828336
1445,27,27,0,54,12.037,6.688e-05
1446,122,122,0,244,12.0574,0.00032048
1447,371,279,138,8,82.8208,0.0166555
1448,230,230,0,460,12.0652,0.00063568
1449,19,17,2,8,85.5882,0.00080512
1450,11,11,0,22,12,2.336e-05
1451,43,39,4,10,82.2564,0.00208872
1452,73,63,10,10,80.0317,0.00355136
1453,34,34,0,68,12.0588,7.952e-05
1454,60,60,0,120,12.05,0.00014544
1455,228,209,21,8,73.4976,0.0124451
1456,52,39,13,8,77.4872,0.0021654
1457,21,12,9,8,81.5,0.00051748
1458,144,144,0,288,12.0556,0.00032304
1459,37,37,0,74,12.0541,9.408e-05
1460,10,10,0,20,12,2.352e-05
1461,57,48,9,8,83.1875,0.00272064
1462,89,75,14,10,85.7067,0.00434584
1463,34,34,0,68,12.0588,8.528e-05
1464,62,62,0,124,12.0645,0.00016176
1465,65,56,9,8,85.2679,0.00319496
1466,33,23,10,8,84.6087,0.00118084
1467,41,41,0,82,12.0488,0.0001024
1468,51,41,11,8,77.9756,0.00226208
1469,19,19,0,38,12.0526,4.544e-05
1470,38,38,0,76,12.0526,9.552e-05
1471,144,113,32,8,71.2389,0.00663484
1472,98,98,0,196,12.0612,0.00026416
1473,206,145,92,8,80.5586,0.0085506
1474,136,136,0,272,12.0588,0.0003544
1475,59,45,14,8,59.1111,0.00251
1476,33,18,25,8,78,0.0008784
1477,106,90,16,8,78.1667,0.00524532
1478,102,85,17,8,76.6471,0.00496324
1479,33,33,0,66,12.0606,8.544e-05
1480,15,15,0,30,12,3.872e-05
1481,67,67,0,134,12.0448,0.00015776
1482,61,61,0,122,12.0492,0.00013888
1483,26,26,0,8,62.5,0.00136272
1484,14,14,0,28,12,2.928e-05
1485,138,132,6,8,82.3485,0.00780708
1486,35,26,9,10,83.0769,0.00131472
1487,15,11,4,8,80.3636,0.00044376
1488,90,90,0,180,12.0556,0.00020304
1489,23,23,0,46,12.0435,5.76e-05
1490,55,46,10,8,83.413,0.00256644
1491,8,8,0,16,12,1.68e-05
1492,53,45,8,8,83.0667,0.00251504
1493,34,34,0,68,12.0588,8.144e-05
1494,28,28,0,56,12.0357,6.192e-05
1495,55,42,16,8,84.619,0.00232348
1496,35,35,0,70,12.0571,8.672e-05
1497,63,54,11,8,79.8889,0.00307688
1498,290,263,28,10,80.3536,0.0156549
1499,143,127,16,8,80.6142,0.00746636
1500,69,55,20,8,78.5636,0.00311036
1501,38,38,0,76,12.0526,9.456e-05
1502,193,193,0,386,12.057,0.00044928
1503,83,83,0,166,12.0482,0.00018688
1504,38,38,0,76,12.0526,8.464e-05
1505,16,16,0,8,82,0.00077428
1506,9,9,0,18,12,1.888e-05
1507,40,36,4,8,84.6944,0.00198308
1508,34,24,15,8,83.5,0.00125992
1509,27,27,0,54,12.037,6.144e-05
1510,22,22,0,44,12.0455,5.392e-05
1511,89,78,11,8,81.7436,0.00450444
1512,60,60,0,120,12.05,0.0001512
1513,45,41,4,8,83.4146,0.00226848
1514,24,24,0,48,12.0417,5.104e-05
1515,93,72,22,8,81.5139,0.00416732
1516,60,60,0,120,12.05,0.00014768
1517,138,106,32,8,82.0472,0.00618784
1518,87,87,0,174,12.0575,0.00023424
1519,62,50,12,8,80.36,0.00284812
1520,240,214,26,8,70.4673,0.0127408
1521,41,41,0,82,12.0488,9.44e-05
1522,90,76,16,8,80.2895,0.00437148
1523,153,153,0,306,12.0523,0.0003504
1524,29,19,15,8,83.6842,0.0009608
1525,53,53,0,106,12.0566,0.0001328
1526,112,91,28,8,76.2637,0.00528076
1527,13,13,0,26,12,2.784e-05
1528,120,112,8,8,78.9464,0.00655004
1529,36,36,0,8,80.6111,0.0019482
1530,66,66,0,132,12.0455,0.0001544
1531,72,72,0,144,12.0556,0.00016912
1532,19,19,0,38,12.0526,3.968e-05
1533,36,30,7,10,78.4333,0.00156696
1534,17,14,3,8,80.2143,0.00066748
1535,70,66,4,10,76.5758,0.00371728
1536,22,22,0,44,12.0455,5.168e-05
1537,23,14,9,8,79,0.00066784
1538,8,8,0,16,12,1.744e-05
1539,54,54,0,108,12.0556,0.00012272
1540,157,139,27,8,45.4029,0.00822124
1541,63,49,14,8,81.0204,0.00274076
1542,12,12,0,24,12,2.8e-05
1543,33,28,5,8,83.5,0.00148876
1544,34,34,0,68,12.0588,8.176e-05
1545,19,19,0,38,12.0526,4.544e-05
1546,33,26,7,8,79.6154,0.00139604
1547,30,22,8,8,79.9545,0.00113032
1548,6,6,0,8,77,0.00016384
1549,12,8,4,8,75.375,0.00029524
1550,20,20,0,40,12.05,4.88e-05
1551,19,19,0,38,12.0526,4.544e-05
1552,4,4,0,8,12,8.48e-06
1553,6,6,0,12,12,1.264e-05
1554,240,220,20,8,82.4455,0.013127
1555,22,22,0,8,81.6364,0.00112468
1556,159,159,0,318,12.0629,0.00040736
1557,12,12,0,24,12,2.512e-05
1558,9,9,0,8,81.6667,0.00035744
1559,6,6,0,12,12,1.264e-05
1560,24,20,4,8,82.3,0.00100952
1561,31,22,9,10,82.0909,0.00113232
1562,13,13,0,26,12,2.912e-05
1563,20,20,0,40,12.05,4.944e-05
1564,10,10,0,8,86.3,0.00042036
1565,9,9,0,8,75,0.00033004
1566,45,38,7,8,78.0789,0.0020832
1567,6,6,0,12,12,1.264e-05
1568,6,6,0,12,12,1.264e-05
1569,26,26,0,52,12.0385,6e-05
1570,24,23,1,10,81.4348,0.00111712
1571,59,54,5,8,81.3333,0.00304624
1572,16,16,0,32,12,3.536e-05
1573,45,45,0,90,12.0444,0.0001072
1574,17,16,1,8,83.375,0.00076984
1575,10,10,0,20,12,2.192e-05
1576,10,10,0,8,56.3,0.00039516
1577,23,23,0,8,70.2174,0.00119632
1578,6,6,0,12,12,1.264e-05
1579,15,15,0,8,73.2,0.00068732
1580,13,13,0,26,12,2.72e-05
1581,9,9,0,18,12,1.888e-05
1582,23,23,0,8,73.6957,0.00118628
1583,22,22,0,8,77.3636,0.0011478
1584,13,13,0,26,12,2.72e-05
1585,12,12,0,24,12,2.512e-05
1586,11,11,0,8,74.7273,0.00046388
1587,65,56,9,8,80.8036,0.00319464
1588,7,7,0,14,12,1.472e-05
1589,33,33,0,66,12.0303,7.488e-05
1590,80,72,8,8,80.0556,0.00413572
1591,43,42,1,10,78.381,0.0022856
1592,53,53,0,106,12.0566,0.00013312
1593,36,36,0,72,12.0556,8.08e-05
1594,41,40,1,10,83.325,0.00221776
1595,34,34,0,68,12.0294,7.6e-05
1596,230,211,19,8,60.9479,0.0125696
1597,70,63,8,8,79.4127,0.0035942
1598,7,7,0,8,74.8571,0.00022048
1599,136,136,0,272,12.0515,0.00030192
1600,49,39,10,8,77.8462,0.00216168
1601,47,47,0,94,12.0426,0.00010976
1602,59,52,9,8,79.75,0.00293216
1603,5,5,0,10,12,1.056e-05
1604,37,28,12,8,73.25,0.00147584
1605,40,34,6,10,74.9118,0.00187184
1606,28,28,0,56,12.0357,6.896e-05
1607,53,46,7,8,73.2391,0.00255044
1608,43,43,0,86,12.0465,0.0001072
1609,46,38,15,8,75.5,0.00207312
1610,101,88,20,8,63.8068,0.0051358
1611,22,22,0,44,12.0455,5.264e-05
1612,25,25,0,50,12.04,6.336e-05
1613,38,38,0,76,12.0526,8.72e-05
1614,27,27,0,54,12.037,6.24e-05
1615,80,80,0,160,12.05,0.00017136
1616,63,63,0,126,12.0476,0.0001456
1617,16,15,1,8,78.1333,0.00070176
1618,73,65,8,8,72.6923,0.00371876
1619,9,9,0,18,12,1.952e-05
1620,46,46,0,92,12.0435,0.00010608
1621,93,74,24,8,75.6892,0.00425988
1622,55,47,8,10,73.9787,0.00262336
1623,57,57,0,114,12.0526,0.00015296
1624,97,83,16,8,66.3494,0.00483808
1625,39,39,0,78,12.0513,9.856e-05
1626,62,62,0,124,12.0484,0.000148
1627,58,51,7,8,76.7451,0.00285668
1628,21,19,2,8,64.5263,0.00095324
1629,81,75,6,10,79.5733,0.00434816
1630,75,61,14,8,66.8689,0.0035118
1631,42,42,0,84,12.0476,0.0001048
1632,11,11,0,22,12,2.368e-05
1633,8,6,2,8,72,0.00018004
1634,63,63,0,126,12.0476,0.0001552
1635,51,51,0,102,12.0588,0.0001328
1636,18,13,5,8,78.7692,0.00057952
1637,5,5,0,10,12,1.056e-05
1638,9,9,0,18,12,1.952e-05
1639,19,14,5,8,83.4286,0.0006522
1640,18,12,6,8,82.75,0.00049956
1641,83,66,23,8,66.8939,0.00379092
1642,10,10,0,20,12,2.256e-05
1643,10,10,0,20,12,2.416e-05
1644,47,47,0,94,12.0426,0.00011072
1645,8,8,0,8,23.625,0.00028288
1646,221,176,57,8,68.3523,0.0104323
1647,5,5,0,10,12,1.056e-05
1648,128,128,0,256,12.0625,0.0003352
1649,41,35,7,8,71.2857,0.00189696
1650,173,137,37,8,72.2482,0.00807564
1651,23,23,0,46,12.0435,5.184e-05
1652,126,126,0,252,12.0635,0.0003352
1653,9,9,0,8,60.8889,0.00031784
1654,42,40,2,10,75.425,0.00215368
1655,17,17,0,8,77.2353,0.0008428
1656,6,6,0,12,12,1.264e-05
1657,25,25,0,50,12.04,5.472e-05
1658,154,137,18,10,56.1168,0.00804568
1659,10,10,0,20,12,2.096e-05
1660,44,38,6,8,67.6316,0.00212032
1661,100,100,0,200,12.05,0.00023088
1662,11,11,0,8,59.9091,0.00045628
1663,28,28,0,56,12.0357,6.544e-05
1664,7,7,0,14,12,1.472e-05
1665,25,24,1,8,76.4167,0.00124268
1666,137,121,18,8,72.1488,0.00712848
1667,13,13,0,26,12,2.784e-05
1668,92,92,0,184,12.0543,0.0002216
1669,76,61,17,10,75.7049,0.00346824
1670,70,55,17,10,79.5455,0.0030576
1671,46,35,11,10,68.3429,0.00185672
1672,54,54,0,108,12.0556,0.00014256
1673,48,48,0,96,12.0625,0.00012592
1674,33,33,0,66,12.0606,8.8e-05
1675,18,16,2,8,81.75,0.0007738
1676,54,50,4,8,80.02,0.0028354
1677,10,10,0,20,12,2.224e-05
1678,36,36,0,72,12.0556,8.784e-05
1679,60,59,1,8,78.8644,0.00338996
1680,30,30,0,60,12.0333,6.288e-05
1681,24,13,16,8,72.8462,0.00058796
1682,9,9,0,18,12,2.016e-05
1683,33,33,0,8,38.6364,0.00180136
1684,18,18,0,36,12,3.76e-05
1685,263,215,52,8,79.586,0.0128249
1686,36,34,2,8,58.6471,0.0018354
1687,186,186,0,372,12.0645,0.0005032
1688,19,19,0,38,12.0526,3.968e-05
1689,92,73,19,10,79.5616,0.00421616
1690,62,62,0,124,12.0645,0.00017392
1691,59,46,13,8,79.5,0.00258088
1692,40,40,0,80,12.05,0.0001064
1693,11,8,3,8,71.5,0.000307
1694,31,22,17,10,66.8636,0.00110528
1695,6,6,0,12,12,1.264e-05
1696,20,20,0,40,12.05,5.104e-05
1697,27,27,0,8,79.3333,0.00144444
1698,15,15,0,30,12,3.136e-05
1699,23,23,0,8,61.7826,0.00120484
1700,60,60,0,8,56.0667,0.00340196
1701,13,13,0,26,12,2.72e-05
1702,31,31,0,62,12.0323,6.464e-05
1703,19,19,0,8,60.1053,0.00096472
1704,56,56,0,8,58.3214,0.00320876
1705,11,11,0,22,12,2.304e-05
1706,29,29,0,58,12.0345,6.048e-05
1707,14,14,0,8,47.1429,0.00064272
1708,8,8,0,16,12,1.68e-05
1709,22,22,0,8,50.4091,0.00114092
1710,12,12,0,24,12,2.512e-05
1711,59,59,0,8,48.1356,0.00333944
1712,16,16,0,8,41.9375,0.00077128
1713,13,13,0,8,45.1538,0.00058436
1714,31,31,0,62,12.0323,6.464e-05
1715,9,9,0,18,12,1.888e-05
1716,8,8,0,16,12,1.68e-05
1717,42,42,0,8,39.2381,0.0023274
1718,22,22,0,44,12.0455,4.592e-05
1719,94,91,3,8,55.6484,0.00531052
1720,49,49,0,98,12.0408,0.000104
1721,37,33,4,8,81.0303,0.0018146
1722,326,265,77,8,77.8528,0.0158116
1723,18,18,0,8,78.1667,0.00090744
1724,21,21,0,42,12.0476,4.768e-05
1725,217,217,0,434,12.0645,0.00057024
1726,10,10,0,20,12,2.096e-05
1727,41,36,6,8,76.5833,0.00198628
1728,21,21,0,42,12.0476,4.48e-05
1729,79,72,7,8,77.9583,0.00415272
1730,40,32,8,8,81.1875,0.00172204
1731,49,49,0,98,12.0612,0.00012064
1732,23,23,0,46,12.0435,5.76e-05
1733,69,59,18,8,52.3898,0.00334644
1734,31,31,0,62,12.0323,6.464e-05
1735,131,124,7,8,65.5,0.00727268
1736,69,69,0,138,12.0435,0.00015328
1737,7,7,0,8,62.7143,0.00023084
1738,5,5,0,10,12,1.056e-05
1739,36,34,2,8,68.9706,0.0018684
1740,20,20,0,40,12.05,4.336e-05
1741,12,12,0,8,46.1667,0.00055024
1742,35,35,0,8,42.8,0.0019112
1743,7,7,0,14,12,1.472e-05
1744,19,19,0,38,12.0526,3.968e-05
1745,49,49,0,8,40.5306,0.00273404
1746,17,17,0,8,36.7647,0.00082188
1747,26,26,0,52,12.0385,5.424e-05
1748,10,10,0,20,12,2.096e-05
1749,179,141,50,8,68.9929,0.00833172
1750,101,101,0,202,12.0594,0.00026592
1751,18,18,0,8,59.9444,0.00090216
1752,10,10,0,20,12,2.096e-05
1753,134,127,7,8,71.1575,0.0074828
1754,77,77,0,154,12.0519,0.00017952
1755,16,16,0,8,65.8125,0.00077648
1756,19,19,0,8,74.8421,0.00094496
1757,118,108,10,8,73.7778,0.00631752
1758,9,9,0,18,12,1.888e-05
1759,11,11,0,22,12,2.304e-05
1760,66,66,0,132,12.0455,0.0001496
1761,43,43,0,8,66.6512,0.00238908
1762,76,64,12,8,74.1562,0.00369252
1763,23,23,0,46,12.0435,4.8e-05
1764,44,44,0,88,12.0455,0.00010992
1765,36,30,6,10,71.5333,0.00161088
1766,25,15,10,8,79.1333,0.00068956
1767,22,22,0,44,12.0455,5.168e-05
1768,13,13,0,26,12,3.072e-05
1769,30,30,0,8,53.1333,0.00159572
1770,16,16,0,32,12,3.344e-05
1771,24,24,0,8,48.6667,0.00125552
1772,861,641,342,8,78.5944,0.0385604
1773,13,13,0,26,12,2.72e-05
1774,595,595,0,1190,12.0689,0.0016992
1775,77,58,26,8,72.3103,0.00329216
1776,43,43,0,86,12.0465,0.00010752
1777,31,19,21,8,69.4211,0.00096556
1778,42,34,10,8,79.6176,0.00188028
1779,12,12,0,24,12,2.544e-05
1780,25,25,0,50,12.04,5.792e-05
1781,112,92,22,10,79.1304,0.0053228
1782,23,23,0,8,80.087,0.00116596
1783,644,591,57,8,73.4095,0.0355197
1784,13,13,0,26,12,2.72e-05
1785,374,374,0,748,12.0535,0.00083312
1786,186,163,24,8,82.7914,0.00965712
1787,118,118,0,236,12.0593,0.0003064
1788,54,44,10,8,83.0227,0.00247452
1789,36,36,0,72,12.0556,9.296e-05
1790,84,70,14,8,74.6429,0.00403912
1791,86,75,11,8,74.6667,0.00431308
1792,51,51,0,102,12.0588,0.0001232
1793,46,39,11,8,61.1282,0.00215936
1794,52,52,0,104,12.0577,0.00012048
1795,195,171,25,8,72.7135,0.0101099
1796,23,23,0,46,12.0435,5.024e-05
1797,42,36,6,10,74.0833,0.0019508
1798,124,124,0,248,12.0565,0.0003176
1799,25,25,0,50,12.04,6.112e-05
1800,50,38,12,10,71.6053,0.00205232
1801,24,23,1,10,79.2174,0.0011556
1802,61,51,10,10,72.7059,0.00289552
1803,60,51,10,8,75.1176,0.00287392
1804,31,31,0,62,12.0645,8.064e-05
1805,16,16,0,32,12,3.536e-05
1806,39,39,0,78,12.0513,9.248e-05
1807,35,35,0,70,12.0571,8.224e-05
1808,15,15,0,8,71.1333,0.00072108
1809,9,9,0,18,12,1.888e-05
1810,34,34,0,8,68.5882,0.0018436
1811,18,18,0,36,12,3.76e-05
1812,87,78,9,8,75.3846,0.0044892
1813,43,43,0,86,12.0465,9.152e-05
1814,79,72,7,8,65,0.0041778
1815,49,49,0,98,12.0612,0.00012128
1816,72,58,14,8,70.7069,0.00332984
1817,47,47,0,94,12.0426,0.00011296
1818,20,20,0,8,54.45,0.00099404
1819,43,43,0,8,57.6279,0.0023692
1820,11,11,0,22,12,2.304e-05
1821,23,23,0,46,12.0435,4.8e-05
1822,24,24,0,8,54.125,0.00126504
1823,20,20,0,8,52.55,0.00098372
1824,101,79,31,10,64.6962,0.00449608
1825,13,13,0,26,12,2.72e-05
1826,11,11,0,22,12,2.304e-05
1827,62,62,0,124,12.0645,0.00016336
1828,53,42,14,8,67.1905,0.00234956
1829,15,14,1,8,83.5714,0.00065868
1830,89,77,16,8,75.4156,0.00443368
1831,33,33,0,66,12.0606,8.48e-05
1832,9,9,0,18,12,1.888e-05
1833,52,52,0,104,12.0385,0.0001192
1834,42,28,22,8,63.8214,0.00150512
1835,24,24,0,48,12.0417,6e-05
1836,135,108,41,8,73.2963,0.00631744
1837,74,74,0,148,12.0541,0.00018864
1838,64,52,12,8,75.8846,0.00295528
1839,39,39,0,78,12.0513,0.00010048
1840,124,110,14,10,80.7364,0.00645112
1841,120,105,15,8,77.2762,0.00612152
1842,70,70,0,140,12.0571,0.00018
1843,254,240,14,8,74.1917,0.0143169
1844,85,85,0,170,12.0588,0.00022016
1845,76,76,0,152,12.0526,0.00017808
1846,9,9,0,8,75.7778,0.0003378
1847,141,141,0,282,12.0496,0.00030848
1848,17,16,1,8,76.125,0.0007566
1849,6,6,0,12,12,1.264e-05
1850,9,9,0,18,12,1.92e-05
1851,40,37,3,8,76.4324,0.00203072
1852,58,46,12,10,76.6304,0.00257392
1853,48,38,16,10,78.2632,0.00201928
1854,97,86,20,8,79.5116,0.00502532
1855,23,23,0,46,12.0435,5.056e-05
1856,42,42,0,84,12.0476,0.00010288
1857,35,35,0,70,12.0571,8.448e-05
1858,59,59,0,118,12.0508,0.00013504
1859,19,19,0,8,60.2105,0.00094728
1860,182,131,70,8,76.916,0.00772128
1861,11,11,0,22,12,2.304e-05
1862,97,97,0,194,12.0619,0.00025728
1863,28,21,13,8,77.381,0.00105228
1864,38,34,4,8,77.6176,0.00182412
1865,29,28,1,8,59.25,0.00150928
1866,18,18,0,36,12.0556,4.208e-05
1867,28,28,0,56,12.0357,6.768e-05
1868,27,22,7,8,80.1818,0.00109728
1869,32,24,8,8,75.9583,0.0012272
1870,15,15,0,30,12,3.36e-05
1871,47,35,16,8,78.8857,0.0019138
1872,32,22,14,8,51.7273,0.00111328
1873,20,20,0,40,12.05,4.752e-05
1874,31,31,0,62,12.0323,7.488e-05
1875,12,12,0,24,12,2.512e-05
1876,56,50,6,10,73.14,0.0028128
1877,131,110,25,6,77.8273,0.00647744
1878,32,32,0,64,12.0312,7.248e-05
1879,85,85,0,170,12.0588,0.00023168
1880,32,22,10,8,65.0455,0.0011234
1881,280,263,17,8,71.7452,0.015676
1882,19,19,0,38,12.0526,4.512e-05
1883,29,23,6,10,77.087,0.00114696
1884,172,172,0,344,12.0523,0.00038576
1885,21,21,0,42,12.0476,5.152e-05
1886,29,29,0,8,82.4483,0.00154472
1887,94,83,11,10,81.4458,0.00474304
1888,91,81,10,8,82.5062,0.00469756
1889,16,16,0,32,12,3.344e-05
1890,63,63,0,126,12.0635,0.00016352
1891,67,67,0,134,12.0597,0.00017024
1892,46,38,8,8,82.5789,0.00208724
1893,29,29,0,58,12.0345,7.296e-05
1894,17,12,5,8,85.75,0.00051828
1895,8,8,0,16,12,1.712e-05
1896,22,22,0,8,56.5909,0.00113796
1897,13,13,0,8,63.3077,0.00056584
1898,12,12,0,24,12,2.512e-05
1899,8,8,0,16,12,1.68e-05
1900,96,93,3,8,58.7312,0.00543736
1901,50,50,0,100,12.04,0.00010512
1902,46,46,0,8,78.7174,0.0025726
1903,24,24,0,48,12.0417,5.008e-05
1904,91,76,16,10,79.5789,0.00437352
1905,207,173,43,8,77.6532,0.010271
1906,57,57,0,114,12.0526,0.00014944
1907,134,134,0,268,12.0672,0.00036688
1908,42,39,3,8,76.9487,0.00216768
1909,255,229,27,10,78.4279,0.013628
1910,30,30,0,60,12.0333,6.832e-05
1911,163,163,0,326,12.0552,0.00037632
1912,201,170,33,8,83.2176,0.0100792
1913,127,127,0,254,12.063,0.0003312
1914,200,185,15,8,78.0919,0.010965
1915,133,133,0,266,12.0602,0.00032384
1916,17,17,0,8,79.5882,0.00082744
1917,33,26,7,8,79.8462,0.00138228
1918,22,14,15,8,86,0.00063352
1919,10,10,0,20,12,2.096e-05
1920,20,20,0,40,12.05,4.752e-05
1921,58,52,6,10,77.1923,0.0029084
1922,12,12,0,24,12,2.896e-05
1923,31,31,0,62,12.0323,6.72e-05
1924,15,15,0,30,12,3.136e-05
1925,36,36,0,8,75.4167,0.00198712
1926,983,876,119,6,80.1678,0.0528051
1927,36,26,10,10,84.1154,0.00137728
1928,340,302,51,10,78.2517,0.0180372
1929,19,19,0,38,12.0526,3.968e-05
1930,688,688,0,1376,12.0625,0.00176048
1931,24,24,0,48,12.0417,6.224e-05
1932,209,209,0,418,12.0526,0.00047584
1933,63,47,16,8,81.5319,0.0026592
1934,40,40,0,80,12.05,0.00010896
1935,35,25,14,8,83.16,0.00130032
1936,21,21,0,42,12.0476,4.992e-05
1937,84,75,9,10,83.0133,0.00433688
1938,247,217,34,8,81.2719,0.0129059
1939,60,60,0,120,12.05,0.00014256
1940,157,157,0,314,12.0573,0.00036896
1941,50,44,6,8,81.7727,0.00246964
1942,142,123,22,8,80.2683,0.00722592
1943,98,84,20,8,82.9881,0.00488612
1944,32,32,0,64,12.0312,7.312e-05
1945,87,87,0,174,12.046,0.00019968
1946,67,67,0,134,12.0597,0.00016
1947,122,105,17,8,80.4762,0.00615424
1948,76,76,0,152,12.0526,0.00018992
1949,110,93,17,10,83.3871,0.00541792
1950,79,79,0,158,12.0633,0.00020384
1951,50,43,7,8,84.3488,0.00238932
1952,36,36,0,72,12.0556,8.752e-05
1953,120,90,39,8,80.9556,0.00522088
1954,71,71,0,142,12.0563,0.00017888
1955,60,56,4,8,79.9643,0.00320412
1956,37,37,0,74,12.0541,8.224e-05
1957,5,5,0,8,66.6,0.00011544
1958,4,4,0,8,12,8.48e-06
1959,21,21,0,8,74.0476,0.00105872
1960,12,12,0,24,12,2.512e-05
1961,48,44,4,10,85.7955,0.00237528
1962,38,38,0,76,12.0526,8.848e-05
1963,27,27,0,8,82.2593,0.00144064
1964,68,52,19,8,80.2115,0.00291768
1965,15,15,0,30,12,3.136e-05
1966,39,39,0,78,12.0513,9.888e-05
1967,267,235,33,8,76.8809,0.0139888
1968,158,158,0,316,12.0506,0.000356
1969,118,87,51,8,82.023,0.0050552
1970,27,19,11,10,76.8947,0.00086856
1971,55,37,21,8,80.6216,0.00203436
1972,78,78,0,156,12.0513,0.00019344
1973,18,18,0,36,12.0556,4.304e-05
1974,35,35,0,70,12.0571,8e-05
1975,127,110,22,8,77.6455,0.00642808
1976,39,29,12,10,76.8966,0.00150024
1977,84,84,0,168,12.0595,0.00020016
1978,22,13,9,8,82.1538,0.00058272
1979,25,25,0,50,12.04,6.496e-05
1980,212,181,31,8,79.768,0.0107601
1981,10,10,0,20,12,2.224e-05
1982,140,140,0,280,12.0571,0.00032496
1983,6,6,0,8,68,0.00014188
1984,18,18,0,8,72.6111,0.00089244
1985,16,16,0,8,79.0625,0.00077152
1986,100,90,10,8,75.3,0.00523712
1987,39,25,15,8,75.44,0.00128088
1988,4,4,0,8,12,8.48e-06
1989,10,10,0,20,12,2.096e-05
1990,9,9,0,18,12,1.888e-05
1991,59,59,0,118,12.0508,0.00013728
1992,18,18,0,36,12.0556,3.92e-05
1993,104,82,29,10,79.5122,0.00478288
1994,65,65,0,130,12.0615,0.0001696
1995,303,278,25,8,75.3633,0.0166183
1996,25,15,19,8,84.9333,0.00068184
1997,182,182,0,364,12.0549,0.00041232
1998,9,9,0,18,12,1.888e-05
1999,133,109,30,8,81.5872,0.00637484
2000,7,7,0,8,71,0.00020732
2001,29,27,2,8,77.1111,0.00140476
2002,95,85,10,8,81.9176,0.00495628
2003,128,104,24,8,80.2404,0.00607712
2004,5,5,0,10,12,1.056e-05
2005,16,16,0,32,12,3.344e-05
2006,58,58,0,116,12.0517,0.00013872
2007,85,85,0,170,12.0471,0.00019584
2008,62,54,8,10,79.2593,0.00298752
2009,46,46,0,92,12.0435,0.00011728
2010,207,173,44,8,83.9653,0.010287
2011,136,136,0,272,12.0588,0.0003608
2012,59,45,15,8,81.5111,0.00252176
2013,30,21,17,10,83.5238,0.00104496
2014,38,38,0,76,12.0526,9.232e-05
2015,19,19,0,38,12.0526,4.48e-05
2016,78,64,17,8,81.8281,0.00368696
2017,115,80,36,8,81.1375,0.0046578
2018,53,53,0,106,12.0566,0.00013024
2019,43,42,1,10,80.9524,0.00231904
2020,64,64,0,128,12.0469,0.00014992
2021,36,36,0,72,12.0556,8.08e-05
2022,64,52,12,8,79.5385,0.00296788
2023,36,36,0,72,12.0556,8.144e-05
2024,82,59,33,8,81.1695,0.00335836
2025,64,48,16,8,82.3542,0.00271996
2026,6,6,0,8,80,0.00014928
2027,44,44,0,88,12.0455,0.0001176
2028,38,38,0,76,12.0526,0.00010032
2029,4,4,0,8,12,8.48e-06
2030,77,66,15,10,79.9091,0.0037308
2031,56,42,18,8,77.7143,0.00232992
2032,9,8,1,8,79.25,0.00026948
2033,55,55,0,110,12.0545,0.00013408
2034,40,40,0,80,12.05,9.744e-05
2035,15,15,0,8,81.4,0.00071676
2036,66,52,14,8,78.5962,0.00294396
2037,6,6,0,12,12,1.264e-05
2038,124,100,24,8,80.48,0.00583228
2039,9,9,0,18,12,1.888e-05
2040,45,45,0,90,12.0444,0.0001088
2041,78,78,0,156,12.0513,0.00018256
2042,174,153,29,10,80.6405,0.00898288
2043,188,162,28,8,81.9259,0.00957016
2044,16,13,3,8,77.6923,0.00056992
2045,122,122,0,244,12.0574,0.00030832
2046,30,22,8,10,85.1818,0.00112616
2047,128,128,0,256,12.0547,0.0003208
2048,8,8,0,16,12,1.68e-05
2049,19,19,0,38,12.0526,4.672e-05
2050,199,168,31,8,80.4167,0.00995804
2051,93,80,15,8,79.85,0.00462352
2052,136,136,0,272,12.0588,0.00033968
2053,74,74,0,148,12.0541,0.00017936
2054,13,9,4,8,81.8889,0.00033484
2055,73,63,10,8,83.1111,0.00361128
2056,7,7,0,14,12,1.472e-05
2057,53,53,0,106,12.0566,0.00013056
2058,36,27,9,10,83.3704,0.00134728
2059,24,24,0,48,12.0417,6.032e-05
2060,34,27,7,8,82.4074,0.0014038
2061,109,78,37,8,81.7821,0.00452468
2062,28,20,16,8,82.65,0.00102756
2063,84,66,25,6,82.9242,0.00381648
2064,84,64,21,8,76.8438,0.00368312
2065,21,21,0,42,12.0476,4.96e-05
2066,72,72,0,144,12.0556,0.00017872
2067,18,18,0,36,12.0556,4.336e-05
2068,49,49,0,98,12.0612,0.0001184
2069,26,23,3,8,79.5217,0.00120468
2070,84,84,0,168,12.0476,0.0001944
2071,46,46,0,92,12.0435,0.00010608
2072,32,25,7,8,83.6,0.00132496
2073,14,14,0,28,12,3.12e-05
2074,18,18,0,36,12.0556,4.208e-05
2075,300,263,39,8,76.2548,0.0156886
2076,44,34,11,8,75.3824,0.00185392
2077,188,167,23,8,79.0299,0.00988152
2078,180,180,0,360,12.0611,0.00045584
2079,27,27,0,54,12.037,7.04e-05
2080,63,51,12,8,77.1961,0.00287312
2081,19,11,8,8,83.8182,0.000462
2082,134,134,0,268,12.0597,0.00032688
2083,35,26,9,8,74.8846,0.00139188
2084,38,38,0,76,12.0526,8.944e-05
2085,9,9,0,18,12,2.144e-05
2086,21,21,0,42,12.0476,4.768e-05
2087,41,39,2,10,80.5641,0.0020828
2088,25,25,0,50,12.04,5.472e-05
2089,96,73,33,8,80.4384,0.00423808
2090,34,28,6,8,81.3929,0.00150164
2091,65,65,0,130,12.0615,0.00016608
2092,23,23,0,46,12.0435,5.536e-05
2093,72,58,15,8,83.6897,0.00331692
2094,59,39,30,8,83.5641,0.00214788
2095,52,52,0,104,12.0577,0.00013328
2096,121,106,15,8,80.5849,0.00619484
2097,36,36,0,72,12.0556,8.656e-05
2098,61,49,12,8,79.8163,0.00277316
2099,89,89,0,178,12.0562,0.00020928
2100,8,6,2,8,80.5,0.00015676
2101,41,41,0,82,12.0488,0.0001024
2102,202,185,18,8,78.5568,0.0109644
2103,67,57,10,8,77.9649,0.00323816
2104,29,18,14,8,83.3333,0.00090384
2105,5,5,0,10,12,1.056e-05
2106,81,69,15,8,77.8986,0.003964
2107,138,138,0,276,12.058,0.00032976
2108,39,39,0,78,12.0513,9.184e-05
2109,16,16,0,32,12,3.984e-05
2110,21,20,1,8,73.3,0.00102776
2111,52,52,0,104,12.0577,0.00012176
2112,165,145,20,8,79.4759,0.00858424
2113,33,21,12,8,81.619,0.00105644
2114,104,104,0,208,12.0577,0.00025488
2115,18,18,0,36,12.0556,4.304e-05
2116,80,66,14,10,82.0303,0.00370384
2117,57,57,0,114,12.0526,0.00015712
2118,31,22,16,8,80.3636,0.00112472
2119,19,19,0,38,12.0526,4.352e-05
2120,17,13,4,8,84.1538,0.000606
2121,11,7,4,8,78.1429,0.00023604
2122,9,9,0,18,12,1.888e-05
2123,6,6,0,12,12,1.264e-05
2124,7,7,0,8,81.4286,0.0001934
2125,91,73,18,8,84.863,0.0042176
2126,5,5,0,10,12,1.056e-05
2127,62,62,0,124,12.0484,0.00015728
2128,20,20,0,8,78.95,0.0010274
2129,97,82,19,8,75.8537,0.0047348
2130,11,11,0,22,12,2.304e-05
2131,72,67,5,10,82.7612,0.00377104
2132,62,62,0,124,12.0484,0.00014032
2133,20,19,1,8,83.2105,0.00093784
2134,54,54,0,108,12.0556,0.00013392
2135,11,11,0,22,12,2.304e-05
2136,27,14,13,8,81.4286,0.00063404
2137,11,11,0,8,74.6364,0.00047516
2138,12,12,0,24,12,2.896e-05
2139,7,7,0,14,12,1.472e-05
2140,67,53,19,8,77.1321,0.00297324
2141,120,103,17,10,78.3883,0.0059616
2142,36,36,0,72,12.0556,8.976e-05
2143,21,16,5,8,82.125,0.0007796
2144,84,84,0,168,12.0595,0.00021456
2145,12,12,0,24,12,2.96e-05
2146,18,12,6,8,80,0.0005372
2147,8,8,0,8,66.375,0.00026516
2148,5,5,0,10,12,1.056e-05
2149,16,16,0,8,77.8125,0.00073644
2150,38,37,1,10,82.8919,0.00202824
2151,9,9,0,18,12,1.888e-05
2152,10,10,0,8,78,0.00039136
2153,31,31,0,62,12.0323,6.912e-05
2154,37,34,3,10,80.5588,0.0018168
2155,43,35,9,8,76.7714,0.00191564
2156,6,6,0,12,12,1.264e-05
2157,29,29,0,58,12.0345,6.56e-05
2158,26,26,0,52,12.0385,6e-05
2159,54,46,13,10,71.0435,0.00259112
2160,73,63,10,6,74.3175,0.00363476
2161,35,35,0,70,12.0571,8.928e-05
2162,23,16,7,8,74.5,0.00076364
2163,45,45,0,90,12.0444,0.0001136
2164,13,13,0,26,12,3.168e-05
2165,27,27,0,8,71.7037,0.001439
2166,365,347,20,8,64.513,0.0208105
2167,11,11,0,22,12,2.304e-05
2168,15,15,0,30,12,3.136e-05
2169,216,216,0,432,12.0556,0.00048144
2170,75,64,11,8,79.5,0.0036436
2171,88,70,21,8,77.6857,0.00403916
2172,43,43,0,86,12.0465,0.00010688
2173,53,53,0,106,12.0566,0.00014112
2174,46,46,0,8,78.3696,0.002575
2175,25,25,0,8,74.76,0.00131764
2176,24,24,0,48,12.0417,5.008e-05
2177,14,14,0,28,12,2.928e-05
2178,31,31,0,8,57.4194,0.00168036
2179,16,16,0,8,55.5,0.0007916
2180,17,17,0,34,12,3.552e-05
2181,9,9,0,18,12,1.888e-05
2182,33,33,0,8,51.1212,0.00177812
2183,18,18,0,36,12,3.76e-05
2184,23,23,0,8,50.3043,0.0011578
2185,13,13,0,26,12,2.72e-05
2186,64,50,21,8,77.48,0.0028378
2187,34,34,0,68,12.0588,8.272e-05
2188,17,17,0,8,72.7059,0.00080456
2189,10,10,0,20,12,2.096e-05
2190,63,51,17,8,80.9804,0.00286344
2191,176,124,79,8,80.5565,0.00731504
2192,35,35,0,70,12.0571,8.48e-05
2193,109,109,0,218,12.055,0.00027264
2194,9,9,0,8,87.2222,0.00031456
2195,104,88,17,10,80.3636,0.00513896
2196,53,35,20,8,82.1143,0.00189904
2197,6,6,0,12,12,1.264e-05
2198,84,65,25,10,78.1538,0.00368016
2199,66,66,0,132,12.0455,0.0001576
2200,91,73,20,10,80.0137,0.00419328
2201,40,33,7,8,83.3636,0.0017984
2202,32,32,0,64,12.0625,8.368e-05
2203,58,58,0,116,12.0517,0.0001544
2204,65,65,0,130,12.0615,0.00016704
2205,25,25,0,50,12.04,6.144e-05
2206,22,22,0,8,81.7273,0.00112604
2207,47,39,8,8,84.9744,0.00218148
2208,12,12,0,24,12,2.512e-05
2209,24,24,0,48,12.0417,5.232e-05
2210,44,33,11,8,82.0909,0.00181928
2211,28,16,14,8,74.125,0.0007606
2212,43,39,4,8,75.2821,0.00215604
2213,30,23,8,10,77.6522,0.00116872
2214,36,36,0,72,12.0556,8.144e-05
2215,14,14,0,28,12,3.28e-05
2216,8,8,0,16,12,1.68e-05
2217,92,71,29,8,80.6056,0.00410928
2218,30,30,0,60,12.0333,6.864e-05
2219,21,21,0,42,12.0476,4.832e-05
2220,55,55,0,110,12.0545,0.0001472
2221,148,135,14,10,81.8667,0.00789544
2222,104,104,0,208,12.0577,0.00025136
2223,16,15,1,8,76.7333,0.00071956
2224,64,52,12,8,82.9423,0.00291928
2225,71,62,9,8,78.0968,0.00357152
2226,9,9,0,18,12,1.888e-05
2227,20,19,1,8,77.5263,0.00093676
2228,39,39,0,78,12.0513,9.92e-05
2229,39,39,0,78,12.0513,8.864e-05
2230,10,10,0,20,12,2.128e-05
2231,49,45,4,8,83.1778,0.00248964
2232,115,100,16,8,78.37,0.00583928
2233,32,32,0,64,12.0312,7.184e-05
2234,78,78,0,156,12.0513,0.00019024
2235,21,19,2,8,74.4737,0.00096556
2236,45,44,1,10,81.7955,0.00242704
2237,12,12,0,24,12,2.512e-05
2238,12,12,0,8,78.0833,0.00050268
2239,38,38,0,76,12.0526,8.56e-05
2240,42,32,10,10,79.9375,0.001734
2241,7,7,0,14,12,1.472e-05
2242,30,30,0,60,12.0333,7.44e-05
2243,506,472,37,8,75.9068,0.028319
2244,96,80,16,10,81.0375,0.00463016
2245,307,307,0,614,12.0554,0.00070272
2246,9,8,1,8,74.25,0.0002728
2247,68,68,0,136,12.0588,0.00017552
2248,6,6,0,12,12,1.264e-05
2249,55,42,15,8,81.6429,0.0023454
2250,40,40,0,80,12.05,0.00010128
2251,30,20,13,8,76.75,0.00100612
2252,18,14,4,8,85.2143,0.00066012
2253,18,18,0,36,12.0556,4.24e-05
2254,72,62,15,8,75.2258,0.00354368
2255,29,21,9,8,78.9524,0.00107348
2256,10,10,0,20,12,2.32e-05
2257,40,40,0,80,12.05,9.136e-05
2258,18,18,0,36,12.0556,4.336e-05
2259,29,27,2,8,80.1481,0.00145692
2260,16,16,0,32,12,3.344e-05
2261,36,31,5,10,75.8387,0.0016032
2262,27,27,0,54,12.037,6.144e-05
2263,41,41,0,8,75.3171,0.00229492
2264,22,22,0,44,12.0455,4.592e-05
2265,38,36,2,10,69.3889,0.00198728
2266,87,73,15,8,73.3836,0.0041828
2267,30,30,0,60,12.0333,6.768e-05
2268,55,55,0,110,12.0545,0.00012864
2269,61,50,16,10,72.16,0.00279808
2270,168,142,26,10,81.8944,0.00840152
2271,35,35,0,70,12.0571,8.256e-05
2272,66,55,11,10,80.7455,0.00306336
2273,121,121,0,242,12.0579,0.00031104
2274,53,44,9,10,80.6591,0.00238824
2275,45,45,0,90,12.0444,0.00011712
2276,38,38,0,76,12.0526,9.104e-05
2277,26,21,5,8,71.7619,0.00105312
2278,13,13,0,26,12,2.784e-05
2279,95,77,23,10,74.2468,0.00447872
2280,22,20,2,8,82.05,0.00101696
2281,39,29,10,8,79.4828,0.00153164
2282,68,68,0,136,12.0588,0.00017488
2283,191,175,17,8,74.6286,0.0103922
2284,12,12,0,24,12,2.608e-05
2285,25,25,0,50,12.04,6.272e-05
2286,40,33,7,8,82.7576,0.00181916
2287,134,134,0,268,12.0522,0.000316
2288,78,66,12,8,66.303,0.00379432
2289,27,27,0,54,12.037,6.656e-05
2290,10,7,3,8,77,0.00022128
2291,45,45,0,90,12.0444,0.00010976
2292,5,5,0,10,12,1.056e-05
2293,30,30,0,8,77.7,0.00161692
2294,18,18,0,8,73.1111,0.00086712
2295,16,16,0,32,12,3.344e-05
2296,10,10,0,20,12,2.096e-05
2297,45,45,0,8,51.8222,0.00250672
2298,24,24,0,48,12.0417,5.008e-05
2299,36,36,0,8,54.6389,0.00198072
2300,19,19,0,38,12.0526,3.968e-05
2301,83,78,5,8,60.1282,0.00451652
2302,43,43,0,86,12.0465,9.216e-05
2303,18,18,0,8,64.1667,0.00086776
2304,10,10,0,20,12,2.096e-05
2305,11,11,0,8,67.3636,0.0004354
2306,7,7,0,14,12,1.472e-05
2307,192,167,31,8,79.2814,0.00989532
2308,95,73,23,8,81.3973,0.00421828
2309,152,152,0,304,12.0658,0.00044208
2310,62,51,11,8,83.8039,0.0028994
2311,60,60,0,120,12.05,0.00016144
2312,61,48,19,8,81.9583,0.00270244
2313,28,14,24,8,77.0714,0.00065476
2314,38,38,0,76,12.0526,9.264e-05
2315,35,26,15,8,83.9615,0.0013608
2316,28,28,0,56,12.0357,5.968e-05
2317,11,11,0,22,12,2.496e-05
2318,59,53,9,6,81.5849,0.00303016
2319,38,31,7,10,82.7097,0.00168696
2320,53,41,12,10,79.5366,0.00221184
2321,21,21,0,42,12.0476,5.056e-05
2322,39,39,0,78,12.0513,8.8e-05
2323,28,28,0,56,12.0357,6.928e-05
2324,38,38,0,76,12.0526,9.808e-05
2325,6,6,0,8,80.6667,0.0001558
2326,64,52,12,10,84.5962,0.00285888
2327,4,4,0,8,12,8.48e-06
2328,41,41,0,82,12.0488,0.00010944
2329,42,37,5,8,77.1892,0.00206216
2330,28,28,0,56,12.0357,6.352e-05
2331,115,93,27,8,73.7097,0.00542584
2332,66,66,0,132,12.0606,0.0001704
2333,61,55,6,10,78.3273,0.00304272
2334,45,45,0,90,12.0444,0.00011392
2335,26,17,15,8,75.9412,0.00083032
2336,15,15,0,30,12,3.712e-05
2337,13,13,0,8,77.8462,0.00058292
2338,84,72,13,8,84.9583,0.00417036
2339,8,8,0,16,12,1.68e-05
2340,59,59,0,118,12.0508,0.00014272
2341,96,88,9,8,84.9318,0.0051362
2342,49,36,13,10,84.0556,0.00196096
2343,67,67,0,134,12.0597,0.00016448
2344,68,55,18,8,83.0727,0.00314464
2345,31,31,0,62,12.0323,7.616e-05
2346,53,53,0,106,12.0566,0.00013504
2347,115,91,24,6,83.7253,0.00535908
2348,57,42,15,8,80.9048,0.00233408
2349,81,81,0,162,12.0617,0.00020192
2350,13,8,5,8,77.125,0.00026772
2351,67,60,7,8,83.5,0.00342848
2352,37,37,0,74,12.0541,8.992e-05
2353,5,5,0,10,12,1.056e-05
2354,56,56,0,112,12.0536,0.00013296
2355,13,13,0,8,83.0769,0.00056152
2356,19,12,7,8,86.9167,0.00050204
2357,8,8,0,16,12,1.68e-05
2358,9,9,0,18,12,1.984e-05
2359,75,65,10,8,82.3231,0.00375412
2360,488,449,41,8,77.5924,0.0269369
2361,47,47,0,94,12.0426,0.00011808
2362,285,285,0,570,12.0561,0.00065568
2363,162,149,13,8,81.6846,0.00878576
2364,106,106,0,212,12.0566,0.00025648
2365,16,16,0,8,75.25,0.00078488
2366,28,25,3,10,78.68,0.00122984
2367,63,50,21,6,82.04,0.002895
2368,9,9,0,18,12,1.888e-05
2369,184,163,21,8,77.6687,0.00966548
2370,20,20,0,40,12.05,4.528e-05
2371,34,34,0,68,12.0294,7.76e-05
2372,108,108,0,216,12.0556,0.00024496
2373,55,45,10,10,87.2444,0.0024868
2374,138,126,13,10,83.9365,0.00738888
2375,119,119,0,238,12.0588,0.00029408
2376,156,136,22,10,82.6691,0.00796576
2377,124,124,0,248,12.0645,0.00034224
2378,12,8,4,8,86.875,0.00030832
2379,118,106,17,10,81.5094,0.00615728
2380,6,6,0,12,12,1.264e-05
2381,71,71,0,142,12.0563,0.00015968
2382,58,47,13,10,80.7447,0.0025548
2383,15,11,4,8,83,0.00048308
2384,202,190,12,8,84.0789,0.0112676
2385,39,39,0,78,12.0513,9.984e-05
2386,8,8,0,16,12,1.744e-05
2387,31,22,13,8,82.9091,0.0011238
2388,50,39,15,8,82.3846,0.0021354
2389,24,15,13,8,81.2667,0.00069632
2390,117,117,0,234,12.0513,0.00026048
2391,19,19,0,38,12.0526,4.608e-05
2392,36,36,0,72,12.0556,8.496e-05
2393,13,13,0,26,12,3.04e-05
2394,19,19,0,8,84.6316,0.0009402
2395,81,78,3,8,83.4103,0.00450576
2396,11,11,0,22,12,2.304e-05
2397,50,50,0,100,12.04,0.00010992
2398,16,16,0,8,85.6875,0.00077108
2399,9,9,0,18,12,1.888e-05
2400,23,23,0,8,79,0.00116172
2401,13,13,0,26,12,2.72e-05
2402,25,25,0,8,80.44,0.00133632
2403,14,14,0,28,12,2.928e-05
2404,104,85,19,8,81.8706,0.00493828
2405,60,60,0,120,12.05,0.00015632
2406,88,75,13,8,84.0933,0.00434432
2407,55,55,0,110,12.0545,0.00012864
2408,114,100,14,8,82.3,0.00582052
2409,85,85,0,170,12.0588,0.00021152
2410,15,15,0,8,82.2667,0.00068076
2411,9,9,0,18,12,1.888e-05
2412,24,21,3,10,83.381,0.00107232
2413,86,66,20,10,83.5606,0.00372376
2414,16,16,0,32,12,3.632e-05
2415,54,54,0,108,12.0556,0.00014096
2416,68,55,13,8,85.4364,0.003129
2417,43,43,0,86,12.0465,0.00010368
2418,13,13,0,8,82.3077,0.00057556
2419,480,457,24,6,75.3085,0.0274937
2420,8,8,0,16,12,1.68e-05
2421,285,285,0,570,12.0526,0.0006432
2422,95,87,8,8,86.1954,0.00506932
2423,305,279,33,8,71.2688,0.0166664
2424,68,68,0,136,12.0441,0.00015632
2425,175,175,0,350,12.0571,0.00040288
2426,43,43,0,86,12.0465,0.000104
2427,26,24,2,8,85.2083,0.00127056
2428,13,13,0,26,12,2.784e-05
2429,6,6,0,8,87.5,0.00015
2430,154,145,9,8,86.6138,0.00858408
2431,4,4,0,8,12,8.48e-06
2432,22,18,4,8,87.9444,0.00086592
2433,99,99,0,198,12.0505,0.00023168
2434,13,13,0,26,12,2.976e-05
2435,60,50,10,8,85.56,0.00280928
2436,41,41,0,82,12.0488,9.888e-05
2437,49,45,4,8,84.5778,0.00251524
2438,32,32,0,64,12.0312,7.184e-05
2439,12,12,0,8,85.8333,0.0005472
2440,7,7,0,14,12,1.472e-05
2441,67,66,1,8,76,0.00377068
2442,45,45,0,90,12.0444,0.00010016
2443,34,34,0,8,70.9412,0.00183684
2444,18,18,0,36,12,3.76e-05
2445,17,17,0,8,54.7059,0.00080128
2446,10,10,0,20,12,2.096e-05
2447,8,8,0,8,55,0.00026716
2448,5,5,0,10,12,1.056e-05
2449,29,29,0,8,65.0345,0.00154908
2450,16,16,0,32,12,3.344e-05
2451,28,28,0,8,66.9643,0.00148132
2452,15,15,0,30,12,3.136e-05
2453,17,17,0,8,65.6471,0.00080216
2454,10,10,0,20,12,2.096e-05
2455,100,87,13,10,82.6667,0.00501616
2456,82,66,19,8,83.5606,0.00379264
2457,70,70,0,140,12.0571,0.00018064
2458,49,49,0,98,12.0612,0.0001216
2459,120,101,22,8,74.9208,0.00592176
2460,76,76,0,152,12.0526,0.0001832
2461,163,148,15,8,76.8446,0.00876556
2462,103,103,0,206,12.0485,0.0002368
2463,78,68,12,10,81.6176,0.00383264
2464,38,26,13,8,78.7308,0.00139696
2465,52,39,21,8,81.1795,0.00212984
2466,56,56,0,112,12.0536,0.0001304
2467,17,17,0,8,76.8824,0.00082692
2468,23,23,0,46,12.0435,5.568e-05
2469,36,36,0,72,12.0556,8.752e-05
2470,10,10,0,20,12,2.096e-05
2471,65,50,16,10,81.26,0.00274648
2472,421,392,35,8,67.0561,0.0234881
2473,56,44,13,8,80.9091,0.00243576
2474,43,43,0,86,12.0465,0.00011904
2475,260,260,0,520,12.0538,0.00060208
2476,49,42,7,8,81.2857,0.0023308
2477,37,37,0,74,12.0541,9.152e-05
2478,31,31,0,62,12.0323,7.52e-05
2479,41,29,12,8,84.1379,0.00156552
2480,35,26,9,8,82.7308,0.00135592
2481,24,24,0,48,12.0417,6.416e-05
2482,23,15,16,8,80.6,0.00073156
2483,24,24,0,48,12.0417,5.712e-05
2484,15,15,0,8,79.6,0.00068552
2485,95,84,15,8,78.619,0.00485668
2486,13,13,0,26,12,3.2e-05
2487,111,100,14,8,78.07,0.0058146
2488,53,39,18,8,58.641,0.00215252
2489,9,9,0,18,12,1.888e-05
2490,65,65,0,130,12.0462,0.00015552
2491,78,78,0,156,12.0513,0.0001848
2492,28,28,0,56,12.0357,6.416e-05
2493,35,31,4,8,84.871,0.00167856
2494,19,19,0,38,12.0526,4.224e-05
2495,66,54,13,8,66.1481,0.00308348
2496,16,10,10,8,69.7,0.00037864
2497,335,299,40,8,63.4615,0.0178647
2498,53,43,18,6,76.1395,0.00242552
2499,34,26,8,10,74.0769,0.00129968
2500,49,44,5,8,79.0682,0.002443
2501,42,42,0,84,12.0476,0.00010128
2502,8,8,0,16,12,1.808e-05
2503,190,190,0,380,12.0526,0.00042544
2504,34,34,0,68,12.0588,8.112e-05
2505,22,22,0,44,12.0455,5.424e-05
2506,27,27,0,54,12.037,6.144e-05
2507,103,82,27,10,77.2439,0.0046876
2508,64,64,0,128,12.0625,0.00016528
2509,11,9,2,8,80.7778,0.0003434
2510,7,7,0,14,12,1.504e-05
2511,21,18,3,8,71.6667,0.00088244
2512,13,13,0,26,12,2.944e-05
2513,16,16,0,8,72.6875,0.00077292
2514,9,9,0,18,12,1.888e-05
2515,54,54,0,8,57.6667,0.0030766
2516,37,37,0,8,63.4595,0.00202064
2517,28,28,0,56,12.0357,5.84e-05
2518,20,20,0,40,12.05,4.176e-05
2519,18,18,0,8,67.6667,0.0008612
2520,10,10,0,20,12,2.096e-05
2521,35,35,0,8,47.3429,0.00190988
2522,19,19,0,38,12.0526,3.968e-05
2523,27,27,0,8,66.4074,0.00144916
2524,17,17,0,8,69.8235,0.00083936
2525,68,68,0,8,68.3971,0.00389056
2526,15,15,0,30,12,3.136e-05
2527,10,10,0,20,12,2.096e-05
2528,35,35,0,70,12.0286,7.296e-05
2529,39,28,20,8,71.9286,0.00147256
2530,16,16,0,32,12,3.344e-05
2531,74,71,3,8,72.9437,0.00409552
2532,24,24,0,8,52.4167,0.00124772
2533,38,38,0,76,12.0526,8.112e-05
2534,13,13,0,26,12,2.72e-05
2535,64,48,16,8,77.8333,0.00272196
2536,39,39,0,78,12.0513,0.00010048
2537,88,66,29,10,70.7576,0.00376072
2538,40,40,0,8,78.175,0.00221064
2539,50,50,0,100,12.06,0.00012944
2540,21,21,0,42,12.0476,4.384e-05
2541,91,75,16,10,77.4533,0.0042504
2542,60,60,0,120,12.05,0.00014288
2543,66,58,8,10,75.6379,0.00328696
2544,45,45,0,8,77.2667,0.00249876
2545,38,38,0,76,12.0526,8.88e-05
2546,24,24,0,48,12.0417,5.008e-05
2547,42,38,4,8,78.5526,0.00210712
2548,64,57,7,8,75.9474,0.0032516
2549,251,221,32,8,76.276,0.0131544
2550,22,22,0,44,12.0455,4.688e-05
2551,42,42,0,84,12.0476,0.00010672
2552,56,46,11,10,79.8043,0.00260472
2553,93,79,22,8,78.443,0.00455496
2554,149,149,0,298,12.0537,0.00035104
2555,34,34,0,68,12.0588,8.08e-05
2556,57,57,0,114,12.0526,0.0001344
2557,30,27,3,8,73.963,0.00142416
2558,15,15,0,30,12,3.136e-05
2559,53,38,17,8,78.8947,0.00208196
2560,37,37,0,74,12.0541,9.024e-05
2561,23,21,2,10,87.3333,0.00105472
2562,15,15,0,30,12,3.424e-05
2563,81,69,12,8,78.9565,0.00394596
2564,19,12,7,8,84.75,0.00050436
2565,54,54,0,108,12.0556,0.00012816
2566,118,102,23,8,73.8824,0.00597796
2567,9,9,0,18,12,1.984e-05
2568,81,81,0,162,12.0494,0.00019168
2569,57,46,11,10,77.4348,0.002592
2570,35,35,0,70,12.0571,8.768e-05
2571,27,17,10,8,73.1176,0.00081784
2572,91,78,13,10,76.6923,0.00446464
2573,103,87,19,8,71.2989,0.00507172
2574,83,72,11,8,78.4028,0.00412468
2575,15,15,0,30,12,3.648e-05
2576,56,56,0,112,12.0536,0.00012752
2577,54,54,0,108,12.0556,0.0001208
2578,48,48,0,96,12.0417,0.00011024
2579,6,6,0,8,62.8333,0.0001536
2580,4,4,0,8,12,8.48e-06
2581,106,89,23,10,83.2921,0.00511392
2582,72,72,0,144,12.0556,0.00018288
2583,181,160,23,8,80.2875,0.009459
2584,23,13,10,8,79.3846,0.00056584
2585,116,116,0,232,12.0603,0.00029584
2586,11,11,0,22,12,2.72e-05
2587,130,120,12,8,77.4333,0.00706964
2588,144,136,8,10,81.6838,0.00804512
2589,9,8,1,8,82,0.00025272
2590,76,76,0,152,12.0526,0.00017616
2591,123,123,0,246,12.0569,0.00030784
2592,5,5,0,10,12,1.088e-05
2593,51,45,6,10,80,0.00246592
2594,34,34,0,68,12.0588,8.464e-05
2595,190,175,15,8,78.2286,0.0103543
2596,119,119,0,238,12.0588,0.00029792
2597,11,11,0,8,76.5455,0.00047948
2598,65,58,10,8,72.3966,0.00331468
2599,7,7,0,14,12,1.472e-05
2600,37,37,0,74,12.0541,8.256e-05
2601,22,22,0,8,81.1364,0.00110472
2602,12,12,0,24,12,2.512e-05
2603,122,101,26,8,72.3069,0.00592336
2604,34,28,11,10,67.0714,0.0014256
2605,72,72,0,144,12.0556,0.00018384
2606,13,13,0,8,78.8462,0.00060204
2607,19,19,0,38,12.0526,4.224e-05
2608,8,8,0,16,12,1.68e-05
2609,35,35,0,8,59.2857,0.00191964
2610,19,19,0,38,12.0526,3.968e-05
2611,23,23,0,8,70.1739,0.0011646
2612,13,13,0,26,12,2.72e-05
2613,116,98,22,8,76.5306,0.00573936
2614,19,19,0,8,59.1053,0.00094452
2615,231,206,29,10,79.2767,0.0122539
2616,11,11,0,8,67,0.0004804
2617,62,62,0,124,12.0484,0.00014736
2618,11,11,0,22,12,2.304e-05
2619,174,174,0,348,12.0632,0.00047728
2620,7,7,0,14,12,1.472e-05
2621,63,54,9,10,74.0926,0.0030716
2622,153,143,18,8,73.7902,0.00846388
2623,51,51,0,102,12.0588,0.00012608
2624,86,86,0,172,12.0465,0.00019088
2625,116,113,3,10,80.2655,0.00657112
2626,24,15,9,8,74.2667,0.00070324
2627,82,82,0,164,12.0488,0.000188
2628,13,13,0,26,12,3.168e-05
2629,31,26,5,8,81.2692,0.00136796
2630,20,20,0,40,12.05,4.912e-05
2631,105,103,2,8,72.0874,0.00600836
2632,18,18,0,8,69.5,0.00085584
2633,53,53,0,106,12.0377,0.00011104
2634,10,10,0,20,12,2.096e-05
2635,48,43,5,8,71.093,0.00239496
2636,159,132,29,10,79.9091,0.00777072
2637,25,25,0,50,12.04,5.312e-05
2638,104,104,0,208,12.0673,0.00028656
2639,45,33,13,10,67.0909,0.00173688
2640,30,30,0,60,12.0333,7.28e-05
2641,85,79,6,8,67.3671,0.00457564
2642,67,58,9,10,71.0172,0.00330768
2643,70,68,2,6,77.3382,0.00393756
2644,56,56,0,112,12.0536,0.0001288
2645,46,46,0,92,12.0435,0.0001064
2646,36,36,0,72,12.0278,7.6e-05
2647,302,283,20,8,68.1731,0.0169331
2648,206,206,0,412,12.0583,0.00048688
2649,18,18,0,8,54.3889,0.0008844
2650,10,10,0,20,12,2.096e-05
2651,9,9,0,8,43.6667,0.00033928
2652,39,35,5,8,56.3143,0.00190992
2653,6,6,0,12,12,1.264e-05
2654,19,19,0,38,12.0526,4.032e-05
2655,28,28,0,8,74.0714,0.00150608
2656,79,61,18,8,81.7869,0.00347076
2657,57,45,13,8,78.3556,0.00250852
2658,15,15,0,30,12,3.136e-05
2659,54,45,9,8,79.9778,0.00252356
2660,45,45,0,90,12.0444,0.00011648
2661,37,37,0,74,12.0541,8.96e-05
2662,32,32,0,64,12.0312,8.016e-05
2663,40,29,11,8,77.6552,0.00156248
2664,229,209,21,8,71.1483,0.0124088
2665,22,22,0,44,12.0455,5.648e-05
2666,22,15,7,8,70.2667,0.00072672
2667,49,40,9,8,74.15,0.00222692
2668,23,12,11,8,78.9167,0.00053676
2669,136,136,0,272,12.0515,0.00030544
2670,12,12,0,24,12,2.928e-05
2671,37,37,0,74,12.0541,9.088e-05
2672,30,26,4,8,79.3846,0.00135976
2673,9,9,0,18,12,1.984e-05
2674,24,23,1,8,74.7826,0.00115888
2675,16,16,0,32,12,3.44e-05
2676,14,14,0,28,12,3.056e-05
2677,20,19,1,10,68.9474,0.00096064
2678,13,13,0,26,12,2.88e-05
2679,24,24,0,8,50.9167,0.00123856
2680,13,13,0,26,12,2.72e-05
2681,968,825,179,8,75.0109,0.0496742
2682,653,653,0,1306,12.0643,0.00172096
2683,92,78,23,8,76.5256,0.00449464
2684,291,281,10,8,65.1281,0.0168139
2685,110,94,16,8,75.1915,0.005485
2686,68,68,0,136,12.0588,0.00016112
2687,610,559,57,8,73.1521,0.0336092
2688,153,153,0,306,12.0523,0.00032672
2689,36,28,8,10,76.3214,0.00141248
2690,67,67,0,134,12.0448,0.00015584
2691,28,20,8,8,75.4,0.00103016
2692,372,372,0,744,12.0565,0.000852
2693,21,21,0,42,12.0476,4.992e-05
2694,18,18,0,36,12.0556,4.336e-05
2695,27,27,0,8,68.3704,0.00143288
2696,15,15,0,30,12,3.136e-05
2697,23,23,0,8,78.3913,0.00118972
2698,13,13,0,26,12,2.72e-05
2699,15,15,0,8,76.8667,0.00070588
2700,9,9,0,18,12,1.888e-05
2701,107,83,25,10,83.1084,0.00484352
2702,20,18,2,8,77.7222,0.000872
2703,67,67,0,134,12.0597,0.00018016
2704,19,12,7,8,81,0.00052472
2705,11,11,0,22,12,2.432e-05
2706,32,27,5,10,77.5926,0.00136024
2707,9,9,0,18,12,1.952e-05
2708,23,23,0,46,12.0435,5.28e-05
2709,139,115,24,8,78,0.0067332
2710,103,103,0,206,12.068,0.0002816
2711,52,42,12,8,75.7381,0.0023562
2712,39,39,0,78,12.0513,9.344e-05
2713,35,25,16,8,77.32,0.00130268
2714,70,60,10,8,75.9833,0.00342744
2715,18,18,0,36,12.0556,4.336e-05
2716,50,50,0,100,12.04,0.00011728
2717,32,22,10,10,74.6818,0.0011256
2718,27,16,11,8,56.25,0.00074508
2719,20,20,0,40,12.05,4.784e-05
2720,9,9,0,18,12,1.888e-05
2721,66,56,11,8,66.9821,0.00317416
2722,35,35,0,70,12.0286,7.776e-05
2723,56,42,14,8,79.381,0.0023556
2724,130,117,20,10,78.1026,0.00680592
2725,30,30,0,60,12.0333,7.312e-05
2726,110,110,0,220,12.0545,0.0002792
2727,200,191,9,8,65.2042,0.0113513
2728,103,103,0,206,12.0485,0.00022176
2729,39,30,11,8,78.3667,0.00160728
2730,12,12,0,8,84.9167,0.00051948
2731,23,23,0,46,12.0435,5.728e-05
2732,27,21,6,8,74.9524,0.00103712
2733,7,7,0,14,12,1.472e-05
2734,18,18,0,36,12.0556,4.464e-05
2735,68,62,6,8,77.371,0.00355008
2736,36,36,0,72,12.0278,7.824e-05
2737,57,47,10,10,76.1915,0.0025984
2738,39,39,0,78,12.0513,9.888e-05
2739,19,19,0,8,69.1579,0.00092996
2740,169,133,44,10,78.7669,0.00776056
2741,11,11,0,22,12,2.304e-05
2742,103,103,0,206,12.0583,0.00027584
2743,100,98,2,8,65.2959,0.00572672
2744,51,51,0,102,12.0392,0.00010624
2745,15,15,0,8,54,0.00068144
2746,39,39,0,8,66.1795,0.0021442
2747,9,9,0,18,12,1.888e-05
2748,21,21,0,42,12.0476,4.384e-05
2749,102,90,17,10,76.3667,0.00521832
2750,57,57,0,114,12.0526,0.00013376
2751,35,28,7,8,67.2143,0.00150772
2752,23,23,0,8,68.7826,0.00117608
2753,21,21,0,42,12.0476,4.96e-05
2754,13,13,0,26,12,2.72e-05
2755,15,15,0,8,72.7333,0.00069244
2756,9,9,0,18,12,1.888e-05
2757,14,14,0,8,59.6429,0.00062712
2758,8,8,0,16,12,1.68e-05
2759,18,18,0,8,48.8889,0.00089172
2760,21,21,0,8,56.2857,0.001081
2761,10,10,0,20,12,2.096e-05
2762,12,12,0,24,12,2.512e-05
2763,14,14,0,8,58.5,0.0006556
2764,8,8,0,16,12,1.68e-05
2765,32,32,0,8,72.625,0.00171168
2766,17,17,0,34,12,3.552e-05
2767,25,25,0,8,72.24,0.0012994
2768,44,44,0,8,74.2955,0.00247108
2769,14,14,0,28,12,2.928e-05
2770,23,23,0,46,12.0435,4.8e-05
2771,76,70,6,10,80.5571,0.00403608
2772,19,18,1,8,76,0.00085916
2773,16,16,0,8,80.9375,0.00077
2774,58,58,0,116,12.0517,0.0001448
2775,11,11,0,22,12,2.4e-05
2776,9,9,0,18,12,1.888e-05
2777,35,26,9,10,83.1154,0.00137144
2778,51,35,23,8,84.6,0.00193744
2779,22,14,10,8,79.5,0.00064504
2780,23,23,0,46,12.0435,5.44e-05
2781,30,30,0,60,12.0333,7.12e-05
2782,21,21,0,8,80.2381,0.00103884
2783,12,12,0,24,12,2.864e-05
2784,251,213,40,8,82.6244,0.0126974
2785,51,40,16,10,83.1,0.0022052
2786,12,12,0,24,12,2.512e-05
2787,172,172,0,344,12.064,0.00044816
2788,33,33,0,66,12.0606,9.184e-05
2789,85,72,13,8,81.0972,0.00412468
2790,60,47,14,8,83.234,0.00262088
2791,63,63,0,126,12.0476,0.0001584
2792,31,21,18,8,70.1905,0.00104336
2793,48,37,12,8,80.1622,0.00204212
2794,40,40,0,80,12.05,9.904e-05
2795,12,12,0,24,12,2.512e-05
2796,84,74,12,8,79.973,0.00425904
2797,25,25,0,50,12.04,5.76e-05
2798,47,38,9,8,83.3684,0.00209932
2799,29,29,0,58,12.0345,7.584e-05
2800,276,251,31,8,74.8127,0.014952
2801,171,142,38,10,77.993,0.00838848
2802,162,162,0,324,12.0556,0.00036176
2803,50,38,12,8,82.7105,0.0020764
2804,115,115,0,230,12.0609,0.0002912
2805,33,33,0,66,12.0606,8.608e-05
2806,32,22,11,10,74.7273,0.00113952
2807,20,20,0,40,12.05,4.912e-05
2808,40,30,11,8,75.2667,0.0016238
2809,156,145,13,8,75.9586,0.00857724
2810,20,13,7,8,84.9231,0.00059316
2811,23,23,0,46,12.0435,5.536e-05
2812,100,100,0,200,12.06,0.00025008
2813,9,9,0,18,12,1.952e-05
2814,14,9,5,8,76.2222,0.00032952
2815,6,6,0,12,12,1.264e-05
2816,44,38,6,8,80.5,0.00210568
2817,25,25,0,50,12.04,5.728e-05
2818,42,35,7,8,68.0857,0.00193584
2819,10,7,4,8,74,0.00021632
2820,109,98,13,10,75.2041,0.00573672
2821,25,25,0,50,12.04,5.824e-05
2822,5,5,0,10,12,1.056e-05
2823,63,63,0,126,12.0476,0.00014432
2824,60,60,0,8,71.2833,0.0034192
2825,12,12,0,8,57.1667,0.00054672
2826,12,12,0,8,57.75,0.00054296
2827,17,17,0,8,69.0588,0.00084696
2828,31,31,0,62,12.0323,6.464e-05
2829,7,7,0,14,12,1.472e-05
2830,7,7,0,14,12,1.472e-05
2831,10,10,0,20,12,2.096e-05
2832,16,16,0,8,75.0625,0.00073684
2833,35,35,0,6,72.1429,0.00194152
2834,9,9,0,18,12,1.888e-05
2835,19,19,0,38,12.0526,3.968e-05
2836,11,11,0,8,80.2727,0.00046336
2837,7,7,0,14,12,1.472e-05
2838,337,220,179,8,77.0273,0.0130882
2839,186,186,0,372,12.0645,0.00051376
2840,22,13,9,8,79.6154,0.00059656
2841,66,57,9,8,72.1053,0.00324584
2842,184,162,22,8,74.0802,0.00962176
2843,9,9,0,18,12,1.952e-05
2844,37,37,0,74,12.0541,8.384e-05
2845,115,115,0,230,12.0522,0.00026656
2846,45,45,0,8,70.1556,0.00250584
2847,24,24,0,48,12.0417,5.008e-05
2848,14,14,0,8,78.1429,0.00062728
2849,81,72,9,8,82.5417,0.00412892
2850,8,8,0,16,12,1.68e-05
2851,59,50,9,10,77.86,0.00276576
2852,79,64,17,8,83.1406,0.0036712
2853,59,59,0,118,12.0508,0.00014432
2854,47,47,0,94,12.0426,0.00011552
2855,54,54,0,108,12.0556,0.0001352
2856,85,66,26,10,79.0152,0.00373704
2857,62,49,13,8,81.3878,0.00276652
2858,59,59,0,118,12.0678,0.00016256
2859,38,38,0,76,12.0526,9.712e-05
2860,61,52,9,10,80.4808,0.002956
2861,49,49,0,98,12.0408,0.00011104
2862,295,269,30,8,73.9294,0.0160797
2863,38,38,0,76,12.0526,8.752e-05
2864,177,177,0,354,12.0565,0.00040832
2865,11,11,0,8,58.2727,0.00043488
2866,36,30,6,8,77.5333,0.00159064
2867,7,7,0,14,12,1.472e-05
2868,59,50,9,8,83.76,0.00283884
2869,72,56,16,10,80.2143,0.0031368
2870,21,21,0,42,12.0476,5.216e-05
2871,40,40,0,80,12.05,0.00010256
2872,49,49,0,98,12.0612,0.00013152
2873,66,58,9,8,76.6034,0.00330604
2874,83,75,8,8,78.0133,0.00433188
2875,158,144,19,8,74.2639,0.00850932
2876,36,36,0,72,12.0556,8.08e-05
2877,45,45,0,90,12.0444,9.888e-05
2878,101,101,0,202,12.0495,0.0002272
2879,54,47,7,8,78.9787,0.002611
2880,31,31,0,62,12.0323,7.36e-05
2881,101,96,5,8,78.4583,0.00558
2882,64,64,0,128,12.0469,0.00014672
2883,84,76,8,8,73.3684,0.00440696
2884,54,54,0,108,12.0556,0.00012176
2885,38,29,9,8,70.4138,0.00154768
2886,22,22,0,44,12.0455,5.168e-05
2887,8,8,0,8,57.875,0.00028492
2888,5,5,0,10,12,1.056e-05
2889,99,88,11,10,75.25,0.0050352
2890,16,15,1,8,71.7333,0.00069608
2891,65,65,0,130,12.0615,0.0001632
2892,9,9,0,18,12,1.888e-05
2893,60,46,14,8,80.8478,0.0025976
2894,39,39,0,78,12.0513,9.856e-05
2895,21,21,0,8,67.0952,0.00105776
2896,12,12,0,24,12,2.512e-05
2897,20,20,0,8,75.25,0.00099008
2898,35,35,0,8,78.9143,0.00190136
2899,90,88,2,8,76.8409,0.00510504
2900,11,11,0,22,12,2.304e-05
2901,19,19,0,38,12.0526,3.968e-05
2902,68,68,0,136,12.0441,0.00015312
2903,31,31,0,8,63.1613,0.00164404
2904,15,15,0,8,67.9333,0.00067416
2905,17,17,0,34,12,3.552e-05
2906,9,9,0,18,12,1.888e-05
2907,70,65,5,8,75.3385,0.00370416
2908,17,17,0,8,70.5882,0.00084024
2909,38,38,0,76,12.0526,8.592e-05
2910,10,10,0,20,12,2.096e-05
2911,68,60,14,8,54.7167,0.00340136
2912,37,37,0,74,12.0541,8.096e-05
2913,31,31,0,8,58.0323,0.00166728
2914,17,17,0,34,12,3.552e-05
2915,24,24,0,8,67.75,0.00123996
2916,13,13,0,26,12,2.72e-05
2917,47,47,0,8,65.8511,0.00262676
2918,25,25,0,50,12.04,5.216e-05
2919,65,63,2,10,76.7302,0.0035304
2920,49,49,0,98,12.0408,0.00010848
2921,20,20,0,8,74.55,0.00102028
2922,62,51,11,8,76.0784,0.00290748
2923,11,11,0,22,12,2.304e-05
2924,49,49,0,98,12.0612,0.00012
2925,98,89,9,8,77.8764,0.0051834
2926,54,44,10,8,81.0455,0.0024538
2927,56,56,0,112,12.0536,0.000132
2928,32,32,0,64,12.0625,8.144e-05
2929,27,27,0,8,56.0741,0.00140324
2930,182,137,61,8,77.1168,0.00807184
2931,15,15,0,30,12,3.136e-05
2932,103,103,0,206,12.0583,0.0002752
2933,25,23,2,8,81.6522,0.0012004
2934,13,13,0,26,12,2.72e-05
2935,78,68,10,8,78.7206,0.0038832
2936,50,50,0,100,12.04,0.00011888
2937,111,99,12,8,79.1515,0.00580804
2938,222,210,12,8,79.1,0.0125042
2939,77,77,0,154,12.0519,0.00018528
2940,36,30,6,8,80.9,0.00160972
2941,165,165,0,330,12.0545,0.00038368
2942,24,24,0,48,12.0417,5.712e-05
2943,17,16,1,8,76.75,0.00078428
2944,51,45,7,8,82.2889,0.00248884
2945,30,25,5,10,83.32,0.00123872
2946,9,9,0,18,12,1.92e-05
2947,28,28,0,56,12.0357,6.576e-05
2948,22,22,0,44,12.0455,5.328e-05
2949,24,14,10,8,83.4286,0.0006332
2950,12,12,0,24,12,2.832e-05
2951,34,27,7,8,72.9259,0.00143768
2952,25,25,0,8,75.92,0.00131844
2953,200,177,25,8,78.8983,0.0105188
2954,235,213,22,8,77.6901,0.0126625
2955,18,18,0,36,12.0556,4.016e-05
2956,14,14,0,28,12,2.928e-05
2957,137,137,0,274,12.0584,0.00032192
2958,161,161,0,322,12.0559,0.0003744
2959,79,64,16,8,83.6562,0.00363932
2960,87,72,15,10,83.4167,0.00409312
2961,44,44,0,88,12.0455,0.00011184
2962,63,63,0,126,12.0635,0.000168
2963,87,76,11,10,83.25,0.00435616
2964,49,44,5,8,80.25,0.00245264
2965,94,79,15,8,80.1899,0.00458684
2966,13,8,5,8,77.125,0.00028088
2967,64,64,0,128,12.0469,0.00015824
2968,27,27,0,54,12.037,6.24e-05
2969,63,63,0,126,12.0476,0.00016032
2970,6,6,0,12,12,1.264e-05
2971,61,51,10,8,79.9412,0.00287532
2972,43,43,0,86,12.0465,0.00010464
2973,283,239,55,8,81.5063,0.014273
2974,197,197,0,394,12.066,0.00053152
2975,48,41,7,8,81.2195,0.00227988
2976,34,34,0,68,12.0588,8.048e-05
2977,32,23,9,10,81.5652,0.00113888
2978,152,135,19,8,78.8,0.0079438
2979,38,30,11,8,79.1,0.0015852
2980,20,20,0,40,12.05,5.296e-05
2981,26,22,6,8,80.8182,0.00112728
2982,94,94,0,188,12.0532,0.00021744
2983,26,26,0,52,12.0385,6.256e-05
2984,58,46,14,8,81.1087,0.00256108
2985,15,15,0,30,12,3.36e-05
2986,196,182,17,8,75.1319,0.0108019
2987,35,35,0,70,12.0571,8.192e-05
2988,110,110,0,220,12.0545,0.00024496
2989,114,96,18,10,80.7708,0.0056016
2990,75,75,0,150,12.0533,0.00020224
2991,106,99,8,8,78.303,0.00580992
2992,37,24,13,8,78.4583,0.00124924
2993,70,70,0,140,12.0571,0.00016496
2994,19,19,0,38,12.0526,4.48e-05
2995,114,95,21,8,80.9263,0.00556056
2996,70,70,0,140,12.0571,0.00018032
2997,65,56,9,8,81.1786,0.0032092
2998,35,35,0,70,12.0286,7.872e-05
2999,30,30,0,8,77.6,0.00161772
3000,16,16,0,32,12,3.344e-05
3001,12,12,0,8,82.9167,0.00051892
3002,51,40,11,8,80.975,0.00219068
3003,7,7,0,14,12,1.472e-05
3004,34,34,0,68,12.0588,8.144e-05
3005,15,15,0,8,70.2,0.00071288
3006,9,9,0,18,12,1.888e-05
3007,116,100,20,8,77.02,0.00586256
3008,82,82,0,164,12.061,0.00022736
3009,110,99,11,8,73.8081,0.00577876
3010,68,68,0,136,12.0441,0.00015536
3011,118,108,10,8,74.8796,0.00631444
3012,51,45,6,10,81.3111,0.0025372
3013,53,42,11,12,81.2857,0.00229108
3014,79,79,0,158,12.0506,0.0001904
3015,34,34,0,68,12.0588,8.464e-05
3016,130,117,16,8,69.1624,0.00688584
3017,38,38,0,76,12.0526,9.424e-05
3018,87,87,0,174,12.0575,0.0002032
3019,83,67,16,10,76.6119,0.0037616
3020,51,45,7,10,80.6222,0.00247632
3021,25,16,9,8,70,0.00074664
3022,56,56,0,112,12.0536,0.0001448
3023,30,30,0,60,12.0333,6.64e-05
3024,14,14,0,28,12,3.28e-05
3025,30,26,4,10,75.6923,0.0013448
3026,21,21,0,42,12.0476,4.8e-05
3027,193,174,21,8,73.6437,0.0103009
3028,28,28,0,8,68.5,0.00151156
3029,120,120,0,240,12.0583,0.00029104
3030,86,78,8,10,77.359,0.00449704
3031,15,15,0,30,12,3.136e-05
3032,55,55,0,110,12.0545,0.000136
3033,12,11,1,8,77.5455,0.00048132
3034,7,7,0,14,12,1.472e-05
3035,31,31,0,8,68.0968,0.0016728
3036,17,17,0,34,12,3.552e-05
3037,21,21,0,8,81.0952,0.00106872
3038,12,12,0,24,12,2.512e-05
3039,44,44,0,8,60.7955,0.00244724
3040,23,23,0,46,12.0435,4.8e-05
3041,39,39,0,8,68.6154,0.00217228
3042,49,45,4,10,79.9778,0.0025216
3043,21,21,0,42,12.0476,4.384e-05
3044,33,33,0,66,12.0303,7.712e-05
3045,42,42,0,8,79.7619,0.00232764
3046,65,59,6,8,70.339,0.00336964
3047,22,22,0,44,12.0455,4.592e-05
3048,12,12,0,8,86.8333,0.00049792
3049,42,42,0,84,12.0476,0.00010448
3050,30,23,7,8,64.7826,0.0011656
3051,7,7,0,14,12,1.472e-05
3052,60,59,1,8,62.4915,0.0033494
3053,19,19,0,38,12.0526,4.512e-05
3054,41,41,0,82,12.0488,9.184e-05
3055,196,153,52,8,73.0261,0.009048
3056,23,23,0,8,56.6087,0.0012116
3057,111,111,0,222,12.0631,0.00029312
3058,13,13,0,26,12,2.72e-05
3059,330,304,26,8,70.2237,0.0181942
3060,198,198,0,396,12.0556,0.00045872
3061,46,36,18,8,76.9722,0.00195336
3062,85,66,21,8,78.0758,0.00378396
3063,26,26,0,52,12.0385,6e-05
3064,52,41,11,10,81.0488,0.00228816
3065,38,34,4,8,82.0882,0.0018752
3066,49,49,0,98,12.0612,0.00012704
3067,34,34,0,68,12.0588,8.816e-05
3068,28,28,0,56,12.0357,6.352e-05
3069,117,112,5,8,69.0536,0.006594
3070,77,70,9,8,57.7571,0.00400308
3071,69,69,0,138,12.058,0.00015936
3072,42,42,0,84,12.0476,9.36e-05
3073,24,24,0,8,71.1667,0.0012722
3074,18,18,0,8,74,0.00087764
3075,13,13,0,26,12,2.72e-05
3076,10,10,0,20,12,2.096e-05
3077,44,44,0,8,68.6818,0.00246252
3078,23,23,0,46,12.0435,4.8e-05
3079,311,253,66,10,74.5573,0.0150622
3080,182,151,35,10,75.5762,0.00891464
3081,219,219,0,438,12.0685,0.00063168
3082,122,122,0,244,12.0574,0.0003176
3083,42,30,20,8,78.4,0.00160248
3084,23,23,0,46,12.0435,5.184e-05
3085,33,28,5,8,79.0714,0.00150632
3086,46,36,10,8,83.1667,0.00195508
3087,21,21,0,42,12.0476,5.024e-05
3088,26,26,0,52,12.0385,6.448e-05
3089,6,6,0,8,84.1667,0.00018208
3090,191,169,24,6,76.5444,0.0100454
3091,4,4,0,8,12,8.48e-06
3092,110,110,0,220,12.0545,0.0002536
3093,10,9,1,8,88.3333,0.00032996
3094,36,25,11,8,74.36,0.00133608
3095,6,6,0,12,12,1.264e-05
3096,19,19,0,38,12.0526,4.544e-05
3097,173,157,16,8,78.5478,0.00930244
3098,70,61,9,6,85,0.00351408
3099,123,110,13,8,75.1182,0.00644492
3100,41,36,5,10,82.25,0.00189632
3101,111,111,0,222,12.0541,0.00025664
3102,51,51,0,102,12.0588,0.00013184
3103,74,74,0,148,12.0541,0.00016976
3104,31,31,0,62,12.0323,7.36e-05
3105,44,41,3,8,81.3659,0.0022848
3106,24,24,0,48,12.0417,5.296e-05
3107,37,32,5,8,75.0938,0.00172864
3108,24,24,0,48,12.0417,5.744e-05
3109,52,52,0,8,76.1731,0.00291712
3110,27,27,0,54,12.037,5.632e-05
3111,62,51,11,8,84.1373,0.00285192
3112,16,15,1,8,74.9333,0.00069868
3113,41,41,0,82,12.0488,0.00010624
3114,99,93,6,10,78.4409,0.00535416
3115,116,104,15,8,64.1538,0.00606184
3116,9,9,0,18,12,1.888e-05
3117,271,260,17,8,67.4692,0.0155103
3118,82,82,0,164,12.0488,0.00019696
3119,99,92,7,8,81.8152,0.00535308
3120,72,72,0,144,12.0556,0.000164
3121,145,145,0,290,12.0483,0.00031328
3122,7,7,0,8,87.4286,0.00021288
3123,59,59,0,118,12.0508,0.00014208
3124,5,5,0,10,12,1.056e-05
3125,63,51,15,8,77.2745,0.00287928
3126,9,7,2,8,65.2857,0.00022088
3127,47,43,4,8,77.1628,0.0024194
3128,40,40,0,80,12.05,9.68e-05
3129,5,5,0,10,12,1.056e-05
3130,30,30,0,60,12.0333,7.024e-05
3131,44,31,17,8,70.1935,0.00165704
3132,130,119,12,10,78.3025,0.00695528
3133,38,30,8,8,76.9333,0.0015866
3134,88,74,14,10,76.1216,0.00422912
3135,95,86,11,8,56.3837,0.0049702
3136,20,20,0,40,12.05,4.4e-05
3137,81,81,0,162,12.0494,0.00019808
3138,23,23,0,46,12.0435,5.92e-05
3139,63,63,0,126,12.0476,0.0001552
3140,53,53,0,106,12.0566,0.00012064
3141,75,60,18,8,78.3667,0.00340416
3142,43,43,0,86,12.0465,0.00011008
3143,22,13,9,8,80.3077,0.00057088
3144,11,11,0,22,12,2.464e-05
3145,12,12,0,8,72.4167,0.00049404
3146,9,9,0,8,70.4444,0.0003382
3147,7,7,0,14,12,1.472e-05
3148,6,6,0,12,12,1.264e-05
3149,8,8,0,8,51.875,0.00030732
3150,5,5,0,10,12,1.056e-05
3151,206,169,39,10,75.7751,0.0100271
3152,51,43,8,8,66.7674,0.00238376
3153,140,140,0,280,12.0643,0.00037136
3154,27,27,0,54,12.037,5.92e-05
3155,70,55,18,10,80.3273,0.00306384
3156,41,41,0,82,12.0488,0.0001024
3157,39,36,3,8,81.7778,0.002001
3158,114,105,9,8,74.5429,0.00613676
3159,30,30,0,60,12.0333,7.024e-05
3160,94,94,0,188,12.0532,0.0002296
3161,41,33,8,8,84.9091,0.00177212
3162,85,77,8,8,71.7143,0.00443764
3163,29,29,0,58,12.0345,7.136e-05
3164,46,46,0,92,12.0435,0.0001016
3165,82,78,6,8,80.9872,0.00450172
3166,64,54,10,10,80.7963,0.00302656
3167,11,11,0,8,83.3636,0.00046416
3168,58,58,0,116,12.0517,0.00014
3169,38,38,0,76,12.0526,9.264e-05
3170,7,7,0,14,12,1.472e-05
3171,75,72,3,8,72.1667,0.00412672
3172,51,51,0,102,12.0392,0.00011552
3173,69,68,1,8,76.2647,0.00391556
3174,35,35,0,70,12.0286,7.36e-05
3175,22,22,0,8,60.0455,0.00111916
3176,9,9,0,8,56.8889,0.00031304
3177,10,10,0,8,58.4,0.00038224
3178,37,37,0,8,65.4865,0.0020148
3179,12,12,0,24,12,2.512e-05
3180,6,6,0,12,12,1.264e-05
3181,6,6,0,12,12,1.264e-05
3182,20,20,0,40,12.05,4.176e-05
3183,11,11,0,8,59.7273,0.00047908
3184,7,7,0,14,12,1.472e-05
3185,17,17,0,8,36.8824,0.00083944
3186,20,20,0,8,39.95,0.00098596
3187,10,10,0,20,12,2.096e-05
3188,11,11,0,22,12,2.304e-05
3189,144,134,10,10,58.1493,0.00786736
3190,79,79,0,158,12.0506,0.00017792
3191,27,27,0,8,69.8519,0.00142312
3192,332,307,27,10,67.1661,0.0183799
3193,15,15,0,30,12,3.136e-05
3194,54,47,10,8,73.4681,0.00262128
3195,249,249,0,498,12.0602,0.00061056
3196,46,46,0,8,78.2391,0.00255692
3197,127,113,14,8,62.3097,0.00665144
3198,30,30,0,60,12.0333,6.896e-05
3199,24,24,0,48,12.0417,5.008e-05
3200,73,73,0,146,12.0548,0.00016544
3201,38,30,8,8,78.5,0.00158332
3202,23,23,0,46,12.0435,5.376e-05
3203,49,43,6,8,72.907,0.0023842
3204,25,25,0,50,12.04,5.504e-05
3205,171,138,40,10,79.1667,0.0081616
3206,108,108,0,216,12.0648,0.0002872
3207,16,11,5,8,79.4545,0.00045032
3208,8,8,0,16,12,1.744e-05
3209,14,14,0,8,43.7143,0.00062496
3210,29,29,0,8,56.8966,0.0015384
3211,31,31,0,8,65.129,0.00167148
3212,8,8,0,16,12,1.68e-05
3213,16,16,0,32,12,3.344e-05
3214,17,17,0,34,12,3.552e-05
3215,29,29,0,8,42.8966,0.00155596
3216,44,44,0,8,54.5227,0.0024388
3217,16,16,0,32,12,3.344e-05
3218,23,23,0,46,12.0435,4.8e-05
3219,512,431,115,8,72.5104,0.0258657
3220,316,316,0,632,12.0601,0.00079696
3221,43,33,14,8,70.6667,0.00176508
3222,26,26,0,52,12.0385,6.896e-05
3223,80,67,13,8,78.2985,0.00386828
3224,59,51,8,8,77.5882,0.00290328
3225,136,124,12,8,58.3468,0.00728472
3226,50,50,0,100,12.06,0.00012272
3227,35,35,0,70,12.0571,8.128e-05
3228,77,77,0,154,12.0519,0.00017248
3229,25,20,5,8,67.6,0.00099692
3230,24,23,1,10,82.7391,0.00113288
3231,81,70,11,8,68.4,0.004045
3232,12,12,0,24,12,2.512e-05
3233,16,16,0,32,12,3.536e-05
3234,47,47,0,94,12.0426,0.00010816
3235,14,14,0,8,80.4286,0.00063352
3236,19,19,0,8,78.5789,0.00093368
3237,8,8,0,16,12,1.68e-05
3238,104,97,7,8,80.8351,0.00567876
3239,11,11,0,22,12,2.304e-05
3240,69,69,0,138,12.058,0.00017088
3241,40,38,2,10,78.7368,0.00206416
3242,32,32,0,64,12.0312,7.248e-05
3243,13,13,0,8,56.6154,0.00059116
3244,8,8,0,16,12,1.68e-05
3245,67,66,1,8,62.3485,0.00380188
3246,46,42,4,8,59.0952,0.00230716
3247,35,35,0,70,12.0286,7.296e-05
3248,25,25,0,50,12.04,5.664e-05
3249,18,18,0,8,66.0556,0.00086288
3250,10,10,0,20,12,2.096e-05
3251,22,22,0,8,34.1364,0.00112568
3252,11,11,0,8,33.4545,0.00045652
3253,12,12,0,24,12,2.512e-05
3254,7,7,0,14,12,1.472e-05
3255,147,123,29,10,65.252,0.00714968
3256,83,83,0,166,12.0602,0.00020512
3257,41,41,0,8,58.9024,0.00227764
3258,22,22,0,44,12.0455,4.592e-05
3259,25,25,0,8,73.4,0.0012902
3260,14,14,0,28,12,2.928e-05
3261,39,39,0,8,28.6923,0.00216756
3262,21,21,0,42,12.0476,4.384e-05
3263,14,14,0,8,22.2857,0.0006364
3264,8,8,0,16,12,1.68e-05
3265,23,23,0,8,25.7826,0.00118324
3266,13,13,0,26,12,2.72e-05
3267,67,67,0,8,59.6567,0.00387272
3268,120,107,13,10,58.8598,0.00624248
3269,35,35,0,70,12.0286,7.296e-05
3270,87,87,0,174,12.0575,0.00022336
3271,25,25,0,8,37.64,0.00128132
3272,14,14,0,28,12,2.928e-05
3273,23,23,0,8,29.3043,0.00118356
3274,13,13,0,26,12,2.72e-05
3275,30,30,0,8,33.3,0.0016336
3276,16,16,0,32,12,3.344e-05
3277,9,9,0,8,43,0.0003526
3278,59,59,0,8,63,0.00335408
3279,223,210,13,10,78.1762,0.0124446
3280,6,6,0,12,12,1.264e-05
3281,31,31,0,62,12.0323,6.464e-05
3282,160,160,0,320,12.0625,0.00042224
3283,42,32,10,8,78.375,0.00175356
3284,250,240,10,8,71.1875,0.0143217
3285,25,25,0,50,12.04,6.624e-05
3286,148,148,0,296,12.0541,0.0003288
3287,32,32,0,8,64.875,0.00175964
3288,14,14,0,8,54.0714,0.00064808
3289,23,23,0,8,66.7826,0.00120616
3290,17,17,0,34,12,3.552e-05
3291,8,8,0,16,12,1.68e-05
3292,13,13,0,26,12,2.72e-05
3293,32,32,0,8,54.5,0.00174044
3294,17,17,0,34,12,3.552e-05
3295,62,62,0,8,75.2742,0.00354108
3296,12,12,0,8,62.9167,0.00051476
3297,32,32,0,64,12.0312,6.672e-05
3298,7,7,0,14,12,1.472e-05
3299,42,40,2,10,77.275,0.00213112
3300,54,46,8,8,77.6304,0.00255296
3301,64,56,8,8,80.0357,0.00319692
3302,34,34,0,68,12.0294,7.664e-05
3303,31,31,0,62,12.0323,7.04e-05
3304,35,35,0,70,12.0571,8.32e-05
3305,19,19,0,8,78.3158,0.00092312
3306,11,11,0,22,12,2.304e-05
3307,48,48,0,8,70.3542,0.00267156
3308,25,25,0,50,12.04,5.216e-05
3309,8,8,0,8,74.25,0.0002622
3310,409,371,48,8,73.2156,0.022218
3311,62,57,5,10,81.7544,0.00321792
3312,5,5,0,10,12,1.056e-05
3313,259,259,0,518,12.0579,0.00062784
3314,51,51,0,102,12.0588,0.00012416
3315,39,30,9,8,83.0667,0.00160448
3316,23,23,0,46,12.0435,5.664e-05
3317,41,32,10,10,81.4688,0.00167648
3318,33,30,3,8,78.0333,0.00162448
3319,30,30,0,60,12.0333,7.376e-05
3320,152,125,31,8,81.776,0.00737456
3321,109,109,0,218,12.0642,0.00028864
3322,42,33,10,8,64.1515,0.00181456
3323,24,24,0,48,12.0417,5.52e-05
3324,16,15,1,8,71.6667,0.00069348
3325,127,112,15,8,71.8661,0.00656092
3326,5,5,0,8,81.2,7.244e-05
3327,9,9,0,18,12,1.888e-05
3328,121,107,15,10,79.2897,0.00620408
3329,87,87,0,174,12.0575,0.000216
3330,4,4,0,8,12,8.48e-06
3331,90,90,0,180,12.0556,0.00023152
3332,84,75,9,8,62.68,0.00436004
3333,113,103,10,8,56.1359,0.00601224
3334,32,22,11,8,67.3636,0.00110696
3335,35,31,7,10,82.3548,0.00163256
3336,73,73,0,146,12.0548,0.00017536
3337,60,60,0,120,12.05,0.00013008
3338,19,19,0,38,12.0526,4.544e-05
3339,28,28,0,56,12.0357,6.736e-05
3340,65,52,15,8,71.3077,0.00291616
3341,36,36,0,72,12.0556,9.04e-05
3342,23,19,4,8,69.8421,0.00092588
3343,38,30,10,8,52.7333,0.00163376
3344,14,14,0,28,12,3.216e-05
3345,23,23,0,46,12.0435,5.344e-05
3346,9,9,0,8,47.6667,0.00035692
3347,6,6,0,12,12,1.264e-05
3348,29,29,0,8,40.4483,0.00154392
3349,16,16,0,32,12,3.344e-05
3350,59,59,0,8,68.8814,0.00334284
3351,140,127,23,8,75.5669,0.00748252
3352,31,31,0,62,12.0323,6.464e-05
3353,92,92,0,184,12.0543,0.00023568
3354,144,131,13,8,65,0.00772372
3355,84,84,0,168,12.0476,0.0001864
3356,28,28,0,8,67.0357,0.00146812
3357,15,15,0,30,12,3.136e-05
3358,154,126,33,10,73.1349,0.00733984
3359,72,65,7,8,72.6154,0.00371852
3360,106,106,0,212,12.0566,0.00026864
3361,46,46,0,92,12.0435,0.00010352
3362,79,69,10,8,72.8841,0.0039502
3363,345,324,21,8,64.9167,0.0194
3364,35,27,8,8,71.0741,0.00144884
3365,51,41,19,10,71.2683,0.00227656
3366,46,46,0,92,12.0435,0.00010992
3367,199,199,0,398,12.0553,0.00045632
3368,16,16,0,32,12,3.376e-05
3369,52,42,10,8,49.8571,0.00235236
3370,33,33,0,66,12.0303,7.744e-05
3371,22,22,0,44,12.0455,4.592e-05
3372,22,22,0,8,67.4091,0.00112756
3373,12,12,0,24,12,2.512e-05
3374,144,110,40,8,75.4909,0.00643304
3375,84,84,0,168,12.0595,0.00022704
3376,75,61,14,10,73.541,0.00348224
3377,52,52,0,104,12.0577,0.00013328
3378,135,128,7,8,63.9453,0.00756396
3379,18,18,0,36,12,3.824e-05
3380,77,77,0,154,12.0519,0.00017056
3381,54,54,0,8,69.6111,0.00307892
3382,28,28,0,56,12.0357,5.84e-05
3383,101,79,27,10,78.4937,0.00449864
3384,15,15,0,8,66.0667,0.00069176
3385,61,61,0,122,12.0656,0.00016192
3386,9,9,0,18,12,1.888e-05
3387,35,27,10,8,76.6296,0.00140188
3388,19,19,0,38,12.0526,4.544e-05
3389,40,32,8,8,76.9375,0.00175144
3390,24,24,0,48,12.0417,5.712e-05
3391,43,36,7,10,71.8056,0.0019088
3392,18,15,3,8,74,0.00071192
3393,282,270,12,8,60.2963,0.0161111
3394,29,29,0,58,12.0345,7.552e-05
3395,10,10,0,20,12,2.224e-05
3396,152,152,0,304,12.0526,0.0003304
3397,28,28,0,8,39.1071,0.00148996
3398,15,15,0,30,12,3.136e-05
3399,174,151,24,8,77.7152,0.00891108
3400,24,24,0,8,63.7083,0.00125252
3401,122,122,0,244,12.0574,0.00031824
3402,56,45,11,10,81.8,0.00249352
3403,13,13,0,26,12,2.72e-05
3404,8,8,0,8,74.875,0.00028108
3405,37,37,0,74,12.0541,9.568e-05
3406,5,5,0,10,12,1.056e-05
3407,71,61,10,10,69.0492,0.00345576
3408,263,250,17,8,58.452,0.014905
3409,47,47,0,94,12.0426,0.00011104
3410,143,143,0,286,12.049,0.00030912
3411,165,144,21,8,74.9167,0.00851864
3412,110,110,0,220,12.0545,0.00027984
3413,33,27,6,10,74,0.00138416
3414,36,28,11,8,78.7143,0.00151772
3415,21,21,0,42,12.0476,4.928e-05
3416,21,21,0,42,12.0476,5.344e-05
3417,31,22,15,8,73.5909,0.00112832
3418,19,19,0,38,12.0526,4.352e-05
3419,22,22,0,8,78.2727,0.00111436
3420,12,12,0,24,12,2.512e-05
3421,55,55,0,8,73.8909,0.00309324
3422,716,700,16,8,66.7629,0.0421428
3423,29,29,0,58,12.0345,6.048e-05
3424,417,417,0,834,12.0576,0.00096864
3425,41,30,11,10,68.7667,0.00153448
3426,28,28,0,56,12.0357,6.704e-05
3427,16,16,0,8,76.1875,0.0007918
3428,9,9,0,18,12,1.888e-05
3429,122,102,25,8,80.7255,0.00597856
3430,71,71,0,142,12.0563,0.00017984
3431,25,19,6,8,80.1579,0.0009434
3432,15,15,0,30,12,3.712e-05
3433,11,11,0,8,76.8182,0.0004886
3434,7,7,0,14,12,1.472e-05
3435,8,8,0,8,55.375,0.00029624
3436,5,5,0,10,12,1.056e-05
3437,15,15,0,8,60.4,0.00069736
3438,9,9,0,18,12,1.888e-05
3439,31,31,0,8,33.3226,0.0016452
3440,68,68,0,8,45.25,0.00390756
3441,17,17,0,34,12,3.552e-05
3442,35,35,0,70,12.0286,7.296e-05
3443,18,18,0,8,27.6667,0.00086348
3444,33,33,0,8,33.8788,0.00178892
3445,10,10,0,20,12,2.096e-05
3446,18,18,0,36,12.0556,3.76e-05
3447,25,25,0,8,23.36,0.00127884
3448,14,14,0,28,12,2.928e-05
3449,70,70,0,8,56.3429,0.00401664
3450,36,36,0,72,12.0278,7.504e-05
3451,31,31,0,8,48.2581,0.0016426
3452,17,17,0,34,12.0588,3.552e-05
3453,38,38,0,8,39.4737,0.0021144
3454,20,20,0,40,12.05,4.176e-05
3455,65,65,0,8,50.1846,0.00375288
3456,34,34,0,68,12.0294,7.088e-05
3457,62,62,0,8,58.1774,0.00353496
3458,32,32,0,64,12.0312,6.672e-05
3459,80,61,23,8,71.9672,0.00350816
3460,44,44,0,88,12.0455,0.00011504
3461,27,23,4,8,71.4348,0.00118272
3462,40,36,4,8,82.3333,0.00196168
3463,14,14,0,28,12,2.992e-05
3464,48,36,12,8,75.8611,0.00199304
3465,23,23,0,46,12.0435,5.28e-05
3466,24,16,11,8,75.5625,0.00073912
3467,29,29,0,58,12.0345,7.328e-05
3468,37,28,17,10,79.3214,0.00147792
3469,14,14,0,28,12,3.44e-05
3470,98,88,10,8,78.5227,0.0051118
3471,79,73,7,8,81.3699,0.00418672
3472,48,33,21,8,72.4242,0.00179584
3473,26,26,0,52,12.0385,6.256e-05
3474,35,30,5,8,83.3,0.00158224
3475,35,27,10,8,69.9259,0.00145476
3476,70,70,0,140,12.0571,0.0001752
3477,51,51,0,102,12.0588,0.0001248
3478,25,25,0,50,12.04,6.368e-05
3479,24,24,0,48,12.0417,5.808e-05
3480,24,24,0,48,12.0417,6e-05
3481,47,40,7,8,77.4,0.00222568
3482,5,5,0,8,82.8,0.00012308
3483,28,22,6,8,80.2273,0.00110112
3484,33,33,0,66,12.0606,8.192e-05
3485,4,4,0,8,12,8.48e-06
3486,18,18,0,36,12.0556,4.208e-05
3487,14,14,0,8,82.1429,0.00065956
3488,8,8,0,16,12,1.68e-05
3489,93,81,12,8,70.4074,0.00469992
3490,54,54,0,108,12.0556,0.00013264
3491,91,78,13,10,68.1026,0.004454
3492,30,30,0,8,60.4,0.0016146
3493,62,62,0,124,12.0645,0.00016368
3494,16,16,0,32,12,3.344e-05
3495,82,74,13,8,25.9189,0.00425416
3496,45,45,0,90,12.0444,9.952e-05
3497,13,13,0,8,63.6923,0.00058472
3498,39,39,0,8,47.9744,0.00213528
3499,8,8,0,16,12,1.68e-05
3500,21,21,0,42,12.0476,4.384e-05
3501,29,29,0,8,27.3448,0.001537
3502,16,16,0,32,12,3.344e-05
3503,87,85,2,10,66.2235,0.00485744
3504,53,53,0,106,12.0377,0.00011456
3505,59,48,15,8,68.0208,0.00271228
3506,32,32,0,64,12.0312,7.76e-05
3507,32,32,0,8,64.3438,0.00174384
3508,153,123,39,10,79.6829,0.00714744
3509,17,17,0,34,12,3.552e-05
3510,106,106,0,212,12.066,0.00029456
3511,17,17,0,8,72.0588,0.00080432
3512,552,502,61,8,71.6733,0.0301638
3513,278,264,14,8,66.7045,0.015779
3514,10,10,0,20,12,2.096e-05
3515,346,346,0,692,12.0578,0.00081424
3516,191,191,0,382,12.0576,0.00044
3517,57,52,5,10,81.6538,0.00287248
3518,69,59,13,8,79.2881,0.00335312
3519,43,43,0,86,12.0465,0.00010176
3520,48,48,0,96,12.0417,0.00011696
3521,9,7,2,8,80.8571,0.00023676
3522,6,6,0,12,12,1.264e-05
3523,53,40,16,8,82.85,0.00223968
3524,31,31,0,62,12.0645,8.096e-05
3525,48,41,7,10,81.5122,0.00229648
3526,33,33,0,66,12.0606,8.352e-05
3527,50,42,10,8,72,0.00231548
3528,41,34,7,8,76.7059,0.00182736
3529,29,29,0,58,12.0345,6.656e-05
3530,15,15,0,8,80.0667,0.00070732
3531,25,25,0,50,12.04,6.368e-05
3532,9,9,0,18,12,1.888e-05
3533,36,36,0,8,62.1944,0.00197332
3534,243,193,69,8,74.3472,0.0114562
3535,19,19,0,38,12.0526,3.968e-05
3536,139,139,0,278,12.0576,0.0003616
3537,13,11,2,8,84.4545,0.00043836
3538,29,23,6,10,70.3913,0.00115864
3539,18,10,11,8,54.5,0.00042884
3540,7,7,0,14,12,1.536e-05
3541,21,21,0,42,12.0476,5.088e-05
3542,7,7,0,14,12,1.472e-05
3543,25,25,0,8,77.04,0.00131392
3544,47,35,12,8,74.2286,0.00190544
3545,14,14,0,28,12,2.928e-05
3546,26,26,0,52,12.0385,6.672e-05
3547,49,36,14,8,63.3333,0.00196488
3548,76,58,20,8,63.0345,0.0032892
3549,26,26,0,52,12.0385,6.096e-05
3550,41,41,0,82,12.0488,9.504e-05
3551,66,48,18,8,72.1458,0.00266996
3552,16,15,1,8,59.7333,0.00067588
3553,16,16,0,8,73.3125,0.0007388
3554,91,63,30,8,78.4127,0.00359192
3555,41,41,0,82,12.0488,0.00010592
3556,9,9,0,18,12,1.888e-05
3557,45,31,14,8,73.5484,0.00167968
3558,64,58,6,8,77.6379,0.00331628
3559,9,9,0,18,12,1.888e-05
3560,47,47,0,94,12.0638,0.00012608
3561,27,27,0,54,12.037,6.592e-05
3562,38,38,0,76,12.0526,8.624e-05
3563,33,27,9,10,77.963,0.00137728
3564,19,14,5,8,83.5714,0.00064808
3565,45,33,12,8,76.5152,0.00180056
3566,21,21,0,42,12.0476,5.024e-05
3567,9,9,0,18,12,2.016e-05
3568,40,34,6,10,77.8824,0.00180776
3569,30,30,0,60,12.0333,7.472e-05
3570,32,32,0,64,12.0312,7.824e-05
3571,33,27,6,8,79.963,0.00141852
3572,53,50,3,10,80.02,0.00274296
3573,20,20,0,40,12.05,4.976e-05
3574,44,44,0,88,12.0455,0.0001016
3575,358,273,116,10,76.1136,0.0162818
3576,231,231,0,462,12.0649,0.0006272
3577,38,27,11,8,78.4074,0.00145212
3578,20,20,0,40,12.05,4.72e-05
3579,50,37,21,8,76.8378,0.00205612
3580,31,31,0,62,12.0323,7.296e-05
3581,8,8,0,8,66.375,0.00029112
3582,5,5,0,10,12,1.056e-05
3583,68,54,22,8,82.2222,0.00306292
3584,46,34,12,8,80,0.00184984
3585,46,46,0,92,12.0435,0.00011696
3586,17,9,12,6,30.2222,0.00040536
3587,30,30,0,60,12.0333,7.568e-05
3588,113,107,6,8,74.6262,0.0062738
3589,6,6,0,12,12,1.264e-05
3590,46,37,13,8,77.4054,0.00201568
3591,76,76,0,152,12.0526,0.00017776
3592,40,31,14,8,74.6774,0.00167008
3593,30,30,0,60,12.0333,7.92e-05
3594,24,14,17,8,76,0.0006672
3595,23,23,0,46,12.0435,5.44e-05
3596,12,12,0,24,12,2.832e-05
3597,74,64,10,8,77.5,0.00369348
3598,43,38,7,8,77.4474,0.00209952
3599,41,41,0,82,12.0488,9.888e-05
3600,22,22,0,44,12.0455,4.688e-05
3601,15,10,5,8,63.2,0.00039028
3602,8,8,0,16,12,1.744e-05
3603,46,42,4,8,68.6905,0.00234088
3604,57,57,0,8,75.7368,0.00321596
3605,39,35,4,8,72.6571,0.00190004
3606,24,24,0,48,12.0417,5.104e-05
3607,30,30,0,60,12.0333,6.256e-05
3608,22,22,0,44,12.0455,5.008e-05
3609,33,33,0,8,50.9394,0.00179044
3610,18,18,0,36,12,3.76e-05
3611,16,16,0,8,26.3125,0.00079052
3612,9,9,0,18,12,1.888e-05
3613,12,12,0,8,30.1667,0.00053244
3614,7,7,0,14,12,1.472e-05
3615,76,71,5,10,71.2958,0.0040988
3616,42,42,0,84,12.0476,9.136e-05
3617,43,43,0,8,66.186,0.00240384
3618,23,23,0,46,12.0435,4.8e-05
3619,492,386,154,8,78.6399,0.0231384
3620,358,358,0,716,12.0698,0.0010184
3621,40,24,19,8,77.7083,0.00124148
3622,48,36,21,10,78,0.00192448
3623,18,18,0,36,12.0556,4.592e-05
3624,27,19,11,10,82.1579,0.00091944
3625,33,33,0,66,12.0606,8.352e-05
3626,18,18,0,36,12.0556,4.368e-05
3627,54,42,12,8,79.5952,0.00231468
3628,575,527,53,8,74.5047,0.0316516
3629,33,33,0,66,12.0606,8.736e-05
3630,341,341,0,682,12.0557,0.00076576
3631,48,40,8,8,81.7,0.00219712
3632,57,48,10,8,82.9167,0.00270024
3633,98,92,10,8,71.7826,0.00536496
3634,29,29,0,58,12.0345,6.912e-05
3635,40,40,0,80,12.05,9.936e-05
3636,63,63,0,126,12.0476,0.00014048
3637,37,31,6,8,80.4839,0.00165352
3638,24,24,0,48,12.0417,5.744e-05
3639,18,18,0,8,84.6111,0.00086608
3640,107,89,21,10,71.9551,0.0051704
3641,15,10,5,8,82.5,0.00042688
3642,10,10,0,20,12,2.096e-05
3643,65,65,0,130,12.0462,0.00015136
3644,8,8,0,16,12,1.776e-05
3645,45,39,6,8,78.1026,0.00216928
3646,23,23,0,46,12.0435,4.864e-05
3647,32,32,0,8,80,0.00170984
3648,17,16,1,8,78.3125,0.0007386
3649,17,17,0,34,12,3.552e-05
3650,10,10,0,20,12,2.192e-05
3651,219,165,74,8,76.6364,0.0097938
3652,431,376,76,10,78.9548,0.0224961
3653,138,138,0,276,12.0652,0.00036336
3654,284,284,0,568,12.0599,0.00070512
3655,105,88,25,6,78.2841,0.00515824
3656,59,59,0,118,12.0508,0.0001344
3657,13,12,1,8,78.3333,0.00051976
3658,87,72,21,10,82.0556,0.00408808
3659,65,65,0,130,12.0615,0.00016928
3660,34,23,17,10,81.3478,0.00113
3661,132,109,27,8,76.7706,0.0064148
3662,21,21,0,42,12.0476,5.408e-05
3663,110,93,18,10,78.6989,0.00534752
3664,79,79,0,158,12.0506,0.00018368
3665,71,58,14,10,82.6552,0.00331648
3666,96,80,20,8,80.325,0.00463804
3667,67,67,0,134,12.0448,0.00015616
3668,47,47,0,94,12.0426,0.00011328
3669,51,51,0,102,12.0392,0.00011712
3670,68,59,9,8,81.8814,0.0033788
3671,82,71,11,8,80.9014,0.004082
3672,51,51,0,102,12.0588,0.00012416
3673,21,16,5,8,80.6875,0.00078536
3674,53,53,0,106,12.0566,0.00012192
3675,35,29,6,10,81.1379,0.00154464
3676,12,12,0,24,12,2.736e-05
3677,25,25,0,50,12.04,6.272e-05
3678,53,48,5,8,80.3542,0.00270992
3679,60,49,11,8,80.7143,0.00276284
3680,39,39,0,78,12.0513,9.472e-05
3681,36,36,0,72,12.0556,8.624e-05
3682,131,107,30,8,83.8692,0.00628472
3683,88,88,0,176,12.0568,0.00022288
3684,88,80,8,10,78.075,0.0046176
3685,36,26,10,10,77.6538,0.001324
3686,64,64,0,128,12.0469,0.00015312
3687,16,12,4,8,78,0.00053476
3688,23,23,0,46,12.0435,5.76e-05
3689,8,8,0,16,12,1.744e-05
3690,75,65,10,10,76.2308,0.00369904
3691,80,64,16,8,79.1719,0.00369112
3692,59,59,0,118,12.0508,0.00014304
3693,15,15,0,8,71.4,0.0007218
3694,48,48,0,96,12.0417,0.0001112
3695,9,9,0,18,12,1.888e-05
3696,110,103,10,10,78.8835,0.00603792
3697,53,38,18,8,80.8421,0.00210108
3698,17,12,5,8,75.4167,0.00051888
3699,90,90,0,180,12.0556,0.00022064
3700,142,132,10,8,71.3788,0.00778264
3701,31,31,0,62,12.0645,8.256e-05
3702,49,35,14,8,76.2286,0.00190904
3703,8,8,0,16,12,1.712e-05
3704,75,75,0,150,12.0533,0.00016128
3705,29,29,0,58,12.0345,6.816e-05
3706,64,55,12,8,80.1455,0.00309988
3707,111,96,17,8,74.7292,0.0056158
3708,37,27,10,10,72.7778,0.00139568
3709,38,38,0,76,12.0526,9.168e-05
3710,32,24,8,10,78.5417,0.00125416
3711,61,61,0,122,12.0492,0.00013856
3712,10,8,2,8,79,0.000256
3713,25,25,0,50,12.04,5.984e-05
3714,21,21,0,42,12.0476,5.184e-05
3715,5,5,0,10,12,1.12e-05
3716,113,90,28,10,71.3111,0.0051684
3717,76,76,0,152,12.0526,0.00019248
3718,41,33,8,10,75.3333,0.00180288
3719,69,53,16,8,76.4717,0.00299672
3720,26,26,0,52,12.0385,6.352e-05
3721,40,40,0,80,12.05,9.392e-05
3722,39,39,0,8,71.8462,0.00215516
3723,21,21,0,42,12.0476,4.384e-05
3724,83,80,3,8,73.6375,0.00460612
3725,43,43,0,86,12.0465,9.216e-05
3726,7,7,0,14,12,1.472e-05
3727,67,66,1,8,68.697,0.00378444
3728,33,33,0,8,63.4545,0.00177948
3729,35,35,0,70,12.0286,7.296e-05
3730,18,18,0,36,12,3.76e-05
3731,41,33,8,10,77.3636,0.00176632
3732,29,29,0,58,12.0345,7.552e-05
3733,102,81,25,10,79.963,0.00461264
3734,41,39,2,10,79.5385,0.00210024
3735,10,10,0,8,75.5,0.0003932
3736,598,567,37,8,72.6561,0.0340972
3737,46,34,14,8,74,0.0018316
3738,69,69,0,138,12.058,0.00017728
3739,33,33,0,66,12.0303,7.296e-05
3740,6,6,0,12,12,1.264e-05
3741,360,360,0,720,12.0528,0.00079728
3742,26,26,0,52,12.0385,6.096e-05
3743,560,438,156,8,75.137,0.026271
3744,59,45,21,8,85.1333,0.00252672
3745,397,397,0,794,12.068,0.00111136
3746,35,35,0,70,12.0571,9.216e-05
3747,158,142,16,8,73.8803,0.00839396
3748,38,29,9,8,84.2759,0.00157692
3749,102,102,0,204,12.049,0.0002344
3750,24,20,4,8,82.05,0.00102092
3751,23,23,0,46,12.0435,5.44e-05
3752,93,85,8,8,82.4588,0.00491044
3753,14,14,0,28,12,3.312e-05
3754,59,59,0,118,12.0508,0.00013792
3755,25,18,7,8,86.3889,0.00086632
3756,22,14,8,8,74.7143,0.00066664
3757,15,15,0,30,12,3.648e-05
3758,12,12,0,24,12,2.864e-05
3759,24,20,4,8,85.3,0.00101624
3760,15,15,0,30,12,3.456e-05
3761,52,42,10,8,81.1667,0.00231164
3762,32,24,8,8,80,0.00126772
3763,36,36,0,72,12.0556,8.752e-05
3764,20,20,0,40,12.05,4.752e-05
3765,66,60,6,10,78.75,0.00334464
3766,42,33,9,10,80.6667,0.00179064
3767,49,49,0,98,12.0612,0.00012416
3768,28,28,0,56,12.0357,7.344e-05
3769,121,105,24,8,67.781,0.00616736
3770,66,66,0,132,12.0455,0.00014672
3771,43,39,4,8,68.8718,0.0021556
3772,104,86,18,10,71.0814,0.00491624
3773,100,80,20,8,69.6125,0.00465708
3774,23,23,0,46,12.0435,5.056e-05
3775,73,73,0,146,12.0548,0.00018208
3776,71,71,0,142,12.0563,0.00017568
3777,31,23,8,8,65.9565,0.00118816
3778,16,16,0,32,12,3.824e-05
3779,17,17,0,8,60,0.00084612
3780,10,10,0,20,12,2.096e-05
3781,92,83,10,6,79.1084,0.00484472
3782,14,14,0,8,81,0.00061908
3783,69,69,0,138,12.058,0.00017056
3784,8,8,0,16,12,1.68e-05
3785,88,78,10,8,76.0769,0.00450292
3786,52,52,0,104,12.0577,0.000124
3787,16,10,9,8,72.7,0.00042096
3788,59,53,6,8,71.8679,0.0030028
3789,32,28,4,10,74.5714,0.00148016
3790,9,9,0,18,12,2.016e-05
3791,35,35,0,70,12.0571,8e-05
3792,23,23,0,46,12.0435,5.248e-05
3793,32,32,0,8,76.625,0.00172588
3794,17,17,0,34,12,3.552e-05
3795,32,32,0,8,66.875,0.00170408
3796,17,17,0,34,12,3.552e-05
3797,6,6,0,8,53.8333,0.00017816
3798,4,4,0,8,12,8.48e-06
3799,71,62,9,10,73.8387,0.00351904
3800,41,41,0,82,12.0488,9.6e-05
3801,62,57,6,8,80,0.003216
3802,28,23,5,8,81.3913,0.00117696
3803,108,98,10,8,74.7857,0.00570624
3804,59,44,24,8,77.0909,0.0024688
3805,60,50,15,8,74.7,0.00282796
3806,41,41,0,82,12.0488,0.0001024
3807,16,16,0,32,12,3.6e-05
3808,73,73,0,146,12.0548,0.00017888
3809,34,34,0,68,12.0588,7.888e-05
3810,169,146,25,8,76.2055,0.00861112
3811,64,53,18,8,75.566,0.00300852
3812,49,49,0,98,12.0612,0.00012704
3813,106,106,0,212,12.0566,0.00024304
3814,45,45,0,90,12.0444,0.00010528
3815,124,108,22,8,74.9074,0.00634792
3816,34,25,9,10,79.12,0.001264
3817,101,101,0,202,12.0594,0.00027264
3818,80,66,14,8,76.9394,0.0037878
3819,22,22,0,44,12.0455,5.552e-05
3820,73,64,9,10,81.25,0.0035984
3821,77,64,13,8,79.3281,0.0036376
3822,50,50,0,100,12.04,0.00012016
3823,21,18,3,8,80.5556,0.0009
3824,51,51,0,102,12.0588,0.00012864
3825,53,53,0,106,12.0566,0.00014048
3826,12,12,0,24,12,2.576e-05
3827,38,37,1,10,73.9189,0.00200352
3828,11,9,2,8,81.3333,0.00033632
3829,31,31,0,62,12.0323,6.912e-05
3830,6,6,0,12,12,1.36e-05
3831,30,30,0,8,74.1333,0.00158136
3832,31,30,1,8,84.1667,0.001623
3833,49,42,7,8,66.8333,0.00231396
3834,16,16,0,32,12,3.344e-05
3835,17,17,0,34,12,3.552e-05
3836,30,30,0,60,12.0333,7.216e-05
3837,22,22,0,8,66.1818,0.0011364
3838,14,14,0,8,65.3571,0.00061932
3839,107,90,20,8,75.1556,0.005237
3840,12,12,0,24,12,2.512e-05
3841,8,8,0,16,12,1.68e-05
3842,58,58,0,116,12.0517,0.00013968
3843,92,82,10,8,78.4756,0.00477132
3844,96,85,14,8,80,0.00495716
3845,99,93,9,8,75.5699,0.0054244
3846,54,54,0,108,12.0556,0.00012112
3847,56,56,0,112,12.0536,0.00012816
3848,65,65,0,130,12.0462,0.00014496
3849,150,135,15,10,81.9185,0.00797704
3850,93,93,0,186,12.0538,0.00022016
3851,190,136,79,8,77.9853,0.00800808
3852,123,123,0,246,12.0569,0.00032
3853,85,71,18,8,81.169,0.0040876
3854,17,12,8,8,83.5,0.0004962
3855,56,56,0,112,12.0536,0.00013296
3856,9,9,0,8,82,0.00032872
3857,9,9,0,18,12,1.952e-05
3858,233,208,25,8,73.9087,0.0123944
3859,6,6,0,12,12,1.264e-05
3860,150,150,0,300,12.0533,0.0003432
3861,15,13,2,8,89.9231,0.00056432
3862,85,72,13,8,58.0833,0.0041594
3863,8,8,0,16,12,1.744e-05
3864,46,46,0,92,12.0435,0.0001032
3865,30,30,0,8,75.1333,0.00162972
3866,33,26,7,8,77.1923,0.00136328
3867,16,16,0,32,12,3.344e-05
3868,78,71,7,10,76.9859,0.004046
3869,60,44,19,8,79.0227,0.00243404
3870,19,19,0,38,12.0526,4.448e-05
3871,55,55,0,110,12.0545,0.00012992
3872,34,34,0,68,12.0588,8.24e-05
3873,256,216,45,8,78.8426,0.0128745
3874,9,9,0,8,67.2222,0.000311
3875,195,195,0,390,12.0667,0.00052288
3876,72,58,14,10,80.9655,0.00327984
3877,6,6,0,12,12,1.264e-05
3878,49,49,0,98,12.0612,0.0001392
3879,173,158,15,8,71.3734,0.00932304
3880,48,39,13,10,81.7179,0.00216832
3881,24,17,7,8,79.9412,0.00081088
3882,117,117,0,234,12.0513,0.00027104
3883,36,36,0,72,12.0556,9.008e-05
3884,14,14,0,28,12,3.632e-05
3885,51,40,11,8,78.15,0.00222228
3886,15,10,5,8,80.6,0.00041592
3887,31,23,8,8,80.1304,0.00120004
3888,31,31,0,62,12.0323,7.616e-05
3889,8,8,0,16,12,1.744e-05
3890,18,18,0,36,12.0556,4.112e-05
3891,211,160,51,10,80.1688,0.00948504
3892,14,14,0,8,81.2857,0.00066952
3893,127,127,0,254,12.063,0.00035008
3894,8,8,0,16,12,1.68e-05
3895,77,68,9,8,78.3529,0.00388128
3896,57,57,0,114,12.0526,0.00013568
3897,73,65,8,10,76.7385,0.003656
3898,29,24,5,8,73.2917,0.00124036
3899,55,55,0,110,12.0545,0.00013888
3900,6,6,0,8,75.5,0.00015384
3901,17,17,0,34,12.0588,4.032e-05
3902,4,4,0,8,12,8.48e-06
3903,11,9,2,8,81,0.00035072
3904,279,261,19,8,71.341,0.0155726
3905,28,24,4,10,76.3333,0.00119728
3906,7,7,0,14,12,1.472e-05
3907,166,166,0,332,12.0542,0.00038
3908,19,19,0,38,12.0526,4.352e-05
3909,22,22,0,8,71.5,0.00114072
3910,26,26,0,8,71.7692,0.0013602
3911,12,12,0,24,12,2.512e-05
3912,14,14,0,28,12,2.928e-05
3913,239,196,49,8,78.9949,0.0116764
3914,12,12,0,8,71.25,0.0005446
3915,148,148,0,296,12.0608,0.00038576
3916,7,7,0,14,12,1.472e-05
3917,31,23,8,8,75.1304,0.00116932
3918,19,19,0,38,12.0526,4.544e-05
3919,17,17,0,8,80.7059,0.00082876
3920,10,10,0,20,12,2.096e-05
3921,56,42,14,10,74.0476,0.00227888
3922,39,33,6,10,77.9091,0.00177688
3923,54,42,12,8,79.4286,0.00236232
3924,34,34,0,68,12.0588,8.72e-05
3925,28,28,0,56,12.0357,7.088e-05
3926,37,37,0,74,12.0541,9.408e-05
3927,46,36,16,8,36.7778,0.00199192
3928,37,27,10,8,74.2593,0.00143944
3929,34,26,12,8,75.5,0.00135936
3930,146,140,9,8,60.1929,0.00828404
3931,19,19,0,38,12.0526,3.968e-05
3932,23,23,0,46,12.0435,5.792e-05
3933,21,21,0,42,12.0476,5.024e-05
3934,89,89,0,178,12.0562,0.00020128
3935,101,86,15,10,78.9419,0.00500768
3936,63,63,0,126,12.0635,0.00016192
3937,22,22,0,8,49.8182,0.00110076
3938,12,12,0,24,12,2.512e-05
3939,27,27,0,8,54.5556,0.00143248
3940,15,15,0,30,12,3.136e-05
3941,29,29,0,8,34.5517,0.0015354
3942,16,16,0,32,12,3.344e-05
3943,45,45,0,8,73.3333,0.00252864
3944,24,24,0,48,12.0417,5.008e-05
3945,12,12,0,8,81.1667,0.00054356
3946,7,7,0,14,12,1.472e-05
3947,29,29,0,8,65.9655,0.00155308
3948,16,16,0,32,12,3.344e-05
3949,13,13,0,8,75.1538,0.00055652
3950,8,8,0,16,12,1.68e-05
3951,33,33,0,8,74.0909,0.00177156
3952,18,18,0,36,12,3.76e-05
3953,53,41,13,8,78.7073,0.00226324
3954,45,34,11,8,80.6176,0.00182408
3955,32,32,0,64,12.0625,8.048e-05
3956,109,101,9,10,77.0396,0.0058936
3957,27,27,0,54,12.037,7.04e-05
3958,69,69,0,138,12.0435,0.0001568
3959,77,62,15,8,78.2258,0.00354864
3960,45,45,0,90,12.0444,0.00011488
3961,62,52,16,6,79.8269,0.00296972
3962,41,41,0,82,12.0488,9.376e-05
3963,33,33,0,8,69.7879,0.00178
3964,18,18,0,36,12,3.76e-05
3965,259,219,52,8,79.8037,0.0130488
3966,7,7,0,8,82,0.0002462
3967,164,164,0,328,12.061,0.00041808
3968,70,52,18,8,77.2115,0.00291376
3969,5,5,0,10,12,1.056e-05
3970,40,40,0,80,12.05,0.00010096
3971,119,106,13,8,80.0849,0.00622612
3972,185,169,16,8,41.6686,0.00999088
3973,41,26,15,8,76.6154,0.0013646
3974,72,72,0,144,12.0556,0.00016272
3975,103,103,0,206,12.0485,0.00022784
3976,24,24,0,48,12.0417,5.744e-05
3977,18,16,2,8,77.25,0.0007594
3978,9,9,0,8,80.2222,0.00032388
3979,62,55,7,10,83.8727,0.00308728
3980,48,37,11,8,25.1892,0.00205188
3981,9,9,0,18,12,1.952e-05
3982,67,56,19,8,49.9821,0.00319188
3983,6,6,0,12,12,1.264e-05
3984,44,44,0,88,12.0455,0.00010224
3985,20,20,0,40,12.05,4.176e-05
3986,42,42,0,84,12.0476,9.712e-05
3987,218,193,25,10,81.2798,0.0114418
3988,154,154,0,308,12.0584,0.00039152
3989,84,67,17,10,80.9701,0.00387384
3990,53,53,0,106,12.0566,0.00013888
3991,81,68,13,8,79.7353,0.00388544
3992,55,55,0,110,12.0545,0.00013248
3993,22,13,13,8,71.2308,0.00059664
3994,8,8,0,16,12,1.68e-05
3995,46,37,9,8,76.4324,0.00202968
3996,110,96,14,8,78.375,0.00557516
3997,24,18,6,8,78.7778,0.0008568
3998,28,28,0,56,12.0357,7.024e-05
3999,74,74,0,148,12.0541,0.00018544
4000,13,13,0,26,12,3.104e-05
4001,74,63,16,10,83.8889,0.00360296
4002,24,21,3,8,77.4762,0.00107516
4003,54,54,0,108,12.0556,0.0001384
4004,61,47,19,8,69.1489,0.00263496
4005,13,13,0,26,12,2.784e-05
4006,31,24,10,8,83,0.00127352
4007,39,31,12,8,75,0.001655
4008,29,29,0,58,12.0345,6.72e-05
4009,71,62,9,8,70.5161,0.00353916
4010,21,21,0,42,12.0476,5.12e-05
4011,23,23,0,46,12.0435,5.376e-05
4012,59,59,0,118,12.0508,0.00014592
4013,68,61,7,8,78.2951,0.0034716
4014,111,103,8,8,67.7184,0.00603488
4015,44,44,0,88,12.0455,0.00010832
4016,89,79,10,8,66.7342,0.00454488
4017,64,64,0,128,12.0469,0.00014224
4018,52,52,0,104,12.0577,0.0001224
4019,15,15,0,8,73.4667,0.00070308
4020,9,9,0,18,12,1.888e-05
4021,30,28,2,8,64.0357,0.0015058
4022,43,32,11,10,68.8125,0.0017132
4023,18,17,1,8,64.3529,0.0008064
4024,15,15,0,30,12,3.2e-05
4025,25,25,0,50,12.04,6.112e-05
4026,9,9,0,18,12,1.92e-05
4027,19,18,1,8,72.6667,0.00090132
4028,25,18,7,8,72.3333,0.00088036
4029,11,11,0,22,12,2.304e-05
4030,15,15,0,30,12,3.744e-05
4031,17,17,0,8,72.4118,0.00079876
4032,10,10,0,20,12,2.096e-05
4033,29,29,0,8,70.2069,0.00154872
4034,16,16,0,32,12,3.344e-05
4035,18,18,0,8,67.2778,0.00087456
4036,10,10,0,20,12,2.096e-05
4037,157,126,42,10,67.8889,0.0074236
4038,89,89,0,178,12.0562,0.00022592
4039,85,81,4,8,58.1481,0.00470664
4040,51,47,6,8,69.2766,0.00262568
4041,32,24,10,8,62.25,0.00124664
4042,50,50,0,100,12.04,0.00010928
4043,33,33,0,66,12.0303,7.392e-05
4044,20,20,0,40,12.05,4.752e-05
4045,24,24,0,8,64,0.00123512
4046,13,13,0,26,12,2.72e-05
4047,37,37,0,8,60.2162,0.00203328
4048,20,20,0,40,12.05,4.176e-05
