flow_id,tx_packets,rx_packets,lost_packets,retx_packets,mean_delay_ms,throughput_mbps
1,9477,7996,1962,4,73.1299,0.483481
2,10608,8922,2274,4,72.7595,0.539486
3,10579,8838,2383,4,73.3889,0.534406
4,8811,7359,1954,4,72.2814,0.444956
5,10506,9007,1988,4,72.6105,0.544627
6,5951,5951,0,11902,12.0612,0.0146858
7,6792,6792,0,13584,12.061,0.016692
8,6846,6838,0,13676,12.0616,0.0169931
9,5556,5556,0,11112,12.0605,0.0135419
10,6604,6603,0,13206,12.0597,0.015913
11,29,16,14,8,57.375,0.0007478
12,47,28,24,8,70.8929,0.00147912
13,54,35,34,8,74.5429,0.00191412
14,17,10,13,6,68.7,0.00048328
15,11,11,0,22,12,2.4e-05
16,38,28,10,8,75.9643,0.00147152
17,27,27,0,54,12.037,7.456e-05
18,33,33,0,66,12.0606,9.6e-05
19,9,9,0,18,12,2.112e-05
20,135,113,22,8,77.7788,0.0066578
21,21,21,0,42,12.0476,4.96e-05
22,20,14,6,8,74.7143,0.00064072
23,86,86,0,172,12.0581,0.00022448
24,9,9,0,18,12,1.888e-05
25,41,23,23,8,66.3043,0.00117364
26,19,19,0,38,12.0526,4.672e-05
27,85,82,3,8,80.9878,0.00477236
28,63,63,0,126,12.0476,0.0001488
29,9,9,0,8,77.3333,0.00033988
30,6,6,0,12,12,1.264e-05
31,13,13,0,8,62.4615,0.00060356
32,94,71,31,10,68.1549,0.00405192
33,63,48,15,8,72.6667,0.00267972
34,8,8,0,16,12,1.68e-05
35,28,21,7,8,70.3333,0.00107052
36,59,59,0,118,12.0508,0.00015488
37,38,38,0,76,12.0526,0.00010256
38,14,14,0,28,12,3.056e-05
39,18,18,0,8,62,0.00087224
40,65,64,1,10,67.6406,0.00364336
41,10,10,0,20,12,2.096e-05
42,53,53,0,106,12.0377,0.0001184
43,16,16,0,8,56.375,0.0007796
44,9,9,0,18,12,1.888e-05
45,167,139,31,10,67.9928,0.00822384
46,123,123,0,246,12.065,0.00032448
47,109,101,8,8,69.9208,0.00591496
48,74,74,0,148,12.0541,0.00017168
49,38,35,3,10,77.4857,0.00187856
50,20,13,7,8,76.3077,0.00055492
51,25,25,0,50,12.04,5.568e-05
52,8,8,0,16,12,1.712e-05
53,14,14,0,8,53,0.00066656
54,8,8,0,16,12,1.68e-05
55,33,33,0,8,60.0303,0.00178244
56,18,18,0,36,12,3.76e-05
57,51,51,0,8,47.8235,0.00286652
58,27,27,0,54,12.037,5.632e-05
59,81,81,0,8,63.3827,0.00470092
60,20,20,0,8,47.95,0.00102752
61,42,42,0,84,12.0476,8.752e-05
62,11,11,0,22,12,2.304e-05
63,43,43,0,8,56.6047,0.0024018
64,24,24,0,8,61.375,0.00121948
65,23,23,0,46,12.0435,4.8e-05
66,13,13,0,26,12,2.72e-05
67,11,11,0,8,74.6364,0.00047896
68,17,17,0,8,67.7059,0.000822
69,30,23,7,8,67.2609,0.00117372
70,79,74,5,10,67.4054,0.00426064
71,7,7,0,14,12,1.472e-05
72,10,10,0,20,12,2.096e-05
73,13,13,0,26,12,2.752e-05
74,66,66,0,132,12.0455,0.00014896
75,66,65,1,10,68.9846,0.00371744
76,47,47,0,94,12.0426,0.00010304
77,15,15,0,8,76.1333,0.00070036
78,9,9,0,18,12,1.888e-05
79,132,123,10,8,73.3902,0.00723904
80,34,34,0,8,70.4412,0.00187224
81,74,74,0,148,12.0541,0.00017264
82,18,18,0,36,12,3.76e-05
83,98,98,0,8,78.6122,0.0057078
84,81,64,23,8,54.6406,0.00369084
85,50,50,0,100,12.04,0.00010416
86,44,44,0,88,12.0455,0.00010064
87,21,21,0,8,63.4286,0.00105888
88,97,85,12,8,68.6706,0.00494092
89,12,12,0,24,12,2.512e-05
90,14,14,0,8,56.1429,0.00062876
91,49,49,0,98,12.0408,0.00010944
92,31,22,9,8,68,0.00110608
93,8,8,0,16,12,1.68e-05
94,110,88,34,10,66.4659,0.00507176
95,16,16,0,32,12,3.536e-05
96,54,54,0,108,12.037,0.00011664
97,32,32,0,8,47.6875,0.00170756
98,17,17,0,34,12,3.552e-05
99,14,14,0,8,21.1429,0.00067096
100,8,8,0,16,12,1.68e-05
101,118,118,0,8,50.2203,0.006927
102,60,60,0,120,12.05,0.00012496
103,20,20,0,8,59.15,0.00101912
104,11,11,0,22,12,2.304e-05
105,21,21,0,8,29,0.00108596
106,44,44,0,8,49.9091,0.00245208
107,12,12,0,24,12,2.512e-05
108,7,7,0,8,49.7143,0.0002178
109,23,23,0,46,12.0435,4.8e-05
110,20,20,0,8,56.95,0.00100996
111,5,5,0,10,12,1.056e-05
112,11,11,0,22,12,2.304e-05
113,15,15,0,8,44.6,0.00069872
114,34,34,0,8,70.6471,0.0018806
115,9,9,0,18,12,1.888e-05
116,18,18,0,36,12,3.76e-05
117,27,26,2,8,74.5385,0.0013944
118,96,89,7,10,68.3708,0.00510952
119,14,14,0,28,12,2.96e-05
120,52,35,32,8,70.9143,0.00190168
121,71,53,32,8,63.3774,0.00297548
122,65,65,0,130,12.0462,0.00015392
123,30,30,0,60,12.0333,7.664e-05
124,40,40,0,80,12.05,9.776e-05
125,14,14,0,8,66.6429,0.0006494
126,8,8,0,16,12,1.68e-05
127,16,16,0,8,57.1875,0.00075436
128,71,71,0,8,77.8169,0.004096
129,9,9,0,18,12,1.888e-05
130,37,37,0,74,12.027,7.712e-05
131,20,20,0,8,73.8,0.00102812
132,11,11,0,22,12,2.304e-05
133,107,89,21,8,67.3708,0.00515156
134,31,28,3,8,73.5357,0.00150836
135,22,20,2,8,77.2,0.00099728
136,68,68,0,136,12.0588,0.00017552
137,16,16,0,32,12,3.376e-05
138,12,12,0,24,12,2.512e-05
139,31,23,8,8,74.9565,0.00117932
140,15,15,0,30,12,3.2e-05
141,29,29,0,8,61.5862,0.00153448
142,16,16,0,32,12,3.344e-05
143,23,23,0,8,28.6957,0.00115972
144,13,13,0,26,12,2.72e-05
145,12,12,0,8,23.9167,0.00050488
146,7,7,0,14,12,1.472e-05
147,20,20,0,8,37.3,0.00101944
148,11,11,0,22,12,2.304e-05
149,64,64,0,8,47.3438,0.00364048
150,33,33,0,66,12.0303,6.88e-05
151,32,32,0,8,41.6875,0.00175792
152,17,17,0,34,12,3.552e-05
153,55,43,14,8,63.7442,0.00239356
154,53,49,4,10,70.7551,0.00268568
155,28,28,0,56,12.0357,6.448e-05
156,55,48,7,10,72.5833,0.0026584
157,32,32,0,64,12.0312,7.344e-05
158,40,40,0,80,12.05,9.68e-05
159,43,43,0,8,68.5581,0.0023752
160,124,119,5,8,79.5462,0.00698772
161,71,50,34,10,77.7,0.00282304
162,23,23,0,46,12.0435,4.8e-05
163,85,85,0,170,12.0588,0.00019968
164,48,48,0,96,12.0625,0.00012464
165,16,16,0,8,77.8125,0.00076924
166,232,202,35,8,80.6535,0.0119923
167,9,9,0,18,12,1.888e-05
168,158,158,0,316,12.0633,0.000412
169,87,61,40,10,77.6721,0.00345736
170,59,41,36,8,77.5366,0.00226532
171,54,54,0,108,12.0556,0.00014256
172,34,34,0,68,12.0588,8.528e-05
173,77,60,21,8,79.15,0.0034116
174,49,49,0,98,12.0612,0.000128
175,71,58,13,8,82.0345,0.00331164
176,49,49,0,98,12.0408,0.00011904
177,202,184,22,8,75.6033,0.0109451
178,64,45,36,8,78.4444,0.00253308
179,122,99,38,8,77.3838,0.00576172
180,209,176,55,8,77.2727,0.0104647
181,119,119,0,238,12.0504,0.00027552
182,36,36,0,72,12.0556,8.464e-05
183,52,52,0,104,12.0385,0.00011024
184,375,346,34,8,75.1676,0.0207361
185,130,130,0,260,12.0538,0.00030928
186,228,228,0,456,12.057,0.00053136
187,8,8,0,8,74.75,0.00025288
188,5,5,0,10,12,1.056e-05
189,26,26,0,8,80.5385,0.00136476
190,297,229,81,10,77.4541,0.0136109
191,14,14,0,28,12,2.928e-05
192,63,46,28,8,76.5,0.00256212
193,192,192,0,384,12.0573,0.00047952
194,36,36,0,72,12.0556,8.912e-05
195,15,13,2,8,84.0769,0.0005536
196,8,8,0,16,12,1.744e-05
197,55,40,21,8,80.725,0.00221904
198,26,15,20,8,79.0667,0.00068864
199,30,16,26,8,80.9375,0.00073756
200,36,36,0,72,12.0556,9.104e-05
201,105,100,5,8,74.86,0.00583004
202,12,12,0,24,12,2.672e-05
203,12,12,0,24,12,2.672e-05
204,12,9,3,8,75.8889,0.00033376
205,31,18,15,8,76.3889,0.00089276
206,83,83,0,166,12.0602,0.0002032
207,6,6,0,12,12,1.264e-05
208,12,12,0,24,12,2.512e-05
209,64,54,10,8,80.0926,0.00308356
210,47,33,16,8,79.9394,0.00177536
211,111,75,65,8,76.6,0.00433256
212,41,41,0,82,12.0488,0.0001072
213,29,29,0,58,12.0345,7.392e-05
214,65,65,0,130,12.0615,0.0001616
215,58,37,26,8,81.8378,0.00202036
216,48,31,19,8,81.6129,0.00167752
217,31,31,0,62,12.0645,8.384e-05
218,129,102,38,8,74.3627,0.0059846
219,23,19,4,8,74.6842,0.0009632
220,118,91,38,8,73.2637,0.00529216
221,28,28,0,56,12.0357,7.664e-05
222,74,74,0,148,12.0541,0.00018288
223,13,13,0,26,12,2.816e-05
224,87,87,0,174,12.0575,0.00024128
225,148,132,17,10,79.9621,0.00778992
226,108,108,0,216,12.0648,0.00028624
227,41,20,28,8,81.1,0.00097792
228,15,15,0,30,12,3.488e-05
229,15,15,0,8,76.5333,0.00068288
230,144,129,16,8,70.8217,0.00759148
231,9,9,0,18,12,1.888e-05
232,100,84,17,8,69.5476,0.00488452
233,87,87,0,174,12.0575,0.00020928
234,78,71,13,10,69.7042,0.00409664
235,57,57,0,114,12.0526,0.00013984
236,62,62,0,124,12.0484,0.00014
237,10,10,0,8,64.2,0.0004022
238,6,6,0,12,12,1.264e-05
239,54,42,20,8,80.9524,0.00235904
240,127,98,37,8,78.8163,0.0057274
241,30,30,0,60,12.0333,7.6e-05
242,33,19,22,8,70.1053,0.00095884
243,89,89,0,178,12.0562,0.00021536
244,18,18,0,36,12.0556,4.336e-05
245,27,20,7,8,84.6,0.00099888
246,87,60,35,8,74.8667,0.00340784
247,13,13,0,26,12,2.752e-05
248,51,51,0,102,12.0588,0.000128
249,41,33,8,8,77.1515,0.00177776
250,23,23,0,46,12.0435,5.312e-05
251,33,28,5,8,80.5,0.00151244
252,19,19,0,38,12.0526,4.256e-05
253,25,25,0,8,76.64,0.00130628
254,14,14,0,28,12,2.928e-05
255,14,14,0,8,59.2143,0.00066948
256,8,8,0,16,12,1.68e-05
257,241,205,42,10,77.5707,0.0122001
258,183,183,0,366,12.0656,0.00048896
259,112,92,23,10,75.1413,0.00535648
260,15,10,5,8,82.3,0.00041132
261,73,73,0,146,12.0548,0.00018848
262,8,6,2,8,75.6667,0.00015024
263,8,8,0,16,12,1.776e-05
264,5,5,0,10,12,1.056e-05
265,98,88,10,10,75.5568,0.0050568
266,96,79,22,8,76.3038,0.00457516
267,68,68,0,136,12.0588,0.00017584
268,60,60,0,120,12.05,0.00014896
269,38,20,18,8,75.95,0.0010008
270,17,17,0,34,12.0588,4e-05
271,283,224,70,8,78.2679,0.013324
272,133,96,40,8,82.4583,0.005579
273,205,205,0,410,12.0634,0.00053952
274,112,97,18,8,79.6392,0.0056486
275,87,87,0,174,12.069,0.00024576
276,76,76,0,152,12.0526,0.00018736
277,217,161,78,8,80.8509,0.0095572
278,47,27,33,8,81.6667,0.00141764
279,146,146,0,292,12.0685,0.00041616
280,55,39,20,8,80.0513,0.00213512
281,25,25,0,50,12.04,6.656e-05
282,103,82,27,8,81.9878,0.00477268
283,33,33,0,66,12.0606,8e-05
284,69,69,0,138,12.058,0.00017856
285,52,35,21,10,81.1143,0.00193984
286,248,187,80,8,78.4225,0.01113
287,33,33,0,66,12.0606,8.64e-05
288,169,169,0,338,12.0651,0.00044736
289,313,255,66,6,80.2902,0.0153052
290,156,120,48,10,79.4333,0.00698024
291,36,19,25,8,80.3684,0.00092084
292,213,213,0,426,12.061,0.00055552
293,112,112,0,224,12.0625,0.00028752
294,14,14,0,28,12,3.088e-05
295,244,217,28,8,80.0461,0.0129363
296,174,174,0,348,12.0575,0.00043344
297,23,16,7,8,78.8125,0.00078312
298,10,10,0,20,12,2.096e-05
299,93,70,30,10,80.6857,0.003988
300,80,61,24,8,79.4098,0.00348264
301,60,60,0,120,12.0667,0.00017104
302,46,46,0,92,12.0435,0.00011184
303,43,26,19,8,80.5769,0.0013776
304,65,43,37,8,79.4186,0.00239328
305,39,23,20,8,81.8696,0.00119568
306,22,22,0,44,12.0455,6.128e-05
307,41,41,0,82,12.0488,0.0001088
308,241,177,76,8,73.8757,0.0105052
309,19,19,0,38,12.0526,4.352e-05
310,140,140,0,280,12.0571,0.00036336
311,15,15,0,8,71.7333,0.00069164
312,9,9,0,18,12,1.888e-05
313,12,12,0,8,82.3333,0.00051564
314,36,19,17,8,76.1579,0.00094624
315,295,161,228,8,77.5528,0.00953444
316,83,59,26,8,79.8814,0.00338176
317,7,7,0,14,12,1.472e-05
318,18,18,0,36,12.0556,4.592e-05
319,151,151,0,302,12.0596,0.0003952
320,113,102,14,10,80.1176,0.00592808
321,56,56,0,112,12.0536,0.0001528
322,80,80,0,160,12.0625,0.00020528
323,31,18,23,8,83.6111,0.00086632
324,52,38,17,8,77.9737,0.00211484
325,249,204,57,8,75.5882,0.012139
326,16,16,0,32,12,3.76e-05
327,31,31,0,62,12.0645,8e-05
328,154,154,0,308,12.0584,0.00036464
329,50,47,3,8,82.9362,0.00263936
330,36,36,0,72,12.0278,7.984e-05
331,16,16,0,8,76.625,0.00074784
332,15,14,1,8,81.3571,0.00066824
333,79,58,23,10,78.7586,0.00332984
334,9,9,0,18,12,1.888e-05
335,54,54,0,108,12.0556,0.00014448
336,33,20,13,8,78.8,0.00102136
337,16,16,0,32,12,3.728e-05
338,203,158,52,8,76.0949,0.00937776
339,24,13,11,8,79.6923,0.00058816
340,131,131,0,262,12.0611,0.00034752
341,10,10,0,20,12,2.224e-05
342,9,9,0,8,65.3333,0.00031864
343,62,41,39,8,79.2439,0.0022962
344,6,6,0,12,12,1.264e-05
345,53,27,42,8,71.2963,0.00144964
346,35,35,0,70,12.0571,8.736e-05
347,17,17,0,8,85.3529,0.00079772
348,20,20,0,40,12.05,4.432e-05
349,96,72,35,8,83.9722,0.00417628
350,160,122,58,8,75.6639,0.0071792
351,10,10,0,20,12,2.096e-05
352,63,63,0,126,12.0476,0.00016128
353,69,43,40,6,75.3721,0.00245696
354,91,91,0,182,12.0549,0.000216
355,64,41,35,8,80.7317,0.00229208
356,43,43,0,86,12.0465,0.0001008
357,35,30,7,8,78.5,0.00162048
358,39,39,0,78,12.0513,0.000104
359,51,26,30,8,79.8077,0.00136328
360,20,20,0,40,12.05,4.56e-05
361,44,23,26,8,76.9565,0.00119756
362,24,24,0,48,12.0417,6.544e-05
363,47,32,21,8,77.4062,0.00170436
364,72,46,33,10,77.587,0.0025156
365,20,20,0,40,12.05,4.72e-05
366,118,93,42,10,75.043,0.0053832
367,95,73,32,8,75.5205,0.00421724
368,26,26,0,52,12.0385,6.544e-05
369,40,40,0,80,12.05,0.00011184
370,29,16,25,8,79.75,0.00076228
371,78,78,0,156,12.0513,0.00019376
372,70,70,0,140,12.0571,0.00018608
373,9,9,0,18,12,1.888e-05
374,7,7,0,8,74.5714,0.00023392
375,30,25,5,8,80.64,0.00133288
376,5,5,0,10,12,1.056e-05
377,160,123,43,8,79.0894,0.00720752
378,16,16,0,32,12,3.472e-05
379,41,23,35,8,69.4783,0.00117496
380,117,104,15,10,74.1635,0.0060128
381,69,50,28,8,79.64,0.00283056
382,99,99,0,198,12.0606,0.00025728
383,15,15,0,30,12,3.232e-05
384,95,95,0,190,12.0632,0.00025184
385,44,44,0,88,12.0455,0.00011312
386,32,17,27,8,75.5294,0.0008498
387,11,11,0,22,12,2.304e-05
388,47,44,3,8,79.6818,0.00247464
389,70,51,26,10,78.098,0.00280776
390,59,39,31,8,78.8205,0.00216712
391,33,33,0,66,12.0303,7.584e-05
392,49,49,0,98,12.0408,0.00011968
393,33,33,0,66,12.0303,7.584e-05
394,15,15,0,8,79.0667,0.00069936
395,9,9,0,18,12,1.888e-05
396,41,36,5,10,79.1389,0.00195704
397,25,25,0,50,12.04,5.728e-05
398,10,10,0,8,61.1,0.00038184
399,6,6,0,12,12,1.264e-05
400,14,14,0,8,79.6429,0.00066456
401,8,8,0,16,12,1.68e-05
402,227,200,31,8,62.915,0.0119026
403,8,8,0,16,12,1.68e-05
404,126,126,0,252,12.0556,0.0002904
405,25,25,0,8,71.28,0.00130316
406,69,50,21,10,79.7,0.00283904
407,38,21,29,8,69.6667,0.00108484
408,14,14,0,28,12,2.928e-05
409,46,46,0,92,12.0652,0.00012368
410,19,19,0,38,12.0526,4.48e-05
411,55,41,17,8,76.3902,0.0022922
412,41,22,23,8,78.3182,0.0011442
413,30,30,0,60,12.0333,7.536e-05
414,18,18,0,36,12.0556,4.336e-05
415,28,21,7,8,72.8571,0.001051
416,9,9,0,8,72.5556,0.00035376
417,41,40,1,8,71.225,0.00220844
418,13,13,0,26,12,2.72e-05
419,6,6,0,12,12,1.264e-05
420,67,57,10,8,79.0351,0.00326744
421,39,39,0,78,12.0513,9.76e-05
422,14,10,4,8,83.2,0.00040152
423,7,7,0,14,12,1.504e-05
424,41,41,0,8,65.7073,0.00228828
425,9,9,0,8,68,0.00034688
426,22,22,0,44,12.0455,4.592e-05
427,6,6,0,12,12,1.264e-05
428,107,76,54,6,77.1842,0.00443008
429,61,61,0,122,12.0492,0.00015328
430,15,15,0,8,76.2667,0.0006822
431,9,9,0,18,12,1.888e-05
432,257,229,30,8,74.6769,0.0136361
433,167,167,0,334,12.0599,0.00039936
434,77,63,15,8,78.9206,0.00358064
435,46,46,0,92,12.0435,0.00011024
436,36,29,7,8,79.5862,0.00154328
437,21,21,0,42,12.0476,4.992e-05
438,107,91,17,8,75.044,0.0052844
439,71,71,0,142,12.0563,0.0001824
440,60,57,3,10,75.2982,0.0032364
441,33,33,0,66,12.0303,7.008e-05
442,44,27,23,8,69.7037,0.00142496
443,24,24,0,48,12.0417,6.736e-05
444,23,23,0,8,67.7391,0.00116972
445,60,55,5,10,69.0909,0.00310328
446,13,13,0,26,12,2.72e-05
447,44,44,0,88,12.0455,0.00010768
448,58,37,32,8,71.2162,0.00203844
449,34,34,0,68,12.0588,9.232e-05
450,13,13,0,8,57.6923,0.00057936
451,178,160,18,8,76.025,0.00946204
452,8,8,0,16,12,1.68e-05
453,19,19,0,8,73.9474,0.000921
454,25,24,1,8,80.0417,0.0012704
455,111,111,0,222,12.0541,0.00027744
456,11,11,0,22,12,2.304e-05
457,48,30,30,8,77.7667,0.00161348
458,13,13,0,26,12,2.752e-05
459,28,28,0,56,12.0357,6.8e-05
460,128,117,11,8,80.3761,0.00688288
461,56,39,26,8,76.9487,0.00215136
462,109,109,0,218,12.0642,0.00029888
463,42,23,25,8,78.9565,0.00116132
464,32,32,0,64,12.0312,7.76e-05
465,57,46,11,8,85.6522,0.00259308
466,21,21,0,42,12.0476,5.248e-05
467,35,35,0,70,12.0571,9.056e-05
468,32,30,2,10,78.8333,0.00153336
469,19,19,0,38,12.0526,4.192e-05
470,21,21,0,42,12.0476,4.384e-05
471,12,12,0,8,69,0.00054348
472,75,71,4,8,74.493,0.00406184
473,7,7,0,14,12,1.472e-05
474,60,60,0,120,12.05,0.0001352
475,27,26,1,8,76.7692,0.00135696
476,14,14,0,28,12,2.96e-05
477,57,47,10,10,82.617,0.00259648
478,42,36,6,10,81.1389,0.00195984
479,38,38,0,76,12.0526,9.456e-05
480,27,27,0,54,12.037,6.144e-05
481,18,13,5,8,82.8462,0.00059852
482,9,9,0,18,12,2.016e-05
483,9,9,0,8,45.6667,0.0003308
484,65,54,11,10,68.6852,0.003072
485,6,6,0,12,12,1.264e-05
486,70,65,5,10,72.6923,0.00367152
487,37,37,0,74,12.0541,8.768e-05
488,51,51,0,102,12.0588,0.0001296
489,19,19,0,8,34.4211,0.000931
490,11,11,0,22,12,2.304e-05
491,80,80,0,8,38.65,0.00462848
492,41,41,0,82,12.0488,8.544e-05
493,32,20,12,8,65.55,0.00097828
494,18,18,0,36,12.0556,4.656e-05
495,15,15,0,8,57.8,0.00071196
496,9,9,0,18,12,1.888e-05
497,25,22,3,8,68.3182,0.001142
498,206,182,24,10,76.4615,0.01073
499,92,59,52,10,72.8136,0.0033856
500,13,13,0,26,12,2.72e-05
501,152,152,0,304,12.0592,0.00038896
502,70,48,33,10,77.4792,0.00270288
503,55,55,0,110,12.0545,0.00014144
504,585,532,76,10,75.9286,0.0319186
505,46,46,0,92,12.0435,0.00011312
506,47,36,11,8,78.0833,0.00199396
507,354,354,0,708,12.0593,0.00085072
508,30,30,0,60,12.0333,7.6e-05
509,40,24,16,8,82.9167,0.00123844
510,68,37,54,8,69.4865,0.00201908
511,19,19,0,38,12.0526,4.8e-05
512,28,28,0,56,12.0357,6.992e-05
513,34,29,5,8,70.9655,0.00153792
514,34,25,9,8,80,0.0012932
515,50,31,28,8,77.3226,0.00167572
516,17,17,0,34,12,3.712e-05
517,18,18,0,36,12.0556,4.272e-05
518,29,29,0,58,12.0345,7.776e-05
519,17,17,0,8,58.4706,0.00082232
520,79,71,8,10,82.7324,0.00410424
521,10,10,0,20,12,2.096e-05
522,55,55,0,110,12.0545,0.0001312
523,9,9,0,8,85.5556,0.000347
524,6,6,0,12,12,1.264e-05
525,30,27,3,8,81.8519,0.00141336
526,50,33,24,8,75.9091,0.00176356
527,17,17,0,34,12,3.744e-05
528,67,64,3,8,80.0469,0.00365528
529,30,30,0,60,12.0333,7.152e-05
530,9,8,1,8,85,0.00025148
531,36,36,0,72,12.0278,7.984e-05
532,394,329,78,8,73.0851,0.019697
533,9,9,0,8,84.6667,0.00035472
534,248,248,0,496,12.0565,0.0006024
535,6,6,0,12,12,1.264e-05
536,14,14,0,8,42.5,0.00063848
537,80,80,0,8,63.8625,0.0046488
538,8,8,0,16,12,1.68e-05
539,41,41,0,82,12.0488,8.544e-05
540,21,21,0,8,39,0.00106576
541,12,12,0,24,12,2.512e-05
542,68,43,31,10,81.2093,0.00231896
543,37,19,32,6,80.9474,0.00102584
544,183,126,87,10,76,0.00738656
545,41,20,25,8,79.35,0.00102328
546,49,33,29,10,83.2727,0.00176192
547,38,38,0,76,12.0526,0.00010832
548,18,18,0,36,12.0556,4.592e-05
549,104,75,40,8,80.56,0.00431608
550,110,110,0,220,12.0636,0.0002936
551,111,93,25,10,79.7849,0.0053468
552,18,18,0,36,12.0556,4.528e-05
553,31,31,0,62,12.0645,8.416e-05
554,60,60,0,120,12.05,0.00014736
555,88,88,0,176,12.0568,0.00022256
556,24,21,3,8,85.3333,0.00108336
557,12,12,0,24,12,2.512e-05
558,47,30,22,10,79.3333,0.00158928
559,206,128,97,8,78.625,0.0075322
560,28,28,0,56,12.0357,6.768e-05
561,101,101,0,202,12.0594,0.000256
562,67,45,30,8,77.8667,0.00250284
563,59,38,34,8,77.9474,0.00210256
564,41,41,0,82,12.0488,0.00011136
565,35,35,0,70,12.0571,8.512e-05
566,19,17,2,8,83.6471,0.00080772
567,77,48,37,10,78.875,0.00264552
568,11,11,0,22,12,2.304e-05
569,46,46,0,92,12.0435,0.00011344
570,140,107,38,10,78.8224,0.00627256
571,15,12,3,8,81.4167,0.00054116
572,146,112,49,10,74.0714,0.00654136
573,95,95,0,190,12.0632,0.00027584
574,8,8,0,16,12,1.68e-05
575,98,98,0,196,12.051,0.00023408
576,214,180,42,8,77.7944,0.0106986
577,396,303,124,8,72.7756,0.0181152
578,161,161,0,322,12.0683,0.00044416
579,253,253,0,506,12.0632,0.00064896
580,82,40,55,8,72.725,0.00220836
581,33,33,0,66,12.0303,7.616e-05
582,72,56,18,10,79.8214,0.00319176
583,27,16,18,8,81.125,0.00076864
584,138,103,51,10,78.3107,0.0059828
585,47,47,0,94,12.0638,0.00013088
586,10,10,0,20,12,2.096e-05
587,25,16,11,8,79.625,0.000754
588,20,11,15,8,80.7273,0.0004708
589,90,90,0,180,12.0556,0.0002216
590,66,54,13,8,75.6852,0.00307796
591,12,12,0,24,12,2.64e-05
592,9,9,0,18,12,2.08e-05
593,45,45,0,90,12.0444,0.0001104
594,16,16,0,8,76.4375,0.00074788
595,9,9,0,18,12,1.888e-05
596,55,55,0,6,79.0727,0.00315128
597,12,12,0,8,83.5833,0.00050552
598,29,29,0,58,12.0345,6.048e-05
599,5,5,0,10,12,1.056e-05
600,7,7,0,14,12,1.472e-05
601,85,71,14,8,80.3944,0.00407336
602,237,198,40,8,80.702,0.0117786
603,34,30,4,8,68.9333,0.00159612
604,53,53,0,106,12.0566,0.00013248
605,153,153,0,306,12.0588,0.00038272
606,141,99,57,8,78.8687,0.00576516
607,341,250,117,8,77.048,0.0149012
608,18,18,0,36,12.0556,4.048e-05
609,56,31,26,8,73.129,0.00166712
610,96,96,0,192,12.0625,0.00027056
611,215,215,0,430,12.0605,0.00054688
612,29,29,0,58,12.0345,7.712e-05
613,115,96,34,8,77.7708,0.00562316
614,61,61,0,122,12.0492,0.00013408
615,38,29,10,8,78.7931,0.00157372
616,37,20,22,8,76.25,0.00101172
617,22,22,0,44,12.0455,5.328e-05
618,15,15,0,30,12,3.424e-05
619,13,13,0,8,67.7692,0.00057856
620,44,34,10,8,83.3824,0.00187312
621,8,8,0,16,12,1.68e-05
622,101,68,53,8,75.6471,0.00389268
623,27,27,0,54,12.037,6.784e-05
624,26,15,17,8,81,0.00071276
625,65,65,0,130,12.0615,0.00017152
626,10,10,0,20,12,2.192e-05
627,45,30,17,8,80.2333,0.00158372
628,26,26,0,52,12.0385,6.704e-05
629,16,16,0,8,69.8125,0.00078388
630,7,7,0,8,79.7143,0.00023864
631,18,15,3,8,85.5333,0.00068376
632,9,9,0,18,12,1.888e-05
633,23,17,6,8,79.5882,0.0008308
634,5,5,0,10,12,1.056e-05
635,9,9,0,18,12,1.984e-05
636,12,12,0,24,12,2.608e-05
637,175,163,12,10,80.227,0.009638
638,125,100,34,10,80.11,0.0058076
639,118,118,0,236,12.0593,0.00029136
640,89,89,0,178,12.0562,0.00022432
641,31,22,9,8,78.7727,0.00111772
642,7,6,1,8,84,0.00017524
643,64,40,37,8,75.65,0.0022128
644,15,15,0,30,12,3.296e-05
645,294,250,51,10,75.124,0.0148739
646,5,5,0,10,12,1.056e-05
647,37,37,0,74,12.0541,0.00010464
648,69,45,30,8,75.7111,0.00252372
649,203,203,0,406,12.064,0.0005296
650,40,40,0,80,12.05,0.00010384
651,34,32,2,8,79.4688,0.0017382
652,24,15,9,8,78.0667,0.00072608
653,18,18,0,36,12,3.76e-05
654,13,13,0,26,12,2.944e-05
655,52,32,21,8,71.6875,0.00170936
656,28,28,0,56,12.0357,7.12e-05
657,103,86,17,8,68.2209,0.0049696
658,76,52,41,6,75.6731,0.00296972
659,38,20,18,8,74.15,0.00097752
660,62,44,31,8,65.9091,0.00247416
661,69,69,0,138,12.058,0.00017536
662,30,30,0,60,12.0333,6.48e-05
663,18,18,0,36,12.0556,4.528e-05
664,35,35,0,70,12.0571,8.384e-05
665,38,38,0,8,63.4211,0.00210064
666,20,20,0,40,12.05,4.176e-05
667,19,19,0,8,51,0.00091672
668,11,11,0,22,12,2.304e-05
669,26,26,0,8,53.9615,0.0013426
670,14,14,0,28,12,2.928e-05
671,28,27,2,8,64.7778,0.00144596
672,15,15,0,30,12,3.2e-05
673,47,33,23,8,72.5152,0.0018106
674,60,42,27,10,75.1667,0.00234152
675,28,28,0,56,12.0357,6.576e-05
676,37,37,0,74,12.0541,0.0001008
677,13,8,5,8,77.375,0.00026276
678,42,24,26,8,77.2917,0.00123012
679,48,28,36,6,76.8571,0.00156512
680,221,162,76,8,74.9259,0.00957504
681,111,78,33,8,72.2564,0.00454124
682,6,6,0,12,12,1.264e-05
683,21,21,0,42,12.0476,5.536e-05
684,28,28,0,56,12.0357,6.832e-05
685,148,148,0,296,12.0676,0.00040944
686,63,63,0,126,12.0476,0.00014976
687,5,5,0,8,75,0.00010744
688,4,4,0,8,12,8.48e-06
689,109,81,33,8,77.0988,0.00468148
690,68,68,0,136,12.0588,0.00016016
691,86,57,40,8,70.3333,0.00324892
692,58,35,33,10,72.9143,0.00184816
693,33,33,0,66,12.0303,6.944e-05
694,31,31,0,62,12.0645,8.352e-05
695,31,23,8,8,76.1304,0.0011916
696,15,15,0,30,12,3.264e-05
697,21,21,0,8,81.1429,0.00104636
698,12,12,0,24,12,2.512e-05
699,41,36,5,10,70.9722,0.00191904
700,37,22,18,8,77.5909,0.00111876
701,39,27,23,8,80.7037,0.00143128
702,25,25,0,50,12.04,5.728e-05
703,111,82,30,8,81.9756,0.00475928
704,18,18,0,36,12.0556,4.208e-05
705,22,22,0,44,12.0455,5.424e-05
706,36,25,13,6,77.12,0.00133652
707,71,71,0,142,12.0563,0.00018048
708,16,16,0,32,12,3.536e-05
709,436,303,191,8,76.7987,0.0181012
710,258,258,0,516,12.062,0.00066416
711,31,31,0,8,70.1613,0.00169308
712,17,17,0,34,12,3.552e-05
713,72,57,17,8,72.1404,0.00321596
714,122,90,32,8,71.2111,0.00526416
715,45,30,15,8,74.7667,0.00161712
716,228,191,40,10,68.6021,0.01128
717,48,48,0,96,12.0625,0.0001208
718,82,82,0,164,12.061,0.00020432
719,26,26,0,52,12.0385,6.576e-05
720,143,143,0,286,12.0559,0.00034272
721,18,11,7,8,78.3636,0.00047596
722,23,23,0,8,69.1739,0.00120652
723,8,8,0,16,12,1.744e-05
724,13,13,0,26,12,2.72e-05
725,50,24,39,8,71.1667,0.00125904
726,22,22,0,44,12.0455,5.552e-05
727,59,46,13,10,72.0217,0.00250616
728,111,94,19,8,75.0319,0.00545508
729,48,27,35,8,76.3333,0.00141004
730,33,33,0,66,12.0606,7.904e-05
731,66,66,0,132,12.0455,0.0001528
732,25,25,0,50,12.04,6.208e-05
733,23,23,0,8,73.3043,0.00118672
734,13,13,0,26,12,2.72e-05
735,41,32,10,8,75.3438,0.00171264
736,50,31,19,10,68.8387,0.00166528
737,25,25,0,50,12.04,6.208e-05
738,46,30,28,8,73.7,0.00158488
739,44,21,30,8,75.381,0.00107404
740,29,29,0,58,12.069,8.16e-05
741,65,56,9,10,75.4286,0.00317944
742,23,23,0,46,12.0435,5.664e-05
743,114,99,22,8,66.0707,0.00580548
744,19,19,0,38,12.0526,4.672e-05
745,180,154,28,8,75.3571,0.0091376
746,48,48,0,96,12.0417,0.00011632
747,72,72,0,144,12.0556,0.00016784
748,80,61,30,8,70.7705,0.00348928
749,119,96,40,8,58.0417,0.0055822
750,11,7,6,8,66.8571,0.00023884
751,51,51,0,102,12.0588,0.000128
752,60,60,0,120,12.05,0.0001384
753,5,5,0,10,12,1.056e-05
754,16,16,0,8,75.4375,0.00078428
755,9,9,0,18,12,1.888e-05
756,70,54,21,10,76.1111,0.00298904
757,125,99,26,8,73.2525,0.0057958
758,43,23,35,8,74.6957,0.00118412
759,41,41,0,82,12.0488,0.00010368
760,88,88,0,176,12.0568,0.0002392
761,15,10,5,8,74.4,0.0004034
762,13,13,0,26,12,2.752e-05
763,21,21,0,8,71.8095,0.00105464
764,8,8,0,16,12,1.776e-05
765,12,12,0,24,12,2.512e-05
766,21,16,5,8,81.6875,0.0007558
767,22,21,1,8,79.619,0.00106556
768,10,10,0,20,12,2.128e-05
769,12,12,0,24,12,2.512e-05
770,23,23,0,8,59.3478,0.0011834
771,72,51,21,8,72.3725,0.00289636
772,13,13,0,26,12,2.72e-05
773,21,21,0,8,78.4762,0.00106284
774,58,37,22,8,62.4865,0.00201736
775,39,39,0,78,12.0513,0.00010496
776,155,116,47,8,75.3621,0.00683412
777,11,7,4,8,76.8571,0.00023976
778,12,12,0,24,12,2.512e-05
779,34,34,0,68,12.0588,9.36e-05
780,98,98,0,196,12.0612,0.00025168
781,5,5,0,10,12,1.056e-05
782,74,54,26,8,66.3519,0.0030602
783,200,194,6,8,66.4897,0.0115428
784,40,40,0,80,12.05,0.00010544
785,124,124,0,248,12.0565,0.00028016
786,86,83,3,10,67.7952,0.00480296
787,25,23,2,8,74.4783,0.00120532
788,49,24,31,8,68.7917,0.00127188
789,67,67,0,134,12.0597,0.00016544
790,14,14,0,28,12,2.928e-05
791,22,22,0,44,12.0455,5.776e-05
792,14,14,0,8,65.0714,0.00063968
793,25,21,4,8,80.9524,0.00106316
794,8,8,0,16,12,1.68e-05
795,13,13,0,26,12,2.72e-05
796,13,13,0,8,66.0769,0.00060012
797,8,8,0,16,12,1.68e-05
798,32,32,0,8,75.375,0.00173144
799,17,17,0,34,12,3.552e-05
800,56,38,24,8,82.6842,0.00208244
801,21,15,6,8,79.9333,0.00069836
802,30,30,0,60,12.0333,8.016e-05
803,506,434,108,8,80.2074,0.0260489
804,11,11,0,22,12,2.496e-05
805,46,25,31,8,76.56,0.00130956
806,295,295,0,590,12.0576,0.00071904
807,22,22,0,44,12.0455,5.68e-05
808,51,39,12,8,81.0513,0.00217172
809,29,29,0,58,12.0345,7.2e-05
810,33,26,8,8,71.6538,0.00135056
811,44,26,21,8,79.3077,0.0013508
812,17,17,0,34,12.0588,4e-05
813,300,272,43,8,71.1176,0.0162392
814,23,23,0,46,12.0435,6.176e-05
815,190,190,0,380,12.0579,0.00045136
816,46,38,8,8,78.7368,0.00206592
817,24,24,0,48,12.0417,5.584e-05
818,119,108,11,10,82.0926,0.0063228
819,84,84,0,168,12.0595,0.00021424
820,127,127,0,254,12.063,0.00032928
821,96,89,7,10,77.427,0.00512056
822,64,64,0,128,12.0469,0.00015632
823,17,17,0,8,74.4118,0.00081172
824,28,23,5,8,82.7391,0.00117896
825,10,10,0,20,12,2.096e-05
826,14,14,0,28,12,3.024e-05
827,9,7,2,8,79.5714,0.00019832
828,5,5,0,10,12,1.12e-05
829,30,30,0,8,51.3667,0.00163544
830,12,12,0,8,54.75,0.00049584
831,31,31,0,8,67.9355,0.00167876
832,34,26,8,8,67.8077,0.00134856
833,16,16,0,32,12,3.344e-05
834,7,7,0,14,12,1.472e-05
835,17,17,0,34,12,3.552e-05
836,19,19,0,38,12.0526,4.48e-05
837,23,23,0,8,48.1739,0.00118112
838,13,13,0,26,12,2.72e-05
839,9,9,0,8,54.7778,0.00033136
840,6,6,0,12,12,1.264e-05
841,8,8,0,8,76.125,0.00026908
842,8,8,0,8,79.5,0.00028748
843,52,34,18,8,79.3529,0.0018502
844,5,5,0,10,12,1.056e-05
845,5,5,0,10,12,1.056e-05
846,29,29,0,58,12.0345,7.552e-05
847,56,37,29,10,80.5405,0.00200776
848,35,35,0,70,12.0571,8.512e-05
849,12,12,0,8,70.9167,0.00049768
850,7,7,0,14,12,1.472e-05
851,51,34,17,8,82.9706,0.00186208
852,102,60,63,8,79.0667,0.00343964
853,26,26,0,52,12.0385,6.736e-05
854,54,54,0,108,12.0556,0.0001416
855,45,27,27,8,82.5556,0.0014094
856,25,25,0,50,12.04,5.952e-05
857,10,10,0,8,78.8,0.00042348
858,61,50,11,10,87.3,0.00282768
859,6,6,0,12,12,1.264e-05
860,43,43,0,86,12.0465,0.0001056
861,80,72,9,8,74.4444,0.00417704
862,14,14,0,8,85.3571,0.0006384
863,45,45,0,90,12.0444,9.952e-05
864,8,8,0,16,12,1.68e-05
865,94,64,36,10,82.5625,0.00369472
866,57,57,0,114,12.0702,0.0001648
867,47,37,10,10,77.2973,0.00195816
868,86,78,11,10,81.9231,0.00448728
869,31,31,0,62,12.0323,7.744e-05
870,63,63,0,126,12.0476,0.00015392
871,136,117,21,8,75.4615,0.00689424
872,92,92,0,184,12.0652,0.0002488
873,107,82,25,10,78.5,0.00467912
874,77,52,35,8,74.5,0.00291832
875,255,220,54,8,79.1,0.0131082
876,68,68,0,136,12.0588,0.00018064
877,49,49,0,98,12.0612,0.00012064
878,159,159,0,318,12.0566,0.00037248
879,135,103,45,10,75.7864,0.00596104
880,1027,834,242,8,77.3669,0.0502249
881,102,78,33,8,70.6154,0.00452076
882,90,90,0,180,12.0556,0.00023728
883,714,714,0,1428,12.0616,0.00180624
884,61,61,0,122,12.0492,0.00015616
885,17,15,2,8,80.2,0.0006776
886,42,28,21,8,79.4643,0.00147716
887,9,9,0,18,12,1.952e-05
888,23,23,0,46,12.0435,6.016e-05
889,36,31,5,8,80,0.00169524
890,25,15,12,8,71.6667,0.00071088
891,191,149,61,8,80.3154,0.00879016
892,71,50,33,8,70.82,0.00281964
893,115,87,28,10,68.0115,0.00497856
894,21,21,0,42,12.0476,4.704e-05
895,11,11,0,22,12,2.4e-05
896,119,119,0,238,12.0588,0.00029664
897,39,39,0,78,12.0513,9.76e-05
898,82,82,0,164,12.061,0.00021552
899,28,28,0,8,78,0.00149892
900,8,8,0,8,79.75,0.00027548
901,15,15,0,30,12,3.136e-05
902,5,5,0,10,12,1.056e-05
903,32,30,2,10,76.0667,0.0015364
904,31,16,17,8,81.125,0.00073564
905,19,19,0,38,12.0526,4.192e-05
906,13,13,0,26,12,3.072e-05
907,101,77,33,10,64.2468,0.00443896
908,52,48,4,10,74.1458,0.00265368
909,83,53,43,10,76.9057,0.00299432
910,64,64,0,128,12.0625,0.00017168
911,38,38,0,76,12.0526,8.528e-05
912,49,49,0,98,12.0612,0.00012992
913,166,130,39,10,69.1846,0.0076628
914,297,210,103,8,76.3762,0.0124902
915,26,18,9,8,84.7222,0.0008752
916,47,27,21,8,74.5185,0.00145528
917,116,89,27,8,75.4494,0.00515812
918,185,185,0,370,12.0649,0.00048928
919,12,12,0,24,12,2.704e-05
920,24,24,0,48,12.0417,5.84e-05
921,72,72,0,144,12.0556,0.00018416
922,17,17,0,8,61.9412,0.00084688
923,10,10,0,20,12,2.096e-05
924,15,15,0,8,73.8667,0.0007116
925,9,9,0,18,12,1.888e-05
926,114,89,40,10,77.427,0.00513368
927,77,77,0,154,12.0649,0.00020288
928,25,15,14,8,81.6667,0.00071184
929,10,10,0,20,12,2.224e-05
930,19,13,6,8,80.4615,0.0005774
931,290,254,39,8,79.7402,0.015184
932,10,10,0,20,12,2.192e-05
933,54,37,17,8,82.8649,0.00204356
934,55,39,28,8,82.7436,0.00216196
935,192,192,0,384,12.0573,0.0004696
936,32,32,0,64,12.0625,8.496e-05
937,34,34,0,68,12.0588,8.88e-05
938,134,75,90,8,80.32,0.00433444
939,67,67,0,134,12.0597,0.0001696
940,303,249,73,8,77.3373,0.0148667
941,202,202,0,404,12.0594,0.00048848
942,27,27,0,8,81.3704,0.0014336
943,15,15,0,30,12,3.136e-05
944,60,45,19,8,82.4,0.0024916
945,38,38,0,76,12.0526,9.296e-05
946,16,11,5,8,75.0909,0.00043592
947,9,9,0,18,12,2.144e-05
948,10,8,2,8,81.125,0.0003028
949,67,46,27,8,80.7826,0.00258576
950,5,5,0,10,12,1.12e-05
951,40,40,0,80,12.05,0.00011152
952,89,73,16,10,77.1096,0.00415176
953,114,69,53,8,77.7681,0.0039416
954,53,30,40,8,69.4667,0.0016306
955,66,66,0,132,12.0606,0.00016848
956,110,76,45,8,74.8684,0.0043948
957,61,61,0,122,12.0492,0.0001584
958,28,28,0,56,12.0357,6.992e-05
959,66,66,0,132,12.0606,0.00016592
960,1024,758,381,8,76.8298,0.0456441
961,640,640,0,1280,12.0656,0.00170384
962,199,127,98,8,75.5276,0.00747464
963,118,73,59,10,73.8767,0.00418856
964,101,101,0,202,12.0594,0.00025504
965,7,7,0,8,64.4286,0.00022372
966,67,67,0,134,12.0597,0.00018208
967,7,7,0,8,73.5714,0.00020268
968,5,5,0,10,12,1.056e-05
969,17,17,0,8,79.5294,0.0008234
970,26,14,15,8,80.2143,0.00065376
971,66,46,21,8,71.8043,0.00259468
972,5,5,0,10,12,1.056e-05
973,10,10,0,20,12,2.096e-05
974,12,12,0,24,12,2.736e-05
975,36,36,0,72,12.0556,9.2e-05
976,101,101,0,202,12.0594,0.000248
977,136,124,16,8,73.7581,0.00731664
978,85,85,0,170,12.0588,0.00021216
979,234,186,51,8,76.414,0.0110441
980,72,43,40,10,78.3488,0.00231056
981,154,154,0,308,12.0584,0.0003976
982,29,29,0,58,12.0345,6.88e-05
983,176,150,27,8,78.6,0.00886248
984,216,170,55,8,75.7,0.0101029
985,140,140,0,280,12.0571,0.0003576
986,158,158,0,316,12.0633,0.00043952
987,37,20,29,8,75.6,0.00102076
988,14,14,0,28,12,2.992e-05
989,62,49,16,8,82.4082,0.00277952
990,119,79,64,10,76.5316,0.00449576
991,37,37,0,74,12.0541,9.312e-05
992,75,75,0,150,12.0533,0.00019968
993,31,26,5,8,82.3462,0.00139264
994,76,54,30,8,74.9444,0.00307204
995,16,16,0,32,12,3.504e-05
996,47,47,0,94,12.0426,0.00011584
997,17,17,0,8,69.2353,0.0008334
998,39,22,17,8,79.9545,0.00111596
999,10,10,0,20,12,2.096e-05
1000,13,13,0,26,12,2.72e-05
1001,34,34,0,8,66.9706,0.00187784
1002,18,18,0,36,12,3.76e-05
1003,119,112,7,10,78.6786,0.00655264
1004,81,81,0,162,12.0617,0.00020288
1005,39,27,15,8,76.1481,0.00140084
1006,175,95,129,8,76.9684,0.0055638
1007,20,20,0,40,12.05,5.008e-05
1008,90,90,0,180,12.0556,0.00022928
1009,115,95,20,8,73.0737,0.00553576
1010,197,135,90,8,73.7704,0.007944
1011,80,80,0,160,12.0625,0.00020208
1012,116,116,0,232,12.0603,0.00029456
1013,15,15,0,8,83.5333,0.00070884
1014,60,39,21,8,74.3333,0.00215192
1015,9,9,0,18,12,1.888e-05
1016,37,37,0,74,12.0541,0.00010496
1017,26,24,2,8,77.7083,0.00123424
1018,26,14,12,8,80,0.00064592
1019,14,14,0,28,12,2.928e-05
1020,13,13,0,26,12,3.008e-05
1021,19,19,0,8,76.6316,0.000948
1022,126,100,31,8,75.95,0.00583672
1023,11,11,0,22,12,2.304e-05
1024,85,85,0,170,12.0588,0.00021536
1025,83,66,17,10,78.3485,0.00375392
1026,129,93,46,8,76.9032,0.00544816
1027,54,54,0,108,12.0556,0.00014992
1028,77,77,0,154,12.0649,0.0002048
1029,49,42,7,10,79.5476,0.00228392
1030,226,136,116,8,78.6985,0.00800584
1031,34,34,0,68,12.0588,8.336e-05
1032,134,134,0,268,12.0672,0.00037104
1033,30,25,5,8,80.76,0.00130556
1034,269,217,77,8,78.788,0.0129407
1035,33,18,28,8,81.8333,0.00085844
1036,15,15,0,30,12,3.296e-05
1037,192,192,0,384,12.0625,0.00049168
1038,12,12,0,24,12,2.608e-05
1039,23,23,0,8,67.6957,0.00116928
1040,13,13,0,26,12,2.72e-05
1041,21,21,0,8,58.4286,0.00106656
1042,12,12,0,24,12,2.512e-05
1043,94,82,12,8,70.5122,0.00476
1044,61,61,0,122,12.0492,0.00015744
1045,9,7,3,8,84.5714,0.00022712
1046,6,6,0,12,12,1.264e-05
1047,57,51,6,8,75.6667,0.00286852
1048,280,239,49,8,77.795,0.0142493
1049,30,30,0,60,12.0333,6.64e-05
1050,191,191,0,382,12.0576,0.00048192
1051,43,26,22,8,81.3077,0.0013762
1052,93,47,69,8,71.3404,0.00266324
1053,306,232,103,8,77.6164,0.0138357
1054,23,23,0,46,12.0435,6.432e-05
1055,31,31,0,62,12.0323,6.784e-05
1056,178,178,0,356,12.0618,0.00044624
1057,85,61,29,6,71.8689,0.00355972
1058,35,30,5,8,80.7,0.00158864
1059,57,57,0,114,12.0526,0.00014944
1060,20,20,0,40,12.05,4.56e-05
1061,86,53,46,8,79.0566,0.00302364
1062,51,51,0,102,12.0588,0.00014048
1063,231,202,33,8,81.099,0.0119968
1064,162,162,0,324,12.0617,0.0004296
1065,60,40,25,10,84.025,0.0022272
1066,109,77,53,8,78.5844,0.00444612
1067,21,12,9,8,76.8333,0.00054608
1068,37,37,0,74,12.0541,9.664e-05
1069,56,56,0,112,12.0536,0.000124
1070,10,10,0,20,12,2.256e-05
1071,11,11,0,8,73.2727,0.00048308
1072,45,37,8,10,85.8919,0.00201432
1073,7,7,0,14,12,1.472e-05
1074,30,30,0,60,12.0333,7.344e-05
1075,614,478,169,8,77.1736,0.0287123
1076,78,55,32,8,70.0364,0.00311096
1077,430,430,0,860,12.0651,0.00115952
1078,44,44,0,88,12.0455,0.00011632
1079,20,14,6,8,78.8571,0.00066152
1080,195,147,62,8,71.6259,0.00871476
1081,10,10,0,20,12,2.16e-05
1082,120,120,0,240,12.0583,0.00029424
1083,23,12,18,8,82.8333,0.00054904
1084,9,9,0,18,12,2.048e-05
1085,133,101,35,8,81.0792,0.00590452
1086,85,54,52,6,73.6296,0.00309492
1087,90,90,0,180,12.0556,0.00024016
1088,35,35,0,70,12.0286,7.904e-05
1089,234,179,73,8,75.3408,0.0106261
1090,137,137,0,274,12.0584,0.00034048
1091,32,32,0,8,79.5312,0.00173492
1092,35,19,17,8,78.7895,0.00092008
1093,17,17,0,34,12,3.552e-05
1094,15,15,0,30,12,3.424e-05
1095,16,16,0,8,77.0625,0.00077012
1096,81,55,31,8,76.1455,0.003123
1097,9,9,0,18,12,1.888e-05
1098,47,47,0,94,12.0426,0.00011936
1099,117,82,43,10,78.7805,0.0046688
1100,70,70,0,140,12.0571,0.00019856
1101,47,24,36,8,75.75,0.00122892
1102,25,13,20,8,81.3077,0.00056968
1103,21,21,0,42,12.0476,5.152e-05
1104,11,11,0,22,12,2.592e-05
1105,30,18,12,8,78.2778,0.00089304
1106,15,15,0,30,12,3.488e-05
1107,219,155,87,8,75.6129,0.00914436
1108,142,142,0,284,12.0634,0.00038128
1109,72,43,32,8,77.4186,0.00240572
1110,66,39,44,8,78.3077,0.00213784
1111,71,51,20,8,74.9804,0.00287228
1112,34,34,0,68,12.0588,8.368e-05
1113,234,150,114,10,74.4733,0.00888632
1114,37,37,0,74,12.0541,8.8e-05
1115,130,83,51,10,79.4578,0.00479184
1116,43,43,0,86,12.0465,0.00010816
1117,142,142,0,284,12.0563,0.00035728
1118,73,73,0,146,12.0548,0.0001808
1119,231,163,110,8,72.7178,0.00966928
1120,138,138,0,276,12.058,0.00034256
1121,60,43,17,8,71.7209,0.00238888
1122,31,31,0,62,12.0323,7.232e-05
1123,28,15,15,8,72.3333,0.00072604
1124,14,14,0,28,12,3.312e-05
1125,24,24,0,8,69.3333,0.00126492
1126,13,13,0,26,12,2.72e-05
1127,181,128,78,8,76.2109,0.00753616
1128,21,13,8,8,79.1538,0.00059548
1129,116,116,0,232,12.069,0.00033008
1130,9,9,0,18,12,1.888e-05
1131,12,12,0,8,79.4167,0.00051956
1132,7,7,0,8,81.5714,0.0002404
1133,7,7,0,14,12,1.472e-05
1134,9,9,0,8,76.5556,0.00036056
1135,5,5,0,10,12,1.056e-05
1136,66,47,28,10,70.2979,0.00257448
1137,164,102,90,8,74.4216,0.00594084
1138,49,28,22,8,71.1071,0.00150772
1139,6,6,0,12,12,1.264e-05
1140,45,45,0,90,12.0667,0.00012288
1141,94,94,0,188,12.0532,0.00023216
1142,25,25,0,50,12.04,6.432e-05
1143,115,101,19,10,78.1188,0.00584768
1144,74,74,0,148,12.0541,0.00019664
1145,51,27,35,8,79.6667,0.00142172
1146,41,22,19,8,75.7273,0.00114832
1147,17,17,0,34,12,3.648e-05
1148,25,13,18,8,80.2308,0.0006106
1149,19,19,0,38,12.0526,4.48e-05
1150,9,9,0,18,12,1.888e-05
1151,15,15,0,8,74.2667,0.00072636
1152,11,11,0,8,63.4545,0.00046172
1153,9,9,0,18,12,1.888e-05
1154,14,14,0,8,78.5714,0.00063332
1155,7,7,0,14,12,1.472e-05
1156,8,8,0,16,12,1.68e-05
1157,110,89,31,10,72.6067,0.00509728
1158,18,12,6,8,79.75,0.00053392
1159,74,74,0,148,12.0541,0.00017552
1160,9,9,0,18,12,1.952e-05
1161,22,22,0,8,74.1818,0.00114116
1162,12,12,0,24,12,2.512e-05
1163,32,18,14,8,79.0556,0.00089624
1164,16,16,0,32,12,3.952e-05
1165,35,26,9,8,80.6923,0.00137848
1166,18,18,0,36,12.0556,4.08e-05
1167,76,63,13,8,69.7143,0.00362808
1168,11,11,0,8,56.1818,0.00046796
1169,42,42,0,84,12.0476,0.00010192
1170,7,7,0,14,12,1.472e-05
1171,104,81,23,10,81.5185,0.00467264
1172,42,24,35,8,79.25,0.0012662
1173,130,78,69,8,75.1282,0.0045414
1174,74,74,0,148,12.0541,0.0002024
1175,22,22,0,44,12.0455,5.936e-05
1176,66,66,0,132,12.0606,0.00017232
1177,129,85,45,6,81.2588,0.00496576
1178,58,41,18,10,79.2439,0.00228192
1179,73,73,0,146,12.0548,0.00019456
1180,36,36,0,72,12.0556,0.00010032
1181,311,242,76,8,76.2603,0.014407
1182,55,38,17,10,78.9737,0.00206688
1183,204,204,0,408,12.0637,0.00053296
1184,36,36,0,72,12.0556,9.904e-05
1185,37,34,6,8,79.1471,0.00184128
1186,181,154,36,8,79.6558,0.00909784
1187,20,20,0,40,12.05,4.432e-05
1188,121,121,0,242,12.0579,0.0002912
1189,153,102,53,8,78.3922,0.00594664
1190,55,35,21,8,80.7714,0.00191976
1191,85,85,0,170,12.0588,0.00023328
1192,127,104,28,8,78.1154,0.0061142
1193,29,29,0,58,12.0345,7.136e-05
1194,54,42,15,10,76.7143,0.00226648
1195,87,87,0,174,12.0575,0.00021856
1196,31,31,0,62,12.0323,7.584e-05
1197,16,16,0,8,68.125,0.00075044
1198,9,9,0,18,12,1.888e-05
1199,11,8,3,8,76.125,0.00030632
1200,5,5,0,8,78.6,0.00010936
1201,4,4,0,8,12,8.48e-06
1202,25,15,10,8,83.6,0.00068768
1203,12,12,0,24,12,2.64e-05
1204,7,7,0,8,79.8571,0.00021692
1205,51,42,9,8,74.1667,0.00231364
1206,56,35,26,8,85.7143,0.001896
1207,5,5,0,10,12,1.056e-05
1208,30,30,0,60,12.0333,7.568e-05
1209,29,29,0,58,12.0345,7.968e-05
1210,75,57,21,8,84.5088,0.00326296
1211,52,52,0,104,12.0577,0.00013392
1212,89,64,36,8,71.9688,0.00369224
1213,52,34,20,10,78.0588,0.00188016
1214,45,45,0,90,12.0444,0.00010784
1215,65,39,35,8,75.1026,0.00215368
1216,43,23,20,8,75.6522,0.001215
1217,30,30,0,60,12.0667,8.4e-05
1218,125,84,67,8,75.3571,0.0048938
1219,149,114,51,8,80.114,0.00667024
1220,35,35,0,70,12.0571,9.472e-05
1221,20,20,0,40,12.05,4.848e-05
1222,36,36,0,8,74.6389,0.00196864
1223,78,78,0,156,12.0641,0.00021712
1224,88,88,0,176,12.0568,0.00022096
1225,19,19,0,38,12.0526,3.968e-05
1226,130,94,49,8,75.7553,0.00548524
1227,110,86,36,8,76.6047,0.00497444
1228,77,77,0,154,12.0519,0.00019104
1229,63,63,0,126,12.0476,0.00014912
1230,80,61,22,8,72.7541,0.00348672
1231,108,88,24,10,73.8182,0.0050936
1232,65,40,41,8,76.725,0.00221584
1233,49,49,0,98,12.0612,0.00013056
1234,69,69,0,138,12.058,0.00018272
1235,35,35,0,70,12.0571,9.344e-05
1236,40,20,23,8,84.75,0.00097816
1237,19,12,7,8,72.9167,0.00051324
1238,105,64,43,8,73.2812,0.00368268
1239,18,18,0,36,12.0556,4.464e-05
1240,9,9,0,18,12,1.984e-05
1241,65,53,12,8,71.7736,0.00302356
1242,138,118,23,10,67.8305,0.00693832
1243,37,37,0,74,12.0541,9.344e-05
1244,83,83,0,166,12.0602,0.00020352
1245,59,56,3,10,83.8036,0.00312224
1246,10,7,3,8,77.2857,0.00020744
1247,40,40,0,80,12.05,9.104e-05
1248,5,5,0,10,12,1.152e-05
1249,25,24,1,8,80.625,0.001233
1250,14,10,4,8,78.4,0.00041728
1251,13,13,0,26,12,2.752e-05
1252,7,7,0,14,12,1.472e-05
1253,19,19,0,8,78.8947,0.00093092
1254,11,11,0,22,12,2.304e-05
1255,68,45,28,8,76.0222,0.00250896
1256,39,23,16,8,69.8261,0.00117876
1257,42,42,0,84,12.0476,0.00011728
1258,21,21,0,42,12.0476,5.472e-05
1259,96,81,17,8,75.4568,0.00467372
1260,20,20,0,8,68.05,0.00098212
1261,433,278,240,8,74.741,0.0165986
1262,69,69,0,138,12.058,0.00018112
1263,11,11,0,22,12,2.304e-05
1264,259,259,0,518,12.0656,0.00070336
1265,45,33,13,8,73.2121,0.00178376
1266,5,5,0,10,12,1.12e-05
1267,229,154,86,10,78.3961,0.00910256
1268,28,28,0,56,12.0357,7.056e-05
1269,11,11,0,8,64.4545,0.00048436
1270,135,135,0,270,12.0593,0.00034272
1271,108,89,22,10,67.7079,0.00510984
1272,7,7,0,8,85.7143,0.00022096
1273,7,7,0,14,12,1.472e-05
1274,38,23,15,8,74.1739,0.00120576
1275,76,76,0,152,12.0526,0.00019792
1276,129,102,33,8,77.3824,0.00598224
1277,5,5,0,10,12,1.056e-05
1278,22,14,8,8,81.1429,0.0006636
1279,18,18,0,36,12.0556,4.112e-05
1280,77,77,0,154,12.0519,0.00019072
1281,20,20,0,8,53.8,0.00102428
1282,11,11,0,22,12,2.304e-05
1283,20,20,0,8,28.75,0.00102444
1284,41,41,0,8,57.1707,0.00224892
1285,35,35,0,8,67.4571,0.00190824
1286,56,48,8,10,77,0.00267656
1287,12,12,0,24,12,2.512e-05
1288,22,22,0,44,12.0455,4.592e-05
1289,19,19,0,38,12.0526,3.968e-05
1290,39,39,0,78,12.0513,8.832e-05
1291,73,57,18,10,83.4561,0.00321328
1292,51,51,0,102,12.0588,0.00013984
1293,64,54,10,8,84.1296,0.00305144
1294,34,34,0,68,12.0294,7.952e-05
1295,58,38,23,8,81.5526,0.0020792
1296,30,30,0,60,12.0667,8.144e-05
1297,50,35,15,8,73.9714,0.00191824
1298,31,31,0,62,12.0645,8.128e-05
1299,62,62,0,124,12.0484,0.00016016
1300,83,78,5,8,77.4231,0.0045366
1301,58,58,0,116,12.0517,0.00014544
1302,33,29,4,8,81.8621,0.001551
1303,19,19,0,38,12.0526,4.256e-05
1304,83,65,20,8,75.6,0.00373432
1305,21,21,0,8,78.381,0.0010926
1306,49,49,0,98,12.0612,0.00012896
1307,12,12,0,24,12,2.512e-05
1308,6,6,0,8,68.5,0.00016436
1309,34,27,9,8,82.2593,0.00143912
1310,4,4,0,8,12,8.48e-06
1311,197,152,58,10,79.4868,0.00899296
1312,18,18,0,36,12.0556,3.952e-05
1313,58,39,30,8,75.641,0.00217012
1314,121,96,31,10,75.125,0.00559744
1315,132,132,0,264,12.0606,0.00033136
1316,34,21,13,8,71.7143,0.00105528
1317,46,24,40,8,76.2083,0.00122532
1318,36,36,0,72,12.0556,9.648e-05
1319,84,84,0,168,12.0595,0.00021264
1320,18,18,0,36,12.0556,4.304e-05
1321,22,22,0,44,12.0455,5.552e-05
1322,56,30,32,8,75.4,0.00163744
1323,27,27,0,54,12.037,7.2e-05
1324,23,16,7,8,76.125,0.00074404
1325,48,33,18,8,67.7879,0.00178792
1326,11,11,0,22,12,2.304e-05
1327,29,29,0,58,12.0345,7.808e-05
1328,145,107,38,10,77.8131,0.00628688
1329,80,74,8,8,79.2703,0.00427432
1330,91,91,0,182,12.0659,0.00025216
1331,57,57,0,114,12.0526,0.00012736
1332,10,10,0,20,12,2.128e-05
1333,24,23,1,8,80.1304,0.001203
1334,378,309,85,8,75.3074,0.0184961
1335,170,138,42,10,78.1232,0.00806616
1336,13,13,0,26,12,2.72e-05
1337,239,239,0,478,12.0628,0.0006336
1338,154,138,16,8,75.413,0.00816364
1339,73,51,22,10,80.8235,0.00287784
1340,105,105,0,210,12.0571,0.00026144
1341,107,107,0,214,12.0561,0.00027136
1342,176,154,36,8,70.8247,0.00913356
1343,44,44,0,88,12.0455,0.00011984
1344,106,65,42,8,77.3231,0.0037182
1345,106,106,0,212,12.0566,0.00024784
1346,58,58,0,116,12.0517,0.00014736
1347,50,44,6,10,74.3182,0.00247096
1348,29,29,0,58,12.0345,6.624e-05
1349,20,20,0,8,42,0.0009948
1350,160,144,22,10,71.9236,0.00847664
1351,11,11,0,22,12,2.304e-05
1352,15,15,0,8,70.8667,0.0006934
1353,130,130,0,260,12.0615,0.0003256
1354,45,32,13,8,80.9688,0.00174752
1355,9,9,0,18,12,1.888e-05
1356,25,25,0,50,12.04,6.336e-05
1357,62,48,14,10,76.7083,0.00263232
1358,60,47,14,10,73.9362,0.00264728
1359,40,22,30,8,82.2273,0.00113432
1360,16,10,7,8,78.3,0.00041472
1361,39,39,0,78,12.0513,0.00010048
1362,41,41,0,82,12.0488,0.00010496
1363,13,13,0,26,12,2.72e-05
1364,7,7,0,14,12,1.472e-05
1365,21,21,0,8,60.5714,0.00104068
1366,12,12,0,24,12,2.512e-05
1367,45,39,6,10,72.4359,0.00210256
1368,31,31,0,62,12.0323,7.456e-05
1369,183,151,41,8,79.8146,0.00891896
1370,40,23,18,8,79.3913,0.00121404
1371,97,67,39,8,77.9851,0.00383084
1372,141,141,0,282,12.0709,0.00041216
1373,17,17,0,34,12,3.968e-05
1374,57,57,0,114,12.0526,0.0001456
1375,45,43,2,10,81.8605,0.00234016
1376,50,34,27,8,77.7647,0.00185112
1377,34,25,9,8,80.36,0.00133476
1378,29,29,0,58,12.0345,7.456e-05
1379,171,131,53,8,75.7481,0.00773852
1380,126,126,0,252,12.0635,0.00034704
1381,92,63,36,8,79.4444,0.00361436
1382,93,71,22,10,80.9437,0.0041076
1383,51,51,0,102,12.0588,0.00013792
1384,108,69,70,8,76.1594,0.00395012
1385,64,64,0,128,12.0625,0.00018
1386,129,80,76,8,80.8625,0.004617
1387,50,35,18,10,82.7429,0.00184976
1388,63,63,0,126,12.0476,0.0001584
1389,77,77,0,154,12.0649,0.00021088
1390,32,32,0,64,12.0625,8.592e-05
1391,56,49,7,8,76.9796,0.00274396
1392,44,28,22,8,71.4286,0.00151764
1393,37,20,32,6,74,0.00109092
1394,41,41,0,82,12.0488,0.00010304
1395,25,25,0,50,12.04,6.144e-05
1396,17,17,0,34,12,3.84e-05
1397,9,9,0,8,63,0.00033812
1398,6,6,0,12,12,1.264e-05
1399,19,19,0,8,72.5263,0.00092472
1400,11,11,0,22,12,2.304e-05
1401,80,55,34,10,79.9091,0.00307888
1402,47,47,0,94,12.0638,0.00012768
1403,117,71,75,8,72.3944,0.00408188
1404,34,22,17,8,77.8182,0.00113752
1405,66,66,0,132,12.0606,0.00016944
1406,16,16,0,32,12,3.728e-05
1407,29,18,11,8,76.7778,0.00087604
1408,16,16,0,32,12,3.856e-05
1409,482,330,248,8,78.9303,0.0197671
1410,272,272,0,544,12.0662,0.00074672
1411,36,20,19,8,69.95,0.00098476
1412,14,14,0,28,12,3.088e-05
1413,32,32,0,64,12.0312,7.056e-05
1414,18,18,0,36,12.0556,4.176e-05
1415,72,46,33,8,74.9783,0.0025596
1416,38,24,14,8,82.6667,0.00125224
1417,36,19,17,8,82.7368,0.0009298
1418,155,99,77,8,75.4141,0.0057978
1419,40,40,0,80,12.05,0.00010224
1420,19,19,0,38,12.0526,4.704e-05
1421,17,17,0,34,12.0588,4.128e-05
1422,93,93,0,186,12.0538,0.00023648
1423,57,45,12,8,71.4,0.0025426
1424,32,32,0,64,12.0312,7.952e-05
1425,91,78,17,10,80.7821,0.00445536
1426,68,68,0,136,12.0588,0.00016976
1427,35,19,20,8,76.6842,0.00092196
1428,12,12,0,24,12,2.512e-05
1429,52,34,22,8,80.9706,0.0018782
1430,27,27,0,54,12.037,6.784e-05
1431,70,48,37,8,78.625,0.00268828
1432,24,12,14,6,75.3333,0.00056876
1433,108,83,28,10,73.759,0.00480656
1434,245,176,86,8,75.2159,0.0104147
1435,26,26,0,52,12.0385,5.424e-05
1436,17,17,0,34,12,3.936e-05
1437,63,63,0,126,12.0476,0.00015776
1438,153,153,0,306,12.0588,0.00039264
1439,17,17,0,8,50.5882,0.00080804
1440,10,10,0,20,12,2.096e-05
1441,43,38,7,8,72.7368,0.00211024
1442,22,22,0,44,12.0455,4.848e-05
1443,38,34,6,8,78.7353,0.00182924
1444,22,22,0,44,12.0455,5.104e-05
1445,165,122,48,8,73.9754,0.00719048
1446,16,10,9,8,82.2,0.00038352
1447,19,14,6,8,80.6429,0.00063184
1448,101,74,45,8,74.1757,0.0042604
1449,135,90,61,10,77.6444,0.0052508
1450,115,115,0,230,12.0696,0.0003248
1451,9,9,0,18,12,1.92e-05
1452,66,66,0,132,12.0606,0.00016496
1453,72,72,0,144,12.0556,0.00017584
1454,55,39,18,8,73.8462,0.00216096
1455,28,28,0,56,12.0357,6.8e-05
1456,53,34,29,8,72.7353,0.00187872
1457,21,21,0,8,69,0.0010908
1458,49,32,22,8,75.4062,0.00173764
1459,88,50,61,8,80.28,0.00283168
1460,12,12,0,24,12,2.512e-05
1461,29,29,0,58,12.0345,7.456e-05
1462,41,41,0,82,12.0488,0.00010208
1463,16,16,0,8,64.4375,0.00076772
1464,9,9,0,18,12,1.888e-05
1465,43,37,6,8,73.8108,0.00206008
1466,64,47,20,10,77.234,0.00261936
1467,24,24,0,48,12.0417,5.584e-05
1468,43,43,0,86,12.0465,0.0001088
1469,29,25,4,8,76.56,0.00129036
1470,76,63,17,8,75.6508,0.00362804
1471,32,21,11,8,79.8095,0.0010514
1472,15,15,0,30,12,3.264e-05
1473,46,46,0,92,12.0435,0.00011024
1474,16,16,0,32,12,3.6e-05
1475,71,56,15,10,81.5357,0.0031044
1476,49,49,0,98,12.0612,0.00012832
1477,479,399,115,8,74.3058,0.0239386
1478,334,334,0,668,12.0629,0.00085328
1479,118,103,17,8,75.835,0.00600248
1480,92,92,0,184,12.0652,0.00024272
1481,70,48,25,8,77.9167,0.00268564
1482,55,38,17,8,84.2895,0.00208116
1483,101,54,75,10,75.7222,0.00302792
1484,59,40,19,10,76.15,0.00217432
1485,32,32,0,64,12.0625,8.976e-05
1486,51,51,0,102,12.0588,0.00012864
1487,38,38,0,76,12.0526,9.424e-05
1488,68,53,15,10,76.6604,0.00296192
1489,47,47,0,94,12.0638,0.00012512
1490,124,82,65,10,72.439,0.00473712
1491,129,102,37,8,77.1961,0.00598748
1492,105,76,45,10,78.1579,0.00440048
1493,79,79,0,158,12.0633,0.00020224
1494,91,91,0,182,12.0549,0.00023328
1495,67,67,0,134,12.0597,0.00016128
1496,171,153,19,10,78.2288,0.00898216
1497,108,88,23,10,79.0455,0.00511872
1498,44,22,38,8,74.1364,0.00111936
1499,61,34,27,6,80.6471,0.00189948
1500,111,69,59,8,76,0.00399304
1501,122,122,0,244,12.0574,0.00031248
1502,78,78,0,156,12.0513,0.00019312
1503,19,19,0,38,12.0526,4.448e-05
1504,40,40,0,80,12.05,0.00010224
1505,61,61,0,122,12.0492,0.00015488
1506,95,82,14,8,72.2805,0.004736
1507,65,42,23,8,76.1905,0.00235064
1508,58,58,0,116,12.0517,0.00014352
1509,35,35,0,70,12.0571,8.768e-05
1510,14,14,0,8,71.1429,0.00061888
1511,8,8,0,16,12,1.68e-05
1512,101,64,54,8,77.6562,0.00366416
1513,7,7,0,14,12,1.472e-05
1514,197,153,55,8,80.0261,0.00907372
1515,58,58,0,116,12.0517,0.00015344
1516,10,7,3,8,83,0.00024312
1517,144,144,0,288,12.0694,0.00040048
1518,6,6,0,12,12,1.264e-05
1519,69,50,21,10,84.98,0.0028184
1520,132,87,61,8,70.8161,0.00506448
1521,43,43,0,86,12.0698,0.0001216
1522,66,66,0,132,12.0455,0.00015504
1523,30,30,0,60,12.0333,7.504e-05
1524,29,26,3,8,83.7692,0.00139064
1525,16,16,0,32,12,3.504e-05
1526,44,23,26,8,72.913,0.0012088
1527,80,72,8,8,76.4583,0.00412728
1528,23,15,8,8,74.5333,0.0007282
1529,16,10,9,8,78.5,0.0004028
1530,22,22,0,44,12.0455,5.264e-05
1531,56,56,0,112,12.0536,0.00014192
1532,11,11,0,22,12,2.304e-05
1533,7,7,0,14,12,1.504e-05
1534,31,31,0,8,75.3871,0.00167264
1535,17,17,0,34,12,3.552e-05
1536,17,17,0,8,70.6471,0.0007952
1537,10,10,0,20,12,2.096e-05
1538,64,54,10,10,79.537,0.00300952
1539,44,44,0,88,12.0455,0.00011216
1540,85,51,54,8,73.0784,0.0028698
1541,83,62,33,10,73.7581,0.00353424
1542,27,16,14,8,74.875,0.00074616
1543,21,20,1,8,72.15,0.00101232
1544,50,50,0,100,12.06,0.00012816
1545,13,11,2,8,82.9091,0.00047936
1546,59,59,0,118,12.0678,0.00016992
1547,12,12,0,24,12,2.672e-05
1548,8,8,0,16,12,1.712e-05
1549,24,24,0,8,74.9167,0.00123504
1550,40,23,24,8,81.1304,0.00118776
1551,162,125,58,10,73.936,0.00736136
1552,92,48,64,6,70.125,0.00277764
1553,13,13,0,26,12,2.72e-05
1554,22,22,0,44,12.0455,5.36e-05
1555,102,102,0,204,12.0588,0.000268
1556,46,46,0,92,12.0652,0.00012048
1557,106,79,35,10,79.7215,0.00457856
1558,68,68,0,136,12.0588,0.00018928
1559,64,45,28,10,68.4889,0.00247136
1560,41,41,0,82,12.0488,0.0001184
1561,48,27,30,8,73.6667,0.00142076
1562,106,66,59,8,81.3182,0.00377752
1563,119,85,52,8,75.2235,0.00493188
1564,39,39,0,78,12.0513,0.0001056
1565,25,25,0,50,12.04,6.112e-05
1566,59,59,0,118,12.0508,0.00014912
1567,105,89,16,8,59.2809,0.0051566
1568,65,65,0,130,12.0615,0.000168
1569,449,256,313,8,74.1016,0.0152713
1570,52,29,24,8,72.3103,0.00153192
1571,62,62,0,124,12.0484,0.00015696
1572,231,231,0,462,12.0649,0.0006112
1573,27,27,0,54,12.037,7.168e-05
1574,155,135,21,8,77.9481,0.00798392
1575,136,115,27,8,76.9043,0.006832
1576,104,104,0,208,12.0577,0.00026768
1577,102,102,0,204,12.0588,0.00025968
1578,34,30,4,8,82.4667,0.00161976
1579,19,19,0,38,12.0526,4.288e-05
1580,21,18,3,8,81.6111,0.00087464
1581,23,16,7,8,68.8125,0.000766
1582,12,12,0,24,12,2.576e-05
1583,13,13,0,26,12,2.912e-05
1584,44,34,10,8,73.2941,0.00184168
1585,28,28,0,56,12.0357,6.992e-05
1586,225,196,36,10,72.352,0.0115952
1587,10,10,0,8,73.4,0.00042112
1588,184,184,0,368,12.0652,0.00048592
1589,6,6,0,12,12,1.264e-05
1590,27,27,0,8,66.1481,0.0014542
1591,8,8,0,8,80,0.0002884
1592,15,15,0,30,12,3.136e-05
1593,200,164,46,10,69.2927,0.00968656
1594,5,5,0,10,12,1.056e-05
1595,48,34,16,8,78.2647,0.00183524
1596,28,18,19,8,81.1667,0.0008668
1597,148,148,0,296,12.0608,0.00040048
1598,30,30,0,60,12.0667,8.4e-05
1599,12,12,0,24,12,2.608e-05
1600,38,21,22,8,79.6667,0.0010858
1601,82,63,24,10,80.5079,0.00353664
1602,51,51,0,102,12.0588,0.00013344
1603,47,26,37,8,76.4615,0.00137936
1604,11,11,0,6,76.1818,0.0004902
1605,24,24,0,48,12.0417,6.288e-05
1606,7,7,0,14,12,1.472e-05
1607,11,11,0,22,12,2.304e-05
1608,41,23,28,8,79.913,0.00118112
1609,168,130,40,8,77.9769,0.00766256
1610,45,29,31,8,81.7586,0.00152128
1611,22,22,0,44,12.0455,5.328e-05
1612,33,19,18,8,82.6316,0.00094644
1613,125,125,0,250,12.064,0.0003392
1614,26,26,0,52,12.0385,7.152e-05
1615,14,14,0,28,12,3.088e-05
1616,85,70,15,10,74.4143,0.00396024
1617,59,59,0,118,12.0508,0.00015136
1618,20,20,0,8,61.35,0.00098784
1619,37,34,3,10,77.9118,0.00183832
1620,212,139,106,8,79.223,0.00820288
1621,11,11,0,22,12,2.304e-05
1622,24,24,0,48,12.0417,5.36e-05
1623,131,131,0,262,12.0611,0.00033728
1624,152,132,26,8,77.2348,0.0077794
1625,7,7,0,8,77,0.00024128
1626,88,88,0,176,12.0568,0.00021968
1627,5,5,0,10,12,1.056e-05
1628,141,112,38,8,76.3571,0.0065636
1629,53,25,45,8,79.04,0.00131532
1630,83,83,0,166,12.0482,0.00020096
1631,23,23,0,46,12.0435,5.888e-05
1632,11,11,0,8,82.6364,0.00044296
1633,7,7,0,14,12,1.472e-05
1634,9,9,0,8,80.6667,0.00031912
1635,6,6,0,12,12,1.264e-05
1636,65,38,37,8,79.0526,0.002082
1637,103,69,44,8,82.5217,0.00394852
1638,36,36,0,72,12.0556,8.88e-05
1639,64,64,0,128,12.0625,0.00017488
1640,118,97,21,8,80.5155,0.00565752
1641,79,79,0,158,12.0633,0.00020896
1642,196,154,54,8,73.6299,0.00913104
1643,12,12,0,24,12,2.544e-05
1644,7,7,0,8,78.1429,0.0002252
1645,121,121,0,242,12.0579,0.00029888
1646,5,5,0,10,12,1.056e-05
1647,19,16,3,8,83.125,0.00076512
1648,197,166,41,10,77.2349,0.00979896
1649,112,77,53,8,76.5844,0.00448736
1650,10,10,0,20,12,2.096e-05
1651,137,137,0,274,12.0584,0.0003456
1652,61,61,0,122,12.0492,0.00015328
1653,45,43,2,8,78.1163,0.00238376
1654,24,24,0,48,12.0417,5.072e-05
1655,77,54,30,8,76.7778,0.00307796
1656,88,65,28,8,82.4462,0.00373596
1657,42,42,0,84,12.0476,0.0001112
1658,14,10,4,8,77.2,0.00039408
1659,184,149,42,8,77.9732,0.00883136
1660,61,61,0,122,12.0656,0.00016672
1661,7,7,0,14,12,1.472e-05
1662,108,108,0,216,12.0556,0.00026416
1663,25,20,5,8,82.9,0.000998
1664,12,12,0,24,12,2.608e-05
1665,222,194,29,8,77.5619,0.0115561
1666,162,162,0,324,12.0556,0.0003992
1667,24,18,6,8,83.0556,0.00090388
1668,12,12,0,24,12,2.704e-05
1669,82,64,20,8,77.625,0.0036394
1670,68,49,24,10,74.7143,0.00275168
1671,294,256,58,10,74.5508,0.0152658
1672,50,50,0,100,12.06,0.0001352
1673,46,46,0,92,12.0435,0.0001176
1674,31,16,15,8,72.25,0.00076132
1675,183,183,0,366,12.0546,0.0004368
1676,20,20,0,8,73.7,0.00099632
1677,36,31,5,8,72.6129,0.00168668
1678,11,11,0,22,12,2.304e-05
1679,22,22,0,44,12.0455,4.976e-05
1680,63,44,26,10,77.3636,0.0024348
1681,30,17,13,8,77.7059,0.00081632
1682,42,42,0,84,12.0476,0.00010512
1683,32,25,7,8,78.8,0.00132932
1684,12,12,0,24,12,2.576e-05
1685,55,38,22,8,77.8947,0.00208572
1686,127,91,47,10,78.3956,0.00526168
1687,44,24,28,8,77.2083,0.00124548
1688,17,17,0,34,12,3.968e-05
1689,33,33,0,66,12.0303,7.648e-05
1690,83,83,0,166,12.0602,0.00021216
1691,22,22,0,44,12.0455,5.2e-05
1692,26,26,0,8,72,0.00134624
1693,14,14,0,28,12,2.928e-05
1694,81,58,30,10,76.5,0.00329488
1695,48,48,0,96,12.0625,0.00012304
1696,63,41,30,8,67.9268,0.00228456
1697,35,27,8,8,78.963,0.00141496
1698,14,10,4,8,78.3,0.00040128
1699,19,19,0,38,12.0526,4.32e-05
1700,16,16,0,8,73.6875,0.00076624
1701,7,7,0,14,12,1.472e-05
1702,9,9,0,18,12,1.888e-05
1703,29,26,3,8,79.3077,0.00139304
1704,17,13,4,8,78.9231,0.00060568
1705,112,80,44,10,77.9,0.0046216
1706,15,15,0,30,12,3.264e-05
1707,9,9,0,18,12,1.888e-05
1708,76,76,0,152,12.0526,0.00019216
1709,67,54,13,8,73.5926,0.00304504
1710,43,33,10,8,79.6061,0.00178648
1711,42,42,0,84,12.0476,0.00010736
1712,25,25,0,50,12.04,5.632e-05
1713,44,27,32,8,78.7778,0.0014032
1714,24,24,0,48,12.0417,5.872e-05
1715,107,94,13,10,85.0426,0.00540704
1716,264,177,129,10,76.4915,0.0104656
1717,84,84,0,168,12.0595,0.00021776
1718,159,159,0,318,12.0629,0.00043456
1719,48,31,20,8,78.5484,0.00164832
1720,28,28,0,56,12.0357,7.664e-05
1721,64,51,13,8,85.8627,0.00285212
1722,43,43,0,86,12.0465,0.0001152
1723,68,51,25,10,77.9608,0.00285712
1724,48,48,0,96,12.0625,0.00013168
1725,12,12,0,8,59.0833,0.00049324
1726,117,109,8,6,74.3578,0.00641728
1727,7,7,0,14,12,1.472e-05
1728,81,81,0,162,12.0617,0.00020256
1729,11,11,0,22,12,2.4e-05
1730,14,13,1,8,68,0.0005996
1731,76,63,13,8,84.4762,0.00360556
1732,111,107,4,10,78.1963,0.00622264
1733,42,23,26,8,78.9565,0.0011662
1734,64,64,0,128,12.0469,0.00013712
1735,18,18,0,36,12.0556,4.112e-05
1736,82,57,27,8,71.2807,0.00326916
1737,66,56,10,8,81,0.00318856
1738,38,38,0,76,12.0526,8.976e-05
1739,35,21,14,8,69.1429,0.00109216
1740,14,14,0,8,57.2857,0.00062544
1741,43,43,0,8,71.6977,0.00237108
1742,18,18,0,36,12.0556,4.208e-05
1743,79,66,19,8,64.7879,0.00377488
1744,8,8,0,16,12,1.68e-05
1745,23,23,0,46,12.0435,4.8e-05
1746,49,49,0,98,12.0408,0.00011104
1747,43,43,0,8,49.7674,0.002422
1748,18,18,0,8,53.3333,0.0008808
1749,23,23,0,46,12.0435,4.8e-05
1750,41,41,0,8,75.5366,0.00225544
1751,10,10,0,20,12,2.096e-05
1752,446,303,225,6,76.4521,0.0181502
1753,22,22,0,44,12.0455,4.592e-05
1754,13,13,0,8,69.6923,0.00057684
1755,36,30,6,8,79.7667,0.00162936
1756,282,282,0,564,12.0638,0.00073328
1757,84,49,51,8,73.6327,0.00277572
1758,217,202,19,10,75.9703,0.0119446
1759,8,8,0,16,12,1.68e-05
1760,22,22,0,44,12.0455,5.264e-05
1761,37,37,0,74,12.0541,8.8e-05
1762,171,171,0,342,12.0585,0.0004416
1763,38,38,0,76,12.0526,9.136e-05
1764,101,86,15,10,79.5814,0.00493776
1765,6,6,0,8,86.3333,0.00018188
1766,74,74,0,148,12.0541,0.0001896
1767,4,4,0,8,12,8.48e-06
1768,166,131,50,8,70.1908,0.00773712
1769,18,12,6,8,78.8333,0.00052716
1770,113,113,0,226,12.0619,0.00031104
1771,8,8,0,16,12,1.744e-05
1772,61,61,0,8,76.8689,0.0035136
1773,32,32,0,64,12.0312,6.672e-05
1774,64,50,18,8,69.74,0.00284056
1775,48,41,7,10,76,0.0022488
1776,37,37,0,74,12.0541,9.664e-05
1777,31,31,0,62,12.0323,7.872e-05
1778,126,98,37,8,59.0204,0.005703
1779,29,28,1,8,77.1429,0.00148964
1780,71,71,0,142,12.0563,0.00018016
1781,16,16,0,32,12,3.344e-05
1782,23,23,0,8,45.087,0.00121496
1783,13,13,0,26,12,2.72e-05
1784,71,61,10,10,64.9508,0.00349
1785,42,42,0,84,12.0476,0.00010096
1786,14,14,0,8,71.4286,0.00065548
1787,8,8,0,16,12,1.68e-05
1788,92,87,9,10,81.2184,0.0050104
1789,58,58,0,116,12.0517,0.00013232
1790,12,12,0,8,83.75,0.0004964
1791,75,56,24,8,81.1786,0.00317568
1792,7,7,0,14,12,1.472e-05
1793,33,22,11,8,73.1364,0.0011236
1794,45,45,0,90,12.0444,0.00011296
1795,11,11,0,8,80.1818,0.00047212
1796,54,35,19,8,80.7143,0.00191712
1797,16,16,0,32,12,3.568e-05
1798,62,44,22,10,81.75,0.00244512
1799,7,7,0,14,12,1.472e-05
1800,31,31,0,62,12.0645,7.936e-05
1801,41,41,0,82,12.0488,0.00011104
1802,8,8,0,16,12,1.68e-05
1803,51,51,0,102,12.0588,0.00012672
1804,10,7,3,8,81.4286,0.00023244
1805,5,5,0,10,12,1.056e-05
1806,63,50,15,8,75.58,0.00280732
1807,41,41,0,82,12.0488,9.472e-05
1808,39,39,0,78,12.0513,9.632e-05
1809,96,71,29,8,62.9577,0.00409768
1810,67,43,34,8,73.1395,0.00236872
1811,58,58,0,116,12.0517,0.00015024
1812,33,33,0,66,12.0606,8.128e-05
1813,21,21,0,8,65.0952,0.00103836
1814,779,609,255,8,71.9163,0.0366327
1815,12,12,0,24,12,2.512e-05
1816,480,480,0,960,12.0604,0.0011912
1817,141,109,32,8,69.0734,0.00637916
1818,86,86,0,172,12.0581,0.00021264
1819,33,33,0,8,34.5152,0.00178224
1820,18,18,0,36,12,3.76e-05
1821,120,113,7,10,74.9469,0.00654672
1822,90,90,0,180,12.0556,0.0002232
1823,12,12,0,8,80.1667,0.0004952
1824,50,32,23,8,78.625,0.00172212
1825,7,7,0,14,12,1.472e-05
1826,160,129,36,8,75.5891,0.00760796
1827,28,28,0,56,12.0357,7.184e-05
1828,101,101,0,202,12.0594,0.00025792
1829,27,27,0,8,74.7407,0.00139968
1830,15,15,0,30,12,3.136e-05
1831,135,107,30,10,71.7757,0.00620232
1832,42,32,11,8,79.0312,0.00170436
1833,36,20,28,8,74,0.00098924
1834,90,90,0,180,12.0667,0.00025104
1835,22,22,0,44,12.0455,5.328e-05
1836,12,12,0,24,12,2.512e-05
1837,149,131,22,8,68.8779,0.0077386
1838,37,21,26,8,78.6667,0.00106784
1839,84,84,0,168,12.0595,0.00020496
1840,46,29,34,10,67.3793,0.0015688
1841,49,30,35,8,64.3333,0.00162108
1842,19,19,0,38,12.0526,4.544e-05
1843,28,28,0,56,12.0357,7.248e-05
1844,28,28,0,56,12.0357,6.544e-05
1845,47,37,16,8,63.973,0.00202512
1846,13,13,0,8,75.3077,0.00056992
1847,25,25,0,50,12.04,5.856e-05
1848,37,25,13,8,79.36,0.00133104
1849,8,8,0,16,12,1.68e-05
1850,20,20,0,40,12.05,4.88e-05
1851,65,65,0,8,61.3077,0.00371124
1852,34,34,0,68,12.0294,7.088e-05
1853,28,17,11,8,81.1765,0.00080048
1854,13,13,0,26,12,2.88e-05
1855,56,49,7,8,74.3469,0.00273172
1856,32,32,0,64,12.0312,7.664e-05
1857,139,91,67,10,72.7473,0.00531672
1858,29,17,12,6,82.2941,0.00087964
1859,84,84,0,168,12.0595,0.00020624
1860,71,56,15,10,80.5893,0.0031116
1861,18,18,0,36,12,3.76e-05
1862,47,47,0,94,12.0638,0.00012384
1863,24,20,4,8,80.6,0.00102924
1864,54,39,22,10,74.3077,0.00215504
1865,12,12,0,24,12,2.64e-05
1866,17,17,0,8,71.7647,0.0008066
1867,35,35,0,70,12.0571,8.128e-05
1868,33,19,16,8,76.4737,0.00096224
1869,10,10,0,20,12,2.096e-05
1870,16,16,0,32,12,3.632e-05
1871,20,20,0,8,41.95,0.001003
1872,74,68,6,10,70.7794,0.00389016
1873,10,10,0,8,74.5,0.00041532
1874,11,11,0,22,12,2.304e-05
1875,42,42,0,84,12.0476,9.808e-05
1876,6,6,0,12,12,1.264e-05
1877,277,260,18,10,78.6962,0.015471
1878,29,29,0,8,66.7931,0.00156648
1879,188,188,0,376,12.0638,0.00049232
1880,16,16,0,32,12,3.344e-05
1881,296,181,176,8,77.3757,0.0107587
1882,176,176,0,352,12.0625,0.00047504
1883,27,23,4,8,82.0435,0.00120708
1884,69,49,27,8,78.2653,0.00274572
1885,24,13,19,8,78.2308,0.00056092
1886,14,14,0,28,12,2.928e-05
1887,65,45,20,8,79,0.00251092
1888,46,46,0,92,12.0435,0.00011984
1889,151,129,22,10,76.3333,0.0075828
1890,8,8,0,16,12,1.68e-05
1891,43,43,0,86,12.0465,0.0001184
1892,122,122,0,244,12.0656,0.00032368
1893,180,156,25,10,76.109,0.00914608
1894,197,159,50,10,72.6918,0.00941224
1895,121,121,0,242,12.0579,0.00030144
1896,133,133,0,266,12.0602,0.00033856
1897,38,24,17,8,78.1667,0.00125464
1898,18,11,11,8,79.3636,0.00046084
1899,20,20,0,40,12.05,4.912e-05
1900,7,7,0,14,12,1.472e-05
1901,15,15,0,8,67.2667,0.0006884
1902,42,30,13,8,82.0667,0.0015872
1903,9,9,0,18,12,1.888e-05
1904,377,319,82,10,76.163,0.0191099
1905,23,23,0,46,12.0435,5.888e-05
1906,101,67,47,8,79.2687,0.00382392
1907,253,253,0,506,12.0593,0.00061376
1908,63,63,0,126,12.0635,0.00016416
1909,18,18,0,8,78.8333,0.00088464
1910,10,10,0,20,12,2.096e-05
1911,48,25,32,8,81.64,0.00130616
1912,71,57,15,10,78.7018,0.00326
1913,23,23,0,46,12.0435,5.664e-05
1914,50,50,0,100,12.06,0.00013136
1915,25,14,12,8,82.9286,0.00066732
1916,43,28,15,8,62.3929,0.0014824
1917,124,108,16,8,68.3148,0.00633168
1918,11,11,0,22,12,2.432e-05
1919,25,25,0,50,12.04,6.528e-05
1920,67,67,0,134,12.0448,0.0001472
1921,8,8,0,8,46.5,0.00029804
1922,5,5,0,10,12,1.056e-05
1923,41,36,5,10,54,0.00192392
1924,31,31,0,8,72.5806,0.00166572
1925,74,67,7,8,83.209,0.00385116
1926,26,26,0,52,12.0385,5.936e-05
1927,17,17,0,34,12.0588,3.552e-05
1928,48,48,0,96,12.0417,0.00011536
1929,135,121,19,8,73.9008,0.00713892
1930,82,82,0,164,12.061,0.00020656
1931,9,9,0,8,54.4444,0.00031868
1932,120,106,17,8,79.4623,0.00620132
1933,20,10,10,8,79.6,0.00039984
1934,6,6,0,12,12,1.264e-05
1935,95,95,0,190,12.0526,0.00023648
1936,7,7,0,14,12,1.472e-05
1937,63,43,23,10,83.1163,0.00237312
1938,52,30,40,8,70.3333,0.0016192
1939,37,37,0,74,12.0541,9.952e-05
1940,18,18,0,36,12,3.824e-05
1941,80,52,47,8,75.3269,0.00292292
1942,82,68,14,8,63.6471,0.00392956
1943,45,45,0,90,12.0444,0.00011584
1944,136,118,19,8,77.178,0.00694872
1945,109,73,39,10,74.8493,0.00413512
1946,61,61,0,122,12.0492,0.000152
1947,81,81,0,162,12.0494,0.00019456
1948,65,65,0,130,12.0615,0.00016512
1949,49,38,11,8,85.1842,0.00210096
1950,29,29,0,58,12.0345,7.36e-05
1951,108,81,31,8,83.4568,0.0047034
1952,109,92,18,8,83.7717,0.0053786
1953,71,71,0,142,12.0563,0.00017792
1954,86,86,0,172,12.0581,0.00021904
1955,61,49,12,8,86.2041,0.00274984
1956,40,40,0,80,12.05,9.808e-05
1957,116,77,48,8,76.3766,0.00447116
1958,26,12,18,8,75.1667,0.00050656
1959,94,80,15,10,77.7125,0.00462752
1960,34,19,21,8,70.1579,0.00092668
1961,65,65,0,130,12.0615,0.00016416
1962,25,24,1,8,70.2917,0.0012596
1963,10,10,0,20,12,2.16e-05
1964,71,71,0,142,12.0563,0.00019008
1965,15,15,0,30,12,3.328e-05
1966,35,24,11,8,82.8333,0.00125408
1967,59,37,32,8,74.2703,0.00203052
1968,18,18,0,36,12.0556,4.368e-05
1969,22,19,3,8,75.6316,0.00097256
1970,34,34,0,68,12.0588,8.272e-05
1971,11,11,0,8,53.7273,0.00044972
1972,7,7,0,14,12,1.472e-05
1973,77,63,14,10,75.4921,0.00361704
1974,341,289,54,8,70.526,0.0172582
1975,47,47,0,94,12.0638,0.00012192
1976,223,223,0,446,12.0583,0.00055168
1977,141,114,27,10,72.0614,0.00665624
1978,102,102,0,204,12.0686,0.000284
1979,16,16,0,8,42.6875,0.00076196
1980,49,49,0,8,65.0816,0.00275792
1981,9,9,0,18,12,1.888e-05
1982,26,26,0,52,12.0385,5.424e-05
1983,72,68,4,10,76.1029,0.00383672
1984,58,58,0,116,12.0517,0.00013008
1985,66,55,11,8,82.0364,0.00314068
1986,41,41,0,82,12.0488,0.00010688
1987,95,85,11,10,74.4235,0.00490152
1988,61,61,0,8,75.459,0.003483
1989,61,61,0,122,12.0492,0.00014592
1990,32,32,0,64,12.0312,6.672e-05
1991,90,78,12,10,79.5385,0.0045112
1992,39,25,17,8,78.24,0.00131368
1993,56,56,0,112,12.0536,0.00014288
1994,21,21,0,42,12.0476,5.216e-05
1995,143,110,37,10,77.6182,0.00642352
1996,67,50,17,8,74.8,0.00282672
1997,100,100,0,200,12.06,0.00026768
1998,43,43,0,86,12.0465,0.00011328
1999,33,33,0,8,70.697,0.00180144
2000,18,18,0,36,12,3.76e-05
2001,16,16,0,8,72.375,0.00074464
2002,199,184,16,8,69.8261,0.0108963
2003,109,86,30,8,69.2326,0.0049744
2004,9,9,0,18,12,1.888e-05
2005,128,128,0,256,12.0547,0.00030384
2006,82,82,0,164,12.061,0.00022864
2007,45,29,18,6,75.5517,0.00157876
2008,67,48,29,8,63.8542,0.00268312
2009,25,25,0,50,12.04,6.624e-05
2010,37,37,0,74,12.0541,8.416e-05
2011,84,67,17,10,75.7313,0.00384432
2012,55,55,0,110,12.0545,0.00014976
2013,8,8,0,8,61.75,0.00028852
2014,17,17,0,8,70.7647,0.00084132
2015,5,5,0,10,12,1.056e-05
2016,10,10,0,20,12,2.096e-05
2017,13,13,0,26,12,2.72e-05
2018,9,9,0,8,57.5556,0.0003382
2019,13,13,0,8,62.1538,0.00055492
2020,15,15,0,8,71.6,0.00069324
2021,6,6,0,12,12,1.264e-05
2022,32,27,5,8,78.5185,0.00141616
2023,31,18,21,8,69.6667,0.0009104
2024,8,8,0,16,12,1.68e-05
2025,9,9,0,18,12,1.888e-05
2026,18,18,0,36,12.0556,4.24e-05
2027,13,13,0,26,12,2.88e-05
2028,60,44,19,8,73.4318,0.00245636
2029,48,34,17,8,71.1471,0.00184444
2030,35,35,0,70,12.0571,8.96e-05
2031,12,12,0,24,12,2.512e-05
2032,30,30,0,60,12.0333,7.664e-05
2033,34,34,0,8,68.7941,0.00187332
2034,41,34,7,10,65,0.00184176
2035,18,18,0,36,12.0556,3.76e-05
2036,26,26,0,52,12.0385,6.448e-05
2037,17,17,0,8,65.0588,0.00084568
2038,10,10,0,20,12,2.096e-05
2039,70,51,19,8,55.3333,0.00287716
2040,51,40,11,8,61.25,0.0022072
2041,14,14,0,8,72.2857,0.00062228
2042,138,127,11,8,73.7559,0.00746904
2043,91,65,30,8,60.3385,0.00374496
2044,36,36,0,72,12.0556,8.688e-05
2045,24,24,0,48,12.0417,5.2e-05
2046,8,8,0,16,12,1.68e-05
2047,127,127,0,254,12.0551,0.00031008
2048,55,55,0,110,12.0545,0.00013888
2049,192,134,70,8,75.2836,0.00791444
2050,26,14,12,8,67.9286,0.0006426
2051,121,121,0,242,12.0579,0.00031776
2052,12,12,0,24,12,2.96e-05
2053,60,55,5,10,72.7455,0.0031164
2054,46,46,0,92,12.0435,0.00010384
2055,134,128,6,10,81.0391,0.00746408
2056,99,99,0,198,12.0606,0.00025312
2057,15,15,0,8,75.7333,0.0006976
2058,9,9,0,18,12,1.888e-05
2059,40,34,7,8,67.1176,0.00182528
2060,97,60,49,8,74.8667,0.00341904
2061,22,22,0,44,12.0455,5.136e-05
2062,54,54,0,108,12.0556,0.0001464
2063,199,162,46,10,77.4259,0.00954064
2064,25,13,13,8,80.1538,0.00057256
2065,52,33,33,8,76.697,0.00180448
2066,142,142,0,284,12.0634,0.000372
2067,30,20,12,8,76.05,0.00103368
2068,219,182,57,8,72.1099,0.0108227
2069,29,29,0,58,12.0345,7.808e-05
2070,15,15,0,30,12,3.392e-05
2071,114,91,27,8,63.4176,0.00528276
2072,125,125,0,250,12.056,0.0002896
2073,67,67,0,134,12.0597,0.00017056
2074,34,27,7,8,74,0.00143864
2075,19,19,0,38,12.0526,4.48e-05
2076,19,19,0,8,69.2105,0.00095212
2077,94,90,4,8,74.3667,0.00524412
2078,80,71,9,8,74.4085,0.00408632
2079,11,11,0,22,12,2.304e-05
2080,59,59,0,118,12.0508,0.0001312
2081,49,49,0,98,12.0408,0.00011616
2082,17,17,0,8,73.1765,0.00084452
2083,10,10,0,20,12,2.096e-05
2084,38,38,0,8,79.9211,0.0021082
2085,20,20,0,40,12.05,4.176e-05
2086,231,179,56,8,74.9497,0.0106484
2087,144,107,40,10,72.3738,0.00625088
2088,174,145,29,10,72.4483,0.008578
2089,144,144,0,288,12.0625,0.00038096
2090,94,94,0,188,12.0638,0.00025648
2091,132,132,0,264,12.0606,0.00033648
2092,28,21,7,8,84.1429,0.00108328
2093,70,54,16,10,78.7037,0.00299792
2094,45,45,0,90,12.0667,0.00012384
2095,47,32,22,8,75.125,0.0017278
2096,63,46,34,8,71.087,0.00256328
2097,24,15,9,8,83,0.00069096
2098,28,28,0,56,12.0357,6.896e-05
2099,36,36,0,72,12.0556,8.912e-05
2100,11,11,0,22,12,2.464e-05
2101,15,15,0,8,65.4667,0.00069584
2102,196,184,14,10,66.0163,0.0109439
2103,9,9,0,18,12,1.888e-05
2104,176,176,0,352,12.0568,0.00043472
2105,25,25,0,8,78.4,0.00129016
2106,144,120,37,8,76.675,0.00705864
2107,71,50,34,10,68.82,0.00276656
2108,46,29,25,8,64.2414,0.00152824
2109,93,69,37,8,67.087,0.003985
2110,14,14,0,28,12,2.928e-05
2111,88,88,0,176,12.0455,0.0001992
2112,41,41,0,82,12.0488,9.824e-05
2113,26,26,0,52,12.0385,6.128e-05
2114,12,12,0,8,71.4167,0.00051472
2115,57,57,0,114,12.0526,0.0001408
2116,7,7,0,14,12,1.472e-05
2117,33,33,0,8,79.8182,0.0017976
2118,18,18,0,36,12,3.76e-05
2119,81,66,21,10,88.2121,0.00380872
2120,58,58,0,116,12.0517,0.00014256
2121,18,11,7,8,81.4545,0.00048312
2122,9,9,0,18,12,2.08e-05
2123,379,321,72,8,77.6854,0.0191931
2124,12,12,0,24,12,2.672e-05
2125,73,54,26,10,77.1481,0.00302208
2126,249,249,0,498,12.0602,0.00061024
2127,40,40,0,80,12.05,9.744e-05
2128,108,85,31,8,73.4471,0.00496516
2129,8,8,0,8,76.625,0.00026868
2130,57,57,0,114,12.0526,0.00013472
2131,58,49,9,8,83.2041,0.00277932
2132,5,5,0,10,12,1.056e-05
2133,34,34,0,68,12.0588,8.24e-05
2134,68,54,14,10,76.1481,0.00308616
2135,34,31,3,8,80.0323,0.00167144
2136,43,43,0,86,12.0465,0.00011264
2137,18,18,0,36,12,3.824e-05
2138,154,116,38,8,76.8793,0.00679688
2139,50,27,23,8,79.5556,0.0014162
2140,115,62,89,8,75.6774,0.00356884
2141,358,220,190,8,74.6773,0.013119
2142,94,72,22,10,74.4167,0.00411376
2143,99,99,0,198,12.0606,0.00025408
2144,285,217,74,8,76.4608,0.0129458
2145,22,22,0,44,12.0455,5.584e-05
2146,56,56,0,112,12.0536,0.00014032
2147,202,202,0,404,12.0594,0.00052176
2148,68,68,0,136,12.0588,0.00019088
2149,59,47,15,8,74.4468,0.00261008
2150,180,180,0,360,12.0611,0.00045936
2151,35,35,0,70,12.0571,9.024e-05
2152,13,13,0,26,12,2.784e-05
2153,29,22,8,8,82.0909,0.00114108
2154,32,30,2,8,74.9,0.00158972
2155,62,45,24,10,76.0889,0.00245384
2156,15,15,0,30,12,3.264e-05
2157,78,74,4,8,80.4189,0.0042536
2158,43,43,0,86,12.0465,0.0001104
2159,63,63,0,126,12.0476,0.0001552
2160,17,11,10,8,74.3636,0.00045356
2161,8,8,0,16,12,1.68e-05
2162,22,22,0,8,63.6818,0.00110988
2163,12,12,0,24,12,2.512e-05
2164,156,123,38,10,79.1545,0.00715408
2165,73,56,20,8,81.9107,0.00320484
2166,106,106,0,212,12.066,0.00029552
2167,48,48,0,96,12.0625,0.0001256
2168,40,25,18,8,77.32,0.00133032
2169,20,20,0,40,12.05,4.688e-05
2170,418,375,48,8,69.8453,0.0224601
2171,253,253,0,506,12.0553,0.00059648
2172,55,49,6,10,80.8571,0.00272576
2173,41,41,0,82,12.0488,9.888e-05
2174,27,19,8,8,82.5263,0.00095916
2175,49,32,29,8,76.8438,0.00172664
2176,12,12,0,24,12,2.512e-05
2177,30,30,0,60,12.0333,7.728e-05
2178,24,24,0,8,72.9167,0.00123176
2179,51,44,7,10,78.4773,0.00240192
2180,13,13,0,26,12,2.72e-05
2181,36,36,0,72,12.0556,8.848e-05
2182,50,41,9,8,72.9024,0.00228912
2183,68,57,14,8,73.0526,0.00326208
2184,29,29,0,58,12.0345,7.264e-05
2185,46,46,0,92,12.0435,0.00011248
2186,8,8,0,8,42.625,0.000274
2187,5,5,0,10,12,1.056e-05
2188,14,9,5,8,74.8889,0.00033056
2189,8,8,0,16,12,1.744e-05
2190,17,17,0,8,78.4118,0.000837
2191,10,10,0,20,12,2.096e-05
2192,153,125,34,8,73.904,0.00734796
2193,113,113,0,226,12.0708,0.00032736
2194,31,18,13,8,73.4444,0.0008784
2195,46,26,21,8,73.2692,0.00137092
2196,36,18,27,8,72.6111,0.00090824
2197,16,16,0,32,12,3.92e-05
2198,24,24,0,48,12.0417,5.968e-05
2199,12,12,0,24,12,2.512e-05
2200,16,16,0,32,12,3.408e-05
2201,18,18,0,8,83.3889,0.00089868
2202,181,154,36,8,69.8896,0.00913652
2203,10,10,0,20,12,2.096e-05
2204,147,147,0,294,12.0612,0.00036832
2205,52,42,13,10,76.9762,0.00225216
2206,48,31,18,8,80.7742,0.00164936
2207,10,6,4,8,64.5,0.00017264
2208,30,30,0,60,12.0333,7.12e-05
2209,27,27,0,54,12.037,6.976e-05
2210,4,4,0,8,12,8.48e-06
2211,18,18,0,8,80.1111,0.00090968
2212,42,26,18,8,74.3846,0.00138088
2213,10,10,0,20,12,2.096e-05
2214,23,23,0,46,12.0435,6.208e-05
2215,12,12,0,8,64.5,0.00052904
2216,14,14,0,8,71.1429,0.00064736
2217,74,67,7,8,70.9701,0.00385884
2218,7,7,0,14,12,1.472e-05
2219,8,8,0,16,12,1.68e-05
2220,54,54,0,108,12.0556,0.00013104
2221,20,20,0,8,71.65,0.00101376
2222,11,11,0,22,12,2.304e-05
2223,82,60,32,8,72.1333,0.00344932
2224,16,16,0,8,82.4375,0.00074696
2225,67,49,22,10,79.6939,0.00271656
2226,47,25,40,6,79.16,0.0013688
2227,48,48,0,96,12.0625,0.00012816
2228,9,9,0,18,12,1.888e-05
2229,46,46,0,92,12.0435,0.00011888
2230,25,25,0,50,12.04,6.528e-05
2231,51,50,1,8,78.96,0.00283884
2232,26,26,0,52,12.0385,5.488e-05
2233,68,52,16,8,77.1731,0.00292776
2234,184,146,55,6,72.8151,0.00870664
2235,65,49,30,10,77.3469,0.00277696
2236,43,25,24,8,70.12,0.0012938
2237,55,55,0,110,12.0545,0.000136
2238,109,109,0,218,12.055,0.00026368
2239,44,44,0,88,12.0455,0.00011312
2240,22,22,0,44,12.0455,5.296e-05
2241,31,28,3,8,75.9643,0.00148136
2242,112,92,29,8,70.9457,0.00536892
2243,16,16,0,32,12,3.344e-05
2244,39,32,7,8,74.5625,0.00175944
2245,60,60,0,120,12.05,0.00013648
2246,24,24,0,48,12.0417,5.84e-05
2247,75,68,7,10,76.0441,0.00385576
2248,40,21,24,8,79.1905,0.001059
2249,60,60,0,120,12.05,0.00015152
2250,18,18,0,36,12.0556,4.272e-05
2251,12,12,0,8,45.4167,0.00054132
2252,27,27,0,8,58.1852,0.0014384
2253,7,7,0,14,12,1.472e-05
2254,15,15,0,30,12,3.136e-05
2255,56,55,1,8,72.2909,0.00314776
2256,30,30,0,60,12.0333,6.384e-05
2257,112,93,24,10,77.7419,0.00541056
2258,95,74,21,10,76.8378,0.00423496
2259,87,87,0,174,12.069,0.0002496
2260,114,88,28,8,74.875,0.00510432
2261,90,60,42,8,80.3833,0.0034104
2262,67,67,0,134,12.0597,0.00018336
2263,84,84,0,168,12.0595,0.00023376
2264,41,27,14,8,77.8519,0.00141076
2265,50,44,6,10,80.5682,0.00243608
2266,49,49,0,98,12.0408,0.00011488
2267,35,35,0,70,12.0286,7.936e-05
2268,36,28,8,8,80.3214,0.00147892
2269,21,21,0,42,12.0476,4.992e-05
2270,16,16,0,8,64.0625,0.00076416
2271,144,136,8,10,74.8382,0.00795312
2272,9,9,0,18,12,1.888e-05
2273,126,126,0,252,12.0556,0.00031408
2274,39,20,26,8,70.95,0.00100928
2275,40,24,28,8,68.5833,0.00126416
2276,13,13,0,26,12,2.848e-05
2277,20,20,0,40,12.05,4.688e-05
2278,23,23,0,8,70.8261,0.00116684
2279,13,13,0,26,12,2.72e-05
2280,139,103,51,8,77.2621,0.00600992
2281,95,95,0,190,12.0526,0.00024
2282,210,199,12,8,73.1256,0.0118254
2283,93,65,36,8,77,0.00371284
2284,137,137,0,274,12.0584,0.00033088
2285,53,53,0,106,12.0566,0.0001472
2286,61,42,34,8,66.619,0.0023394
2287,21,21,0,8,79.9524,0.00106408
2288,34,34,0,68,12.0294,7.792e-05
2289,197,172,31,10,73.7907,0.0101559
2290,12,12,0,24,12,2.512e-05
2291,135,135,0,270,12.0593,0.00032256
2292,9,9,0,8,52.8889,0.00035496
2293,6,6,0,12,12,1.264e-05
2294,53,42,21,8,71.4762,0.00234544
2295,28,28,0,8,79.2143,0.00150984
2296,30,30,0,60,12.0333,7.664e-05
2297,78,57,31,8,67.0351,0.00321804
2298,15,15,0,30,12,3.136e-05
2299,47,47,0,94,12.0426,0.0001184
2300,174,154,21,8,80.8701,0.00909504
2301,128,128,0,256,12.0625,0.00036208
2302,219,165,71,8,74.4848,0.00976152
2303,80,55,30,10,78.7455,0.00310376
2304,135,135,0,270,12.0593,0.0003472
2305,26,15,11,8,74.8,0.0007134
2306,49,33,29,8,82.6364,0.00179468
2307,49,49,0,98,12.0612,0.00014016
2308,55,23,49,8,77.3043,0.00116
2309,12,12,0,24,12,2.64e-05
2310,28,28,0,56,12.0357,7.28e-05
2311,201,152,66,8,76.8355,0.00898096
2312,158,123,42,10,71.6585,0.00722592
2313,106,106,0,212,12.066,0.00028496
2314,22,22,0,44,12.0455,5.36e-05
2315,19,19,0,8,72.2632,0.00092052
2316,45,35,13,8,78.1714,0.00189048
2317,170,144,30,8,72.5625,0.00849452
2318,11,11,0,22,12,2.304e-05
2319,29,29,0,58,12.0345,7.264e-05
2320,107,107,0,214,12.0561,0.00025824
2321,19,19,0,8,68.6316,0.00096408
2322,15,15,0,8,80.4667,0.00069296
2323,129,95,54,10,69.7263,0.00556768
2324,11,11,0,22,12,2.304e-05
2325,9,9,0,18,12,1.888e-05
2326,79,79,0,158,12.0506,0.00019936
2327,13,13,0,8,46.3077,0.00059308
2328,82,73,9,8,72.0137,0.00423244
2329,8,8,0,16,12,1.68e-05
2330,54,54,0,108,12.0556,0.00013616
2331,45,36,9,8,78.8056,0.00197836
2332,27,27,0,54,12.037,6.752e-05
2333,119,90,41,10,81.4111,0.00523024
2334,124,87,48,8,77.6782,0.00505972
2335,77,77,0,154,12.0649,0.00021376
2336,102,87,15,10,82.0575,0.0049956
2337,85,85,0,170,12.0706,0.00024512
2338,80,80,0,160,12.0625,0.00020368
2339,348,270,121,8,75.5185,0.0161126
2340,250,250,0,500,12.064,0.00065648
2341,22,14,8,8,80.3571,0.00063824
2342,10,10,0,20,12,2.128e-05
2343,72,53,19,8,80.0943,0.0030174
2344,124,95,48,8,75.1789,0.00551236
2345,43,43,0,86,12.0465,0.0001168
2346,65,51,14,10,71.098,0.00289112
2347,35,17,18,8,80.2353,0.00082612
2348,67,48,26,8,70.1042,0.00268132
2349,83,83,0,166,12.0602,0.00020448
2350,47,47,0,94,12.0638,0.00012288
2351,68,62,6,10,68.4032,0.00350904
2352,15,15,0,30,12,3.68e-05
2353,37,37,0,74,12.0541,8.768e-05
2354,53,53,0,106,12.0377,0.00011968
2355,16,16,0,8,39.0625,0.00075728
2356,18,18,0,8,58.4444,0.00088228
2357,9,9,0,18,12,1.888e-05
2358,10,10,0,20,12,2.096e-05
2359,731,596,176,8,75.7567,0.0358635
2360,491,491,0,982,12.0631,0.0012528
2361,68,47,28,8,76.4043,0.00264012
2362,38,38,0,76,12.0526,9.2e-05
2363,11,11,0,8,75.6364,0.00043976
2364,7,7,0,14,12,1.472e-05
2365,99,62,64,8,81.8226,0.00353688
2366,55,55,0,110,12.0545,0.0001376
2367,143,89,59,8,79.2921,0.00516072
2368,151,94,66,8,80.8617,0.0054804
2369,152,105,54,6,79.7714,0.00617524
2370,81,81,0,162,12.0617,0.00022496
2371,89,89,0,178,12.0562,0.0002384
2372,97,97,0,194,12.0619,0.0002784
2373,31,16,22,8,84.0625,0.000768
2374,52,33,37,10,76.8485,0.00170552
2375,192,141,72,10,75.695,0.00832016
2376,180,147,35,10,74.6735,0.00862184
2377,14,14,0,28,12,3.28e-05
2378,31,31,0,62,12.0645,8.096e-05
2379,22,15,7,10,81.6,0.00072528
2380,16,16,0,32,12,3.472e-05
2381,115,115,0,230,12.0609,0.00029632
2382,30,18,12,8,80.1111,0.00086624
2383,21,12,17,8,80.3333,0.000494
2384,80,46,59,8,71.587,0.00256488
2385,130,130,0,260,12.0615,0.00033648
2386,14,14,0,28,12,3.184e-05
2387,11,11,0,22,12,2.304e-05
2388,8,8,0,16,12,1.68e-05
2389,35,35,0,70,12.0571,8.832e-05
2390,256,176,109,8,75.3977,0.0104636
2391,72,55,17,10,82.3091,0.00305376
2392,46,46,0,92,12.0435,0.00011888
2393,126,126,0,252,12.0556,0.00031312
2394,81,63,25,10,76.6349,0.00357136
2395,54,54,0,108,12.0556,0.00014128
2396,109,86,26,8,73.3837,0.00501404
2397,31,16,22,8,80.9375,0.00076228
2398,17,10,7,8,81.2,0.00042836
2399,71,71,0,142,12.0563,0.00018208
2400,11,11,0,22,12,2.4e-05
2401,38,33,5,8,66.1515,0.00179608
2402,19,19,0,38,12.0526,4.128e-05
2403,23,17,6,8,81.1765,0.00082256
2404,11,11,0,22,12,2.336e-05
2405,372,249,169,8,77.747,0.0148374
2406,205,205,0,410,12.0585,0.00051584
2407,80,47,57,10,78.9149,0.00256808
2408,30,15,16,8,81.9333,0.00070208
2409,43,43,0,86,12.0465,0.00010272
2410,72,52,22,10,82.2692,0.0028544
2411,12,12,0,24,12,2.64e-05
2412,26,14,14,8,81,0.00063084
2413,79,57,40,8,74.5263,0.00325208
2414,49,49,0,98,12.0612,0.00014016
2415,12,12,0,24,12,2.768e-05
2416,41,41,0,82,12.0488,9.312e-05
2417,7,7,0,8,77.4286,0.00019784
2418,48,27,28,8,80.6296,0.00144756
2419,43,22,35,8,74.8182,0.00111348
2420,5,5,0,10,12,1.056e-05
2421,45,26,30,8,80.0769,0.00138284
2422,25,25,0,50,12.04,7.072e-05
2423,21,21,0,42,12.0476,5.216e-05
2424,24,24,0,48,12.0417,5.904e-05
2425,24,20,4,8,81.8,0.00100088
2426,42,27,18,8,78.2593,0.001444
2427,90,58,55,8,65.931,0.00329148
2428,13,13,0,26,12,2.72e-05
2429,174,117,83,8,81.6496,0.00688116
2430,24,24,0,48,12.0417,6.224e-05
2431,46,46,0,92,12.0435,0.00010384
2432,158,130,31,10,78.1231,0.00762384
2433,105,105,0,210,12.0667,0.00029664
2434,14,10,4,8,79.8,0.000421
2435,145,110,46,10,78.5636,0.00639072
2436,27,14,23,6,79.2857,0.00067956
2437,105,105,0,210,12.0571,0.00027168
2438,8,8,0,16,12,1.744e-05
2439,106,106,0,212,12.0566,0.00027408
2440,11,11,0,22,12,2.464e-05
2441,63,35,35,8,78.7429,0.00189032
2442,29,17,18,8,81.4118,0.00082248
2443,30,30,0,60,12.0333,7.76e-05
2444,12,12,0,24,12,2.608e-05
2445,140,108,43,10,77.9167,0.00634528
2446,71,51,36,8,79.4706,0.0028894
2447,99,99,0,198,12.0707,0.00029152
2448,38,29,9,8,72.7586,0.00156416
2449,46,46,0,92,12.0652,0.00012464
2450,22,22,0,44,12.0455,5.392e-05
2451,34,21,13,8,84.2857,0.0010782
2452,30,29,1,8,68,0.00152772
2453,219,205,15,10,80.6049,0.0121199
2454,15,15,0,30,12,3.168e-05
2455,195,195,0,390,12.0615,0.0004848
2456,156,156,0,312,12.0641,0.0004088
2457,18,18,0,8,77.7222,0.00085956
2458,10,10,0,20,12,2.096e-05
2459,52,43,9,8,81.7907,0.00241844
2460,119,75,69,8,76.5467,0.00433228
2461,35,35,0,70,12.0571,8.8e-05
2462,67,67,0,134,12.0597,0.00017568
2463,97,84,14,10,76.3929,0.00487744
2464,25,13,14,8,79.0769,0.00057364
2465,8,8,0,16,12,1.744e-05
2466,46,25,34,8,79.04,0.00129952
2467,11,11,0,22,12,2.432e-05
2468,27,13,18,8,78,0.00060904
2469,23,23,0,46,12.0435,5.568e-05
2470,32,23,9,8,75.0435,0.0011644
2471,11,11,0,22,12,2.464e-05
2472,79,69,10,10,77.8406,0.00394344
2473,39,21,25,8,74.5238,0.00105668
2474,59,32,44,8,76.6562,0.0017578
2475,690,522,244,10,77.251,0.0312964
2476,17,17,0,34,12.0588,3.872e-05
2477,61,61,0,122,12.0492,0.0001584
2478,19,19,0,38,12.0526,4.64e-05
2479,30,30,0,60,12.0667,8.272e-05
2480,457,457,0,914,12.0635,0.00117376
2481,65,61,4,10,81.3115,0.0034848
2482,52,52,0,104,12.0577,0.00012432
2483,29,29,0,8,76.5172,0.00157784
2484,16,16,0,32,12,3.344e-05
2485,92,67,26,8,73,0.00383896
2486,112,81,38,8,74.3333,0.00471936
2487,87,59,32,8,79.8814,0.00337396
2488,204,119,123,8,77.9832,0.00700536
2489,57,57,0,114,12.0526,0.00015008
2490,50,39,17,10,71.8718,0.00214368
2491,67,67,0,134,12.0597,0.00017312
2492,46,46,0,92,12.0435,0.00011536
2493,95,95,0,190,12.0526,0.00023264
2494,32,32,0,64,12.0625,8.176e-05
2495,13,13,0,8,64.9231,0.0005546
2496,15,15,0,8,77.9333,0.00070196
2497,71,48,32,8,77.2083,0.00269616
2498,8,8,0,16,12,1.68e-05
2499,40,27,16,8,75.1111,0.001414
2500,9,9,0,18,12,1.888e-05
2501,56,29,29,8,73.7931,0.00154472
2502,45,45,0,90,12.0444,0.0001168
2503,40,29,13,8,70.8276,0.00154432
2504,20,20,0,40,12.05,4.624e-05
2505,28,28,0,56,12.0357,7.312e-05
2506,22,22,0,44,12.0455,5.648e-05
2507,87,67,24,10,79.4478,0.00387232
2508,55,55,0,110,12.0545,0.00015392
2509,61,35,41,10,76.4571,0.00192072
2510,350,305,56,8,72.0918,0.0182187
2511,23,23,0,46,12.0435,5.024e-05
2512,26,13,14,8,77.6923,0.00056992
2513,120,80,61,8,75.9,0.00471736
2514,246,246,0,492,12.061,0.00060816
2515,9,9,0,18,12,1.888e-05
2516,71,71,0,142,12.0563,0.00019232
2517,138,116,24,8,79.1207,0.0068214
2518,91,91,0,182,12.0549,0.0002272
2519,27,26,1,8,70.5,0.0013692
2520,142,110,35,8,76.6091,0.00643032
2521,104,78,43,8,71.4103,0.00450664
2522,14,14,0,28,12,2.96e-05
2523,24,23,1,8,66.5652,0.00120664
2524,103,103,0,206,12.0583,0.00026624
2525,60,60,0,120,12.05,0.00014416
2526,10,9,1,8,81.5556,0.00035908
2527,13,13,0,26,12,2.72e-05
2528,50,33,18,8,82.3939,0.00177616
2529,5,5,0,10,12,1.088e-05
2530,29,29,0,58,12.0345,7.424e-05
2531,71,57,22,10,86.2807,0.00315784
2532,49,49,0,98,12.0612,0.000136
2533,16,16,0,32,12,3.632e-05
2534,337,254,110,8,78.4252,0.0151504
2535,13,9,4,8,75.3333,0.00033752
2536,232,232,0,464,12.0603,0.00058224
2537,6,6,0,12,12,1.36e-05
2538,113,72,54,8,74.0417,0.00412788
2539,51,25,30,8,69.68,0.00127984
2540,58,33,25,8,77.7273,0.00177616
2541,56,56,0,112,12.0536,0.0001448
2542,42,20,31,8,79.35,0.00102424
2543,23,23,0,46,12.0435,6.336e-05
2544,31,31,0,62,12.0645,8.128e-05
2545,14,14,0,28,12,3.248e-05
2546,27,27,0,8,70.8519,0.00142716
2547,15,15,0,30,12,3.136e-05
2548,64,64,0,128,12.0469,0.00015664
2549,44,36,13,8,73.3611,0.00197508
2550,24,24,0,48,12.0417,5.648e-05
2551,35,20,16,8,80.45,0.00101828
2552,42,25,22,8,79.2,0.001299
2553,17,17,0,34,12.0588,4e-05
2554,22,22,0,44,12.0455,5.872e-05
2555,138,117,22,8,78.7778,0.00686408
2556,255,197,75,8,77.5939,0.0117381
2557,104,104,0,208,12.0673,0.00028496
2558,167,167,0,334,12.0599,0.00042976
2559,54,34,21,8,78.4412,0.00182784
2560,26,15,11,8,77.2667,0.00067652
2561,179,130,56,10,76.3615,0.00765696
2562,32,32,0,64,12.0625,8.336e-05
2563,13,13,0,8,70.1538,0.00056736
2564,13,13,0,26,12,3.104e-05
2565,119,119,0,238,12.0588,0.00031712
2566,8,8,0,16,12,1.68e-05
2567,82,57,43,10,75.3509,0.0031756
2568,58,33,34,8,79.9697,0.00179136
2569,44,44,0,88,12.0455,0.00011056
2570,313,222,112,8,76.0991,0.0132503
2571,29,29,0,58,12.0345,7.744e-05
2572,398,310,119,10,76.6065,0.0185338
2573,210,210,0,420,12.0667,0.00058928
2574,267,267,0,534,12.0599,0.00067616
2575,362,285,83,8,77.4316,0.0170449
2576,31,20,11,8,84.15,0.00099568
2577,216,216,0,432,12.0602,0.00054096
2578,15,15,0,30,12,3.424e-05
2579,86,68,19,10,79.7059,0.00382352
2580,81,58,32,10,79.2241,0.00323464
2581,59,59,0,118,12.0508,0.00015264
2582,53,53,0,106,12.0566,0.00014336
2583,54,38,20,10,78.9737,0.00204056
2584,10,7,3,8,81.4286,0.0002338
2585,68,34,50,6,76.3824,0.001882
2586,33,33,0,66,12.0606,9.248e-05
2587,104,67,59,10,76.4776,0.00380416
2588,5,5,0,10,12,1.152e-05
2589,13,13,0,8,74.8462,0.00057504
2590,38,38,0,76,12.0526,8.848e-05
2591,63,63,0,126,12.0635,0.00017856
2592,8,8,0,16,12,1.68e-05
2593,25,16,9,8,80.625,0.00074284
2594,68,42,29,8,78.2619,0.0023154
2595,12,12,0,24,12,2.672e-05
2596,20,19,1,8,72.1579,0.00096624
2597,40,40,0,80,12.05,0.0001048
2598,10,10,0,20,12,2.128e-05
2599,152,112,47,8,77.9911,0.00658492
2600,83,54,46,6,75.5556,0.00309684
2601,98,98,0,196,12.0612,0.00026608
2602,53,53,0,106,12.0566,0.00013792
2603,109,84,33,8,81.0238,0.00488028
2604,68,42,33,8,80.5714,0.00232884
2605,190,140,76,6,75.0571,0.00834732
2606,77,77,0,154,12.0519,0.00019904
2607,36,36,0,72,12.0556,9.488e-05
2608,109,109,0,218,12.055,0.00027728
2609,59,42,20,8,79.2381,0.00234576
2610,37,37,0,74,12.0541,0.00010144
2611,77,49,34,8,79.5102,0.00276932
2612,188,135,70,8,78.1852,0.00795252
2613,46,46,0,92,12.0435,0.00011952
2614,120,120,0,240,12.0583,0.00030544
2615,52,32,28,8,81.0625,0.0017568
2616,72,57,17,10,79.7544,0.0031716
2617,31,17,14,8,83.4118,0.00082888
2618,50,50,0,100,12.06,0.00012976
2619,14,14,0,28,12,3.152e-05
2620,56,39,17,8,80.3846,0.002128
2621,48,29,34,8,77.6897,0.00153364
2622,72,50,22,8,79.82,0.00282384
2623,31,31,0,62,12.0645,8.352e-05
2624,77,60,17,8,75.6167,0.00341928
2625,26,26,0,52,12.0385,7.184e-05
2626,39,39,0,78,12.0513,9.44e-05
2627,96,78,25,10,76.6923,0.00442664
2628,54,54,0,108,12.0556,0.0001352
2629,78,56,23,8,81.1607,0.00315536
2630,71,71,0,142,12.0704,0.0002
2631,49,49,0,98,12.0612,0.00013376
2632,145,104,67,8,75.4327,0.00608336
2633,45,29,16,10,75.6552,0.00149368
2634,81,81,0,162,12.0617,0.00020384
2635,28,28,0,56,12.0357,7.408e-05
2636,284,221,75,8,74.8326,0.013161
2637,136,107,31,8,79.6262,0.00627656
2638,169,169,0,338,12.0592,0.00043296
2639,44,28,20,8,77.75,0.0015122
2640,87,87,0,174,12.0575,0.00021376
2641,14,14,0,8,78.6429,0.0006606
2642,24,24,0,48,12.0417,6.064e-05
2643,8,8,0,16,12,1.68e-05
2644,116,77,50,10,75.8182,0.00442384
2645,41,32,9,10,82.4375,0.00169432
2646,71,71,0,142,12.0563,0.00019584
2647,39,20,31,8,72.45,0.00097792
2648,27,27,0,54,12.037,6.304e-05
2649,13,13,0,26,12,2.784e-05
2650,27,26,1,8,78.4231,0.00135716
2651,91,82,11,10,75.878,0.00475656
2652,38,23,26,8,71.7391,0.00119464
2653,14,14,0,28,12,2.96e-05
2654,74,74,0,148,12.0541,0.00016976
2655,13,13,0,26,12,2.72e-05
2656,48,41,7,8,77.1951,0.00226944
2657,78,38,63,8,78.5789,0.00207024
2658,29,29,0,58,12.0345,6.816e-05
2659,36,36,0,72,12.0556,9.968e-05
2660,146,119,36,10,75.3109,0.00698704
2661,34,21,13,8,73.6667,0.00104516
2662,105,105,0,210,12.0667,0.00029632
2663,145,119,29,10,78.084,0.00691304
2664,12,12,0,24,12,2.512e-05
2665,98,98,0,196,12.0612,0.00026064
2666,369,257,144,8,77.4942,0.0153623
2667,32,19,13,8,80.3684,0.00096596
2668,231,231,0,462,12.0649,0.000608
2669,28,20,8,8,85.9,0.0009766
2670,14,14,0,28,12,3.344e-05
2671,321,165,229,8,80.2303,0.00979624
2672,153,153,0,306,12.0654,0.00042144
2673,44,26,27,8,82.2308,0.00137528
2674,197,128,93,8,75.1406,0.00754008
2675,46,23,30,8,81.8696,0.00116648
2676,139,88,90,8,76.9091,0.005145
2677,21,21,0,42,12.0476,5.12e-05
2678,118,118,0,236,12.0593,0.0003112
2679,231,143,104,8,76.021,0.00846688
2680,18,18,0,36,12.0556,3.952e-05
2681,78,78,0,156,12.0513,0.00019184
2682,125,125,0,250,12.064,0.00032672
2683,26,26,0,52,12.0385,7.056e-05
2684,24,15,12,8,81.9333,0.00067768
2685,45,27,18,8,67.2593,0.00140956
2686,34,21,16,8,66.5238,0.00104004
2687,11,11,0,22,12,2.496e-05
2688,25,25,0,50,12.04,6.592e-05
2689,15,15,0,30,12,3.328e-05
2690,5,5,0,8,48.2,0.00010936
2691,19,19,0,8,51.5789,0.00092076
2692,4,4,0,8,12,8.48e-06
2693,11,11,0,22,12,2.304e-05
2694,16,16,0,8,63.6875,0.00073888
2695,9,9,0,18,12,1.888e-05
2696,300,217,115,8,75.7696,0.0129479
2697,27,21,6,8,81,0.00106312
2698,191,191,0,382,12.0681,0.00053664
2699,15,15,0,30,12,3.296e-05
2700,15,15,0,8,75.0667,0.00072688
2701,9,9,0,18,12,1.888e-05
2702,90,69,21,8,78.3768,0.00398824
2703,75,45,41,8,80.7556,0.00253212
2704,63,63,0,126,12.0635,0.00016096
2705,102,80,31,10,76.7625,0.0045872
2706,119,70,70,8,78.6143,0.00404888
2707,36,23,22,8,71.3478,0.00121056
2708,37,37,0,74,12.0541,9.536e-05
2709,240,196,52,8,76.0459,0.0116393
2710,66,66,0,132,12.0606,0.00016496
2711,61,61,0,122,12.0492,0.00014624
2712,16,16,0,32,12,3.408e-05
2713,163,135,30,10,78.037,0.00788352
2714,5,5,0,8,83.2,7.312e-05
2715,109,109,0,218,12.0642,0.00028384
2716,67,45,37,8,73.4889,0.00251516
2717,4,4,0,8,12,8.48e-06
2718,40,40,0,80,12.05,0.00011152
2719,58,55,3,10,73.5818,0.00312112
2720,44,44,0,88,12.0455,0.00010256
2721,72,58,17,8,72.6897,0.0032836
2722,63,42,27,8,76.8095,0.0023166
2723,40,40,0,80,12.05,0.00010032
2724,257,180,83,8,76.9,0.0107077
2725,35,35,0,70,12.0571,9.216e-05
2726,52,42,10,8,68.619,0.0023182
2727,167,167,0,334,12.0599,0.00043008
2728,27,21,6,8,81.0952,0.00109064
2729,28,19,12,8,77.8947,0.0009556
2730,44,22,38,8,80.9545,0.00110764
2731,28,28,0,56,12.0357,6.8e-05
2732,43,22,37,8,75.1818,0.00112664
2733,13,13,0,26,12,2.72e-05
2734,11,11,0,22,12,2.304e-05
2735,19,19,0,38,12.0526,4.48e-05
2736,16,16,0,32,12,3.504e-05
2737,180,142,46,8,73.1127,0.00837548
2738,147,121,27,10,74.1405,0.00711584
2739,119,119,0,238,12.0588,0.00030848
2740,109,109,0,218,12.0642,0.00028992
2741,17,10,7,8,75.3,0.00042264
2742,17,17,0,34,12.0588,4.064e-05
2743,56,51,5,8,77.2353,0.00287436
2744,167,102,79,8,75.8431,0.00594348
2745,7,7,0,14,12,1.472e-05
2746,29,29,0,58,12.0345,6.304e-05
2747,94,94,0,188,12.0638,0.00024848
2748,51,29,40,6,81.1379,0.0016144
2749,297,221,112,8,76.5294,0.0131343
2750,16,16,0,32,12,3.376e-05
2751,183,183,0,366,12.0656,0.00048896
2752,66,36,40,8,74.2222,0.00194752
2753,27,17,18,8,78.2353,0.0008524
2754,1212,950,336,10,78.3095,0.057203
2755,33,33,0,66,12.0303,8e-05
2756,11,11,0,22,12,2.336e-05
2757,805,805,0,1610,12.0634,0.002064
2758,132,89,56,8,74.5843,0.0051728
2759,61,54,7,10,78.5556,0.00305464
2760,116,78,55,8,80.4359,0.00452116
2761,46,46,0,92,12.0435,0.00011088
2762,67,67,0,134,12.0597,0.00017536
2763,20,19,1,8,83.6316,0.00091908
2764,10,10,0,20,12,2.128e-05
2765,36,20,19,8,77.2,0.00103008
2766,18,18,0,36,12.0556,4.432e-05
2767,72,45,27,8,77.9556,0.00251568
2768,37,37,0,74,12.0541,9.888e-05
2769,19,16,3,8,71.5,0.00077164
2770,13,13,0,8,68.6154,0.0005926
2771,87,77,10,10,79.5584,0.0044436
2772,10,10,0,20,12,2.096e-05
2773,8,8,0,16,12,1.68e-05
2774,69,69,0,138,12.058,0.00018336
2775,7,7,0,8,75.4286,0.00021612
2776,110,73,41,8,77.4384,0.00421192
2777,5,5,0,10,12,1.056e-05
2778,57,33,38,6,77.6667,0.00184756
2779,64,64,0,128,12.0625,0.00017616
2780,38,38,0,76,12.0526,9.392e-05
2781,38,33,6,8,77.6364,0.00180524
2782,77,48,40,8,79.0208,0.00269316
2783,154,154,0,308,12.0649,0.00041488
2784,21,21,0,42,12.0476,4.8e-05
2785,97,76,22,10,79.3816,0.00434616
2786,37,37,0,74,12.0541,8.416e-05
2787,68,68,0,136,12.0588,0.0001816
2788,14,14,0,8,77.7857,0.00066552
2789,18,10,8,8,80.5,0.00042832
2790,8,8,0,16,12,1.68e-05
2791,7,7,0,14,12,1.472e-05
2792,115,81,41,10,75.9383,0.00470736
2793,71,71,0,142,12.0563,0.00019136
2794,112,77,43,8,81.6104,0.00447564
2795,65,65,0,130,12.0615,0.00017408
2796,40,25,15,8,82.24,0.001287
2797,67,41,26,10,76.8049,0.00220848
2798,476,386,97,8,78.171,0.0231277
2799,19,19,0,38,12.0526,4.768e-05
2800,36,36,0,72,12.0556,8.496e-05
2801,319,319,0,638,12.0627,0.00082112
2802,88,60,37,8,72.8333,0.0034476
2803,159,97,73,8,80.2062,0.00564876
2804,46,46,0,92,12.0652,0.00012336
2805,93,93,0,186,12.0538,0.00023136
2806,46,31,18,8,82,0.0016644
2807,39,20,32,8,77.9,0.00099272
2808,236,178,80,8,76.4775,0.0105562
2809,24,24,0,48,12.0417,6.224e-05
2810,174,136,39,8,73.8603,0.00804144
2811,166,166,0,332,12.0663,0.00045392
2812,117,87,43,8,77.7241,0.00505548
2813,91,47,74,8,80.383,0.00261988
2814,125,125,0,250,12.072,0.00036416
2815,72,72,0,144,12.0556,0.00018384
2816,79,68,11,10,71.8382,0.00385408
2817,35,35,0,70,12.0571,8.544e-05
2818,143,95,65,8,75.7368,0.00556016
2819,85,85,0,170,12.0588,0.00023776
2820,61,61,0,122,12.0492,0.00014496
2821,34,23,11,8,77.1304,0.00116772
2822,91,91,0,182,12.0659,0.0002432
2823,69,35,55,8,76.7429,0.00191084
2824,15,15,0,30,12,3.328e-05
2825,31,31,0,62,12.0323,7.936e-05
2826,305,251,62,8,75.757,0.0149586
2827,199,199,0,398,12.0603,0.00050848
2828,30,13,22,8,83.2308,0.00059164
2829,9,9,0,18,12,1.952e-05
2830,176,118,81,8,76.6017,0.00692616
2831,379,276,139,6,77.692,0.0165226
2832,24,16,8,8,79.4375,0.00078548
2833,101,101,0,202,12.0594,0.000272
2834,231,231,0,462,12.0606,0.00058624
2835,11,11,0,22,12,2.304e-05
2836,23,23,0,8,79.8261,0.0012152
2837,13,13,0,26,12,2.72e-05
2838,19,19,0,8,50.8947,0.00093988
2839,11,11,0,22,12,2.304e-05
2840,22,22,0,8,70.8182,0.00113004
2841,12,12,0,24,12,2.512e-05
2842,142,111,40,8,81.1532,0.00650916
2843,32,21,11,8,84.0476,0.00104152
2844,359,226,190,10,78.1593,0.0134058
2845,114,74,55,8,79.3919,0.00424332
2846,99,99,0,198,12.0606,0.00026368
2847,15,15,0,30,12,3.296e-05
2848,200,200,0,400,12.065,0.00053776
2849,26,21,5,8,74.1429,0.00105104
2850,64,64,0,128,12.0625,0.00016144
2851,12,12,0,24,12,2.512e-05
2852,16,10,6,8,80.5,0.00041716
2853,85,62,35,8,78.5806,0.00356552
2854,117,83,52,8,80.9277,0.00482092
2855,32,18,24,8,73.3889,0.00087636
2856,7,7,0,14,12,1.536e-05
2857,58,58,0,116,12.069,0.00016272
2858,63,63,0,126,12.0476,0.00014784
2859,11,11,0,22,12,2.304e-05
2860,37,36,1,8,71.5556,0.00199092
2861,9,9,0,8,83.1111,0.00034392
2862,11,8,3,8,77.875,0.00026436
2863,6,6,0,12,12,1.264e-05
2864,17,14,3,8,81.3571,0.00065264
2865,22,14,8,8,82.1429,0.0006378
2866,109,77,32,10,75.9221,0.00440136
2867,7,7,0,14,12,1.536e-05
2868,9,9,0,18,12,1.888e-05
2869,10,10,0,20,12,2.192e-05
2870,68,68,0,136,12.0588,0.0001752
2871,230,188,52,10,76.8617,0.0111564
2872,23,17,6,8,84.8235,0.0008402
2873,148,148,0,296,12.0676,0.00040464
2874,12,12,0,24,12,2.64e-05
2875,64,43,21,8,79,0.00238752
2876,37,37,0,74,12.0541,0.00010464
2877,25,15,12,8,80.4667,0.0007256
2878,148,102,56,10,77.3039,0.00588464
2879,19,19,0,38,12.0526,4.512e-05
2880,168,106,83,10,78.0189,0.00616392
2881,66,43,23,8,78.5814,0.00241592
2882,11,11,0,22,12,2.4e-05
2883,99,99,0,198,12.0606,0.00026464
2884,19,17,2,8,67.6471,0.00080036
2885,97,97,0,194,12.0619,0.0002576
2886,89,64,26,8,75.4062,0.00369452
2887,39,39,0,78,12.0513,9.408e-05
2888,61,37,24,8,82.7297,0.0020326
2889,10,10,0,20,12,2.192e-05
2890,56,56,0,112,12.0536,0.00013776
2891,26,17,9,8,77.8235,0.00082588
2892,33,33,0,66,12.0606,8.768e-05
2893,12,12,0,24,12,2.608e-05
2894,89,55,34,8,78.0182,0.00311588
2895,85,67,20,8,76.6866,0.00385656
2896,56,41,17,8,71.0732,0.0022746
2897,51,30,38,10,75.6333,0.0015668
2898,182,121,93,8,74.876,0.00710436
2899,46,46,0,92,12.0652,0.00012016
2900,34,34,0,68,12.0588,8.816e-05
2901,28,28,0,56,12.0357,7.664e-05
2902,115,115,0,230,12.0609,0.0003136
2903,42,34,11,8,66.2059,0.00182332
2904,22,22,0,44,12.0455,4.912e-05
2905,40,23,26,8,80.6957,0.00117796
2906,15,15,0,8,70.4,0.00071252
2907,9,9,0,18,12,1.888e-05
2908,58,35,35,8,81.4,0.00191392
2909,68,60,8,8,82.3667,0.00339752
2910,33,33,0,66,12.0606,7.968e-05
2911,25,19,6,8,82.1579,0.00095608
2912,51,51,0,102,12.0588,0.00013472
2913,15,10,5,8,80.7,0.00041408
2914,8,8,0,16,12,1.776e-05
2915,101,76,25,8,80.3158,0.00436652
2916,69,69,0,138,12.058,0.0002
2917,59,40,24,10,82.35,0.00220784
2918,36,36,0,72,12.0556,9.904e-05
2919,25,18,7,8,77.6111,0.00090812
2920,61,46,22,8,81.5652,0.0025916
2921,11,11,0,22,12,2.304e-05
2922,40,40,0,80,12.05,9.168e-05
2923,31,26,5,8,82.5385,0.00139132
2924,17,17,0,34,12,3.776e-05
2925,52,36,18,8,82.1944,0.00198412
2926,30,30,0,60,12.0667,8.176e-05
2927,128,82,46,8,78.9146,0.00476916
2928,60,37,27,10,75.3784,0.00201656
2929,46,29,17,8,77.1034,0.00157072
2930,69,69,0,138,12.058,0.00018336
2931,34,34,0,68,12.0588,9.04e-05
2932,25,25,0,50,12.04,6.304e-05
2933,36,28,8,8,80.8571,0.00149064
2934,17,17,0,34,12,3.776e-05
2935,57,35,24,8,75.3143,0.00190376
2936,32,32,0,64,12.0625,8.272e-05
2937,17,17,0,8,59,0.00082724
2938,10,10,0,20,12,2.096e-05
2939,19,19,0,38,12.0526,3.968e-05
2940,49,32,27,8,83.6562,0.00173772
2941,64,40,25,8,78.25,0.00221524
2942,29,29,0,58,12.0345,7.52e-05
2943,32,17,17,8,81.2941,0.00085152
2944,34,34,0,68,12.0588,9.456e-05
2945,154,94,97,8,74.5319,0.0054538
2946,11,11,0,22,12,2.4e-05
2947,78,78,0,156,12.0513,0.0001912
2948,32,19,14,8,80.5789,0.00092464
2949,13,13,0,26,12,2.88e-05
2950,74,61,13,10,81.8197,0.00345032
2951,9,9,0,8,79.1111,0.00034068
2952,52,52,0,104,12.0577,0.00013104
2953,6,6,0,12,12,1.264e-05
2954,19,19,0,8,75.2105,0.0009318
2955,68,48,35,8,76.3958,0.0027034
2956,75,49,34,8,80.2041,0.002773
2957,11,11,0,22,12,2.304e-05
2958,44,44,0,88,12.0455,0.00011408
2959,40,40,0,80,12.05,0.0001
2960,96,81,15,8,77,0.00471292
2961,314,258,68,8,76.7248,0.0154108
2962,60,60,0,120,12.05,0.0001512
2963,53,53,0,106,12.0566,0.00012672
2964,34,20,14,8,78.75,0.00097956
2965,199,199,0,398,12.0603,0.00049408
2966,15,15,0,30,12,3.36e-05
2967,98,77,21,10,77.4675,0.004428
2968,25,13,13,8,74.6154,0.00060752
2969,43,23,26,8,78.7826,0.00121088
2970,72,72,0,144,12.0556,0.00019472
2971,10,10,0,20,12,2.16e-05
2972,20,20,0,40,12.05,4.816e-05
2973,17,17,0,34,12,3.968e-05
2974,19,13,6,8,84.6923,0.00057816
2975,9,9,0,18,12,1.888e-05
2976,13,13,0,26,12,2.848e-05
2977,44,29,15,8,81.2759,0.001578
2978,228,156,93,10,77.7885,0.00923424
2979,21,21,0,42,12.0476,4.928e-05
2980,171,139,43,10,78.6259,0.00814456
2981,8,6,2,8,76.8333,0.000148
2982,53,39,14,8,70.7436,0.00217276
2983,121,121,0,242,12.0579,0.00031168
2984,47,39,8,10,71.3333,0.00215592
2985,119,119,0,238,12.0588,0.00029536
2986,4,4,0,8,12,8.8e-06
2987,50,30,20,8,72.9333,0.00159668
2988,29,29,0,58,12.0345,7.296e-05
2989,32,32,0,64,12.0312,7.92e-05
2990,31,23,8,8,75.6522,0.0011886
2991,28,28,0,56,12.0357,7.568e-05
2992,16,16,0,32,12,3.536e-05
2993,46,28,25,8,80.5357,0.00150928
2994,25,25,0,50,12.04,7.136e-05
2995,47,34,15,8,82.4706,0.00186768
2996,87,61,26,10,80.3115,0.00339928
2997,26,26,0,52,12.0385,6.832e-05
2998,187,145,63,8,79.0759,0.00853808
2999,53,53,0,106,12.0566,0.00013376
3000,104,104,0,208,12.0577,0.00025936
3001,14,14,0,8,83.5714,0.00066104
3002,8,8,0,16,12,1.68e-05
3003,33,20,24,8,78.75,0.00097648
3004,16,16,0,32,12,3.632e-05
3005,39,27,12,8,84.8519,0.00141048
3006,22,22,0,44,12.0455,5.296e-05
3007,50,33,17,8,80.0303,0.00180824
3008,31,23,8,8,74.9565,0.00117812
3009,27,27,0,54,12.037,6.944e-05
3010,14,14,0,28,12,2.928e-05
3011,38,30,8,8,79.4333,0.00162852
3012,37,25,20,8,82.72,0.00129024
3013,23,23,0,46,12.0435,5.632e-05
3014,19,19,0,38,12.0526,4.48e-05
3015,23,23,0,8,71.6522,0.0011954
3016,13,13,0,26,12,2.72e-05
3017,25,25,0,8,76.68,0.00130552
3018,14,14,0,28,12,2.928e-05
3019,72,62,10,8,78.2258,0.00356692
3020,52,52,0,104,12.0577,0.0001256
3021,79,58,29,8,75.2241,0.00328856
3022,50,31,35,8,74.2903,0.00165008
3023,87,66,39,8,74.2727,0.0038052
3024,52,52,0,104,12.0577,0.00013328
3025,35,32,3,8,77.5938,0.00175592
3026,29,29,0,58,12.0345,7.744e-05
3027,54,54,0,108,12.0556,0.00013392
3028,176,121,65,8,73.5124,0.00710536
3029,50,25,40,8,79.28,0.00128316
3030,172,112,74,10,74.5625,0.00655752
3031,226,150,99,8,77.4067,0.00888896
3032,18,18,0,36,12,3.824e-05
3033,111,111,0,222,12.0631,0.00031584
3034,23,23,0,46,12.0435,6.144e-05
3035,40,31,11,8,71.3871,0.00168128
3036,104,104,0,208,12.0577,0.00027792
3037,138,138,0,276,12.058,0.00035824
3038,24,24,0,48,12.0417,5.584e-05
3039,64,39,44,8,72.4359,0.00212552
3040,27,13,23,6,76.9231,0.00064724
3041,19,11,8,8,76.3636,0.000437
3042,37,37,0,74,12.0541,0.00010464
3043,9,9,0,18,12,1.888e-05
3044,50,39,12,8,77.1026,0.00217964
3045,49,33,26,8,77.4242,0.0017738
3046,9,9,0,18,12,2.144e-05
3047,29,29,0,58,12.0345,7.584e-05
3048,29,29,0,58,12.0345,7.52e-05
3049,166,117,61,8,74.3162,0.0068626
3050,97,97,0,194,12.0619,0.00024928
3051,84,58,29,8,79.4483,0.0032996
3052,54,54,0,108,12.0556,0.00015248
3053,143,107,44,6,78.9346,0.00629592
3054,98,98,0,196,12.0612,0.00025104
3055,383,319,80,8,74.2226,0.0190728
3056,257,257,0,514,12.0584,0.00063488
3057,19,13,6,8,81.5385,0.00059956
3058,9,9,0,18,12,2.016e-05
3059,77,73,4,10,83.137,0.00415136
3060,20,20,0,8,68.3,0.00101604
3061,127,104,23,8,73.7885,0.00606264
3062,208,177,32,8,68.7514,0.0104934
3063,11,11,0,22,12,2.304e-05
3064,98,98,0,196,12.0612,0.00025296
3065,137,137,0,274,12.0584,0.00032896
3066,39,39,0,8,78.8462,0.00215428
3067,21,21,0,42,12.0476,4.384e-05
3068,36,30,6,8,78.3333,0.00160168
3069,22,22,0,44,12.0455,5.232e-05
3070,24,24,0,8,72.0417,0.001265
3071,60,48,15,10,77.3125,0.00268968
3072,23,13,13,8,72.6923,0.0006002
3073,44,21,36,8,82.8571,0.00108812
3074,13,13,0,26,12,2.72e-05
3075,41,41,0,82,12.0488,0.00010304
3076,8,8,0,16,12,1.68e-05
3077,17,17,0,34,12,3.776e-05
3078,76,70,6,10,78.7286,0.00401384
3079,60,60,0,120,12.05,0.00014928
3080,46,43,3,10,76.3953,0.00238912
3081,33,33,0,66,12.0303,7.36e-05
3082,143,116,30,10,72.7845,0.00683312
3083,27,27,0,8,78,0.00144852
3084,98,98,0,196,12.0612,0.00026032
3085,15,15,0,30,12,3.136e-05
3086,80,60,25,10,70.6833,0.003346
3087,49,49,0,98,12.0612,0.00012928
3088,49,42,7,10,73.5238,0.00231088
3089,38,20,29,8,78,0.00103384
3090,34,34,0,68,12.0588,8.24e-05
3091,16,16,0,32,12,3.664e-05
3092,111,97,14,8,77.5155,0.005683
3093,80,80,0,160,12.0625,0.00020784
3094,62,49,16,8,79.6531,0.0027508
3095,38,18,32,6,79.5,0.00095616
3096,173,144,43,8,76.8333,0.00851964
3097,40,40,0,80,12.05,9.776e-05
3098,16,16,0,32,12,3.696e-05
3099,115,115,0,230,12.0522,0.00027008
3100,114,99,15,8,71.5859,0.00579288
3101,65,65,0,130,12.0462,0.00015936
3102,31,24,7,8,78.9167,0.00125344
3103,16,16,0,32,12,3.664e-05
3104,176,145,32,8,78.5931,0.00857772
3105,118,118,0,236,12.0593,0.00029968
3106,92,68,29,8,80.0735,0.00392192
3107,145,113,37,10,74.0265,0.006554
3108,42,24,18,8,80.7083,0.0012308
3109,62,62,0,124,12.0645,0.00017712
3110,36,31,5,8,70.9677,0.0016918
3111,95,95,0,190,12.0526,0.000232
3112,165,120,64,8,79.2333,0.00704244
3113,22,22,0,44,12.0455,5.712e-05
3114,22,22,0,44,12.0455,4.976e-05
3115,107,107,0,214,12.0561,0.00027904
3116,63,63,0,126,12.0476,0.00014112
3117,83,56,44,8,81.375,0.00316484
3118,50,50,0,100,12.06,0.0001288
3119,16,11,5,8,83.8182,0.00047932
3120,53,29,43,8,81.2069,0.00153892
3121,47,24,31,8,80.8333,0.00125284
3122,7,7,0,14,12,1.472e-05
3123,27,27,0,54,12.037,6.432e-05
3124,25,12,13,8,83.8333,0.00053852
3125,21,21,0,42,12.0476,5.536e-05
3126,10,10,0,20,12,2.288e-05
3127,90,63,33,10,76.3175,0.00354264
3128,59,44,15,10,72.1136,0.0024368
3129,20,11,13,8,78.0909,0.00046992
3130,72,47,33,8,78.7447,0.00265788
3131,56,56,0,112,12.0536,0.00016176
3132,38,38,0,76,12.0526,0.00010352
3133,10,10,0,20,12,2.224e-05
3134,41,41,0,82,12.0488,0.00010336
3135,25,24,1,8,72.75,0.00123164
3136,13,13,0,26,12,2.752e-05
3137,10,10,0,8,80.9,0.00039176
3138,6,6,0,12,12,1.264e-05
3139,42,37,5,8,80.3514,0.00206196
3140,26,26,0,52,12.0385,5.968e-05
3141,63,48,16,8,75.8125,0.00271888
3142,122,106,18,10,81.4245,0.00619832
3143,62,41,25,8,82.3171,0.00230036
3144,34,34,0,68,12.0588,8.56e-05
3145,91,91,0,182,12.0549,0.000224
3146,13,9,4,8,78,0.00031584
3147,36,36,0,72,12.0556,9.584e-05
3148,77,52,30,8,79.3269,0.00294532
3149,6,6,0,12,12,1.296e-05
3150,45,45,0,90,12.0444,0.0001136
3151,29,16,15,8,75.1875,0.00076652
3152,67,50,20,10,73.42,0.00280848
3153,12,12,0,24,12,2.672e-05
3154,102,76,29,8,71.1053,0.00439284
3155,44,44,0,88,12.0455,0.00012016
3156,64,64,0,128,12.0469,0.00015696
3157,144,109,44,8,75.2752,0.0063648
3158,79,79,0,158,12.0506,0.00019168
3159,27,25,2,8,65.8,0.0012922
3160,14,14,0,28,12,2.928e-05
3161,35,28,7,8,78.7857,0.0014656
3162,303,248,69,10,78.3952,0.0147865
3163,20,20,0,40,12.05,4.752e-05
3164,195,195,0,390,12.0564,0.0004608
3165,25,25,0,8,77.2,0.00131064
3166,14,14,0,28,12,2.928e-05
3167,53,34,29,8,81.3824,0.00183944
3168,59,42,25,10,79.2619,0.00224992
3169,330,200,178,8,76.725,0.0118904
3170,29,29,0,58,12.0345,7.296e-05
3171,37,37,0,74,12.0541,9.248e-05
3172,192,192,0,384,12.0625,0.00051632
3173,60,41,20,10,79.439,0.00220704
3174,54,30,24,8,78.8667,0.00163352
3175,28,16,12,8,74.375,0.00078236
3176,55,29,26,8,75.8621,0.0015642
3177,37,37,0,74,12.0541,0.000104
3178,28,28,0,56,12.0357,7.184e-05
3179,11,11,0,22,12,2.432e-05
3180,16,16,0,8,68.25,0.00078932
3181,27,27,0,54,12.037,6.912e-05
3182,8,8,0,8,72.375,0.00029208
3183,9,9,0,18,12,1.888e-05
3184,21,21,0,8,80.5238,0.00105288
3185,5,5,0,10,12,1.056e-05
3186,12,12,0,24,12,2.512e-05
3187,31,18,23,8,84.3889,0.00090544
3188,33,26,7,8,75.3077,0.00137256
3189,16,16,0,32,12,3.92e-05
3190,17,17,0,34,12,3.776e-05
3191,75,71,4,8,74.3239,0.00409212
3192,40,40,0,80,12.05,8.944e-05
3193,34,26,8,8,81.8846,0.00136964
3194,126,105,25,8,77.2762,0.00613524
3195,19,19,0,38,12.0526,4.448e-05
3196,69,53,16,8,77.566,0.00300492
3197,85,85,0,170,12.0588,0.00021024
3198,15,15,0,8,80.8667,0.00070444
3199,41,41,0,82,12.0488,0.00010848
3200,9,9,0,18,12,1.888e-05
3201,184,150,49,8,79.0933,0.00888164
3202,115,115,0,230,12.0522,0.00027904
3203,27,25,3,8,80.16,0.00131924
3204,188,131,83,8,74.4427,0.00769844
3205,15,15,0,30,12,3.136e-05
3206,24,13,15,8,81.7692,0.00056116
3207,119,119,0,238,12.0588,0.00030144
3208,46,36,10,10,82.3889,0.00193656
3209,10,10,0,20,12,2.192e-05
3210,25,24,1,8,69.75,0.00124724
3211,14,14,0,28,12,2.928e-05
3212,118,98,26,10,81.449,0.00567152
3213,19,14,5,8,77,0.00065436
3214,87,87,0,174,12.0575,0.0002208
3215,9,9,0,18,12,1.888e-05
3216,108,95,14,8,82.6842,0.00552388
3217,86,63,25,10,82.4444,0.00357552
3218,73,73,0,146,12.0548,0.00017984
3219,56,56,0,112,12.0714,0.0001608
3220,441,384,63,8,76.6745,0.0230113
3221,301,301,0,602,12.0598,0.00074592
3222,40,21,28,8,79.0952,0.00104824
3223,19,19,0,38,12.0526,4.832e-05
3224,43,22,27,8,72,0.00110676
3225,16,12,4,8,80.5,0.00051636
3226,17,17,0,34,12,3.84e-05
3227,9,9,0,18,12,1.984e-05
3228,19,19,0,8,71.4737,0.00096336
3229,11,11,0,22,12,2.304e-05
3230,39,20,25,8,75.65,0.00102024
3231,14,14,0,28,12,3.152e-05
3232,52,44,9,10,67.2273,0.00241656
3233,72,46,26,8,78.3043,0.0025804
3234,60,40,20,8,77.7,0.00224368
3235,36,36,0,72,12.0556,8.24e-05
3236,44,44,0,88,12.0455,0.0001128
3237,35,35,0,70,12.0571,8.544e-05
3238,182,136,48,8,75,0.00800764
3239,36,17,23,8,80.2941,0.00083056
3240,110,77,33,6,81.3377,0.00452344
3241,111,111,0,222,12.0631,0.00029856
3242,164,112,56,8,72.5357,0.00656596
3243,15,15,0,30,12,3.648e-05
3244,79,79,0,158,12.0633,0.00020256
3245,26,26,0,8,68.8846,0.00135044
3246,199,187,13,10,80.0642,0.011133
3247,92,92,0,184,12.0543,0.0002184
3248,83,57,36,10,76.0702,0.00324384
3249,14,14,0,28,12,2.928e-05
3250,147,147,0,294,12.0544,0.00036064
3251,47,47,0,94,12.0426,0.00011264
3252,160,117,64,8,79.4274,0.00687212
3253,34,16,19,8,80.1875,0.00078004
3254,105,105,0,210,12.0667,0.00029824
3255,71,49,37,8,80,0.00275892
3256,91,57,54,6,78.7895,0.00327644
3257,12,12,0,24,12,2.672e-05
3258,37,37,0,74,12.0541,8.608e-05
3259,43,43,0,86,12.0465,0.0001072
3260,61,43,19,10,78.093,0.0023948
3261,140,117,25,10,82.188,0.006874
3262,166,116,77,10,80.4741,0.00681024
3263,97,97,0,194,12.0619,0.00024832
3264,58,44,21,8,85.3636,0.00247796
3265,99,99,0,198,12.0606,0.0002464
3266,76,48,46,8,77.3958,0.00268212
3267,201,138,93,10,76.2826,0.00809192
3268,35,35,0,70,12.0571,8.48e-05
3269,29,29,0,58,12.0345,7.296e-05
3270,43,43,0,86,12.0465,0.00011168
3271,117,117,0,234,12.0598,0.00030432
3272,20,17,3,8,82.2941,0.00079748
3273,110,79,49,8,77.8354,0.00458596
3274,121,76,58,8,74.0789,0.00439748
3275,10,10,0,20,12,2.192e-05
3276,64,64,0,128,12.0625,0.00017072
3277,14,14,0,8,74.2857,0.00061832
3278,68,68,0,136,12.0588,0.000172
3279,8,8,0,16,12,1.68e-05
3280,43,31,17,8,77.4194,0.0016784
3281,87,61,32,8,76.2951,0.00346808
3282,22,22,0,44,12.0455,5.04e-05
3283,71,49,35,8,77.4286,0.002785
3284,54,37,33,8,75.7838,0.00204356
3285,139,91,49,6,77.7802,0.00535164
3286,47,47,0,94,12.0426,0.00011904
3287,40,40,0,80,12.05,0.00010416
3288,33,33,0,66,12.0606,8.64e-05
3289,58,52,6,8,81.0192,0.0029212
3290,165,131,45,8,77.3664,0.00770176
3291,83,83,0,166,12.0602,0.0002144
3292,113,113,0,226,12.0619,0.00029344
3293,40,30,12,8,80.8,0.00159284
3294,54,32,30,8,78.5,0.00173232
3295,17,9,9,8,74.8889,0.00036436
3296,23,23,0,46,12.0435,5.6e-05
3297,168,143,37,10,78.014,0.00846232
3298,30,30,0,60,12.0667,8.208e-05
3299,8,8,0,16,12,1.808e-05
3300,115,115,0,230,12.0522,0.00027328
3301,75,66,11,8,83.2727,0.00381188
3302,42,42,0,84,12.0476,0.00010224
3303,67,38,43,8,81.2105,0.00206664
3304,35,35,0,70,12.0571,9.28e-05
3305,62,49,13,8,84.8776,0.00275372
3306,41,41,0,82,12.0488,0.00010752
3307,21,14,7,8,83.6429,0.0006156
3308,11,11,0,22,12,2.624e-05
3309,9,9,0,8,67.5556,0.00032356
3310,43,32,18,8,79.4375,0.00173708
3311,6,6,0,12,12,1.264e-05
3312,21,21,0,42,12.0476,4.608e-05
3313,48,34,19,8,75.3235,0.00182584
3314,30,30,0,60,12.0333,7.664e-05
3315,22,22,0,8,74.5455,0.0011002
3316,41,23,24,8,74.6522,0.00120636
3317,36,17,31,8,74.8235,0.00082668
3318,12,12,0,24,12,2.512e-05
3319,20,20,0,40,12.05,4.688e-05
3320,11,11,0,22,12,2.304e-05
3321,45,28,19,8,78.6429,0.00150188
3322,119,95,36,8,78.2737,0.00551608
3323,24,24,0,48,12.0417,6.608e-05
3324,85,85,0,170,12.0588,0.00022976
3325,119,96,31,8,81.5521,0.0055958
3326,59,36,32,8,70.2778,0.00199668
3327,92,92,0,184,12.0543,0.00023536
3328,31,31,0,62,12.0645,8.064e-05
3329,39,23,20,8,78.8261,0.0011764
3330,97,53,63,8,75.1509,0.002987
3331,139,104,52,8,70.3462,0.00616864
3332,20,20,0,40,12.05,4.784e-05
3333,63,41,40,8,77.878,0.00229816
3334,42,42,0,84,12.0476,0.00010192
3335,71,71,0,142,12.0563,0.000168
3336,20,12,9,8,78.5833,0.00054628
3337,39,39,0,78,12.0513,0.00011296
3338,35,35,0,70,12.0571,8.928e-05
3339,10,10,0,20,12,2.256e-05
3340,105,77,34,8,81.9221,0.00442592
3341,38,18,29,8,76.2222,0.0008952
3342,83,61,36,8,74.3115,0.00350368
3343,68,68,0,136,12.0588,0.00018864
3344,14,14,0,28,12,3.056e-05
3345,16,13,3,8,74.4615,0.00056636
3346,24,15,9,8,77.0667,0.00067848
3347,43,43,0,86,12.0465,0.00010816
3348,49,40,14,8,76.275,0.00220248
3349,74,54,26,8,76.0741,0.00307788
3350,13,13,0,26,12,3.2e-05
3351,78,56,31,10,77.3929,0.0031408
3352,45,45,0,90,12.0667,0.00012256
3353,49,49,0,98,12.0612,0.00013184
3354,60,38,30,8,74.5263,0.00209092
3355,45,23,38,8,75.2609,0.00120404
3356,33,33,0,66,12.0606,8.224e-05
3357,21,21,0,42,12.0476,5.376e-05
3358,15,15,0,8,76.9333,0.0007214
3359,29,16,13,8,75.875,0.00074656
3360,68,51,21,6,73.9412,0.00290912
3361,9,9,0,18,12,1.888e-05
3362,14,14,0,28,12,3.344e-05
3363,10,10,0,8,60.5,0.0004114
3364,47,47,0,94,12.0638,0.0001296
3365,6,6,0,12,12,1.264e-05
3366,41,41,0,82,12.0488,0.00010112
3367,45,30,21,8,78.1667,0.0016196
3368,26,26,0,52,12.0385,6.576e-05
3369,17,17,0,8,75.4118,0.00080504
3370,95,85,10,10,74.3294,0.00492136
3371,10,10,0,20,12,2.096e-05
3372,65,65,0,130,12.0615,0.0001648
3373,9,6,3,8,81.8333,0.00017152
3374,73,35,51,8,72.8,0.00193924
3375,4,4,0,8,12,8.48e-06
3376,32,32,0,64,12.0625,8.816e-05
3377,74,56,23,8,67.9643,0.00320748
3378,20,17,3,8,80.4706,0.0008392
3379,51,31,38,10,68.4516,0.00165512
3380,53,31,42,6,73.7742,0.00172976
3381,44,44,0,88,12.0455,0.00011664
3382,10,10,0,20,12,2.096e-05
3383,29,29,0,58,12.0345,7.392e-05
3384,18,18,0,36,12.0556,3.776e-05
3385,7,7,0,8,48.5714,0.00024296
3386,74,69,6,10,73.5797,0.00389704
3387,5,5,0,10,12,1.056e-05
3388,42,42,0,84,12.0476,9.68e-05
3389,56,51,5,10,73.9412,0.00280696
3390,36,36,0,72,12.0556,8.784e-05
3391,69,54,16,8,74.2593,0.0030652
3392,54,54,0,8,78.0926,0.00307088
3393,42,42,0,84,12.0476,0.00011152
3394,28,28,0,56,12.0357,5.84e-05
3395,49,49,0,8,62.898,0.00273268
3396,26,26,0,52,12.0385,5.424e-05
3397,91,80,12,8,75.025,0.00462224
3398,128,106,23,10,74.8302,0.00617024
3399,69,69,0,138,12.058,0.00017632
3400,95,95,0,190,12.0632,0.00025856
3401,136,108,32,10,69.5556,0.00632728
3402,84,57,27,8,54.4035,0.00327084
3403,25,20,5,8,84.3,0.000978
3404,61,45,16,8,74.2444,0.00251784
3405,93,93,0,186,12.0645,0.00026528
3406,13,13,0,26,12,2.944e-05
3407,39,39,0,78,12.0513,9.248e-05
3408,73,59,15,10,74.6441,0.00337784
3409,14,11,3,6,83.6364,0.00052528
3410,65,36,40,8,75.2222,0.00195224
3411,47,47,0,94,12.0638,0.00012256
3412,16,16,0,32,12,3.344e-05
3413,33,33,0,66,12.0303,8e-05
3414,30,30,0,8,68.7333,0.00162408
3415,11,11,0,8,77.2727,0.00045676
3416,16,16,0,32,12,3.344e-05
3417,7,7,0,14,12,1.472e-05
3418,103,74,40,10,72.6757,0.0042208
3419,99,85,17,10,76.1412,0.00489824
3420,61,61,0,122,12.0492,0.00015904
3421,68,68,0,136,12.0588,0.00016944
3422,147,125,22,8,77.104,0.00735408
3423,88,88,0,176,12.0568,0.00021456
3424,268,232,48,10,74.4655,0.0137755
3425,9,9,0,18,12,1.952e-05
3426,26,26,0,52,12.0385,5.936e-05
3427,89,69,28,8,72.5072,0.0039436
3428,177,177,0,354,12.0565,0.0004256
3429,57,57,0,114,12.0526,0.00014784
3430,115,95,22,8,75.8632,0.0055224
3431,66,35,49,8,73.8,0.00193292
3432,81,81,0,162,12.0617,0.00020736
3433,27,27,0,54,12.037,7.072e-05
3434,33,27,6,8,83.2963,0.00140204
3435,97,78,28,8,76.8077,0.0045392
3436,38,22,27,8,74.1364,0.00110036
3437,19,19,0,38,12.0526,4.288e-05
3438,68,68,0,136,12.0588,0.00017232
3439,13,13,0,26,12,2.752e-05
3440,42,33,9,8,83.7879,0.00177432
3441,25,25,0,50,12.04,5.664e-05
3442,58,41,29,10,74.5854,0.00220056
3443,24,22,2,8,76.4545,0.00110212
3444,38,38,0,76,12.0526,9.936e-05
3445,139,108,34,8,79,0.00633972
3446,12,12,0,24,12,2.576e-05
3447,91,91,0,182,12.0549,0.00023584
3448,167,135,41,10,76.6963,0.00788528
3449,109,109,0,218,12.0642,0.00028832
3450,31,24,7,6,80.6667,0.00127608
3451,105,75,37,10,62.56,0.00428032
3452,16,16,0,32,12,3.664e-05
3453,61,61,0,122,12.0492,0.00014752
3454,60,47,18,8,62.8511,0.00263356
3455,62,55,7,10,61.5818,0.00313208
3456,35,35,0,70,12.0571,8.832e-05
3457,48,48,0,96,12.0417,0.00010896
3458,50,50,0,100,12.04,0.00011888
3459,25,25,0,8,34.52,0.00130388
3460,14,14,0,28,12,2.928e-05
3461,21,21,0,8,51.5714,0.001072
3462,12,12,0,24,12,2.512e-05
3463,81,77,4,10,63.3636,0.004412
3464,46,46,0,92,12.0435,0.0001032
3465,107,102,5,8,62.6373,0.00598468
3466,65,65,0,130,12.0462,0.00015648
3467,47,47,0,8,76.3404,0.00264784
3468,25,25,0,50,12.04,5.216e-05
3469,146,143,3,10,68.7762,0.00840728
3470,79,79,0,158,12.0506,0.0001696
3471,34,31,3,10,72.3226,0.0016252
3472,21,21,0,42,12.0476,4.672e-05
3473,25,25,0,8,54.88,0.0012938
3474,14,14,0,28,12,2.928e-05
3475,50,49,1,10,68.5714,0.00272416
3476,11,11,0,8,59.4545,0.00047188
3477,36,26,10,8,81,0.00135684
3478,37,37,0,74,12.0541,8.16e-05
3479,7,7,0,14,12,1.472e-05
3480,20,20,0,40,12.05,4.816e-05
3481,98,90,8,8,83.1889,0.00525464
3482,45,34,11,8,83.3529,0.00184356
3483,74,74,0,148,12.0541,0.00018608
3484,71,54,22,8,78.6481,0.0030334
3485,25,25,0,50,12.04,6.048e-05
3486,36,26,10,8,80.4615,0.00139524
3487,40,40,0,80,12.05,0.0001
3488,5,5,0,8,82,0.0001238
3489,20,20,0,40,12.05,4.816e-05
3490,4,4,0,8,12,8.48e-06
3491,348,309,49,8,71.4304,0.0184783
3492,222,222,0,444,12.0586,0.00053232
3493,148,120,33,10,78.1667,0.00698552
3494,39,22,25,8,55.0909,0.00113472
3495,97,58,69,8,75.4828,0.00332936
3496,139,103,61,8,71.1456,0.00601724
3497,107,107,0,214,12.0654,0.00029984
3498,19,19,0,38,12.0526,4.544e-05
3499,55,55,0,110,12.0545,0.00014528
3500,92,92,0,184,12.0543,0.00023632
3501,33,25,9,8,81.88,0.00128168
3502,141,107,36,8,79.0935,0.00628336
3503,92,92,0,184,12.0652,0.00024912
3504,44,26,30,8,74.6923,0.0013798
3505,119,90,37,10,70.9556,0.0051968
3506,87,60,48,8,78.55,0.00341008
3507,24,24,0,48,12.0417,6.672e-05
3508,87,87,0,174,12.0575,0.0002336
3509,50,50,0,100,12.06,0.00012496
3510,44,37,9,8,80.1081,0.00206048
3511,26,26,0,52,12.0385,5.968e-05
3512,51,42,10,10,72.881,0.0022804
3513,129,111,22,8,61.2793,0.00652748
3514,50,33,30,8,61.2424,0.0017918
3515,30,30,0,60,12.0333,7.12e-05
3516,83,83,0,166,12.0602,0.00020672
3517,44,33,11,8,64.303,0.0017686
3518,30,30,0,60,12.0333,7.152e-05
3519,31,16,23,8,73.625,0.00074636
3520,27,27,0,54,12.037,6.272e-05
3521,11,11,0,22,12,2.304e-05
3522,19,19,0,8,58.3158,0.00095912
3523,11,11,0,22,12,2.304e-05
3524,16,16,0,8,35,0.00078332
3525,9,9,0,18,12,1.888e-05
3526,59,59,0,8,48.2712,0.00336688
3527,31,31,0,62,12.0323,6.464e-05
3528,10,10,0,8,52.9,0.00041468
3529,6,6,0,12,12,1.264e-05
3530,144,113,43,10,74.8761,0.0066316
3531,18,18,0,8,69.1111,0.000864
3532,30,17,19,8,77.9412,0.00080512
3533,97,97,0,194,12.0619,0.00026176
3534,62,36,43,6,70.3889,0.00205984
3535,60,41,36,8,78.5366,0.00228652
3536,10,10,0,20,12,2.096e-05
3537,15,15,0,30,12,3.424e-05
3538,35,35,0,70,12.0571,9.632e-05
3539,34,34,0,68,12.0588,8.336e-05
3540,56,40,16,8,81.975,0.002233
3541,33,33,0,66,12.0606,9.024e-05
3542,41,39,3,10,83.5385,0.00212224
3543,114,92,30,8,73.5326,0.00533924
3544,28,28,0,56,12.0357,6.48e-05
3545,60,60,0,120,12.05,0.00014352
3546,183,151,34,10,77.3179,0.00888384
3547,121,121,0,242,12.0661,0.00033344
3548,21,21,0,8,79.8095,0.00108304
3549,12,12,0,24,12,2.512e-05
3550,23,23,0,8,74.5652,0.0011638
3551,266,241,28,6,66.8755,0.0144004
3552,34,21,25,8,49.5714,0.00107404
3553,13,13,0,26,12,2.72e-05
3554,173,173,0,346,12.0578,0.00040128
3555,19,19,0,38,12.0526,4.48e-05
3556,173,145,44,10,71.5034,0.00849832
3557,118,118,0,236,12.0593,0.0003064
3558,116,96,32,10,71.2812,0.00556056
3559,8,8,0,8,75.875,0.000304
3560,66,66,0,132,12.0455,0.00015472
3561,5,5,0,10,12,1.056e-05
3562,27,16,11,8,79.75,0.00077736
3563,16,16,0,32,12,3.568e-05
3564,11,11,0,22,12,2.4e-05
3565,70,57,13,10,72.2807,0.00317032
3566,45,45,0,90,12.0444,0.0001184
3567,31,18,20,8,78,0.000899
3568,12,12,0,24,12,2.608e-05
3569,22,14,13,8,87.0714,0.00064852
3570,180,140,51,8,65.5357,0.00826404
3571,9,9,0,18,12,1.92e-05
3572,114,114,0,228,12.0614,0.00030032
3573,34,27,7,8,82.1111,0.0014262
3574,237,201,44,8,63.6517,0.01198
3575,19,19,0,38,12.0526,4.576e-05
3576,17,14,3,8,71.3571,0.00065584
3577,71,58,16,8,75.0345,0.00332544
3578,27,17,14,8,68.3529,0.0008058
3579,138,138,0,276,12.058,0.00033136
3580,9,9,0,18,12,1.888e-05
3581,45,45,0,90,12.0444,0.00010272
3582,28,27,1,8,70.9259,0.00145572
3583,12,12,0,24,12,2.608e-05
3584,22,22,0,8,76.5909,0.0011168
3585,12,12,0,24,12,2.512e-05
3586,27,26,1,8,81.0769,0.001367
3587,15,15,0,30,12,3.232e-05
3588,69,55,16,8,77.5273,0.00309992
3589,87,74,14,10,76.473,0.00426784
3590,42,42,0,84,12.0476,0.00011088
3591,66,66,0,132,12.0606,0.00016336
3592,389,333,60,10,73.4985,0.0199626
3593,65,50,24,8,67.42,0.00284744
3594,235,235,0,470,12.0596,0.0005856
3595,39,39,0,78,12.0513,9.728e-05
3596,55,53,2,8,70.5849,0.00299276
3597,29,29,0,58,12.0345,6.048e-05
3598,27,27,0,8,32.1852,0.0014186
3599,11,11,0,8,44.1818,0.00043528
3600,15,15,0,30,12,3.136e-05
3601,7,7,0,14,12,1.472e-05
3602,49,49,0,8,47.9796,0.0027836
3603,26,26,0,52,12.0385,5.424e-05
3604,32,32,0,8,35.3438,0.00172132
3605,17,17,0,34,12,3.552e-05
3606,76,76,0,8,46.1053,0.00440608
3607,39,39,0,78,12.0513,8.128e-05
3608,75,72,3,8,62.8472,0.00415272
3609,38,38,0,76,12.0526,8.112e-05
3610,72,64,8,10,78.7031,0.00363864
3611,62,44,23,8,68.3636,0.00247264
3612,16,15,1,8,84.9333,0.00067604
3613,51,51,0,102,12.0588,0.000128
3614,40,40,0,80,12.05,0.00011248
3615,8,8,0,16,12,1.712e-05
3616,54,40,14,8,81.05,0.00221984
3617,5,5,0,8,79.6,0.00010512
3618,65,47,18,10,53.4255,0.00257952
3619,95,70,31,8,71.3286,0.00403484
3620,26,26,0,52,12.0385,5.744e-05
3621,219,203,16,10,50.5222,0.0120808
3622,4,4,0,8,12,8.48e-06
3623,44,44,0,88,12.0455,0.00012144
3624,56,56,0,112,12.0536,0.00013616
3625,127,127,0,254,12.0551,0.00028384
3626,30,28,2,8,60.9643,0.00148852
3627,38,37,1,10,79.9189,0.00194776
3628,17,17,0,34,12,3.616e-05
3629,26,26,0,52,12.0385,5.712e-05
3630,801,732,88,10,71.9331,0.0440495
3631,98,67,40,10,82.6418,0.00380744
3632,15,15,0,30,12,3.136e-05
3633,566,566,0,1132,12.0583,0.00134192
3634,64,64,0,128,12.0625,0.00017232
3635,84,62,24,10,84.0323,0.00352328
3636,19,14,7,8,83.2857,0.00061904
3637,66,55,11,10,79.5636,0.003136
3638,55,55,0,110,12.0545,0.00015104
3639,10,10,0,20,12,2.128e-05
3640,49,49,0,98,12.0612,0.00012384
3641,77,62,16,10,84.4355,0.00352408
3642,97,78,33,8,64.3333,0.0044876
3643,56,56,0,112,12.0536,0.00013744
3644,52,52,0,104,12.0385,0.00011536
3645,47,32,17,8,84.4375,0.00172556
3646,21,12,14,8,83.9167,0.00051536
3647,27,27,0,54,12.037,7.104e-05
3648,7,7,0,14,12,1.472e-05
3649,34,20,14,8,83.75,0.00101232
3650,47,45,2,10,70.2889,0.00247928
3651,15,15,0,30,12,3.296e-05
3652,35,35,0,70,12.0286,7.776e-05
3653,13,13,0,8,55.6154,0.00058004
3654,26,26,0,8,63.9615,0.0013702
3655,8,8,0,16,12,1.68e-05
3656,14,14,0,28,12,2.928e-05
3657,155,131,24,8,80.5267,0.00772224
3658,146,123,23,8,82.0488,0.00725416
3659,122,122,0,244,12.0656,0.00033008
3660,637,577,79,8,72.6153,0.0346821
3661,118,118,0,236,12.0593,0.00031056
3662,398,398,0,796,12.0578,0.00094064
3663,30,17,13,8,82.9412,0.00084368
3664,51,33,34,10,85.3333,0.001756
3665,13,13,0,26,12,2.88e-05
3666,31,31,0,62,12.0645,8.192e-05
3667,24,24,0,8,81.2083,0.00122132
3668,13,13,0,26,12,2.72e-05
3669,65,58,7,8,78.5172,0.00330644
3670,36,36,0,72,12.0556,8.464e-05
3671,23,14,9,8,77.4286,0.00065632
3672,168,131,48,8,79.3282,0.00773016
3673,10,10,0,20,12,2.192e-05
3674,98,98,0,196,12.0612,0.00026224
3675,85,80,5,8,75.4625,0.00462628
3676,54,54,0,108,12.0556,0.0001304
3677,42,24,18,8,75.5,0.00124216
3678,18,11,7,8,83.0909,0.00045196
3679,22,22,0,44,12.0455,6e-05
3680,8,8,0,16,12,1.68e-05
3681,33,31,2,8,57.7419,0.00168908
3682,18,18,0,36,12,3.824e-05
3683,64,61,3,10,79.4918,0.00349104
3684,38,38,0,76,12.0526,8.528e-05
3685,40,32,8,8,80.6875,0.00170652
3686,40,20,28,8,77.9,0.0010278
3687,25,25,0,50,12.04,6.144e-05
3688,61,52,9,10,77.7308,0.00296336
3689,16,16,0,32,12,3.504e-05
3690,9,9,0,8,81.3333,0.0003558
3691,38,38,0,76,12.0526,9.84e-05
3692,74,51,38,10,70.9412,0.00288008
3693,73,39,53,8,72.5128,0.00213128
3694,6,6,0,12,12,1.264e-05
3695,19,19,0,8,65.1579,0.00097124
3696,48,48,0,96,12.0625,0.00012368
3697,33,33,0,66,12.0303,7.68e-05
3698,32,32,0,8,78.875,0.00172968
3699,11,11,0,22,12,2.304e-05
3700,17,17,0,34,12,3.552e-05
3701,9,9,0,6,61.4444,0.00036892
3702,6,6,0,12,12,1.264e-05
3703,218,172,56,10,78.7733,0.0102114
3704,126,88,53,8,76.75,0.00509116
3705,149,149,0,298,12.0604,0.00040096
3706,71,71,0,142,12.0563,0.00018112
3707,89,52,48,8,80.6538,0.00295588
3708,54,33,22,8,78.0606,0.00180096
3709,46,46,0,92,12.0435,0.00011792
3710,58,33,40,8,77.8182,0.00177116
3711,241,154,137,8,74.0649,0.00912752
3712,193,160,43,8,76.4125,0.0094906
3713,29,29,0,58,12.0345,7.808e-05
3714,30,30,0,60,12.0333,7.664e-05
3715,146,146,0,292,12.0616,0.00038544
3716,123,123,0,246,12.0569,0.0003088
3717,11,11,0,8,85.6364,0.00044072
3718,210,173,45,8,64.6069,0.0102854
3719,7,7,0,14,12,1.472e-05
3720,125,84,45,10,76.2262,0.00482672
3721,119,119,0,238,12.0588,0.00028416
3722,29,18,17,8,79.6667,0.0009034
3723,198,146,59,8,78.0274,0.0086526
3724,80,80,0,160,12.0625,0.0002296
3725,11,11,0,22,12,2.304e-05
3726,104,88,18,10,80.875,0.0050376
3727,125,125,0,250,12.064,0.00032384
3728,66,36,38,8,71.3056,0.00198936
3729,81,81,0,162,12.0617,0.00022304
3730,25,25,0,50,12.04,5.6e-05
3731,11,11,0,8,81.8182,0.00048184
3732,40,25,19,8,80.48,0.00131812
3733,93,70,35,10,77.7571,0.00394632
3734,7,7,0,14,12,1.472e-05
3735,22,22,0,44,12.0455,5.68e-05
3736,57,57,0,114,12.0526,0.00013312
3737,30,30,0,8,75.7667,0.00159768
3738,16,16,0,32,12,3.344e-05
3739,19,19,0,8,75.5789,0.00092432
3740,134,112,27,8,76.0536,0.00657188
3741,11,11,0,22,12,2.304e-05
3742,102,102,0,204,12.0588,0.00025232
3743,102,80,29,10,77.2125,0.00455432
3744,31,23,8,8,81.5652,0.0012026
3745,65,65,0,130,12.0615,0.0001712
3746,14,14,0,28,12,3.056e-05
3747,14,14,0,8,80.4286,0.00065244
3748,8,8,0,16,12,1.68e-05
3749,178,130,60,8,71.2231,0.0076548
3750,52,27,44,8,67.963,0.001426
3751,123,123,0,246,12.065,0.0003504
3752,25,25,0,50,12.04,6.816e-05
3753,65,49,19,10,83.1633,0.00273632
3754,45,45,0,90,12.0444,0.0001152
3755,52,34,23,10,79.7059,0.00183936
3756,31,31,0,62,12.0323,7.552e-05
3757,61,39,26,8,77.4615,0.00216476
3758,40,29,11,8,80.1034,0.0015224
3759,31,31,0,62,12.0645,8.384e-05
3760,60,40,28,8,77.075,0.00220408
3761,23,23,0,46,12.0435,5.696e-05
3762,34,34,0,68,12.0588,9.424e-05
3763,279,261,19,8,64.6705,0.0156095
3764,175,175,0,350,12.0571,0.00041728
3765,44,37,7,10,71.7568,0.00205728
3766,24,24,0,48,12.0417,5.264e-05
3767,57,36,37,6,76.0278,0.00204736
3768,51,32,30,8,57.3125,0.00175828
3769,8,8,0,8,56.5,0.0002916
3770,20,20,0,40,12.05,4.176e-05
3771,29,29,0,58,12.0345,6.752e-05
3772,5,5,0,10,12,1.056e-05
3773,28,28,0,8,56.4643,0.00146328
3774,15,15,0,30,12,3.136e-05
3775,61,61,0,8,63.3115,0.00350244
3776,32,32,0,64,12.0312,6.672e-05
3777,44,44,0,8,73.5909,0.00248428
3778,26,26,0,8,73.1538,0.00135584
3779,23,23,0,46,12.0435,4.8e-05
3780,14,14,0,28,12,2.928e-05
3781,19,19,0,8,51.8947,0.00092788
3782,11,11,0,22,12,2.304e-05
3783,28,28,0,8,27.3929,0.00151744
3784,15,15,0,30,12,3.136e-05
3785,18,18,0,8,59.4444,0.00090276
3786,10,10,0,20,12,2.096e-05
3787,115,88,28,8,78.8295,0.00511956
3788,63,39,33,8,73.3077,0.00216944
3789,73,73,0,146,12.0548,0.00019328
3790,33,33,0,66,12.0606,8.352e-05
3791,32,24,8,8,83.4583,0.0012652
3792,17,17,0,34,12,3.936e-05
3793,38,29,9,8,79.4483,0.0015274
3794,22,22,0,44,12.0455,5.36e-05
3795,207,191,21,8,78.4921,0.0113424
3796,113,113,0,226,12.0531,0.00026336
3797,43,25,31,8,77.72,0.00130964
3798,54,35,22,8,80.1429,0.00193968
3799,49,30,36,8,77.9667,0.00163208
3800,23,23,0,46,12.0435,5.536e-05
3801,84,76,8,10,84.4079,0.0043268
3802,139,113,36,10,74.3717,0.00660352
3803,29,29,0,58,12.0345,7.008e-05
3804,30,30,0,60,12.0667,7.76e-05
3805,66,66,0,132,12.0455,0.00016048
3806,96,96,0,192,12.0625,0.00024144
3807,16,16,0,8,56.625,0.00074256
3808,159,148,15,8,76.8649,0.00873044
3809,9,9,0,18,12,1.888e-05
3810,109,109,0,218,12.055,0.000272
3811,92,73,22,10,81.3288,0.00415344
3812,132,108,35,8,71.9074,0.0063128
3813,59,59,0,118,12.0508,0.00015744
3814,75,75,0,150,12.0533,0.00017984
3815,50,35,19,8,75.3143,0.001901
3816,25,20,5,8,74.05,0.00100084
3817,30,30,0,60,12.0667,7.824e-05
3818,14,14,0,28,12,3.056e-05
3819,28,26,2,8,79.7308,0.0013694
3820,15,15,0,30,12,3.264e-05
3821,21,21,0,8,69.0952,0.0010738
3822,12,12,0,24,12,2.512e-05
3823,141,131,10,8,70.8244,0.00772628
3824,87,87,0,174,12.0575,0.00021664
3825,28,26,4,8,68.3077,0.00137256
3826,63,45,32,8,62.6444,0.0024918
3827,158,136,40,8,68.8529,0.00810408
3828,14,14,0,28,12,2.992e-05
3829,67,44,42,8,71.7273,0.0024772
3830,36,36,0,72,12.0556,9.008e-05
3831,95,95,0,190,12.0526,0.00022048
3832,40,40,0,80,12.05,0.00010352
3833,27,27,0,8,73.0741,0.00142964
3834,15,15,0,30,12,3.136e-05
3835,55,55,0,8,69.2727,0.00310024
3836,29,29,0,58,12.0345,6.048e-05
3837,96,86,10,8,60.8721,0.00498956
3838,59,59,0,118,12.0508,0.00013856
3839,7,7,0,8,58.2857,0.00024616
3840,5,5,0,10,12,1.056e-05
3841,14,14,0,8,60.5714,0.00066244
3842,46,46,0,8,79.1957,0.0025846
3843,8,8,0,16,12,1.68e-05
3844,24,24,0,48,12.0417,5.008e-05
3845,33,29,4,8,78.2414,0.00154808
3846,17,17,0,34,12,3.776e-05
3847,12,12,0,8,47.25,0.00049736
3848,21,21,0,8,47.7143,0.00104368
3849,7,7,0,14,12,1.472e-05
3850,12,12,0,24,12,2.512e-05
3851,81,81,0,8,61.6296,0.00468412
3852,20,20,0,8,57.2,0.0010004
3853,42,42,0,84,12.0476,8.752e-05
3854,11,11,0,22,12,2.304e-05
3855,46,46,0,8,71.6522,0.00255636
3856,178,169,11,8,80.9112,0.0100275
3857,24,24,0,48,12.0417,5.008e-05
3858,114,114,0,228,12.0526,0.00026928
3859,27,27,0,8,74.5185,0.00142268
3860,15,15,0,30,12,3.136e-05
3861,296,259,49,8,74.8456,0.0154557
3862,60,43,24,8,78.6977,0.00239768
3863,231,231,0,462,12.0649,0.00062112
3864,34,34,0,68,12.0588,8.752e-05
3865,92,54,43,8,78.4444,0.0030346
3866,31,20,11,8,79.95,0.0010142
3867,45,45,0,90,12.0444,0.00011552
3868,12,12,0,24,12,2.608e-05
3869,162,155,7,8,77.1677,0.00916868
3870,26,18,8,8,78.3889,0.00085852
3871,93,75,26,10,79.12,0.00424864
3872,95,95,0,190,12.0526,0.00021664
3873,13,13,0,26,12,2.976e-05
3874,68,68,0,136,12.0588,0.0001672
3875,40,30,10,8,80.0667,0.00162916
3876,24,24,0,48,12.0417,5.904e-05
3877,31,31,0,8,82.4839,0.00166216
3878,17,17,0,34,12,3.552e-05
3879,59,59,0,8,55.5593,0.00336764
3880,31,31,0,62,12.0323,6.464e-05
3881,175,168,7,8,71.8512,0.00994248
3882,104,104,0,208,12.0577,0.00024336
3883,13,13,0,8,61.3077,0.00060012
3884,8,8,0,16,12,1.68e-05
3885,294,272,24,10,72.9632,0.0161658
3886,192,192,0,384,12.0573,0.00045648
3887,54,29,34,8,77.6897,0.00156044
3888,52,30,37,6,75.0333,0.00165168
3889,27,27,0,54,12.037,7.04e-05
3890,27,27,0,54,12.037,7.168e-05
3891,42,32,10,8,77.4688,0.00171136
3892,26,26,0,52,12.0385,6.448e-05
3893,35,31,4,8,70.2258,0.00164748
3894,65,59,6,10,80.678,0.00334008
3895,37,24,17,6,82.25,0.00133364
3896,18,18,0,36,12,3.92e-05
3897,51,51,0,102,12.0588,0.00012256
3898,9,9,0,8,69.4444,0.00034952
3899,26,26,0,52,12.0385,5.872e-05
3900,11,11,0,8,73,0.00046096
3901,17,17,0,8,78.8824,0.00083076
3902,67,54,13,8,50.2778,0.0030388
3903,6,6,0,12,12,1.264e-05
3904,7,7,0,14,12,1.472e-05
3905,10,10,0,20,12,2.096e-05
3906,46,46,0,92,12.0435,0.0001048
3907,225,202,24,10,74.6535,0.0119665
3908,43,35,10,8,69.7429,0.00193076
3909,175,175,0,350,12.0686,0.00048704
3910,23,23,0,46,12.0435,5.312e-05
3911,49,30,22,8,83.6333,0.00162708
3912,48,26,37,8,77.2692,0.00134392
3913,115,82,46,8,76.878,0.00473868
3914,56,40,23,10,77.875,0.00219496
3915,24,24,0,48,12.0417,5.936e-05
3916,66,45,38,8,75.4444,0.00252628
3917,19,10,16,6,78.7,0.0004442
3918,170,126,65,6,81.1746,0.00745392
3919,24,24,0,48,12.0417,6.576e-05
3920,103,79,26,8,79.0759,0.00458892
3921,65,65,0,130,12.0615,0.00017632
3922,35,20,15,8,78.95,0.0009908
3923,38,38,0,76,12.0526,0.0001
3924,35,35,0,70,12.0571,8.608e-05
3925,7,7,0,14,12,1.472e-05
3926,102,102,0,204,12.0588,0.00026
3927,73,73,0,146,12.0685,0.00020512
3928,16,16,0,32,12,3.824e-05
3929,20,14,6,8,82.2143,0.00061924
3930,141,119,24,8,76.2689,0.00699936
3931,10,10,0,20,12,2.288e-05
3932,113,113,0,226,12.0619,0.00029056
3933,88,68,22,10,76.2059,0.00386256
3934,60,60,0,120,12.0667,0.0001736
3935,184,159,25,8,74.7925,0.00940404
3936,33,18,18,8,75.6111,0.00086012
3937,42,23,34,8,75.9565,0.00117956
3938,110,110,0,220,12.0545,0.00027376
3939,40,17,34,4,75.8824,0.00091152
3940,13,13,0,26,12,2.784e-05
3941,19,19,0,38,12.0526,4.48e-05
3942,16,16,0,32,12.0625,4.528e-05
3943,96,88,8,10,81.0227,0.0050344
3944,66,66,0,132,12.0606,0.000164
3945,314,267,66,8,76.7978,0.0159421
3946,202,202,0,404,12.0594,0.00048976
3947,42,31,11,8,82.3226,0.00164472
3948,24,24,0,48,12.0417,6.032e-05
3949,19,10,9,8,80.4,0.00042096
3950,38,26,12,8,73.6538,0.00137532
3951,13,13,0,8,77.6923,0.00056656
3952,7,7,0,14,12,1.472e-05
3953,21,21,0,42,12.0476,5.408e-05
3954,8,8,0,16,12,1.68e-05
3955,22,22,0,8,68.3636,0.00112092
3956,27,27,0,8,74.3704,0.00140536
3957,12,12,0,24,12,2.512e-05
3958,15,15,0,30,12,3.136e-05
3959,83,62,27,10,72.6935,0.00348
3960,27,26,1,8,76.9231,0.00137388
3961,50,50,0,100,12.06,0.00013136
3962,14,14,0,28,12,2.96e-05
3963,40,31,9,8,76.9677,0.0016584
3964,91,80,12,10,79.25,0.0045976
3965,22,22,0,44,12.0455,5.328e-05
3966,70,70,0,140,12.0571,0.00017808
3967,54,36,21,8,78.8333,0.001965
3968,32,32,0,64,12.0625,8.336e-05
3969,33,26,7,8,82.7692,0.00135932
3970,11,8,3,8,83.25,0.0002886
3971,18,18,0,36,12.0556,4.112e-05
3972,6,6,0,12,12,1.264e-05
3973,128,103,33,10,78.6602,0.00599488
3974,88,88,0,176,12.0568,0.00023696
3975,72,56,19,10,80.5714,0.00312832
3976,50,50,0,100,12.06,0.00013488
3977,45,27,23,8,83.3333,0.00143252
3978,24,24,0,48,12.0417,6.832e-05
3979,74,70,4,10,74.3571,0.00400768
3980,302,237,94,8,76.5316,0.0141045
3981,61,61,0,122,12.0492,0.00014656
3982,211,211,0,422,12.0616,0.00054272
3983,83,79,4,8,73.6329,0.00459856
3984,62,62,0,124,12.0484,0.00014064
3985,74,67,7,10,76.806,0.0037612
3986,50,36,14,8,86.1667,0.00196996
3987,43,43,0,86,12.0465,0.000104
3988,29,29,0,58,12.0345,7.392e-05
3989,201,158,50,8,79.2215,0.00937636
3990,134,134,0,268,12.0672,0.00036944
3991,86,69,20,8,80.5652,0.003954
3992,60,60,0,120,12.0667,0.00016016
3993,77,67,10,10,81.5522,0.003798
3994,50,29,30,8,74.3448,0.00153436
3995,38,20,32,6,71.95,0.00109016
3996,56,56,0,112,12.0536,0.00013008
3997,27,27,0,54,12.037,6.88e-05
3998,20,20,0,40,12.05,4.176e-05
3999,160,112,58,8,80.2054,0.00658404
4000,100,100,0,200,12.06,0.0002792
4001,123,98,29,8,76.102,0.00570808
4002,291,216,110,8,72.5,0.012836
4003,50,33,19,8,81.2727,0.00176692
4004,85,85,0,170,12.0588,0.00021856
4005,169,169,0,338,12.0651,0.00044128
4006,104,81,30,8,76.1235,0.00471736
4007,27,27,0,54,12.037,7.2e-05
4008,76,76,0,152,12.0658,0.0002024
4009,24,18,6,8,81.8889,0.0008714
4010,12,12,0,24,12,2.704e-05
4011,31,23,8,8,80.913,0.00118572
4012,52,31,28,8,66.6129,0.00166516
4013,98,55,67,8,72.6727,0.0031176
4014,13,13,0,26,12,2.72e-05
4015,196,152,46,10,71.8224,0.00895552
4016,29,29,0,58,12.0345,7.296e-05
4017,53,53,0,106,12.0566,0.00013792
4018,147,147,0,294,12.0612,0.00039168
4019,109,89,25,8,72.4607,0.00519644
4020,87,87,0,174,12.0575,0.0002192
4021,77,50,27,6,70.6,0.00284872
4022,44,44,0,88,12.0455,0.00011056
4023,29,29,0,8,51.6897,0.00157812
4024,16,16,0,32,12,3.344e-05
4025,27,27,0,8,72.4815,0.00145168
4026,74,49,30,10,74.4082,0.00272768
4027,15,15,0,30,12,3.136e-05
4028,46,46,0,92,12.0435,0.00011792
4029,107,93,14,10,77.2366,0.0053624
4030,68,68,0,136,12.0588,0.0001704
4031,46,31,19,10,73.9032,0.00166216
4032,29,29,0,58,12.0345,7.52e-05
4033,38,38,0,8,77.2105,0.00211256
4034,210,184,33,8,76.413,0.0109176
4035,54,32,38,8,77.5,0.00174988
4036,20,20,0,40,12.05,4.176e-05
4037,104,104,0,208,12.0481,0.00022992
4038,29,29,0,58,12.0345,7.072e-05
4039,39,39,0,8,71.3077,0.0021298
4040,21,21,0,42,12.0476,4.384e-05
4041,53,37,19,8,75.1081,0.00202568
4042,98,64,46,8,75.3594,0.00366584
4043,28,28,0,56,12.0357,7.344e-05
4044,50,50,0,100,12.06,0.00013296
4045,131,92,53,6,76.837,0.00538912
4046,306,233,100,8,71.2403,0.013894
4047,56,29,44,6,72.069,0.00158216
4048,32,18,14,8,73.0556,0.00086576
4049,260,173,126,10,75.9884,0.0102351
4050,85,85,0,170,12.0588,0.00022368
4051,268,191,96,4,75.6754,0.011435
4052,208,208,0,416,12.0625,0.00052592
4053,27,27,0,54,12.037,6.784e-05
4054,15,15,0,30,12,3.712e-05
4055,66,51,15,8,75.0392,0.00287892
4056,169,169,0,338,12.0592,0.0004416
4057,10,10,0,8,79.7,0.00037752
4058,150,150,0,300,12.06,0.0003672
4059,19,12,10,8,80.0833,0.00054576
4060,40,40,0,80,12.05,0.00010864
4061,6,6,0,12,12,1.264e-05
4062,9,9,0,18,12,1.984e-05
4063,61,50,11,8,68.78,0.00282812
4064,35,35,0,70,12.0571,8.672e-05
4065,30,30,0,8,60.9,0.0016332
4066,22,22,0,8,70.6818,0.00114572
4067,16,16,0,32,12,3.344e-05
4068,12,12,0,24,12,2.512e-05
4069,401,335,76,8,75.594,0.0200311
4070,273,273,0,546,12.0586,0.00068192
4071,17,11,6,8,80.6364,0.0004878
4072,26,15,14,8,78.0667,0.00069924
4073,8,8,0,16,12,1.84e-05
4074,12,12,0,24,12,2.672e-05
4075,8,8,0,8,81,0.00025544
4076,130,89,58,8,78.9213,0.00518716
4077,5,5,0,10,12,1.056e-05
4078,79,79,0,158,12.0506,0.00018912
4079,26,20,6,8,81.3,0.00102024
4080,79,63,19,10,76.7619,0.00355592
4081,66,46,37,8,78.413,0.00255424
4082,13,13,0,26,12,2.816e-05
4083,58,58,0,116,12.0517,0.00015344
4084,60,48,12,8,79.8958,0.00272584
4085,21,13,8,8,79,0.000578
4086,39,39,0,78,12.0513,9.568e-05
4087,37,37,0,74,12.0541,9.536e-05
4088,33,27,6,8,83.963,0.00141248
4089,18,18,0,36,12.0556,4.208e-05
4090,90,61,29,8,74.4918,0.00348532
4091,27,19,9,8,78.7368,0.00091748
4092,34,20,15,8,73.35,0.00101216
4093,49,49,0,98,12.0612,0.0001344
4094,14,14,0,28,12,3.248e-05
4095,111,82,29,4,78.3171,0.00484272
4096,88,77,12,8,77.4545,0.00444816
4097,14,14,0,28,12,3.12e-05
4098,51,51,0,102,12.0588,0.00012576
4099,72,46,31,8,75.4348,0.00259568
4100,15,15,0,8,62.0667,0.00072448
4101,41,41,0,82,12.0488,9.664e-05
4102,9,9,0,18,12,1.888e-05
4103,138,122,16,10,75.7213,0.007192
4104,115,115,0,230,12.0609,0.00028736
4105,44,17,39,4,66.9412,0.00091152
4106,16,16,0,32,12.0625,4.176e-05
4107,32,30,4,8,77.8,0.00158104
4108,18,18,0,36,12.0556,3.984e-05
4109,32,18,14,8,76.6111,0.00087916
4110,121,90,33,8,71.2222,0.00522184
4111,13,13,0,26,12,2.848e-05
4112,83,83,0,166,12.0602,0.0002272
4113,103,96,7,8,76.1979,0.005613
4114,67,67,0,134,12.0448,0.0001504
4115,50,31,30,8,63.8387,0.00165116
4116,28,28,0,56,12.0357,7.152e-05
4117,71,51,31,8,58.6667,0.00288788
4118,48,48,0,96,12.0417,0.0001144
4119,6,6,0,8,26.6667,0.00013936
4120,4,4,0,8,12,8.48e-06
4121,42,42,0,8,51.9286,0.002335
4122,22,22,0,44,12.0455,4.592e-05
4123,29,29,0,8,51.6552,0.0015638
4124,10,10,0,8,57.8,0.00039632
4125,16,16,0,32,12,3.344e-05
4126,6,6,0,12,12,1.264e-05
4127,99,88,11,10,70.3409,0.00510024
4128,72,72,0,144,12.0556,0.00020176
4129,253,214,42,4,75.6308,0.0128261
4130,77,48,44,8,74.3125,0.00270356
4131,14,12,2,8,77.6667,0.00053572
4132,133,133,0,266,12.0526,0.00030464
4133,1,0,1,0,0,0
4134,44,44,0,88,12.0455,0.00011344
4135,8,8,0,16,12,1.68e-05
4136,109,90,22,8,78.0778,0.00521996
4137,11,11,0,22,12,2.656e-05
4138,125,110,17,8,79.0273,0.00646812
4139,66,66,0,132,12.0606,0.000172
4140,76,76,0,152,12.0526,0.00019184
4141,62,62,0,124,12.0484,0.00015952
