flow_id,tx_packets,rx_packets,lost_packets,retx_packets,mean_delay_ms,throughput_mbps
1,10694,10229,516,4,63.2103,0.618533
2,9718,9314,445,4,61.2261,0.563194
3,9270,8836,485,4,63.9595,0.534285
4,9305,8905,447,4,61.8639,0.538458
5,10431,9942,577,4,62.9639,0.601176
6,6127,6127,0,12254,12.0553,0.0136362
7,5487,5485,0,10970,12.0549,0.0120912
8,5326,5326,0,10652,12.055,0.0117845
9,5290,5290,0,10580,12.0548,0.011685
10,5962,5961,0,11922,12.0554,0.0132598
11,42,31,11,10,81.3548,0.00164424
12,26,26,0,52,12.0385,6.768e-05
13,40,32,8,8,79.625,0.00170464
14,25,17,8,8,78.9412,0.00084116
15,34,23,20,8,67.913,0.00119264
16,23,23,0,46,12.0435,5.76e-05
17,15,15,0,30,12,3.712e-05
18,15,15,0,30,12,3.2e-05
19,22,22,0,8,78,0.00113772
20,15,15,0,8,78.6667,0.00070272
21,12,12,0,24,12,2.512e-05
22,9,9,0,18,12,1.888e-05
23,16,16,0,8,78.6875,0.0007836
24,18,18,0,8,75.1111,0.0008846
25,9,9,0,18,12,1.888e-05
26,10,10,0,20,12,2.096e-05
27,72,69,3,8,77.1159,0.00397944
28,38,38,0,76,12.0526,8.24e-05
29,11,8,3,8,82.875,0.00028748
30,6,6,0,12,12,1.36e-05
31,85,79,7,8,65.9114,0.00458472
32,44,44,0,88,12.0455,9.648e-05
33,89,71,20,10,76.5634,0.00407768
34,55,55,0,110,12.0545,0.000144
35,133,121,16,8,62.2066,0.00708664
36,35,31,4,10,74.7419,0.00161536
37,72,72,0,144,12.0556,0.00016464
38,21,21,0,42,12.0476,4.704e-05
39,29,29,0,8,55.3793,0.00153344
40,16,16,0,32,12,3.344e-05
41,12,12,0,8,58.9167,0.00050292
42,30,30,0,8,75.4333,0.0016144
43,24,24,0,8,83,0.00123876
44,7,7,0,14,12,1.472e-05
45,16,16,0,32,12,3.344e-05
46,13,13,0,26,12,2.72e-05
47,13,13,0,8,48.6154,0.0005664
48,8,8,0,16,12,1.68e-05
49,56,48,8,8,72.4583,0.00268
50,22,20,2,8,71.25,0.00099916
51,32,32,0,64,12.0312,7.728e-05
52,13,13,0,26,12,2.944e-05
53,27,27,0,8,79,0.00143776
54,141,116,27,8,75.7586,0.0068094
55,15,15,0,30,12,3.136e-05
56,101,101,0,202,12.0594,0.00024832
57,39,38,1,8,80.1316,0.0021016
58,49,47,2,8,84.8723,0.00261724
59,21,21,0,42,12.0476,4.384e-05
60,26,26,0,52,12.0385,5.616e-05
61,66,48,19,10,80.1458,0.00263576
62,112,95,18,10,82.2737,0.00556592
63,26,24,2,10,81.9583,0.00121856
64,96,80,18,8,79.75,0.00462368
65,40,40,0,80,12.05,0.00010896
66,79,79,0,158,12.0506,0.0001984
67,18,18,0,36,12.0556,4.048e-05
68,53,53,0,106,12.0566,0.00012224
69,10,10,0,8,81.3,0.00039
70,28,20,8,8,64.3,0.00097636
71,6,6,0,12,12,1.264e-05
72,32,26,6,10,72.9231,0.00128176
73,18,18,0,36,12.0556,4.304e-05
74,35,33,2,8,78.7273,0.0017834
75,20,20,0,40,12.05,4.784e-05
76,115,101,14,8,72.7327,0.0059122
77,18,18,0,36,12,3.856e-05
78,83,83,0,166,12.0482,0.0001952
79,84,79,5,8,59.4177,0.00458196
80,9,9,0,8,45.5556,0.00034992
81,42,42,0,84,12.0476,8.944e-05
82,6,6,0,12,12,1.264e-05
83,45,45,0,8,75.2444,0.00251208
84,24,24,0,48,12.0417,5.008e-05
85,46,42,7,10,79.0238,0.00226624
86,94,82,13,8,81.1585,0.00475256
87,27,27,0,54,12.037,5.952e-05
88,58,53,5,8,78.4528,0.00302504
89,67,67,0,134,12.0597,0.000168
90,49,37,12,8,78.3243,0.00204352
91,54,42,17,8,80.6429,0.00231388
92,37,34,3,10,80.7647,0.00182552
93,36,36,0,72,12.0556,8.016e-05
94,31,31,0,62,12.0323,7.52e-05
95,59,46,20,8,82.2391,0.002587
96,33,33,0,66,12.0303,7.616e-05
97,29,29,0,58,12.0345,6.56e-05
98,33,33,0,66,12.0606,8.352e-05
99,28,25,3,10,81.04,0.00124696
100,49,36,18,8,80.0833,0.0019716
101,292,276,16,8,70.6232,0.0164813
102,20,20,0,40,12.05,4.528e-05
103,32,32,0,64,12.0312,7.696e-05
104,187,187,0,374,12.0535,0.00042976
105,56,54,2,8,82.7407,0.00308792
106,71,67,4,8,80.806,0.00382124
107,39,39,0,78,12.0513,8.864e-05
108,11,11,0,8,74.0909,0.0004612
109,52,52,0,104,12.0577,0.00013168
110,7,7,0,14,12,1.472e-05
111,19,18,1,8,85.2222,0.00085936
112,11,11,0,22,12,2.4e-05
113,17,14,3,8,83.7857,0.0006656
114,40,37,3,8,77.7027,0.00204332
115,9,9,0,18,12,1.984e-05
116,22,22,0,44,12.0455,4.688e-05
117,127,116,13,8,77.1983,0.00683728
118,21,21,0,8,78.1905,0.00109172
119,213,192,22,8,72.9479,0.0114164
120,72,72,0,144,12.0556,0.00017168
121,12,12,0,24,12,2.512e-05
122,121,121,0,242,12.0496,0.00027552
123,52,50,2,8,81.18,0.00281188
124,23,21,2,8,84.1429,0.00104756
125,27,27,0,54,12.037,5.632e-05
126,12,12,0,24,12,2.608e-05
127,193,167,29,8,82.7126,0.00987292
128,584,559,26,8,70.4687,0.0336261
129,138,138,0,276,12.058,0.00035344
130,371,371,0,742,12.0566,0.00085824
131,19,18,1,8,82.5,0.00087928
132,11,11,0,22,12,2.304e-05
133,54,54,0,8,73.7407,0.00307004
134,28,28,0,56,12.0357,5.84e-05
135,47,47,0,8,74.9787,0.00266548
136,25,25,0,50,12.04,5.216e-05
137,215,174,54,10,80.4483,0.0103162
138,133,133,0,266,12.0602,0.00034528
139,284,231,71,10,78.3203,0.0137077
140,197,197,0,394,12.066,0.00055904
141,105,90,19,8,69.6222,0.00521212
142,78,78,0,156,12.0641,0.00020752
143,59,49,11,8,84.6327,0.00276492
144,40,40,0,80,12.05,0.00010064
145,34,25,10,10,74.72,0.00122672
146,39,30,12,8,63.2333,0.00160176
147,38,29,16,8,67.8621,0.00156068
148,22,22,0,44,12.0455,5.552e-05
149,42,34,8,8,80.4118,0.0018402
150,23,23,0,46,12.0435,5.504e-05
151,24,24,0,48,12.0417,5.808e-05
152,27,27,0,54,12.037,7.072e-05
153,82,73,16,8,68.4658,0.00418268
154,52,52,0,104,12.0577,0.00011984
155,56,56,0,8,60.2143,0.0031548
156,29,29,0,58,12.0345,6.048e-05
157,38,38,0,8,66.1842,0.00212228
158,20,20,0,40,12.05,4.176e-05
159,37,37,0,8,67.5405,0.00204268
160,20,20,0,40,12.05,4.176e-05
161,37,34,3,8,81.9706,0.00182696
162,19,19,0,38,12.0526,3.968e-05
163,56,51,5,10,67.8235,0.0028352
164,48,39,9,10,69.7179,0.002152
165,13,9,4,8,77.7778,0.00034632
166,40,40,0,80,12.05,9.968e-05
167,33,33,0,66,12.0606,8.672e-05
168,7,7,0,14,12,1.472e-05
169,43,43,0,8,45.9535,0.00242332
170,23,23,0,46,12.0435,4.8e-05
171,73,71,2,8,55.3944,0.00407472
172,38,38,0,76,12.0526,7.92e-05
173,43,41,2,10,67.5366,0.00225736
174,27,27,0,54,12.037,5.92e-05
175,77,74,3,8,66.9865,0.00424224
176,40,40,0,80,12.05,8.56e-05
177,740,715,27,8,64.2881,0.0430383
178,421,421,0,842,12.0523,0.00092224
179,184,142,55,8,72.6831,0.00837736
180,105,105,0,210,12.0571,0.00027776
181,54,43,19,8,79.7674,0.00239268
182,34,34,0,68,12.0588,8.528e-05
183,77,68,11,8,44.0441,0.0038926
184,136,124,14,8,77.0887,0.00728708
185,42,42,0,84,12.0476,9.136e-05
186,26,26,0,8,75.3846,0.00137068
187,59,56,3,8,68.8571,0.00317052
188,20,13,7,8,81.0769,0.00058424
189,14,14,0,28,12,2.928e-05
190,39,39,0,78,12.0513,8.704e-05
191,14,14,0,8,79.5,0.00064488
192,9,9,0,18,12,1.952e-05
193,8,8,0,16,12,1.68e-05
194,45,45,0,8,62.5333,0.00251884
195,24,24,0,48,12.0417,5.008e-05
196,188,156,35,10,74.5128,0.00924232
197,172,145,32,10,75.0966,0.00851568
198,17,17,0,8,62.4706,0.0008352
199,15,15,0,8,66.4,0.00067684
200,129,129,0,258,12.062,0.00033472
201,123,123,0,246,12.065,0.00034976
202,10,10,0,20,12,2.096e-05
203,9,9,0,18,12,1.888e-05
204,242,229,13,8,72.2838,0.0136191
205,18,18,0,8,77.3333,0.00087148
206,54,51,3,10,82.1961,0.00281112
207,149,149,0,298,12.0537,0.0003424
208,10,10,0,20,12,2.096e-05
209,36,36,0,72,12.0278,7.952e-05
210,49,37,12,8,78.2973,0.00205592
211,34,28,6,8,76.8929,0.00147744
212,30,30,0,60,12.0333,7.984e-05
213,114,111,3,8,75.2793,0.00648764
214,21,21,0,42,12.0476,5.312e-05
215,69,69,0,138,12.0435,0.00015296
216,26,26,0,8,65.1538,0.00134004
217,16,16,0,8,67.5,0.00073904
218,7,7,0,8,70,0.0002378
219,14,14,0,28,12,2.928e-05
220,9,9,0,18,12,1.888e-05
221,5,5,0,10,12,1.056e-05
222,140,124,17,8,76.5323,0.00729532
223,37,34,3,8,80.6176,0.00185616
224,85,85,0,170,12.0588,0.00021536
225,19,19,0,38,12.0526,3.968e-05
226,14,14,0,8,75.2143,0.00066064
227,8,8,0,16,12,1.68e-05
228,53,53,0,8,59.434,0.00301724
229,396,357,50,8,76.3501,0.0213859
230,28,28,0,56,12.0357,5.84e-05
231,262,262,0,524,12.0611,0.00065872
232,46,33,13,10,78.8485,0.00174072
233,31,26,5,10,76.8846,0.00135424
234,47,31,16,8,77,0.00166536
235,30,30,0,60,12.0333,7.12e-05
236,20,20,0,40,12.05,4.816e-05
237,21,21,0,42,12.0476,4.544e-05
238,37,30,7,8,78.3333,0.00162096
239,21,21,0,42,12.0476,4.96e-05
240,44,37,7,8,77.8378,0.00204792
241,80,80,0,160,12.05,0.00018128
242,26,26,0,52,12.0385,6e-05
243,55,55,0,8,80.5818,0.0031436
244,29,29,0,58,12.0345,6.048e-05
245,20,20,0,8,77.3,0.00097716
246,40,40,0,8,79.75,0.00221852
247,11,11,0,22,12,2.304e-05
248,21,21,0,42,12.0476,4.384e-05
249,409,350,70,8,79.8371,0.0209667
250,39,36,3,8,71.4444,0.00195236
251,196,171,25,10,81.1871,0.0100662
252,259,259,0,518,12.0618,0.0006608
253,19,19,0,38,12.0526,4.032e-05
254,136,136,0,272,12.0588,0.0003592
255,154,135,19,8,73.9481,0.00794924
256,268,251,18,8,69.8725,0.0149777
257,91,91,0,182,12.0549,0.00020768
258,172,172,0,344,12.0523,0.00038928
259,81,72,9,8,79.7361,0.00414028
260,91,79,20,8,78.1266,0.00457584
261,34,23,21,8,79.7826,0.00117064
262,20,12,11,8,81.1667,0.00052992
263,29,18,16,8,73.3333,0.00087264
264,51,51,0,102,12.0588,0.0001216
265,58,58,0,116,12.0517,0.00013328
266,12,12,0,24,12,2.544e-05
267,9,9,0,18,12,1.984e-05
268,12,12,0,24,12,2.576e-05
269,78,73,5,8,79.9315,0.00421692
270,52,52,0,104,12.0577,0.00013136
271,285,245,46,8,79.6449,0.0146176
272,211,211,0,422,12.0616,0.0005328
273,19,14,5,8,84.2143,0.00062692
274,10,10,0,20,12,2.256e-05
275,92,70,29,8,79.9571,0.00401
276,54,54,0,108,12.0556,0.0001432
277,75,64,11,8,73.9844,0.00369408
278,57,45,12,8,78.3556,0.00254488
279,60,60,0,120,12.05,0.00014416
280,35,35,0,70,12.0571,7.968e-05
281,60,55,5,10,75.0182,0.00309176
282,44,44,0,88,12.0455,0.00010992
283,28,28,0,8,75.7857,0.00148708
284,18,18,0,8,74.1111,0.00090704
285,15,15,0,30,12,3.136e-05
286,82,74,8,8,68.3514,0.0042514
287,37,32,5,10,75.9688,0.00168264
288,10,10,0,20,12,2.096e-05
289,11,11,0,8,66.5455,0.00047808
290,28,28,0,56,12.0357,6.352e-05
291,51,51,0,102,12.0588,0.0001168
292,7,7,0,14,12,1.472e-05
293,16,16,0,8,75.375,0.00078028
294,9,9,0,18,12,1.888e-05
295,32,30,2,8,80.2333,0.0016176
296,53,47,6,10,79.2979,0.00259736
297,17,17,0,34,12,3.552e-05
298,37,37,0,74,12.0541,9.248e-05
299,20,13,7,8,80.6154,0.000578
300,9,9,0,18,12,1.984e-05
301,17,11,6,8,69.2727,0.00045688
302,8,8,0,16,12,1.68e-05
303,48,42,6,8,58.4524,0.0023632
304,26,26,0,52,12.0385,5.744e-05
305,103,92,11,10,76.0652,0.00532648
306,8,8,0,8,65.5,0.00025516
307,68,68,0,136,12.0588,0.0001704
308,38,38,0,8,77.8684,0.002067
309,5,5,0,10,12,1.056e-05
310,20,20,0,40,12.05,4.176e-05
311,58,46,17,8,79.9348,0.00260396
312,170,159,11,8,74.3899,0.00941896
313,43,35,8,8,81.9143,0.00190012
314,34,34,0,68,12.0588,8.496e-05
315,17,11,8,8,76.3636,0.00048404
316,101,101,0,202,12.0495,0.00023296
317,30,21,9,8,75.6667,0.00104136
318,31,31,0,62,12.0645,7.936e-05
319,9,9,0,18,12,1.984e-05
320,26,20,6,8,77.9,0.00102488
321,82,76,6,8,61.8289,0.0043904
322,18,18,0,36,12.0556,4.144e-05
323,17,17,0,34,12.0588,4.32e-05
324,107,92,15,8,77.163,0.00538812
325,75,75,0,150,12.0533,0.0001888
326,44,44,0,8,73.6818,0.0024592
327,15,15,0,8,80.3333,0.00070156
328,23,23,0,46,12.0435,4.8e-05
329,9,9,0,18,12,1.888e-05
330,16,16,0,8,77.25,0.00075448
331,9,9,0,18,12,1.888e-05
332,81,80,1,8,68.1625,0.00461316
333,41,41,0,82,12.0488,8.608e-05
334,51,46,5,8,74.5,0.00255088
335,28,28,0,56,12.0357,6.384e-05
336,20,20,0,8,69.15,0.0009824
337,31,31,0,8,72.9355,0.00168548
338,58,58,0,8,77.7069,0.00331056
339,11,11,0,22,12,2.304e-05
340,17,17,0,34,12,3.552e-05
341,30,30,0,60,12.0333,6.256e-05
342,39,39,0,8,78.5897,0.00217328
343,21,21,0,42,12.0476,4.384e-05
344,41,38,3,10,66.7632,0.00209856
345,33,33,0,66,12.0303,7.456e-05
346,315,268,56,8,76.6754,0.0160051
347,206,206,0,412,12.0631,0.00052848
348,47,38,10,8,78.0263,0.00208896
349,29,29,0,58,12.0345,7.552e-05
350,15,15,0,8,60.3333,0.00069144
351,22,22,0,8,57.5909,0.00112752
352,9,9,0,18,12,1.888e-05
353,12,12,0,24,12,2.512e-05
354,39,39,0,8,37.7436,0.00212552
355,21,21,0,42,12.0476,4.384e-05
356,24,24,0,8,38.5,0.00126268
357,24,24,0,8,44.625,0.00122428
358,13,13,0,26,12,2.72e-05
359,13,13,0,26,12,2.72e-05
360,9,9,0,8,49,0.00036256
361,42,42,0,84,12.0476,9.104e-05
362,6,6,0,12,12,1.264e-05
363,81,78,3,8,63,0.00448828
364,34,31,3,8,72.0645,0.00165916
365,57,57,0,114,12.0526,0.00013792
366,18,18,0,36,12,3.952e-05
367,52,52,0,8,43.4808,0.00292076
368,27,27,0,54,12.037,5.632e-05
369,12,12,0,8,29,0.00054928
370,55,55,0,8,40.3455,0.00311796
371,7,7,0,14,12,1.472e-05
372,29,29,0,58,12.0345,6.048e-05
373,17,17,0,8,46.5294,0.00083928
374,8,8,0,8,32.125,0.00028536
375,10,10,0,20,12,2.096e-05
376,5,5,0,10,12,1.056e-05
377,22,22,0,8,29.5,0.00113756
378,12,12,0,24,12,2.512e-05
379,30,30,0,8,37.2333,0.00158432
380,16,16,0,32,12,3.344e-05
381,24,24,0,8,42.125,0.00124308
382,13,13,0,26,12,2.72e-05
383,320,271,60,10,77.2103,0.0161418
384,227,227,0,454,12.0617,0.00060224
385,29,29,0,8,64.7241,0.00157028
386,16,16,0,32,12,3.344e-05
387,49,40,9,8,80.45,0.00218796
388,100,91,15,8,55.8022,0.005287
389,29,29,0,58,12.0345,7.2e-05
390,53,53,0,106,12.0377,0.00011424
391,92,83,9,10,70.7831,0.00482496
392,54,54,0,108,12.0556,0.00012624
393,26,22,4,8,60.4545,0.00113768
394,12,12,0,8,61.1667,0.00050456
395,47,47,0,8,75.5532,0.00262656
396,15,15,0,30,12,3.36e-05
397,7,7,0,14,12,1.472e-05
398,25,25,0,50,12.04,5.216e-05
399,28,28,0,8,69.6786,0.0014726
400,15,15,0,30,12,3.136e-05
401,44,44,0,8,58.3636,0.00244628
402,23,23,0,8,59.4783,0.0011826
403,23,23,0,46,12.0435,4.8e-05
404,13,13,0,26,12,2.72e-05
405,8,8,0,8,40.25,0.00026456
406,5,5,0,10,12,1.056e-05
407,59,59,0,8,50.3898,0.00336908
408,31,31,0,62,12.0323,6.464e-05
409,210,153,71,8,79.2549,0.0090704
410,121,121,0,242,12.0661,0.00033376
411,19,19,0,8,55.9474,0.00096492
412,11,11,0,22,12,2.304e-05
413,77,67,10,10,81.7015,0.00379456
414,11,7,4,8,79.1429,0.00022988
415,55,55,0,110,12.0545,0.00013728
416,6,6,0,12,12,1.264e-05
417,34,29,5,8,81.3448,0.00155164
418,159,140,19,8,72.1571,0.00825452
419,19,19,0,38,12.0526,4.224e-05
420,100,100,0,200,12.05,0.00023984
421,76,58,24,8,76.9828,0.0033132
422,54,42,12,8,79.2619,0.00230972
423,42,42,0,84,12.0476,0.00010544
424,83,76,7,8,77.6711,0.00440272
425,20,20,0,8,78,0.00102204
426,34,34,0,68,12.0588,8.592e-05
427,169,151,19,8,78.5232,0.00892752
428,53,53,0,106,12.0566,0.00013376
429,11,11,0,22,12,2.304e-05
430,117,117,0,234,12.0513,0.00027712
431,59,57,2,8,83.386,0.00323916
432,57,44,16,8,79.3636,0.0024328
433,41,41,0,82,12.0488,9.184e-05
434,245,189,79,10,76.4233,0.0112476
435,42,42,0,84,12.0476,0.00011056
436,60,45,19,8,77,0.0024944
437,155,155,0,310,12.0645,0.0004304
438,35,35,0,70,12.0571,8.352e-05
439,77,62,15,8,77.2258,0.00354516
440,58,45,19,8,77.8444,0.00253092
441,45,45,0,90,12.0444,0.00010688
442,42,42,0,84,12.0476,0.00010992
443,48,36,18,8,75.6389,0.00198844
444,115,96,27,8,73.4896,0.00561344
445,71,62,9,8,75.8871,0.0035326
446,27,27,0,54,12.037,6.976e-05
447,75,75,0,150,12.0533,0.00018752
448,39,39,0,78,12.0513,8.704e-05
449,56,46,15,10,78.3261,0.00253728
450,47,37,15,10,75.7027,0.00204888
451,23,19,4,8,75.5789,0.00094504
452,64,46,19,8,75.9783,0.0025834
453,18,10,9,8,71.4,0.0003814
454,34,34,0,68,12.0294,7.664e-05
455,32,32,0,64,12.0312,7.792e-05
456,14,14,0,28,12,3.216e-05
457,156,143,13,8,75.9301,0.00845132
458,39,39,0,78,12.0513,9.696e-05
459,7,7,0,14,12,1.472e-05
460,102,102,0,204,12.049,0.00023824
461,185,166,23,10,79.6867,0.00983416
462,15,15,0,8,80.3333,0.0006916
463,217,195,23,8,65.8154,0.0115798
464,38,27,11,8,80.2593,0.00142524
465,119,119,0,238,12.0588,0.00028704
466,9,9,0,18,12,1.888e-05
467,61,49,21,8,78.5918,0.0027778
468,127,127,0,254,12.0551,0.00028768
469,64,56,9,8,81.7143,0.00320552
470,23,23,0,46,12.0435,5.44e-05
471,30,30,0,60,12.0333,6.544e-05
472,48,48,0,96,12.0417,0.00011248
473,106,96,11,8,80.9688,0.00561248
474,92,92,0,184,12.0543,0.000228
475,69,61,9,8,75.8197,0.00347892
476,120,103,26,8,58.1165,0.00603984
477,58,47,17,8,74.3191,0.0026176
478,35,28,7,10,81.6786,0.00146464
479,38,38,0,76,12.0526,8.496e-05
480,71,71,0,142,12.0563,0.0001648
481,25,25,0,50,12.04,5.216e-05
482,54,44,13,8,84.5455,0.00244704
483,22,22,0,44,12.0455,5.104e-05
484,33,33,0,66,12.0606,8.256e-05
485,8,7,1,8,82.7143,0.0002018
486,4,4,0,8,12,8.8e-06
487,30,29,1,10,81,0.00157136
488,69,59,10,8,76,0.003375
489,23,23,0,46,12.0435,5.12e-05
490,42,42,0,84,12.0476,9.584e-05
491,136,114,27,8,78.5351,0.00668048
492,38,34,4,10,81.4118,0.00178376
493,88,88,0,176,12.0568,0.00022352
494,22,22,0,44,12.0455,4.848e-05
495,33,25,8,8,79.56,0.00128164
496,22,16,10,8,83.625,0.00078984
497,21,21,0,42,12.0476,5.12e-05
498,13,13,0,26,12,3.2e-05
499,12,12,0,8,76.25,0.00050368
500,64,58,6,8,82.6897,0.00328276
501,7,7,0,14,12,1.472e-05
502,32,32,0,64,12.0312,6.8e-05
503,29,23,6,10,51.5652,0.0011712
504,21,21,0,42,12.0476,5.088e-05
505,12,12,0,8,57.6667,0.00054668
506,7,7,0,14,12,1.472e-05
507,27,27,0,8,26.1481,0.00140628
508,15,15,0,30,12,3.136e-05
509,27,27,0,8,24.7778,0.00143132
510,15,15,0,30,12,3.136e-05
511,968,807,246,8,72.4994,0.0485959
512,257,227,40,10,78.8282,0.0135466
513,633,633,0,1266,12.0648,0.0016576
514,195,195,0,390,12.0615,0.0005008
515,145,130,15,8,80.4154,0.00764916
516,100,100,0,200,12.05,0.00023632
517,267,246,23,8,69.7154,0.0146855
518,155,155,0,310,12.0516,0.00034368
519,46,39,7,10,83.7692,0.002096
520,30,25,5,10,85.48,0.00125448
521,30,30,0,60,12.0333,7.696e-05
522,21,21,0,42,12.0476,4.896e-05
523,353,310,43,8,77.4871,0.0185218
524,217,217,0,434,12.0553,0.00052224
525,88,76,12,8,78.7895,0.00441052
526,58,58,0,116,12.0517,0.00015088
527,24,16,9,8,72.3125,0.00073852
528,14,14,0,28,12,3.472e-05
529,85,63,22,8,71.3333,0.0035956
530,22,15,9,8,76.8,0.00068896
531,22,14,9,8,76.2857,0.00064956
532,83,66,17,8,75.197,0.00377752
533,32,22,10,10,75.4545,0.00111248
534,53,53,0,106,12.0566,0.00013056
535,49,37,12,8,70.6757,0.00203044
536,11,11,0,22,12,2.496e-05
537,12,12,0,24,12,2.896e-05
538,52,52,0,104,12.0577,0.00012112
539,20,20,0,40,12.05,4.784e-05
540,31,31,0,62,12.0323,7.712e-05
541,98,75,29,8,72.9467,0.00432648
542,54,54,0,108,12.0556,0.00014096
543,75,60,17,8,76.3667,0.00343864
544,16,16,0,8,75.8125,0.0007618
545,52,52,0,104,12.0577,0.000132
546,9,9,0,18,12,1.888e-05
547,114,104,13,8,74.8269,0.00607336
548,41,28,20,8,76.8571,0.00147692
549,73,73,0,146,12.0548,0.00016768
550,25,25,0,50,12.04,6.272e-05
551,36,36,0,8,79.0556,0.00199388
552,19,19,0,38,12.0526,3.968e-05
553,67,58,9,8,72.4138,0.00331804
554,21,14,12,8,78.2857,0.00063784
555,49,37,16,8,76.3784,0.00203444
556,46,46,0,92,12.0435,0.00010832
557,11,11,0,22,12,2.624e-05
558,6,6,0,8,65.6667,0.0001732
559,30,30,0,60,12.0333,7.184e-05
560,4,4,0,8,12,8.48e-06
561,71,56,19,8,72.7321,0.00320356
562,40,40,0,80,12.05,0.00010384
563,30,19,20,6,65.3684,0.00101052
564,11,11,0,22,12,2.304e-05
565,78,74,4,8,84.8378,0.00428228
566,16,13,3,8,84.4615,0.00057164
567,60,60,0,120,12.05,0.00014
568,8,8,0,16,12,1.68e-05
569,38,25,15,8,78.24,0.00130388
570,22,22,0,44,12.0455,5.52e-05
571,26,26,0,8,73.6154,0.00138008
572,47,42,6,10,74.0238,0.00225008
573,48,33,18,8,70.9697,0.00181392
574,14,14,0,28,12,2.928e-05
575,221,204,17,8,74.1569,0.012124
576,32,32,0,64,12.0625,7.92e-05
577,26,26,0,52,12.0385,6.768e-05
578,66,57,15,8,70.193,0.00323364
579,138,138,0,276,12.0507,0.00031536
580,36,36,0,72,12.0556,7.888e-05
581,72,62,10,8,77.9355,0.00352656
582,33,33,0,8,72.6364,0.00181524
583,10,10,0,8,76.2,0.00039372
584,18,18,0,36,12,3.76e-05
585,6,6,0,12,12,1.264e-05
586,36,36,0,8,77.1944,0.00198188
587,24,21,3,10,76.1429,0.0010856
588,79,65,14,10,77.9231,0.00373984
589,19,19,0,38,12.0526,3.968e-05
590,16,16,0,32,12,3.632e-05
591,54,54,0,108,12.0556,0.00012816
592,29,29,0,8,71.8621,0.00157712
593,22,22,0,8,74.9545,0.00110408
594,16,16,0,32,12,3.344e-05
595,12,12,0,24,12,2.512e-05
596,54,47,7,8,80.8511,0.0026488
597,90,84,6,8,78.619,0.00490008
598,34,34,0,68,12.0588,8.464e-05
599,174,143,38,8,79.9371,0.00842996
600,57,57,0,114,12.0526,0.00014144
601,108,108,0,216,12.0556,0.00027792
602,186,163,25,8,69.1288,0.00967244
603,121,121,0,242,12.0579,0.00029472
604,69,54,23,8,78.963,0.0030792
605,68,59,9,10,82.8644,0.0033016
606,18,16,2,8,87,0.00078664
607,37,37,0,74,12.0541,9.28e-05
608,51,51,0,102,12.0588,0.0001216
609,49,42,7,10,76.6667,0.0023216
610,10,10,0,20,12,2.224e-05
611,47,37,10,10,68.5405,0.00197608
612,37,37,0,74,12.0541,9.024e-05
613,49,48,1,8,79.2292,0.00272628
614,35,35,0,70,12.0571,9.184e-05
615,36,36,0,72,12.0556,8.144e-05
616,101,92,9,8,38.4022,0.00533496
617,47,39,8,8,64.1538,0.00215476
618,22,22,0,8,75.4545,0.00111864
619,27,27,0,54,12.037,6.176e-05
620,82,71,11,8,68.4225,0.0041178
621,33,25,15,8,65.48,0.00133184
622,43,32,13,8,79.25,0.00171424
623,12,12,0,24,12,2.512e-05
624,50,50,0,100,12.04,0.00011792
625,20,20,0,40,12.05,4.72e-05
626,27,27,0,54,12.037,6.368e-05
627,35,35,0,8,62.5714,0.00192448
628,19,19,0,38,12.0526,3.968e-05
629,80,62,22,8,73.9677,0.00357064
630,47,47,0,94,12.0426,0.00011936
631,57,48,9,8,79.2083,0.00270488
632,141,128,13,10,80.4922,0.00749368
633,38,38,0,76,12.0526,0.00010032
634,90,90,0,180,12.0556,0.00021904
635,56,56,0,8,82.1786,0.00316396
636,51,42,9,8,77.2857,0.00231876
637,29,29,0,58,12.0345,6.048e-05
638,29,29,0,58,12.0345,6.688e-05
639,13,9,4,8,72.8889,0.00033664
640,7,7,0,14,12,1.536e-05
641,45,43,2,8,78.2093,0.002368
642,8,8,0,8,69.625,0.00030484
643,23,23,0,46,12.0435,4.896e-05
644,16,16,0,8,84,0.00075856
645,5,5,0,10,12,1.056e-05
646,13,9,4,8,72.8889,0.00036696
647,9,9,0,18,12,1.888e-05
648,8,8,0,16,12,1.776e-05
649,30,28,2,8,78.6786,0.00150388
650,71,60,11,10,77.2,0.0034344
651,17,17,0,34,12.0588,3.808e-05
652,45,45,0,90,12.0444,0.00011424
653,51,51,0,102,12.0588,0.00012704
654,17,17,0,8,72.2353,0.00080212
655,24,24,0,8,79.2083,0.00126108
656,10,10,0,20,12,2.096e-05
657,13,13,0,26,12,2.72e-05
658,26,26,0,8,65.7308,0.00138416
659,11,11,0,8,59.3636,0.00043728
660,14,14,0,28,12,2.928e-05
661,7,7,0,14,12,1.472e-05
662,44,40,4,8,54.575,0.00219336
663,24,24,0,48,12.0417,5.328e-05
664,15,15,0,8,66.6,0.00071468
665,48,45,3,6,74.3556,0.00254612
666,46,45,1,10,78.9778,0.00250616
667,9,9,0,18,12,1.888e-05
668,26,26,0,52,12.0385,5.68e-05
669,40,40,0,80,12.05,8.976e-05
670,21,21,0,8,75.5714,0.00109044
671,12,12,0,24,12,2.512e-05
672,13,13,0,8,64.4615,0.00060836
673,8,8,0,16,12,1.68e-05
674,68,62,6,10,67.629,0.00353864
675,38,38,0,76,12.0526,8.496e-05
676,10,10,0,8,74.4,0.00039272
677,13,9,4,8,54.8889,0.00035072
678,6,6,0,12,12,1.264e-05
679,8,8,0,16,12,1.776e-05
680,54,54,0,108,12.037,0.00011824
681,8,8,0,8,28.5,0.00027232
682,5,5,0,10,12,1.056e-05
683,27,27,0,8,45.1111,0.0014536
684,26,26,0,8,51.5769,0.00135312
685,15,15,0,30,12,3.136e-05
686,14,14,0,28,12,2.928e-05
687,31,31,0,8,41.7419,0.00164348
688,17,17,0,34,12,3.552e-05
689,86,80,9,10,68.825,0.004612
690,54,47,8,8,68.5957,0.00262836
691,51,51,0,102,12.0392,0.00012
692,30,30,0,60,12.0333,7.12e-05
693,92,79,13,8,73.1266,0.00454552
694,51,51,0,102,12.0392,0.00011584
695,277,222,60,8,77.455,0.013229
696,236,191,50,10,79.8272,0.0113567
697,200,200,0,400,12.065,0.00052272
698,35,28,7,8,80.7143,0.00146376
699,163,163,0,326,12.0613,0.00043904
700,19,19,0,38,12.0526,4.512e-05
701,96,82,14,8,58.5122,0.0047418
702,14,13,1,8,62,0.0005602
703,18,18,0,8,70.3333,0.00090268
704,65,65,0,130,12.0462,0.00015296
705,9,9,0,8,75.6667,0.00032296
706,10,10,0,20,12,2.096e-05
707,6,6,0,12,12,1.264e-05
708,12,12,0,8,81.75,0.00053464
709,115,96,21,8,81.6042,0.00561172
710,7,7,0,14,12,1.472e-05
711,20,20,0,8,81.4,0.00103088
712,76,76,0,152,12.0526,0.000188
713,11,11,0,22,12,2.304e-05
714,77,62,15,12,83.7742,0.00349672
715,19,17,2,8,84.7647,0.0008312
716,54,54,0,108,12.0556,0.00013904
717,11,11,0,22,12,2.496e-05
718,55,47,8,8,81.9149,0.00265596
719,81,72,10,6,81.7917,0.0041792
720,41,41,0,82,12.0488,9.984e-05
721,49,49,0,98,12.0612,0.00011968
722,44,41,3,8,82.5854,0.00227084
723,30,30,0,60,12.0333,6.768e-05
724,78,66,12,10,79.1667,0.00371784
725,44,39,5,8,73.2308,0.00215016
726,54,54,0,108,12.0556,0.00013904
727,37,34,3,10,76.9706,0.00177248
728,23,23,0,46,12.0435,4.896e-05
729,29,29,0,58,12.0345,6.56e-05
730,10,7,3,8,63.5714,0.0002122
731,5,5,0,10,12,1.056e-05
732,64,57,7,8,73.0702,0.00323972
733,34,29,5,8,79.3103,0.00152528
734,278,260,22,8,60.1885,0.015502
735,47,37,13,8,76.6486,0.00205128
736,10,10,0,8,78.3,0.00042272
737,43,43,0,86,12.0465,0.00010816
738,22,22,0,44,12.0455,5.616e-05
739,160,160,0,320,12.0563,0.00036976
740,28,28,0,56,12.0357,6.96e-05
741,6,6,0,12,12,1.264e-05
742,277,231,58,10,75.2121,0.0137752
743,172,172,0,344,12.0581,0.00043952
744,87,78,16,8,47.641,0.00453824
745,47,47,0,94,12.0426,0.00010176
746,76,69,7,8,48.8986,0.00398192
747,23,13,18,8,39.6923,0.00060736
748,42,42,0,84,12.0476,9.328e-05
749,8,8,0,16,12,1.68e-05
750,42,42,0,8,58.5238,0.00234404
751,22,22,0,44,12.0455,4.592e-05
752,27,27,0,8,53.2222,0.0014366
753,15,15,0,30,12,3.136e-05
754,8,8,0,16,12,1.68e-05
755,26,26,0,8,30.3846,0.0013954
756,14,14,0,28,12,2.928e-05
757,49,49,0,8,40.8163,0.0027766
758,23,23,0,8,44.1739,0.001172
759,26,26,0,52,12.0385,5.424e-05
760,13,13,0,26,12,2.72e-05
761,21,21,0,8,22.9048,0.0010766
762,12,12,0,24,12,2.512e-05
763,22,22,0,8,31.9091,0.00113412
764,12,12,0,24,12,2.512e-05
765,28,28,0,8,35.9643,0.0014792
766,15,15,0,30,12,3.136e-05
767,10,10,0,8,17.8,0.00041992
768,6,6,0,12,12,1.264e-05
769,45,45,0,8,34.9333,0.00250396
770,18,18,0,8,33.0556,0.00087064
771,24,24,0,48,12.0417,5.008e-05
772,10,10,0,20,12,2.096e-05
773,40,40,0,8,49.375,0.0022402
774,21,21,0,42,12.0476,4.384e-05
775,56,56,0,8,65.4107,0.00318132
776,110,110,0,8,69.8909,0.00645084
777,29,29,0,58,12.0345,6.048e-05
778,14,14,0,8,69.6429,0.00064604
779,56,56,0,112,12.0357,0.00011664
780,8,8,0,16,12,1.68e-05
781,80,80,0,8,51.05,0.0046084
782,41,41,0,82,12.0488,8.544e-05
783,53,53,0,8,58.4528,0.00298408
784,28,28,0,56,12.0357,5.84e-05
785,27,27,0,8,56.5185,0.00141728
786,54,54,0,8,63.6667,0.00307064
787,7,7,0,8,62.7143,0.00023412
788,15,15,0,30,12,3.136e-05
789,28,28,0,56,12.0357,5.84e-05
790,5,5,0,10,12,1.056e-05
791,16,16,0,8,58.4375,0.000771
792,39,39,0,8,67.6667,0.002146
793,9,9,0,18,12,1.888e-05
794,21,21,0,42,12.0476,4.384e-05
795,40,40,0,8,59.425,0.00222328
796,21,21,0,42,12.0476,4.384e-05
797,18,18,0,8,54,0.00090288
798,10,10,0,20,12,2.096e-05
799,197,167,33,8,65.1078,0.00991972
800,56,47,9,8,63.2553,0.0026108
801,66,58,8,10,69.7586,0.00327296
802,130,130,0,260,12.0615,0.00033424
803,31,31,0,62,12.0323,7.456e-05
804,37,37,0,74,12.0541,8.48e-05
805,61,61,0,8,39.9836,0.00347328
806,32,32,0,64,12.0312,6.672e-05
807,88,80,8,8,65.325,0.00462224
808,46,46,0,92,12.0435,0.00010256
809,23,23,0,8,70.4348,0.00118436
810,58,52,6,10,74.0962,0.00296328
811,13,13,0,26,12,2.72e-05
812,283,230,78,10,79.8478,0.0136853
813,42,42,0,84,12.0476,0.00010576
814,197,197,0,394,12.066,0.00056224
815,93,81,12,10,76.9012,0.00466392
816,65,65,0,130,12.0615,0.00016992
817,169,149,22,8,75.1946,0.0088234
818,70,58,24,8,64.7586,0.00328156
819,117,117,0,234,12.0598,0.00027904
820,42,42,0,84,12.0476,9.776e-05
821,85,71,16,8,79.2254,0.00407432
822,54,41,13,8,83.1463,0.0022588
823,56,56,0,112,12.0536,0.00014512
824,38,30,8,10,79.9333,0.0015368
825,35,35,0,70,12.0571,9.248e-05
826,28,28,0,56,12.0357,6.672e-05
827,130,113,17,10,75.3274,0.00658032
828,100,100,0,200,12.07,0.00028944
829,40,30,11,10,64.5333,0.00163568
830,28,28,0,56,12.0357,6.768e-05
831,23,23,0,8,78.4783,0.00119372
832,13,13,0,26,12,2.72e-05
833,12,12,0,8,33.5833,0.00053976
834,19,19,0,8,49.9474,0.00092712
835,298,244,71,8,75.3566,0.0145348
836,7,7,0,14,12,1.472e-05
837,10,10,0,8,61.8,0.00041584
838,11,11,0,22,12,2.304e-05
839,172,172,0,344,12.064,0.00044464
840,6,6,0,12,12,1.264e-05
841,28,21,8,8,75,0.0010776
842,59,46,13,8,80.9348,0.00256664
843,15,15,0,30,12,3.328e-05
844,33,22,18,8,65,0.00110364
845,36,36,0,72,12.0556,8.56e-05
846,20,20,0,40,12.05,4.752e-05
847,17,17,0,8,77.1176,0.00081952
848,10,10,0,20,12,2.096e-05
849,6,6,0,8,76.6667,0.00015532
850,4,4,0,8,12,8.48e-06
851,10,10,0,8,33.1,0.00039468
852,6,6,0,12,12,1.264e-05
853,2251,1877,533,8,77.7848,0.11329
854,20,20,0,8,52.85,0.00103136
855,1619,1619,0,3238,12.0679,0.004456
856,11,11,0,22,12,2.304e-05
857,113,76,50,8,83.8816,0.00437544
858,68,68,0,136,12.0588,0.00018768
859,13,10,3,8,79.9,0.00039172
860,193,157,48,8,83.5414,0.00930504
861,24,16,8,8,83.8125,0.00074048
862,6,6,0,12,12,1.328e-05
863,43,39,4,8,81.5128,0.00217012
864,139,139,0,278,12.0647,0.0003728
865,14,14,0,28,12,3.504e-05
866,31,31,0,62,12.0323,7.136e-05
867,25,17,8,6,79.7647,0.00085284
868,132,116,24,8,72.5776,0.00678812
869,28,19,12,10,81.5789,0.00090568
870,15,15,0,30,12,3.712e-05
871,78,78,0,156,12.0513,0.00018288
872,18,18,0,36,12.0556,4.144e-05
873,26,23,3,8,81.6087,0.001188
874,15,12,3,8,86.5,0.00050632
875,21,12,9,8,77.1667,0.00050112
876,16,16,0,32,12,3.504e-05
877,8,8,0,16,12,1.68e-05
878,22,16,6,8,83.5625,0.00076484
879,10,10,0,20,12,2.16e-05
880,336,296,42,8,74.848,0.0177003
881,45,35,10,8,66.7143,0.00192776
882,13,13,0,26,12,3.104e-05
883,39,29,10,8,78.0345,0.00155476
884,205,205,0,410,12.0585,0.00048512
885,69,58,12,8,65.0345,0.0033038
886,29,29,0,58,12.0345,7.232e-05
887,22,22,0,44,12.0455,5.04e-05
888,45,36,9,10,83.6944,0.00190416
889,44,44,0,88,12.0455,0.00010672
890,29,29,0,58,12.0345,6.88e-05
891,32,20,15,8,76.4,0.00099952
892,18,18,0,36,12.0556,4.336e-05
893,38,26,12,8,72.8462,0.00139392
894,49,36,15,8,71.1944,0.0019778
895,19,19,0,38,12.0526,4.8e-05
896,85,75,10,10,80.6933,0.00426424
897,33,33,0,66,12.0606,8.032e-05
898,47,36,14,8,81.25,0.00195736
899,63,63,0,126,12.0476,0.00015616
900,39,28,11,10,71.3929,0.00143584
901,29,29,0,58,12.0345,7.584e-05
902,50,40,12,10,79.925,0.00223768
903,26,26,0,52,12.0385,6.672e-05
904,110,87,32,10,80.6322,0.00497536
905,10,9,1,8,77.7778,0.0003164
906,36,36,0,72,12.0556,9.488e-05
907,70,70,0,140,12.0571,0.00016752
908,5,5,0,10,12,1.088e-05
909,72,56,22,8,78.2321,0.00320284
910,40,40,0,80,12.05,0.00010096
911,38,30,8,8,61.1667,0.00163296
912,23,23,0,46,12.0435,5.344e-05
913,42,42,0,8,71.2619,0.00232736
914,17,17,0,8,79.5294,0.00081404
915,22,22,0,44,12.0455,4.592e-05
916,10,10,0,20,12,2.096e-05
917,15,15,0,8,70.3333,0.00070676
918,39,39,0,8,52.6667,0.00214996
919,9,9,0,18,12,1.888e-05
920,21,21,0,42,12.0476,4.384e-05
921,23,23,0,8,35.087,0.00120132
922,65,65,0,8,44.1231,0.00370688
923,13,13,0,26,12,2.72e-05
924,34,34,0,68,12.0294,7.088e-05
925,147,116,31,10,74.1466,0.00679008
926,128,110,18,8,75.7636,0.0064226
927,98,98,0,196,12.0612,0.0002712
928,93,93,0,186,12.0645,0.00024128
929,182,155,39,8,77.1484,0.00914364
930,113,113,0,226,12.0531,0.00026208
931,16,14,2,8,84.2143,0.00066452
932,132,109,24,8,80.4587,0.00638816
933,8,8,0,16,12,1.744e-05
934,36,32,5,10,79.375,0.0017536
935,82,82,0,164,12.061,0.00019888
936,27,27,0,54,12.037,6.112e-05
937,7,7,0,8,78.5714,0.00019876
938,26,23,3,10,78.3478,0.0011768
939,27,19,8,10,77.7895,0.00096312
940,39,27,12,8,77.1481,0.00141848
941,5,5,0,10,12,1.056e-05
942,14,8,6,8,75.75,0.00025672
943,18,18,0,36,12.0556,4.08e-05
944,18,18,0,36,12.0556,4.336e-05
945,42,31,13,8,74.871,0.00167084
946,24,24,0,48,12.0417,5.968e-05
947,16,16,0,8,75.75,0.00074492
948,6,6,0,12,12,1.392e-05
949,15,15,0,8,82.6,0.00071764
950,19,12,9,8,81.25,0.0005326
951,23,23,0,46,12.0435,5.792e-05
952,9,9,0,18,12,1.888e-05
953,9,9,0,18,12,1.888e-05
954,8,8,0,16,12,1.68e-05
955,27,27,0,8,77.6667,0.00140868
956,35,30,5,8,75.1333,0.00162376
957,84,76,8,8,69.0789,0.00439016
958,15,15,0,30,12,3.136e-05
959,19,19,0,38,12.0526,4.224e-05
960,123,109,14,8,77.5596,0.006409
961,49,49,0,98,12.0408,0.00011808
962,77,77,0,154,12.0519,0.0001776
963,14,14,0,8,55.8571,0.00065028
964,8,8,0,16,12,1.68e-05
965,26,25,1,8,76.56,0.0013048
966,70,51,24,10,80.6078,0.00282792
967,14,14,0,28,12,2.928e-05
968,121,88,47,8,80.4318,0.00511948
969,25,20,5,8,80.45,0.00099484
970,44,44,0,88,12.0455,0.00012016
971,72,72,0,144,12.0556,0.0001992
972,16,16,0,32,12,3.696e-05
973,40,30,13,10,80.1667,0.00160896
974,16,9,11,8,86.1111,0.00034552
975,40,27,13,8,81.2593,0.00142412
976,37,28,16,8,78.9643,0.0015086
977,28,28,0,56,12.0357,7.344e-05
978,6,6,0,12,12,1.264e-05
979,22,22,0,44,12.0455,5.456e-05
980,22,22,0,44,12.0455,4.976e-05
981,58,49,9,10,84.0408,0.00270672
982,40,40,0,80,12.05,0.0001048
983,33,27,8,10,82.7778,0.00139472
984,23,15,14,8,80.0667,0.000722
985,24,24,0,48,12.0417,5.776e-05
986,13,13,0,26,12,3.168e-05
987,78,69,9,8,82.4928,0.00397464
988,49,49,0,98,12.0408,0.00011648
989,38,37,1,8,82.1351,0.00204492
990,20,20,0,40,12.05,4.176e-05
991,55,46,9,8,82.6957,0.00256112
992,95,79,20,10,78.7722,0.00458352
993,32,32,0,64,12.0312,7.888e-05
994,110,102,8,8,80.4118,0.00594316
995,72,72,0,144,12.0556,0.00019888
996,26,19,8,8,84.2105,0.000959
997,65,65,0,130,12.0462,0.00014848
998,99,84,16,8,80.2976,0.00487736
999,15,15,0,30,12,3.456e-05
1000,66,66,0,132,12.0455,0.00015472
1001,37,30,7,8,81.5333,0.00162252
1002,22,22,0,44,12.0455,5.168e-05
1003,72,60,16,8,78.55,0.00344772
1004,8,8,0,8,77.125,0.00029856
1005,40,40,0,80,12.05,9.104e-05
1006,6,6,0,8,62.8333,0.00018552
1007,5,5,0,10,12,1.056e-05
1008,4,4,0,8,12,8.48e-06
1009,66,46,34,8,78.4565,0.00255788
1010,42,42,0,84,12.0476,9.872e-05
1011,53,37,16,8,84.973,0.00203588
1012,39,29,10,8,83.3793,0.00156236
1013,30,30,0,60,12.0333,7.92e-05
1014,27,27,0,54,12.037,6.752e-05
1015,52,44,12,8,80.8864,0.00247744
1016,86,74,12,8,80.1486,0.00427072
1017,61,50,11,8,79.56,0.00280144
1018,35,35,0,70,12.0571,8.32e-05
1019,36,25,11,8,82.92,0.00130112
1020,49,49,0,98,12.0408,0.00011264
1021,38,38,0,76,12.0526,9.648e-05
1022,20,20,0,40,12.05,5.232e-05
1023,53,41,12,8,84.6341,0.0022898
1024,34,34,0,68,12.0588,8.816e-05
1025,55,51,4,10,79.3333,0.0029056
1026,19,16,3,8,86.8125,0.0007882
1027,39,39,0,78,12.0513,9.152e-05
1028,11,11,0,22,12,2.464e-05
1029,101,73,34,8,82.2329,0.00421908
1030,41,32,9,8,83.9375,0.00174104
1031,56,56,0,112,12.0536,0.00015088
1032,27,27,0,54,12.037,6.336e-05
1033,191,166,31,8,83.9337,0.00983404
1034,128,128,0,256,12.0547,0.00031408
1035,33,22,14,8,77.2727,0.00113864
1036,85,73,17,8,80.0274,0.00418544
1037,18,18,0,36,12.0556,4.176e-05
1038,98,78,25,8,67.1538,0.0045378
1039,53,53,0,106,12.0566,0.0001216
1040,57,57,0,114,12.0526,0.00012896
1041,60,53,7,10,88.0566,0.0030052
1042,43,43,0,86,12.0465,0.00010848
1043,27,24,3,8,80,0.001219
1044,24,21,3,10,81.3333,0.001032
1045,15,15,0,30,12,3.392e-05
1046,16,16,0,32,12,3.632e-05
1047,144,124,21,8,79.4516,0.0073182
1048,101,101,0,202,12.0594,0.0002624
1049,9,9,0,8,80.1111,0.00035464
1050,6,6,0,12,12,1.264e-05
1051,27,21,9,8,78.2857,0.00108504
1052,15,15,0,30,12,3.392e-05
1053,57,46,15,8,74.5,0.0025532
1054,32,32,0,64,12.0312,7.376e-05
1055,46,40,6,8,70.725,0.00221184
1056,46,46,0,8,76.3478,0.00254956
1057,24,24,0,48,12.0417,5.392e-05
1058,24,24,0,48,12.0417,5.008e-05
1059,133,115,19,10,77.887,0.00673136
1060,75,75,0,150,12.0533,0.00018176
1061,57,55,2,8,69.5273,0.0031396
1062,38,38,0,76,12.0526,8.496e-05
1063,15,15,0,8,70.2,0.00069548
1064,33,33,0,8,66.5455,0.0018002
1065,18,18,0,36,12.0556,3.76e-05
1066,9,9,0,18,12,1.888e-05
1067,99,81,18,8,76.321,0.0047208
1068,47,46,1,8,78.8696,0.00257908
1069,59,59,0,118,12.0508,0.0001504
1070,25,25,0,50,12.04,5.216e-05
1071,13,13,0,8,74.7692,0.00057372
1072,8,8,0,16,12,1.68e-05
1073,14,14,0,8,74.9286,0.00066072
1074,84,73,12,8,72.4521,0.00421004
1075,8,8,0,16,12,1.68e-05
1076,8,8,0,8,69.875,0.00030324
1077,50,50,0,100,12.04,0.00011792
1078,5,5,0,10,12,1.056e-05
1079,39,36,5,8,55.8056,0.00199456
1080,20,20,0,40,12.05,4.272e-05
1081,54,41,17,6,48.0732,0.00234588
1082,24,24,0,8,80.1667,0.00124312
1083,24,24,0,48,12.0417,5.072e-05
1084,22,21,1,10,80.7619,0.00100688
1085,13,13,0,26,12,2.72e-05
1086,14,14,0,28,12,3.088e-05
1087,21,18,3,8,78.2778,0.00087088
1088,13,13,0,26,12,3.168e-05
1089,26,26,0,8,72.3462,0.00139388
1090,5,5,0,8,74.2,8.876e-05
1091,14,14,0,28,12,2.928e-05
1092,4,4,0,8,12,8.48e-06
1093,47,47,0,8,72.5745,0.00266264
1094,25,25,0,50,12.04,5.216e-05
1095,26,26,0,8,74.8462,0.00137504
1096,14,14,0,28,12,2.928e-05
1097,10,10,0,8,74.4,0.00042892
1098,39,33,6,10,83.0606,0.00178592
1099,88,80,8,8,66.9375,0.00465156
1100,6,6,0,12,12,1.264e-05
1101,28,28,0,56,12.0357,6.736e-05
1102,45,37,9,10,78.2162,0.00201352
1103,41,28,14,8,67.75,0.0014864
1104,48,48,0,96,12.0417,0.00010576
1105,25,17,8,8,75,0.00080528
1106,31,31,0,62,12.0323,7.936e-05
1107,22,22,0,44,12.0455,5.712e-05
1108,14,14,0,28,12,3.472e-05
1109,144,133,11,8,72.5865,0.0078652
1110,31,26,5,10,79.6154,0.00138952
1111,314,308,6,8,50.5357,0.0184025
1112,93,93,0,186,12.0538,0.00022912
1113,20,20,0,40,12.05,4.688e-05
1114,178,178,0,356,12.0506,0.00038896
1115,26,26,0,8,69.4615,0.00135192
1116,14,14,0,28,12,2.928e-05
1117,23,23,0,8,44.3043,0.00119492
1118,13,13,0,26,12,2.72e-05
1119,61,61,0,8,63.9672,0.0034638
1120,32,32,0,64,12.0312,6.672e-05
1121,12,12,0,8,57.5833,0.00052448
1122,37,34,3,8,69.1176,0.00185564
1123,7,7,0,14,12,1.472e-05
1124,18,18,0,8,68.3333,0.00089268
1125,21,21,0,42,12.0476,4.768e-05
1126,10,10,0,20,12,2.096e-05
1127,98,94,4,8,68.1809,0.00546276
1128,51,51,0,102,12.0392,0.00011072
1129,82,82,0,8,68.4878,0.00476424
1130,14,14,0,8,56.5714,0.000655
1131,42,42,0,84,12.0476,8.752e-05
1132,8,8,0,16,12,1.68e-05
1133,10,10,0,8,64.8,0.00039064
1134,6,6,0,12,12,1.264e-05
1135,9,9,0,8,51,0.00031092
1136,13,13,0,8,54.8462,0.00058312
1137,6,6,0,12,12,1.264e-05
1138,8,8,0,16,12,1.68e-05
1139,53,53,0,8,47.9245,0.00297584
1140,28,28,0,56,12.0357,5.84e-05
1141,47,47,0,8,62.7872,0.00262232
1142,86,86,0,8,72.0698,0.00500508
1143,25,25,0,50,12.04,5.216e-05
1144,44,44,0,88,12.0455,9.168e-05
1145,167,136,40,10,77.1397,0.00799584
1146,21,21,0,8,66.1429,0.00107832
1147,111,111,0,222,12.0631,0.00031168
1148,12,12,0,24,12,2.512e-05
1149,16,15,1,8,75.8667,0.000718
1150,9,9,0,18,12,1.888e-05
1151,26,23,3,8,79.1304,0.00116532
1152,41,35,6,8,80.2571,0.00189852
1153,21,13,13,8,81.5385,0.00059784
1154,22,14,16,8,79.5714,0.00061732
1155,17,17,0,34,12.0588,4.032e-05
1156,28,28,0,56,12.0357,6.352e-05
1157,11,11,0,22,12,2.464e-05
1158,12,12,0,24,12,2.96e-05
1159,94,80,14,10,77.3,0.00463888
1160,189,172,17,6,79.1628,0.0102809
1161,31,25,6,10,82.96,0.00128848
1162,73,73,0,146,12.0548,0.0002
1163,126,126,0,252,12.0556,0.00029936
1164,22,22,0,44,12.0455,5.328e-05
1165,17,17,0,8,81.8824,0.00083924
1166,75,68,7,8,81.0882,0.00389136
1167,10,10,0,20,12,2.096e-05
1168,52,52,0,104,12.0577,0.00012016
1169,124,112,12,8,83.3036,0.00659416
1170,7,7,0,8,77.5714,0.0002182
1171,91,91,0,182,12.0549,0.00023264
1172,5,5,0,10,12,1.056e-05
1173,25,17,8,8,80.2941,0.00082248
1174,15,15,0,30,12,3.68e-05
1175,240,219,30,10,77.6758,0.0130068
1176,37,24,13,8,61.875,0.00123216
1177,12,8,4,8,67.25,0.00028944
1178,192,192,0,384,12.0677,0.00055568
1179,19,19,0,38,12.0526,4.704e-05
1180,6,6,0,12,12,1.264e-05
1181,5,5,0,8,77.6,0.00011464
1182,77,60,17,10,77.4167,0.00338888
1183,4,4,0,8,12,8.48e-06
1184,45,45,0,90,12.0444,0.00011488
1185,272,251,23,8,61.8088,0.0149478
1186,24,14,12,8,64.2857,0.00066772
1187,154,154,0,308,12.0519,0.00034064
1188,12,12,0,24,12,2.864e-05
1189,59,54,5,10,70.6111,0.00305336
1190,33,33,0,66,12.0303,7.2e-05
1191,37,35,2,8,71.4857,0.00190068
1192,210,196,14,10,59.6735,0.0116705
1193,20,20,0,40,12.05,4.336e-05
1194,128,128,0,256,12.0547,0.00030512
1195,148,124,32,10,80.0887,0.0072852
1196,187,173,14,8,78.9538,0.0102705
1197,112,112,0,224,12.0625,0.00029296
1198,119,119,0,238,12.0588,0.00029472
1199,32,23,14,8,78.0435,0.00118368
1200,74,63,15,8,80.0794,0.003585
1201,19,19,0,38,12.0526,4.352e-05
1202,43,43,0,86,12.0465,9.92e-05
1203,67,59,11,8,78.4407,0.003374
1204,25,20,5,8,77.75,0.00100044
1205,61,45,18,8,73.6889,0.00248904
1206,43,43,0,86,12.0465,0.00010944
1207,53,43,17,8,57.093,0.00237956
1208,16,16,0,32,12,3.696e-05
1209,40,40,0,80,12.05,9.808e-05
1210,23,23,0,46,12.0435,4.8e-05
1211,191,158,36,10,81.6646,0.00926616
1212,130,130,0,260,12.0615,0.0003336
1213,68,65,3,10,82.0308,0.00367128
1214,52,52,0,104,12.0577,0.0001224
1215,14,11,5,8,74.8182,0.00045848
1216,7,7,0,14,12,1.472e-05
1217,86,81,5,8,62.642,0.00469768
1218,37,34,3,8,77.0294,0.0018472
1219,15,15,0,8,80.8667,0.00072088
1220,56,56,0,112,12.0536,0.00013968
1221,20,20,0,40,12.05,4.336e-05
1222,9,9,0,18,12,1.888e-05
1223,25,25,0,8,61.08,0.00131536
1224,63,63,0,8,65.3175,0.00359292
1225,14,14,0,28,12,2.928e-05
1226,33,33,0,66,12.0303,6.88e-05
1227,29,29,0,8,38.6897,0.00156116
1228,16,16,0,32,12,3.344e-05
1229,39,39,0,8,44.0769,0.0021762
1230,21,21,0,42,12.0476,4.384e-05
1231,25,25,0,8,47.88,0.00132352
1232,43,43,0,8,56.6279,0.00236788
1233,14,14,0,28,12,2.928e-05
1234,23,23,0,46,12.0435,4.8e-05
1235,6,6,0,8,60.8333,0.00018504
1236,4,4,0,8,12,8.48e-06
1237,137,105,32,8,76.6095,0.00613996
1238,85,85,0,170,12.0588,0.00023008
1239,45,40,8,8,71.275,0.00222436
1240,24,24,0,48,12.0417,5.36e-05
1241,70,57,15,8,79.7018,0.00322368
1242,45,45,0,90,12.0444,0.00011616
1243,183,168,22,10,79.381,0.00988696
1244,12,12,0,8,83.5833,0.00053788
1245,126,126,0,252,12.0635,0.00032464
1246,7,7,0,14,12,1.472e-05
1247,66,51,15,8,79.6471,0.00287468
1248,45,45,0,90,12.0444,0.00011616
1249,19,19,0,8,72.7895,0.0009322
1250,11,11,0,22,12,2.304e-05
1251,78,72,7,6,78.8056,0.00417916
1252,129,118,11,10,80.5932,0.00687032
1253,30,22,8,8,84.5909,0.00113004
1254,67,55,20,8,74.5273,0.00312132
1255,54,54,0,108,12.0556,0.0001304
1256,81,81,0,162,12.0617,0.00020224
1257,19,19,0,38,12.0526,4.704e-05
1258,40,40,0,80,12.05,9.712e-05
1259,119,101,27,8,75.3861,0.00592988
1260,17,17,0,8,82.8824,0.00082972
1261,90,90,0,180,12.0556,0.00022928
1262,25,14,11,8,79.1429,0.00064032
1263,10,10,0,20,12,2.096e-05
1264,12,12,0,24,12,2.896e-05
1265,82,77,5,8,73.2857,0.00447716
1266,41,33,8,8,80.4848,0.00180412
1267,14,14,0,8,83.3571,0.00067092
1268,61,61,0,122,12.0492,0.00014624
1269,24,24,0,48,12.0417,5.936e-05
1270,8,8,0,16,12,1.68e-05
1271,263,206,69,10,79.8544,0.0122319
1272,162,162,0,324,12.0679,0.00044592
1273,8,8,0,8,66.125,0.00028228
1274,5,5,0,10,12,1.056e-05
1275,130,102,36,8,75.451,0.0059876
1276,27,26,1,8,74.1923,0.00137968
1277,136,120,17,8,72.4417,0.0070498
1278,76,76,0,152,12.0526,0.00018576
1279,61,50,11,8,70.04,0.0027952
1280,89,89,0,178,12.0562,0.00021312
1281,37,37,0,74,12.0541,8.8e-05
1282,297,270,28,10,74.8333,0.0161188
1283,79,58,23,8,75.7931,0.0032948
1284,251,251,0,502,12.0637,0.00065184
1285,41,41,0,82,12.0488,0.00010368
1286,121,106,16,10,73.3113,0.00612952
1287,23,21,2,8,79.4286,0.00108336
1288,18,15,3,8,84.4,0.00068564
1289,13,13,0,26,12,2.784e-05
1290,9,9,0,18,12,1.984e-05
1291,17,17,0,8,71.1176,0.00085068
1292,10,10,0,20,12,2.096e-05
1293,35,33,3,8,77.7576,0.00177604
1294,229,177,70,8,79.3672,0.0104791
1295,19,19,0,38,12.0526,3.968e-05
1296,158,158,0,316,12.057,0.00040176
1297,36,26,13,10,75.6538,0.00129856
1298,20,12,10,8,80.1667,0.00050704
1299,33,27,10,8,75.2963,0.00145468
1300,99,68,33,8,77.7941,0.00388468
1301,24,24,0,48,12.0417,5.84e-05
1302,10,10,0,20,12,2.192e-05
1303,20,20,0,40,12.05,4.944e-05
1304,28,20,8,8,80.9,0.0010172
1305,60,60,0,120,12.05,0.00016176
1306,156,134,25,8,63.9104,0.0079246
1307,135,121,15,8,74.595,0.0071008
1308,18,18,0,36,12.0556,4.336e-05
1309,386,290,130,10,76.331,0.0172491
1310,81,81,0,162,12.0494,0.00017824
1311,83,83,0,166,12.0482,0.00018816
1312,230,230,0,460,12.0609,0.00059632
1313,111,94,17,8,74.5638,0.00549944
1314,184,167,18,8,70.6946,0.00987248
1315,84,72,19,8,62.8472,0.00412172
1316,39,29,10,10,71.4483,0.00149288
1317,66,66,0,132,12.0455,0.0001576
1318,109,109,0,218,12.055,0.00024352
1319,40,40,0,80,12.05,8.464e-05
1320,172,151,21,10,79.1921,0.008894
1321,27,27,0,54,12.037,7.04e-05
1322,126,126,0,252,12.0635,0.0003272
1323,36,28,11,8,77.7143,0.00150532
1324,21,21,0,42,12.0476,5.216e-05
1325,28,20,13,8,71.65,0.00101752
1326,18,18,0,36,12.0556,4.336e-05
1327,160,117,56,10,73.0085,0.00686352
1328,43,37,8,8,69.8649,0.00201708
1329,99,99,0,198,12.0606,0.00026368
1330,21,21,0,42,12.0476,4.544e-05
1331,38,37,1,10,71.8649,0.00203264
1332,14,9,5,8,76.4444,0.0003622
1333,130,108,29,8,73.8426,0.00633784
1334,22,22,0,44,12.0455,4.752e-05
1335,7,7,0,14,12,1.632e-05
1336,77,77,0,154,12.0519,0.00017568
1337,46,33,18,8,72.303,0.00176692
1338,170,144,32,6,70.8958,0.00853372
1339,26,26,0,52,12.0385,6.864e-05
1340,128,115,19,8,69.3739,0.00676668
1341,135,135,0,270,12.0667,0.00036256
1342,70,70,0,140,12.0429,0.00015344
1343,45,36,11,10,70.1944,0.00192424
1344,28,23,5,8,65.7826,0.00118324
1345,72,66,6,8,73.6364,0.0037956
1346,30,30,0,60,12.0333,7.792e-05
1347,13,13,0,26,12,2.72e-05
1348,53,53,0,106,12.0566,0.00013344
1349,14,14,0,28,12,2.928e-05
1350,59,47,12,8,76.9362,0.0026108
1351,43,36,7,8,78.25,0.00196844
1352,36,36,0,72,12.0556,9.52e-05
1353,26,26,0,52,12.0385,6.416e-05
1354,47,34,13,8,79.9118,0.00187136
1355,10,10,0,8,73.3,0.00039132
1356,28,28,0,56,12.0357,7.376e-05
1357,59,49,17,8,71.5306,0.00273568
1358,6,6,0,12,12,1.264e-05
1359,33,33,0,66,12.0303,7.84e-05
1360,59,48,14,10,74.2917,0.00271144
1361,26,19,7,8,82.1053,0.0009478
1362,32,18,14,8,78.3889,0.00090476
1363,97,97,0,194,12.0619,0.0002544
1364,38,38,0,76,12.0526,9.84e-05
1365,14,14,0,28,12,3.216e-05
1366,16,16,0,32,12.0625,4.144e-05
1367,13,12,1,8,43.75,0.00050516
1368,86,82,4,8,81.5976,0.0047658
1369,113,98,21,8,70.398,0.00569996
1370,67,67,0,134,12.0597,0.00016288
1371,69,69,0,138,12.058,0.00016288
1372,44,35,9,8,58.1714,0.0019078
1373,23,14,17,8,77.5714,0.00061944
1374,15,12,3,8,76.6667,0.00050692
1375,25,25,0,50,12.04,5.6e-05
1376,12,12,0,24,12,2.8e-05
1377,8,8,0,16,12,1.68e-05
1378,27,27,0,8,52.5926,0.00143924
1379,15,15,0,30,12,3.136e-05
1380,16,16,0,6,49.4375,0.00079236
1381,24,24,0,8,49.6667,0.00124896
1382,9,9,0,18,12,1.888e-05
1383,13,13,0,26,12,2.72e-05
1384,43,43,0,8,60.6977,0.002402
1385,23,23,0,46,12.0435,4.8e-05
1386,19,19,0,8,61.1579,0.00096332
1387,168,129,52,8,75.3876,0.007579
1388,11,11,0,22,12,2.304e-05
1389,98,98,0,196,12.0612,0.00026512
1390,21,18,3,8,75.7778,0.0008894
1391,11,11,0,22,12,2.336e-05
1392,26,24,2,10,75.1667,0.00125632
1393,18,18,0,36,12.0556,4.048e-05
1394,218,186,37,8,75.0699,0.0110676
1395,78,76,2,8,76.9211,0.00437332
1396,34,25,9,8,64.88,0.00132436
1397,19,19,0,8,72.2632,0.00095468
1398,53,53,0,106,12.0566,0.00012416
1399,18,18,0,36,12.0556,4.144e-05
1400,19,19,0,8,81.6842,0.00095196
1401,11,11,0,22,12,2.304e-05
1402,11,11,0,22,12,2.304e-05
1403,327,299,35,10,75.6254,0.0179021
1404,39,31,8,8,77.0968,0.00168196
1405,214,214,0,428,12.0607,0.0005288
1406,23,19,5,8,75.4737,0.0009706
1407,24,24,0,48,12.0417,6.16e-05
1408,14,14,0,28,12,3.216e-05
1409,490,459,38,8,63.488,0.0275657
1410,333,333,0,666,12.0601,0.00083424
1411,22,17,5,8,84.1176,0.00080724
1412,12,12,0,24,12,2.896e-05
1413,55,47,8,8,62.7872,0.00265528
1414,30,26,4,10,81.6538,0.001292
1415,42,33,9,8,78,0.00177312
1416,49,40,15,8,55.45,0.00223216
1417,35,35,0,70,12.0571,8.192e-05
1418,21,21,0,42,12.0476,4.8e-05
1419,26,26,0,52,12.0385,6.32e-05
1420,28,28,0,56,12.0357,6.224e-05
1421,10,10,0,8,84.2,0.00038624
1422,6,6,0,12,12,1.264e-05
1423,11,11,0,8,82.9091,0.00045092
1424,18,15,3,8,74.5333,0.00068536
1425,7,7,0,14,12,1.472e-05
1426,10,10,0,20,12,2.224e-05
1427,7,7,0,14,12,1.472e-05
1428,20,20,0,8,50.7,0.0010078
1429,11,11,0,22,12,2.304e-05
1430,22,22,0,8,36.9545,0.00111264
1431,12,12,0,24,12,2.512e-05
1432,27,27,0,6,43.8889,0.00145764
1433,15,15,0,30,12,3.136e-05
1434,8,8,0,8,33.75,0.00027552
1435,5,5,0,10,12,1.056e-05
1436,47,42,5,8,78.6667,0.00231628
1437,39,30,9,8,80.9333,0.00159376
1438,25,25,0,50,12.04,5.472e-05
1439,23,23,0,46,12.0435,5.76e-05
1440,144,144,0,288,12.0625,0.00036688
1441,28,22,6,8,81.4545,0.00110216
1442,39,30,9,8,74.7,0.0016
1443,41,30,11,10,77.8,0.00161256
1444,25,15,10,8,73.6667,0.0007314
1445,14,14,0,28,12,3.12e-05
1446,23,23,0,46,12.0435,5.184e-05
1447,28,28,0,56,12.0357,7.056e-05
1448,13,13,0,26,12,3.04e-05
1449,23,23,0,8,67.5652,0.00118592
1450,13,13,0,26,12,2.72e-05
1451,30,27,3,8,77.4815,0.00140948
1452,16,16,0,32,12,3.536e-05
1453,66,59,7,8,76.4576,0.00334144
1454,83,69,21,8,75.6957,0.0039696
1455,24,16,10,8,78.25,0.00078072
1456,37,37,0,74,12.0541,8.288e-05
1457,46,46,0,92,12.0435,0.00010608
1458,13,13,0,26,12,3.04e-05
1459,20,20,0,8,78.1,0.0010106
1460,30,30,0,8,78.3667,0.00163448
1461,11,11,0,22,12,2.304e-05
1462,13,13,0,8,76.7692,0.00055308
1463,16,16,0,32,12,3.344e-05
1464,8,8,0,16,12,1.68e-05
1465,19,19,0,8,80.8421,0.0009254
1466,47,42,5,8,81.7619,0.00231388
1467,52,43,9,8,78.3721,0.002381
1468,11,11,0,22,12,2.304e-05
1469,43,41,2,8,82.5122,0.00229312
1470,25,25,0,50,12.04,5.664e-05
1471,31,31,0,62,12.0323,7.328e-05
1472,23,23,0,46,12.0435,4.864e-05
1473,12,12,0,8,77.3333,0.00050448
1474,7,7,0,14,12,1.472e-05
1475,17,17,0,8,65.8235,0.00082056
1476,250,226,24,8,77.9513,0.013476
1477,11,11,0,8,73,0.00045244
1478,10,10,0,20,12,2.096e-05
1479,203,203,0,406,12.069,0.00059328
1480,7,7,0,14,12,1.472e-05
1481,111,93,19,8,82.9462,0.00540376
1482,7,7,0,8,77.2857,0.00020756
1483,65,65,0,130,12.0615,0.00016416
1484,236,216,22,8,75.3194,0.0128674
1485,5,5,0,10,12,1.056e-05
1486,138,138,0,276,12.0507,0.0003064
1487,16,16,0,8,76.4375,0.0007466
1488,170,137,42,10,83.438,0.00801352
1489,9,9,0,18,12,1.888e-05
1490,53,44,9,8,81.3636,0.00248252
1491,205,196,9,8,74.8469,0.0116575
1492,112,112,0,224,12.0625,0.00029456
1493,31,31,0,62,12.0323,7.776e-05
1494,121,121,0,242,12.0496,0.0002752
1495,18,18,0,8,77.8333,0.00087596
1496,10,10,0,20,12,2.096e-05
1497,7,7,0,8,84.8571,0.0002316
1498,15,15,0,8,83.9333,0.00068472
1499,5,5,0,10,12,1.056e-05
1500,42,40,2,10,83.8,0.00216592
1501,9,9,0,18,12,1.888e-05
1502,34,34,0,68,12.0294,7.664e-05
1503,67,67,0,8,72.2836,0.0038402
1504,35,35,0,70,12.0286,7.296e-05
1505,132,106,40,10,68.4245,0.00621696
1506,74,74,0,148,12.0541,0.00018352
1507,132,118,14,8,73.0339,0.00695792
1508,87,87,0,174,12.0575,0.00022336
1509,46,33,22,6,83.3939,0.00187184
1510,12,12,0,8,73.3333,0.00052204
1511,23,23,0,46,12.0435,5.088e-05
1512,7,7,0,14,12,1.472e-05
1513,111,103,8,10,85.1456,0.00594176
1514,89,73,16,8,83.8219,0.00419692
1515,83,83,0,166,12.0602,0.00020544
1516,53,53,0,106,12.0566,0.00013792
1517,72,59,13,10,83.8814,0.00333688
1518,43,43,0,86,12.0465,0.00011264
1519,136,110,26,10,82.8545,0.006412
1520,40,38,2,10,82.1316,0.00201328
1521,168,155,13,8,66.5742,0.0091528
1522,97,97,0,194,12.0619,0.0002672
1523,47,35,15,10,79.6571,0.00185984
1524,62,52,17,8,80.2692,0.0029666
1525,32,32,0,64,12.0312,7.504e-05
1526,96,96,0,192,12.0521,0.0002152
1527,169,159,11,10,82.6038,0.00932624
1528,32,32,0,64,12.0312,7.728e-05
1529,64,55,15,8,80.2909,0.00314712
1530,47,47,0,94,12.0426,0.0001152
1531,148,148,0,296,12.0608,0.00038064
1532,40,40,0,80,12.05,9.2e-05
1533,218,200,18,8,74.365,0.0118904
1534,74,62,12,8,63.871,0.00355172
1535,130,130,0,260,12.0538,0.00030032
1536,44,44,0,88,12.0455,0.0001048
1537,22,13,9,8,66,0.00060164
1538,24,17,10,8,81.7059,0.0008346
1539,9,8,1,8,76.625,0.00027916
1540,10,10,0,20,12,2.224e-05
1541,13,13,0,26,12,3.072e-05
1542,6,6,0,12,12,1.264e-05
1543,66,50,16,8,85.18,0.0027908
1544,67,60,7,8,85.4833,0.00344372
1545,42,42,0,84,12.0476,0.00010256
1546,40,40,0,80,12.05,8.848e-05
1547,41,34,7,8,83.1765,0.00186056
1548,25,25,0,50,12.04,5.856e-05
1549,27,27,0,8,52.5185,0.00144128
1550,15,15,0,30,12,3.136e-05
1551,88,69,22,8,70.7971,0.00398124
1552,77,60,25,8,67.45,0.00340232
1553,129,112,23,8,57.5982,0.0065874
1554,52,52,0,104,12.0577,0.00013744
1555,43,43,0,86,12.0465,0.00011072
1556,81,81,0,162,12.0617,0.00020192
1557,22,22,0,8,48,0.00111092
1558,12,12,0,24,12,2.512e-05
1559,38,38,0,8,36,0.002114
1560,20,20,0,40,12.05,4.176e-05
1561,25,25,0,8,46.72,0.00128896
1562,42,42,0,8,54.6667,0.0023354
1563,14,14,0,28,12,2.928e-05
1564,22,22,0,44,12.0455,4.592e-05
1565,39,39,0,8,63.3333,0.00216112
1566,96,96,0,8,73.5208,0.00557328
1567,12,12,0,8,57.6667,0.00049924
1568,21,21,0,42,12.0476,4.384e-05
1569,49,49,0,98,12.0408,0.00010208
1570,7,7,0,14,12,1.472e-05
1571,69,60,9,8,74.7833,0.00342028
1572,13,13,0,8,64.8462,0.00056296
1573,46,46,0,92,12.0652,0.00011888
1574,8,8,0,16,12,1.68e-05
1575,138,112,27,8,78.7232,0.00658952
1576,115,99,21,10,77.9293,0.00574152
1577,80,80,0,160,12.0625,0.0002056
1578,77,77,0,154,12.0519,0.00019904
1579,91,83,8,8,74.747,0.0048106
1580,56,56,0,112,12.0536,0.00013712
1581,26,14,14,8,79.7857,0.00062628
1582,12,12,0,24,12,2.896e-05
1583,23,23,0,8,73.5652,0.00119192
1584,34,34,0,8,66.6765,0.0018368
1585,13,13,0,26,12,2.72e-05
1586,18,18,0,36,12,3.76e-05
1587,67,58,9,10,74.9138,0.00328472
1588,185,161,38,8,67.3913,0.00955448
1589,62,50,17,10,72.48,0.00275368
1590,38,38,0,76,12.0526,8.88e-05
1591,101,101,0,202,12.0594,0.00024352
1592,35,35,0,70,12.0571,8.192e-05
1593,33,29,4,8,76.069,0.0015394
1594,85,81,4,8,65.1975,0.00467876
1595,16,16,0,32,12,3.344e-05
1596,74,66,8,8,70.5152,0.00376468
1597,50,50,0,100,12.04,0.00010928
1598,33,33,0,8,68.9394,0.00181168
1599,41,41,0,82,12.0488,9.12e-05
1600,18,18,0,36,12,3.76e-05
1601,231,182,64,8,82.9286,0.0108092
1602,144,144,0,288,12.0625,0.00039952
1603,30,27,3,8,79.7037,0.00141584
1604,21,21,0,8,78.0476,0.0010646
1605,16,16,0,32,12,3.44e-05
1606,12,12,0,24,12,2.512e-05
1607,54,45,9,8,79.6444,0.0025064
1608,118,98,23,8,81.2551,0.00573576
1609,62,53,9,10,81.4906,0.00302864
1610,30,30,0,60,12.0333,7.024e-05
1611,88,88,0,176,12.0568,0.00021456
1612,50,50,0,100,12.06,0.000124
1613,201,171,30,10,80.2515,0.0101027
1614,128,121,8,10,79.4215,0.0070308
1615,86,86,0,172,12.0581,0.0001992
1616,86,72,14,10,76.75,0.00410784
1617,151,133,18,8,80.4511,0.007849
1618,86,71,16,10,80.5915,0.00408456
1619,58,58,0,116,12.0517,0.00015088
1620,116,116,0,232,12.0603,0.00029776
1621,65,65,0,130,12.0615,0.00017216
1622,49,36,17,8,79,0.00195596
1623,31,31,0,62,12.0323,7.328e-05
1624,60,46,14,6,82.413,0.00260616
1625,37,26,13,8,79.5385,0.00138324
1626,37,37,0,74,12.0541,9.632e-05
1627,23,14,9,6,80.3571,0.00067152
1628,24,24,0,48,12.0417,6.544e-05
1629,137,126,14,8,77.1746,0.00740404
1630,11,11,0,22,12,2.72e-05
1631,79,79,0,158,12.0506,0.0001808
1632,97,91,6,8,76.8242,0.00529096
1633,124,107,17,10,73.5888,0.00617968
1634,61,61,0,122,12.0492,0.00014336
1635,82,69,17,8,71.3768,0.00395132
1636,85,77,16,8,74.1558,0.00444808
1637,13,10,3,8,79.9,0.00037448
1638,73,73,0,146,12.0548,0.00017408
1639,23,14,9,8,79.8571,0.00061544
1640,45,45,0,90,12.0444,0.00010208
1641,46,46,0,92,12.0435,0.0001016
1642,59,58,1,8,70,0.0033028
1643,8,8,0,16,12,1.84e-05
1644,17,17,0,8,70.4706,0.00085204
1645,11,11,0,22,12,2.56e-05
1646,10,10,0,20,12,2.096e-05
1647,50,50,0,8,76.9,0.00284072
1648,26,26,0,52,12.0385,5.424e-05
1649,14,14,0,8,63.9286,0.00064132
1650,8,8,0,16,12,1.68e-05
1651,128,118,10,8,80.7288,0.00695268
1652,13,13,0,8,80.5385,0.00056136
1653,85,85,0,170,12.0471,0.0001984
1654,8,8,0,16,12,1.68e-05
1655,33,25,8,10,85.92,0.00132792
1656,22,22,0,44,12.0455,5.392e-05
1657,30,27,3,10,85,0.00134192
1658,21,21,0,42,12.0476,4.736e-05
1659,206,192,14,8,64.8177,0.0113793
1660,202,186,17,8,68.9462,0.0110316
1661,121,121,0,242,12.0579,0.00028032
1662,124,124,0,248,12.0565,0.00028624
1663,30,30,0,8,80.7667,0.0016246
1664,16,16,0,32,12,3.344e-05
1665,10,10,0,8,83.9,0.00038172
1666,47,41,6,8,63.9756,0.00229256
1667,6,6,0,12,12,1.264e-05
1668,24,24,0,8,52.7083,0.0012558
1669,29,29,0,58,12.0345,6.496e-05
1670,13,13,0,26,12,2.72e-05
1671,72,59,13,8,66.322,0.0033506
1672,41,41,0,82,12.0488,0.00010272
1673,30,28,2,8,72.4643,0.001468
1674,13,13,0,8,76,0.00057844
1675,15,15,0,30,12,3.2e-05
1676,8,8,0,16,12,1.68e-05
1677,8,8,0,8,47.375,0.00027804
1678,5,5,0,10,12,1.056e-05
1679,30,30,0,8,48.9,0.0016038
1680,16,16,0,32,12,3.344e-05
1681,56,48,14,8,77.4583,0.00267684
1682,146,146,0,292,12.0616,0.00038416
1683,30,30,0,60,12.0333,6.992e-05
1684,31,27,4,8,75.963,0.0014422
1685,125,111,19,8,67.8559,0.00648996
1686,16,16,0,32,12,3.344e-05
1687,76,76,0,152,12.0526,0.00017872
1688,117,103,15,10,77.3981,0.00596208
1689,178,167,11,8,77.1317,0.00991604
1690,72,72,0,144,12.0556,0.00017328
1691,112,112,0,224,12.0536,0.0002552
1692,13,10,3,8,80.6,0.00040424
1693,7,7,0,14,12,1.6e-05
1694,22,15,7,8,80.5333,0.0006808
1695,98,77,29,10,77.8831,0.00441392
1696,12,12,0,24,12,2.864e-05
1697,60,60,0,120,12.05,0.0001592
1698,35,29,6,8,77.2414,0.0015256
1699,22,22,0,44,12.0455,5.264e-05
1700,25,18,7,8,71.1667,0.00087392
1701,38,32,11,8,69.2812,0.00171988
1702,23,15,8,8,74.2,0.00072724
1703,138,125,14,8,75.96,0.0073538
1704,15,15,0,30,12,3.712e-05
1705,25,25,0,50,12.04,6.016e-05
1706,13,13,0,26,12,3.232e-05
1707,83,83,0,166,12.0482,0.0001856
1708,30,30,0,60,12.0333,6.256e-05
1709,52,48,4,10,75.5208,0.0026652
1710,74,58,16,8,78.1552,0.00329144
1711,35,35,0,70,12.0571,8.224e-05
1712,48,48,0,96,12.0417,0.00011472
1713,36,36,0,8,66.9167,0.00198444
1714,14,14,0,8,69.2857,0.00066068
1715,19,19,0,38,12.0526,3.968e-05
1716,106,93,13,10,80.2366,0.00536624
1717,8,8,0,16,12,1.68e-05
1718,23,23,0,8,76.8261,0.0011884
1719,68,68,0,136,12.0588,0.00016944
1720,13,13,0,26,12,2.72e-05
1721,103,92,11,8,79.0978,0.00533424
1722,33,22,11,8,73.3636,0.00112904
1723,79,79,0,158,12.0506,0.00018592
1724,20,20,0,40,12.05,5.168e-05
1725,36,26,10,8,76.0385,0.00137412
1726,11,10,1,8,83.8,0.0004262
1727,76,65,11,8,79.5692,0.00374192
1728,18,18,0,36,12.0556,4.176e-05
1729,81,69,12,8,82.6812,0.00398772
1730,7,7,0,14,12,1.472e-05
1731,146,127,19,8,69.0315,0.00749248
1732,52,52,0,104,12.0577,0.0001304
1733,59,59,0,118,12.0508,0.00014464
1734,115,115,0,230,12.0609,0.00029216
1735,71,63,8,8,79.4286,0.0035944
1736,70,54,16,8,82.3333,0.00307236
1737,54,54,0,108,12.0556,0.00012976
1738,47,40,7,8,82.625,0.00224272
1739,45,45,0,90,12.0444,0.00011552
1740,30,30,0,60,12.0333,7.472e-05
1741,80,73,7,8,59.9589,0.00418924
1742,126,119,7,8,61.6555,0.00700956
1743,44,44,0,88,12.0455,9.744e-05
1744,68,68,0,136,12.0441,0.00014608
1745,29,29,0,8,61.3793,0.00156476
1746,16,16,0,32,12,3.344e-05
1747,40,40,0,8,62.825,0.00222364
1748,21,21,0,42,12.0476,4.384e-05
1749,69,60,9,10,69.45,0.0033836
1750,38,38,0,76,12.0526,8.592e-05
1751,13,13,0,8,75.5385,0.00061072
1752,10,10,0,8,76.2,0.00038444
1753,8,8,0,16,12,1.68e-05
1754,25,19,6,8,67,0.00096676
1755,6,6,0,12,12,1.264e-05
1756,16,16,0,32,12,3.92e-05
1757,21,19,2,8,63,0.00093588
1758,24,23,1,8,72.2174,0.0012112
1759,31,28,3,8,71.5,0.0014676
1760,29,29,0,8,76,0.00157628
1761,12,12,0,24,12,2.512e-05
1762,13,13,0,26,12,2.72e-05
1763,18,18,0,36,12.0556,3.984e-05
1764,46,46,0,8,70.5217,0.00260508
1765,16,16,0,32,12,3.344e-05
1766,24,24,0,48,12.0417,5.008e-05
1767,181,148,41,8,57.9324,0.00877548
1768,102,102,0,204,12.0588,0.0002616
1769,19,19,0,8,72.6316,0.00094316
1770,11,11,0,22,12,2.304e-05
1771,36,36,0,8,68.4167,0.0019862
1772,53,53,0,8,73.3019,0.00298012
1773,19,19,0,38,12.0526,3.968e-05
1774,32,32,0,8,68.125,0.00175132
1775,28,28,0,56,12.0357,5.84e-05
1776,17,17,0,34,12,3.552e-05
1777,10,10,0,8,64.4,0.00042336
1778,6,6,0,12,12,1.264e-05
1779,132,122,16,10,62.2213,0.00718128
1780,71,71,0,142,12.0423,0.00015904
1781,26,17,9,8,71.3529,0.00083564
1782,34,26,8,8,69.6538,0.00136644
1783,16,16,0,32,12.0625,3.856e-05
1784,13,13,0,8,61.5385,0.00056312
1785,34,34,0,8,58.9706,0.00183752
1786,21,21,0,42,12.0476,4.928e-05
1787,22,22,0,8,66.0909,0.00110216
1788,8,8,0,16,12,1.68e-05
1789,18,18,0,36,12,3.76e-05
1790,12,12,0,24,12,2.512e-05
1791,45,41,4,8,67,0.00225832
1792,28,28,0,8,70.1786,0.00148292
1793,24,24,0,48,12.0417,5.392e-05
1794,753,726,31,8,69.6956,0.0437032
1795,15,15,0,30,12,3.136e-05
1796,423,423,0,846,12.0544,0.000936
1797,81,78,3,8,74.9744,0.00448864
1798,57,57,0,114,12.0526,0.00013792
1799,60,55,5,8,76.5273,0.00311936
1800,163,155,8,8,69.4,0.00917628
1801,8,6,2,8,67,0.00017088
1802,31,31,0,62,12.0323,6.56e-05
1803,94,94,0,188,12.0532,0.00021744
1804,80,67,13,8,60,0.0038254
1805,5,5,0,10,12,1.056e-05
1806,28,24,4,10,71.5833,0.00117216
1807,49,49,0,98,12.0408,0.00011488
1808,19,19,0,38,12.0526,4.352e-05
1809,96,83,13,8,75.3614,0.00483548
1810,52,52,0,104,12.0577,0.000124
1811,39,31,8,8,75.1935,0.00169484
1812,24,24,0,48,12.0417,6.16e-05
1813,64,60,4,8,76.1667,0.00341392
1814,86,73,13,10,75.5342,0.00420184
1815,33,33,0,66,12.0303,7.136e-05
1816,10,10,0,8,74.8,0.00042256
1817,32,27,5,10,76.4074,0.00134632
1818,63,63,0,126,12.0476,0.00015904
1819,6,6,0,12,12,1.264e-05
1820,23,23,0,46,12.0435,5.28e-05
1821,61,61,0,8,70.8033,0.00345776
1822,32,32,0,64,12.0312,6.672e-05
1823,40,40,0,8,56.55,0.00220672
1824,21,21,0,42,12.0476,4.384e-05
1825,12,12,0,8,50.9167,0.00052624
1826,7,7,0,14,12,1.472e-05
1827,21,21,0,8,56.5238,0.00108152
1828,25,25,0,8,63.84,0.0013232
1829,12,12,0,24,12,2.512e-05
1830,55,55,0,8,60.0545,0.0031488
1831,14,14,0,28,12,2.928e-05
1832,29,29,0,58,12.0345,6.048e-05
1833,21,21,0,8,35.5714,0.001045
1834,12,12,0,24,12,2.512e-05
1835,44,44,0,8,46.6364,0.00245516
1836,23,23,0,46,12.0435,4.8e-05
1837,10,10,0,8,51.4,0.00039628
1838,6,6,0,12,12,1.264e-05
1839,46,46,0,8,47.7609,0.00260556
1840,24,24,0,48,12.0417,5.008e-05
1841,189,155,44,8,74.1742,0.00914488
1842,114,114,0,228,12.0614,0.00030384
1843,19,19,0,8,69.9474,0.00091908
1844,11,11,0,22,12,2.304e-05
1845,27,27,0,8,61.7037,0.00140124
1846,15,15,0,30,12,3.136e-05
1847,29,29,0,8,36.7241,0.00154576
1848,16,16,0,32,12,3.344e-05
1849,68,68,0,8,53.3529,0.00392548
1850,35,35,0,70,12.0286,7.296e-05
1851,50,50,0,8,65,0.00282228
1852,26,26,0,52,12.0385,5.424e-05
1853,11,11,0,8,62.1818,0.00044192
1854,7,7,0,14,12,1.472e-05
1855,12,12,0,8,59.75,0.000529
1856,454,381,87,8,79.5669,0.0228344
1857,7,7,0,14,12,1.472e-05
1858,313,313,0,626,12.0671,0.00086176
1859,50,39,12,8,78.3846,0.00213716
1860,93,76,23,10,82.0395,0.00433296
1861,28,28,0,56,12.0357,7.024e-05
1862,69,69,0,138,12.058,0.0001792
1863,49,33,27,8,81.4545,0.00176896
1864,40,34,6,8,84.8824,0.00185812
1865,57,51,7,8,84.2353,0.002908
1866,27,27,0,54,12.037,6.528e-05
1867,302,272,32,8,79.7096,0.0162457
1868,26,26,0,52,12.0385,6.224e-05
1869,39,39,0,78,12.0513,9.504e-05
1870,192,192,0,384,12.0573,0.00044624
1871,56,45,11,8,84.5333,0.0025342
1872,47,34,14,8,83.9118,0.00182608
1873,40,40,0,80,12.05,0.0001016
1874,192,171,27,8,79.883,0.0101436
1875,26,26,0,52,12.0385,6.704e-05
1876,116,116,0,232,12.0517,0.00026
1877,153,136,17,8,80.9632,0.0080004
1878,22,12,10,8,85.5833,0.00053336
1879,42,32,19,12,83.0625,0.00163936
1880,104,104,0,208,12.0577,0.0002504
1881,11,11,0,22,12,2.528e-05
1882,31,31,0,62,12.0323,7.712e-05
1883,45,42,3,6,81.2381,0.00236432
1884,30,21,10,8,81.6667,0.00107448
1885,36,36,0,72,12.0556,8.592e-05
1886,18,18,0,36,12.0556,4.336e-05
1887,45,34,11,10,79.7059,0.00182944
1888,40,26,15,8,80.9231,0.00135956
1889,32,32,0,64,12.0625,8.592e-05
1890,23,23,0,46,12.0435,5.6e-05
1891,100,76,36,10,80.2763,0.00431448
1892,60,60,0,120,12.05,0.00015952
1893,85,79,6,8,80.4051,0.00455992
1894,73,57,16,8,78.0175,0.00326932
1895,114,98,17,8,81.1122,0.00571668
1896,51,51,0,102,12.0588,0.00012064
1897,44,44,0,88,12.0455,9.936e-05
1898,78,78,0,156,12.0513,0.00018448
1899,18,17,1,8,78.9412,0.00080976
1900,67,59,8,8,82.5763,0.00337016
1901,10,10,0,20,12,2.16e-05
1902,47,47,0,94,12.0426,0.00010976
1903,114,92,24,8,84.6413,0.00535484
1904,46,45,1,8,78.6667,0.00249412
1905,76,76,0,152,12.0526,0.00020048
1906,38,38,0,76,12.0526,8.56e-05
1907,149,136,13,8,80.9926,0.00803048
1908,101,101,0,202,12.0594,0.00024224
1909,42,32,13,8,79.2812,0.00173536
1910,42,32,10,8,81.5625,0.00173812
1911,23,15,14,8,80.4,0.00069096
1912,22,22,0,44,12.0455,5.424e-05
1913,26,26,0,52,12.0385,6.16e-05
1914,49,38,13,10,83.0789,0.00211264
1915,12,12,0,24,12,2.896e-05
1916,125,112,13,8,76.2946,0.00654304
1917,94,85,9,8,82.5176,0.00492704
1918,35,35,0,70,12.0571,9.632e-05
1919,69,69,0,138,12.0435,0.00015008
1920,62,62,0,124,12.0484,0.00014288
1921,56,42,15,8,79.619,0.00231684
1922,26,14,19,8,75.5,0.0006604
1923,34,34,0,68,12.0294,7.76e-05
1924,9,9,0,18,12,1.888e-05
1925,42,31,11,10,84.6129,0.00161328
1926,17,11,6,8,79.1818,0.000468
1927,72,65,7,8,83.9385,0.00375424
1928,31,21,18,8,72.7143,0.00104768
1929,26,26,0,52,12.0385,6.736e-05
1930,9,9,0,18,12,2.016e-05
1931,43,43,0,86,12.0465,9.568e-05
1932,12,12,0,24,12,2.512e-05
1933,32,22,10,8,76,0.001154
1934,80,72,8,10,83.4028,0.00413296
1935,25,18,7,8,85.1111,0.00090456
1936,61,61,0,122,12.0492,0.00015008
1937,15,15,0,30,12,3.776e-05
1938,21,17,4,8,82.1176,0.00084836
1939,82,69,14,8,76.0435,0.00394776
1940,12,12,0,24,12,2.736e-05
1941,47,47,0,94,12.0426,0.0001088
1942,8,8,0,8,76,0.00030396
1943,11,11,0,8,72.2727,0.00043992
1944,5,5,0,10,12,1.056e-05
1945,7,7,0,14,12,1.472e-05
1946,18,17,1,8,73.8235,0.00083804
1947,9,9,0,8,77.1111,0.00034332
1948,42,39,3,8,73.7179,0.00217416
1949,27,15,14,8,69.8667,0.00071436
1950,10,10,0,20,12,2.16e-05
1951,655,621,34,8,64.7681,0.037333
1952,6,6,0,12,12,1.264e-05
1953,32,32,0,64,12.0312,7.248e-05
1954,13,13,0,26,12,3.232e-05
1955,369,369,0,738,12.0542,0.00081024
1956,10,10,0,8,73.2,0.00042736
1957,6,6,0,12,12,1.264e-05
1958,41,38,3,8,76.8158,0.002065
1959,17,16,1,8,74.4375,0.00077272
1960,142,126,16,8,79.7937,0.00741596
1961,23,23,0,46,12.0435,5.152e-05
1962,9,9,0,18,12,1.92e-05
1963,89,89,0,178,12.0562,0.00022144
1964,22,21,1,8,82.1905,0.0010888
1965,12,12,0,24,12,2.576e-05
1966,250,231,20,8,75.5281,0.0137559
1967,9,9,0,8,80.1111,0.00031424
1968,33,31,2,8,81.6452,0.0016818
1969,169,169,0,338,12.0592,0.0004352
1970,89,77,12,8,79.9481,0.00447568
1971,6,6,0,12,12,1.264e-05
1972,18,18,0,36,12.0556,3.76e-05
1973,48,36,12,8,77.9722,0.00195892
1974,55,55,0,110,12.0545,0.00013152
1975,31,31,0,62,12.0323,7.488e-05
1976,22,22,0,8,75.2727,0.0011522
1977,77,69,8,10,84.4348,0.00391008
1978,12,12,0,24,12,2.512e-05
1979,56,56,0,112,12.0536,0.0001448
1980,39,29,14,8,79.9655,0.00156436
1981,20,15,5,8,80.8667,0.00069168
1982,22,22,0,44,12.0455,5.2e-05
1983,11,11,0,22,12,2.592e-05
1984,9,9,0,8,72.6667,0.00034888
1985,37,34,3,8,82.1765,0.00183276
1986,201,183,21,8,75.8689,0.0108607
1987,6,6,0,12,12,1.264e-05
1988,20,20,0,40,12.05,4.336e-05
1989,133,133,0,266,12.0526,0.00031104
1990,53,49,4,8,76.3265,0.00277588
1991,40,30,10,8,79.5667,0.0016308
1992,34,34,0,68,12.0294,7.6e-05
1993,23,23,0,46,12.0435,5.376e-05
1994,22,19,3,8,72.0526,0.00096392
1995,93,76,18,10,80.0132,0.00432792
1996,62,57,5,8,79.2456,0.00321964
1997,12,12,0,24,12,2.736e-05
1998,64,64,0,128,12.0625,0.00018
1999,41,41,0,82,12.0488,9.408e-05
2000,28,26,2,10,74.4615,0.00133376
2001,20,20,0,40,12.05,4.496e-05
2002,19,19,0,38,12.0526,4.352e-05
2003,16,16,0,8,72.5625,0.00077792
2004,84,74,10,10,79.4459,0.004238
2005,9,9,0,18,12,1.888e-05
2006,51,51,0,102,12.0588,0.00012672
2007,10,10,0,8,78.1,0.00042288
2008,6,6,0,12,12,1.264e-05
2009,100,80,22,10,72.9375,0.00459664
2010,63,63,0,126,12.0635,0.00016768
2011,120,106,18,8,74.0849,0.0061898
2012,81,68,14,8,82.4265,0.00391872
2013,71,71,0,142,12.0563,0.00016704
2014,55,55,0,110,12.0545,0.00014208
2015,231,199,38,10,79.4874,0.0118298
2016,104,95,9,8,75.6421,0.00554912
2017,78,71,7,8,78.2113,0.00411668
2018,61,61,0,122,12.0492,0.0001472
2019,46,37,16,8,76.3784,0.00200584
2020,43,43,0,86,12.0465,9.664e-05
2021,26,26,0,52,12.0385,5.808e-05
2022,8,8,0,8,68.375,0.00027348
2023,5,5,0,10,12,1.056e-05
2024,38,38,0,8,77.6842,0.00207716
2025,20,20,0,40,12.05,4.176e-05
2026,22,20,2,10,87.3,0.00102528
2027,237,213,24,10,82.6667,0.012656
2028,14,14,0,28,12,3.152e-05
2029,31,31,0,8,83.4839,0.0016478
2030,175,175,0,350,12.0629,0.00048224
2031,17,17,0,34,12,3.552e-05
2032,59,43,16,8,79.6977,0.00240096
2033,63,55,12,8,72.0364,0.00310748
2034,34,34,0,68,12.0588,9.36e-05
2035,35,35,0,70,12.0571,7.904e-05
2036,224,218,6,8,69.6468,0.0129783
2037,132,132,0,264,12.053,0.0002968
2038,23,15,8,8,78.8667,0.00069232
2039,13,13,0,26,12,3.232e-05
2040,35,35,0,8,71.0571,0.00193356
2041,19,19,0,38,12.0526,3.968e-05
2042,21,21,0,8,75.9524,0.00103692
2043,12,12,0,24,12,2.512e-05
2044,105,81,29,10,78.0864,0.00470624
2045,65,65,0,130,12.0615,0.00017408
2046,46,37,10,8,82.6757,0.0020452
2047,42,34,8,10,81.3235,0.00178912
2048,115,102,18,8,66.6569,0.0059734
2049,30,30,0,60,12.0333,7.856e-05
2050,29,29,0,58,12.0345,7.36e-05
2051,67,67,0,134,12.0448,0.00015584
2052,26,21,5,8,84.4286,0.00103812
2053,68,60,8,8,70.15,0.00342012
2054,17,17,0,34,12.0588,3.936e-05
2055,39,39,0,78,12.0513,9.312e-05
2056,33,33,0,8,80.7879,0.00178824
2057,18,18,0,36,12,3.76e-05
2058,27,27,0,8,62.4444,0.00142636
2059,15,15,0,30,12,3.136e-05
2060,76,61,16,10,79.377,0.00343264
2061,183,183,0,366,12.0656,0.00051072
2062,49,49,0,98,12.0612,0.00012544
2063,39,27,13,8,81.4444,0.00142616
2064,20,20,0,40,12.05,4.944e-05
2065,90,73,17,8,79.6438,0.00421844
2066,14,13,1,8,86.2308,0.00056532
2067,48,37,18,10,80.8919,0.00205224
2068,326,294,40,8,64.102,0.0175655
2069,60,60,0,120,12.05,0.00015792
2070,7,7,0,14,12,1.504e-05
2071,42,32,16,8,76.6562,0.00173056
2072,33,33,0,66,12.0606,8.128e-05
2073,190,190,0,380,12.0526,0.00042032
2074,30,30,0,60,12.0333,7.216e-05
2075,45,40,5,10,79.9,0.00223864
2076,67,56,12,10,84.3214,0.00312112
2077,29,29,0,58,12.0345,7.104e-05
2078,46,46,0,92,12.0435,0.00011856
2079,88,79,9,10,80.4557,0.00452944
2080,68,54,14,10,83.1296,0.00306792
2081,69,69,0,138,12.058,0.00017728
2082,49,42,11,8,81.4286,0.00234536
2083,45,45,0,90,12.0444,0.00011424
2084,76,67,12,8,75.8507,0.0038558
2085,28,28,0,56,12.0357,6.416e-05
2086,82,74,8,8,76.5,0.00428116
2087,47,47,0,94,12.0426,0.00010688
2088,50,50,0,100,12.04,0.00011344
2089,33,33,0,8,76.6061,0.00176272
2090,39,35,4,10,85.4,0.00183632
2091,18,18,0,36,12.0556,3.76e-05
2092,30,30,0,60,12.0333,7.088e-05
2093,43,36,7,8,75.8889,0.00199056
2094,23,17,6,8,77.5882,0.00084484
2095,26,26,0,52,12.0385,6.48e-05
2096,434,414,25,8,68.0821,0.0248573
2097,28,28,0,8,71.0714,0.0014778
2098,13,13,0,26,12,3.008e-05
2099,239,239,0,478,12.0544,0.00052288
2100,15,15,0,30,12,3.136e-05
2101,37,37,0,8,66.9189,0.0020302
2102,20,20,0,40,12.05,4.176e-05
2103,221,177,57,10,79.8531,0.0105024
2104,141,141,0,282,12.0638,0.0003712
2105,132,105,38,10,75.419,0.00610464
2106,90,90,0,180,12.0667,0.00024304
2107,71,71,0,8,72.6056,0.00409376
2108,37,37,0,74,12.0541,7.712e-05
2109,18,18,0,8,74.7778,0.0008592
2110,10,10,0,20,12,2.096e-05
2111,28,28,0,8,73.8929,0.00146296
2112,15,15,0,8,60.2,0.00068136
2113,15,15,0,30,12,3.136e-05
2114,60,60,0,8,69.6833,0.00341676
2115,9,9,0,18,12,1.888e-05
2116,31,31,0,62,12.0323,6.464e-05
2117,50,50,0,8,66.2,0.00283
2118,26,26,0,52,12.0385,5.424e-05
2119,9,9,0,8,68.1111,0.0003678
2120,34,27,7,10,67.7778,0.00134408
2121,6,6,0,12,12,1.264e-05
2122,24,24,0,48,12.0417,5.456e-05
2123,36,36,0,8,68.5556,0.00194944
2124,33,33,0,8,69.5455,0.00176948
2125,19,19,0,38,12.0526,3.968e-05
2126,18,18,0,36,12.0556,3.76e-05
2127,24,24,0,8,61.7917,0.00122956
2128,76,75,1,8,66.0933,0.00430516
2129,13,13,0,26,12,2.72e-05
2130,38,38,0,76,12.0263,7.952e-05
2131,9,9,0,8,54.8889,0.00034472
2132,6,6,0,12,12,1.264e-05
2133,218,179,46,10,77.7486,0.0105833
2134,151,151,0,302,12.0662,0.0004288
2135,31,26,5,8,78.8077,0.00139016
2136,59,49,16,8,80.0204,0.00274
2137,17,17,0,34,12,3.744e-05
2138,37,37,0,74,12.0541,9.44e-05
2139,55,47,8,8,80.4255,0.0026242
2140,35,35,0,70,12.0571,8.16e-05
2141,16,16,0,8,74.875,0.00078784
2142,202,173,43,10,80.9827,0.010268
2143,9,9,0,18,12,1.888e-05
2144,64,54,10,10,82.8889,0.00305672
2145,143,143,0,286,12.0629,0.00036544
2146,42,42,0,84,12.0476,0.00010704
2147,51,42,9,8,82.5952,0.00236328
2148,113,102,11,8,60.8137,0.00596604
2149,33,33,0,66,12.0606,8.576e-05
2150,63,63,0,126,12.0476,0.00014112
2151,49,48,1,8,81.8958,0.00269976
2152,25,25,0,50,12.04,5.28e-05
2153,36,30,6,8,79.6667,0.00163224
2154,20,20,0,40,12.05,4.496e-05
2155,50,50,0,8,68.38,0.0028434
2156,25,25,0,8,62.44,0.0012958
2157,26,26,0,52,12.0385,5.424e-05
2158,14,14,0,28,12,2.928e-05
2159,29,29,0,8,48.7931,0.00156852
2160,11,11,0,8,46.7273,0.00044664
2161,16,16,0,32,12,3.344e-05
2162,7,7,0,14,12,1.472e-05
2163,209,175,40,8,72.2743,0.010359
2164,131,131,0,262,12.0611,0.0003504
2165,17,15,2,8,71.4,0.00073136
2166,9,9,0,18,12,1.888e-05
2167,49,49,0,8,69.8163,0.00273404
2168,26,26,0,52,12.0385,5.424e-05
2169,19,19,0,8,23.8947,0.00096864
2170,11,11,0,22,12,2.304e-05
2171,120,116,4,8,60.7328,0.00679652
2172,62,62,0,124,12.0484,0.00013232
2173,20,20,0,8,55.55,0.00100388
2174,11,11,0,22,12,2.304e-05
2175,23,23,0,8,40.2609,0.001213
2176,13,13,0,26,12,2.72e-05
2177,434,373,80,10,76.6729,0.0223646
2178,319,319,0,638,12.069,0.00090432
2179,58,49,14,8,79.6735,0.0027782
2180,32,32,0,64,12.0312,7.248e-05
2181,20,19,1,10,79,0.00087248
2182,38,34,4,8,75.2647,0.001859
2183,53,40,14,8,75.825,0.00220964
2184,13,13,0,26,12,2.88e-05
2185,27,27,0,54,12.037,6.56e-05
2186,33,33,0,66,12.0606,8e-05
2187,196,166,32,10,82,0.0098516
2188,60,46,17,8,81.9783,0.00257876
2189,148,148,0,296,12.0608,0.00039504
2190,31,31,0,62,12.0323,7.584e-05
2191,66,58,8,8,82.0345,0.00331364
2192,79,51,39,8,78.3725,0.00288624
2193,45,36,9,8,73.25,0.00195152
2194,48,48,0,96,12.0417,0.00011632
2195,49,49,0,98,12.0408,0.00012032
2196,26,26,0,52,12.0385,5.808e-05
2197,22,18,4,8,84.9444,0.00089596
2198,21,15,6,8,83.1333,0.00070652
2199,11,11,0,22,12,2.304e-05
2200,127,115,13,8,73.9217,0.0067634
2201,11,11,0,22,12,2.528e-05
2202,55,54,1,8,79.037,0.00305368
2203,77,77,0,154,12.0519,0.00017696
2204,39,39,0,78,12.0513,8.768e-05
2205,33,33,0,8,72.4545,0.0018172
2206,18,18,0,36,12,3.76e-05
2207,37,37,0,8,61.8649,0.0020086
2208,20,20,0,40,12.05,4.176e-05
2209,38,36,2,8,56.5556,0.00198068
2210,227,195,32,10,81.2667,0.0115421
2211,20,20,0,40,12.05,4.208e-05
2212,160,160,0,320,12.0625,0.00040624
2213,59,48,11,10,82.0417,0.00264912
2214,83,68,18,8,82.9706,0.00388072
2215,41,41,0,82,12.0488,0.00010656
2216,152,141,19,8,64.8014,0.00831228
2217,54,54,0,108,12.0556,0.00013456
2218,106,93,21,8,65,0.005401
2219,83,83,0,166,12.0482,0.00018336
2220,63,63,0,126,12.0476,0.00014912
2221,20,14,6,8,67.0714,0.00065616
2222,11,11,0,22,12,2.592e-05
2223,16,16,0,8,87.375,0.00077004
2224,108,98,14,8,51.8265,0.00572764
2225,9,9,0,18,12,1.888e-05
2226,43,40,3,8,79.675,0.00221512
2227,70,70,0,140,12.0571,0.00015952
2228,82,66,16,10,81.3939,0.00378328
2229,31,31,0,62,12.0323,7.04e-05
2230,56,56,0,112,12.0536,0.00014544
2231,11,11,0,8,82.2727,0.000462
2232,187,180,7,8,59,0.0107065
2233,27,22,5,10,76.5,0.00110584
2234,7,7,0,14,12,1.472e-05
2235,105,105,0,210,12.0476,0.0002272
2236,24,24,0,8,78.7083,0.00125084
2237,18,18,0,36,12.0556,4.528e-05
2238,13,13,0,26,12,2.72e-05
2239,28,28,0,8,50.9286,0.00147596
2240,15,15,0,30,12,3.136e-05
2241,8,8,0,8,44.5,0.00027644
2242,5,5,0,10,12,1.056e-05
2243,30,30,0,8,64.9,0.00158708
2244,16,16,0,32,12,3.344e-05
2245,91,82,9,10,76.1585,0.00468488
2246,50,50,0,100,12.04,0.00011312
2247,5,5,0,8,43.6,0.0001042
2248,4,4,0,8,12,8.48e-06
2249,31,31,0,8,34.4516,0.00168232
2250,17,17,0,34,12,3.552e-05
2251,28,28,0,8,37.7857,0.00148432
2252,15,15,0,30,12,3.136e-05
2253,31,31,0,8,42.129,0.00169688
2254,17,17,0,34,12,3.552e-05
2255,32,32,0,8,43.25,0.00175444
2256,17,17,0,34,12,3.552e-05
2257,6,6,0,8,47.5,0.0001834
2258,9,9,0,8,51.2222,0.00034924
2259,4,4,0,8,12,8.48e-06
2260,6,6,0,12,12,1.264e-05
2261,186,140,64,10,66.5857,0.00820424
2262,105,105,0,210,12.0571,0.00027776
2263,120,109,12,8,75.844,0.00637604
2264,76,76,0,152,12.0526,0.0001864
2265,12,12,0,8,82.75,0.000534
2266,25,17,16,8,71.1176,0.00081308
2267,7,7,0,14,12,1.472e-05
2268,15,15,0,30,12,3.776e-05
2269,326,293,34,8,79.959,0.0174996
2270,7,7,0,8,74.2857,0.00021224
2271,230,230,0,460,12.0609,0.00058736
2272,93,81,12,6,84.3951,0.00472344
2273,134,118,18,10,84.4322,0.00687952
2274,224,206,18,8,63.3204,0.0122778
2275,5,5,0,10,12,1.056e-05
2276,53,53,0,106,12.0566,0.00012832
2277,102,102,0,204,12.0588,0.00027728
2278,142,142,0,284,12.0493,0.00031824
2279,13,10,3,8,73.7,0.000379
2280,7,7,0,14,12,1.568e-05
2281,30,26,4,10,80.7692,0.001356
2282,27,18,13,8,73.7778,0.00086484
2283,15,10,9,8,60.6,0.00042428
2284,21,21,0,42,12.0476,4.8e-05
2285,16,16,0,32,12.0625,3.984e-05
2286,9,9,0,18,12,2.016e-05
2287,94,76,23,8,74.2895,0.00438712
2288,63,49,14,10,85.7959,0.002782
2289,72,66,6,10,80.7273,0.00372144
2290,63,55,8,8,73.5818,0.0031296
2291,62,62,0,124,12.0645,0.000164
2292,54,54,0,108,12.0556,0.00013552
2293,41,41,0,82,12.0488,9.792e-05
2294,20,16,4,8,80.25,0.00078748
2295,169,154,21,8,60.6039,0.00910632
2296,12,12,0,24,12,2.832e-05
2297,95,95,0,190,12.0526,0.00021568
2298,29,29,0,8,83.3793,0.00153192
2299,16,16,0,32,12,3.344e-05
2300,10,10,0,8,72.5,0.00038332
2301,6,6,0,12,12,1.264e-05
2302,52,52,0,8,58.5962,0.00291904
2303,10,10,0,8,59.5,0.00040828
2304,27,27,0,54,12.037,5.632e-05
2305,7,7,0,8,57.7143,0.00022892
2306,6,6,0,12,12,1.264e-05
2307,5,5,0,10,12,1.056e-05
2308,103,102,1,8,60.6471,0.00593732
2309,52,52,0,104,12.0385,0.00010864
2310,24,24,0,8,67.4167,0.00121848
2311,13,13,0,26,12,2.72e-05
2312,25,25,0,8,57.6,0.00128924
2313,14,14,0,28,12,2.928e-05
2314,66,66,0,6,57.3939,0.00381648
2315,34,34,0,68,12.0294,7.088e-05
2316,94,81,15,8,72.7901,0.00466936
2317,48,48,0,96,12.0417,0.00010768
2318,50,35,15,8,75.3714,0.00188988
2319,65,60,5,10,80.0833,0.00337376
2320,26,26,0,52,12.0385,6.672e-05
2321,54,54,0,108,12.0556,0.00013328
2322,91,66,32,8,80.1515,0.00377728
2323,36,26,11,8,79.1923,0.00137096
2324,74,68,6,8,75.4265,0.00391832
2325,50,50,0,100,12.06,0.00013264
2326,22,22,0,44,12.0455,5.456e-05
2327,42,42,0,84,12.0476,9.2e-05
2328,41,33,8,8,77,0.00180048
2329,57,46,18,8,78.6304,0.00255708
2330,26,26,0,52,12.0385,6.448e-05
2331,345,331,15,8,73.6012,0.0198126
2332,16,15,1,8,81.4667,0.0007302
2333,35,35,0,70,12.0571,8.128e-05
2334,205,205,0,410,12.0537,0.00045664
2335,9,9,0,18,12,1.888e-05
2336,66,55,11,10,78.0909,0.00307248
2337,44,44,0,88,12.0455,0.00010416
2338,47,46,1,8,78.6087,0.00257808
2339,25,25,0,50,12.04,5.312e-05
2340,28,22,8,8,77.8636,0.00115388
2341,44,33,11,8,82.6061,0.0018038
2342,10,8,2,8,81.625,0.00026176
2343,14,14,0,28,12,2.992e-05
2344,29,29,0,58,12.0345,7.36e-05
2345,17,17,0,8,81.2353,0.000824
2346,5,5,0,10,12,1.12e-05
2347,303,227,125,8,71.7048,0.0134995
2348,10,10,0,20,12,2.096e-05
2349,85,67,19,10,80.8657,0.00383976
2350,12,12,0,8,82.0833,0.00049328
2351,207,207,0,414,12.058,0.00051776
2352,60,60,0,120,12.0667,0.00017264
2353,41,30,17,8,70.0667,0.0015906
2354,38,28,10,8,79.4286,0.0015126
2355,7,7,0,14,12,1.472e-05
2356,77,69,8,10,79.6232,0.00393232
2357,30,20,18,8,74.25,0.00098996
2358,176,165,13,8,75.9697,0.00980016
2359,26,26,0,52,12.0385,6.448e-05
2360,21,21,0,42,12.0476,4.896e-05
2361,66,66,0,132,12.0455,0.00016016
2362,17,17,0,34,12.0588,4.192e-05
2363,124,124,0,248,12.0565,0.00028656
2364,176,164,16,8,67.6646,0.0096924
2365,65,58,12,8,83.9828,0.00332636
2366,100,100,0,200,12.05,0.00022352
2367,36,36,0,72,12.0556,8.048e-05
2368,30,25,5,8,82.08,0.00128736
2369,48,42,6,8,82.6667,0.00235248
2370,18,18,0,36,12.0556,4.336e-05
2371,30,30,0,60,12.0333,6.992e-05
2372,39,39,0,78,12.0513,0.0001008
2373,36,30,6,8,84.3,0.00162088
2374,26,26,0,52,12.0385,5.936e-05
2375,36,24,14,8,66.9583,0.00127308
2376,87,74,19,8,67.7297,0.00429116
2377,22,22,0,44,12.0455,6.032e-05
2378,46,46,0,92,12.0435,0.0001016
2379,9,9,0,8,59.4444,0.00036044
2380,18,18,0,8,66.7222,0.00087852
2381,6,6,0,12,12,1.264e-05
2382,10,10,0,20,12,2.096e-05
2383,11,11,0,8,55.9091,0.00046084
2384,7,7,0,14,12,1.472e-05
2385,18,18,0,8,48,0.00088052
2386,10,10,0,20,12,2.096e-05
2387,145,120,33,8,73.1333,0.0070636
2388,82,82,0,164,12.061,0.00021008
2389,107,89,19,8,83.6517,0.00517748
2390,66,66,0,132,12.0606,0.00016976
2391,19,17,2,8,75.8235,0.00081428
2392,42,39,3,8,76.5385,0.0021816
2393,10,10,0,20,12,2.096e-05
2394,30,30,0,60,12.0333,6.832e-05
2395,155,134,21,10,78.5149,0.00790344
2396,104,104,0,208,12.0577,0.0002744
2397,8,8,0,8,74.875,0.00027684
2398,5,5,0,10,12,1.056e-05
2399,101,100,1,8,68.71,0.00583192
2400,51,51,0,102,12.0392,0.00010688
2401,51,51,0,8,65.4706,0.00290116
2402,27,27,0,54,12.037,5.632e-05
2403,100,86,15,10,79.1512,0.00492952
2404,26,26,0,8,68.5,0.0013718
2405,148,131,20,8,76.2519,0.00773092
2406,69,69,0,138,12.058,0.0001808
2407,14,14,0,28,12,2.928e-05
2408,91,91,0,182,12.0549,0.00022688
2409,28,20,8,8,77.9,0.00100744
2410,18,18,0,36,12.0556,4.304e-05
2411,74,66,8,8,74.6061,0.00377008
2412,37,30,7,8,80.4667,0.00161096
2413,43,43,0,86,12.0465,0.00010176
2414,21,21,0,42,12.0476,5.184e-05
2415,11,11,0,8,62.2727,0.00043932
2416,56,56,0,8,75.6071,0.0031606
2417,7,7,0,14,12,1.472e-05
2418,29,29,0,58,12.0345,6.048e-05
2419,16,16,0,8,26.75,0.0007744
2420,9,9,0,18,12,1.888e-05
2421,12,12,0,8,31.8333,0.00051804
2422,7,7,0,14,12,1.472e-05
2423,20,20,0,8,30.25,0.00099688
2424,11,11,0,22,12,2.304e-05
2425,110,99,11,8,63.4444,0.00577928
2426,57,57,0,114,12.0526,0.00012544
2427,19,19,0,8,47.3158,0.00094584
2428,11,11,0,22,12,2.304e-05
2429,98,93,5,10,75.129,0.00535288
2430,57,57,0,114,12.0526,0.00012224
2431,27,20,7,8,72.5,0.0010036
2432,157,153,4,8,56.1961,0.00907148
2433,13,13,0,26,12,2.784e-05
2434,86,86,0,172,12.0465,0.00018416
2435,112,106,6,10,72.1604,0.00613464
2436,77,77,0,154,12.0519,0.000192
2437,16,16,0,8,71.3125,0.00079208
2438,5,5,0,8,72.4,0.0001138
2439,9,9,0,18,12,1.888e-05
2440,4,4,0,8,12,8.48e-06
2441,7,7,0,8,39.1429,0.00020688
2442,5,5,0,10,12,1.056e-05
2443,24,24,0,8,48.7083,0.0012222
2444,13,13,0,26,12,2.72e-05
2445,110,92,18,10,76.8913,0.005278
2446,47,39,8,8,64.8718,0.0021338
2447,70,70,0,140,12.0571,0.0001848
2448,21,21,0,42,12.0476,4.416e-05
2449,89,80,14,10,75.9,0.00464984
2450,54,54,0,108,12.0556,0.00013168
2451,81,70,11,10,75.3429,0.0039804
2452,19,12,8,8,83.0833,0.00051864
2453,50,50,0,100,12.04,0.00011312
2454,9,9,0,18,12,1.952e-05
2455,67,67,0,8,53.5821,0.00385728
2456,35,35,0,70,12.0286,7.296e-05
2457,61,55,6,8,64.4909,0.00314048
2458,125,112,13,10,74.2946,0.00651504
2459,33,33,0,66,12.0303,7.456e-05
2460,89,89,0,178,12.0562,0.00022752
2461,122,107,15,10,80.6355,0.006204
2462,91,91,0,182,12.0549,0.00022848
2463,214,199,15,8,78.7085,0.0118465
2464,13,13,0,8,81.9231,0.00059188
2465,8,8,0,16,12,1.68e-05
2466,140,107,40,8,81.8037,0.00627176
2467,15,15,0,8,70.6667,0.00070864
2468,31,31,0,8,78.9355,0.00167492
2469,86,86,0,172,12.0581,0.00023216
2470,9,9,0,18,12,1.888e-05
2471,17,17,0,34,12,3.552e-05
2472,43,39,4,8,77.9487,0.00217596
2473,31,31,0,62,12.0323,7.136e-05
2474,230,207,25,10,79.5604,0.0122321
2475,162,162,0,324,12.0617,0.00041648
2476,60,48,12,8,75.1667,0.00267872
2477,37,37,0,74,12.0541,8.704e-05
2478,282,273,9,8,73.5971,0.0163143
2479,13,13,0,8,78.0769,0.00056084
2480,164,164,0,328,12.0549,0.00037424
2481,8,8,0,16,12,1.68e-05
2482,27,27,0,8,68.6296,0.00144332
2483,15,15,0,30,12,3.136e-05
2484,30,30,0,8,68.7667,0.00160148
2485,16,16,0,32,12,3.344e-05
2486,39,39,0,8,76.7179,0.00213648
2487,21,21,0,42,12.0476,4.384e-05
2488,12,12,0,8,68.0833,0.0005196
2489,49,49,0,8,61.0612,0.00278192
2490,7,7,0,14,12,1.472e-05
2491,26,26,0,52,12.0385,5.424e-05
2492,126,112,14,8,73.7589,0.00659628
2493,70,70,0,140,12.0571,0.00016784
2494,356,325,32,8,76.7754,0.019467
2495,16,14,2,8,81.0714,0.00065856
2496,85,76,9,8,71.9737,0.00436676
2497,227,227,0,454,12.0573,0.00053888
2498,8,8,0,16,12,1.744e-05
2499,46,46,0,92,12.0435,9.968e-05
2500,175,133,48,10,77.3083,0.00778192
2501,158,134,30,10,72.5896,0.0078572
2502,107,107,0,214,12.0654,0.00029152
2503,118,118,0,236,12.0593,0.00031184
2504,15,15,0,8,80.8667,0.00068224
2505,17,10,7,8,76.1,0.00040292
2506,9,9,0,18,12,1.888e-05
2507,9,9,0,18,12,1.952e-05
2508,47,47,0,8,67.4468,0.00264472
2509,25,25,0,50,12.04,5.216e-05
2510,51,51,0,8,77.9216,0.0028864
2511,27,27,0,54,12.037,5.632e-05
2512,153,153,0,306,12.0588,0.00039136
2513,91,74,26,8,76.9054,0.00424248
2514,58,58,0,116,12.0517,0.00014064
2515,49,47,2,8,81.4681,0.00260924
2516,47,43,8,8,74.5349,0.0024114
2517,25,25,0,50,12.04,5.28e-05
2518,244,232,12,8,78.3362,0.0138152
2519,87,78,9,8,80.5385,0.00451552
2520,26,26,0,52,12.0385,5.872e-05
2521,158,158,0,316,12.057,0.00038064
2522,61,61,0,122,12.0492,0.00014464
2523,228,207,21,8,77.744,0.012323
2524,23,23,0,8,71.3043,0.00116708
2525,135,135,0,270,12.0519,0.00030496
2526,311,277,34,8,82.3357,0.0165616
2527,13,13,0,26,12,2.72e-05
2528,206,206,0,412,12.0583,0.0005192
2529,21,13,14,8,83.3846,0.00055704
2530,249,230,21,8,76.6348,0.0137011
2531,135,121,21,8,80.0744,0.00711908
2532,11,11,0,22,12,2.464e-05
2533,153,134,22,8,80.403,0.00789704
2534,145,145,0,290,12.0552,0.00032736
2535,81,81,0,162,12.0494,0.00018112
2536,65,54,12,8,81.7407,0.00304
2537,92,92,0,184,12.0543,0.00022928
2538,40,40,0,80,12.05,9.36e-05
2539,47,35,12,8,77.0286,0.0018842
2540,94,82,15,8,76.5732,0.00474768
2541,31,31,0,62,12.0323,7.456e-05
2542,25,25,0,8,85.32,0.0013202
2543,57,57,0,114,12.0526,0.00013088
2544,14,14,0,28,12,2.928e-05
2545,106,100,6,8,79.71,0.00582284
2546,67,67,0,134,12.0448,0.00016128
2547,24,24,0,8,74.9583,0.00124172
2548,81,77,4,8,70.8312,0.00447504
2549,13,13,0,26,12,2.72e-05
2550,62,62,0,124,12.0484,0.00014832
2551,30,30,0,8,63.9333,0.00163216
2552,16,16,0,32,12,3.344e-05
2553,357,338,23,8,78.0533,0.0202112
2554,19,19,0,8,79.1053,0.00091908
2555,208,208,0,416,12.0529,0.00048048
2556,136,120,22,8,78.1167,0.00705832
2557,11,11,0,22,12,2.304e-05
2558,16,16,0,8,69.375,0.00077604
2559,83,83,0,166,12.0482,0.00018592
2560,9,9,0,18,12,1.888e-05
2561,48,43,5,8,80.7907,0.00240224
2562,26,26,0,52,12.0385,5.904e-05
2563,15,13,2,8,85.5385,0.00057564
2564,9,9,0,18,12,1.888e-05
2565,47,42,5,8,81.8095,0.00236356
2566,263,237,30,10,76.9662,0.0140478
2567,29,29,0,58,12.0345,6.944e-05
2568,170,170,0,340,12.0588,0.00041136
2569,13,13,0,8,86.3077,0.00056892
2570,8,8,0,16,12,1.68e-05
2571,34,25,9,8,70.68,0.00132352
2572,77,58,19,10,78.8276,0.00323712
2573,92,80,12,8,78.85,0.00463188
2574,25,16,11,8,78.375,0.00074428
2575,17,17,0,34,12,3.808e-05
2576,47,47,0,94,12.0638,0.00012544
2577,61,61,0,122,12.0492,0.0001424
2578,74,63,14,10,80.3016,0.00352816
2579,45,38,9,10,76.7368,0.00205152
2580,14,14,0,28,12,3.568e-05
2581,13,12,1,8,78.0833,0.0004924
2582,37,37,0,74,12.027,7.936e-05
2583,34,34,0,68,12.0588,8.144e-05
2584,7,7,0,14,12,1.504e-05
2585,29,26,3,8,78.3846,0.00139632
2586,159,145,14,8,78.5517,0.0085792
2587,37,28,14,8,82.6429,0.00150728
2588,20,12,13,8,82.25,0.00050628
2589,17,17,0,34,12,3.872e-05
2590,97,97,0,194,12.0515,0.00022304
2591,21,21,0,42,12.0476,4.992e-05
2592,8,8,0,16,12,1.68e-05
2593,16,16,0,8,83.125,0.00073696
2594,9,9,0,18,12,1.888e-05
2595,49,49,0,8,78.0816,0.00274104
2596,26,26,0,52,12.0385,5.424e-05
2597,364,312,61,10,81.1763,0.0186138
2598,77,62,15,8,78.0161,0.00356196
2599,281,281,0,562,12.0676,0.00080192
2600,51,51,0,102,12.0588,0.00012192
2601,27,23,4,8,78.4783,0.00116772
2602,14,14,0,28,12,3.024e-05
2603,26,20,6,10,77.95,0.00091976
2604,12,9,3,8,78.2222,0.00034448
2605,18,18,0,36,12.0556,4.368e-05
2606,17,16,1,8,80.875,0.00075308
2607,6,6,0,12,12,1.264e-05
2608,10,9,1,8,83.6667,0.00031744
2609,50,39,17,8,73.4615,0.00214484
2610,9,9,0,18,12,1.92e-05
2611,6,6,0,12,12,1.264e-05
2612,38,38,0,76,12.0526,8.976e-05
2613,167,154,13,8,72.0649,0.00910736
2614,107,107,0,214,12.0561,0.00025344
2615,30,24,6,8,78.625,0.00124216
2616,58,51,7,8,71.5098,0.00287648
2617,16,16,0,32,12,3.664e-05
2618,33,33,0,66,12.0303,7.488e-05
2619,68,64,4,8,71.3125,0.0036814
2620,41,41,0,82,12.0488,9.056e-05
2621,79,69,10,8,61.4058,0.00396328
2622,48,48,0,96,12.0417,0.0001112
2623,24,24,0,8,66.6667,0.00126036
2624,13,13,0,26,12,2.72e-05
2625,102,87,17,10,70.6667,0.0050572
2626,67,67,0,134,12.0597,0.00017344
2627,57,49,8,8,73.1633,0.00273252
2628,61,53,8,10,70.4528,0.00301408
2629,34,34,0,68,12.0588,8.4e-05
2630,43,43,0,86,12.0465,0.0001104
2631,34,33,1,8,77,0.00178768
2632,78,78,0,8,41.4103,0.00448856
2633,40,40,0,80,12.05,8.336e-05
2634,62,56,6,8,68.75,0.00315508
2635,31,31,0,8,59.8387,0.00169128
2636,128,110,20,10,76.0182,0.00646728
2637,33,33,0,66,12.0303,7.456e-05
2638,14,14,0,6,62.2857,0.00067136
2639,17,17,0,34,12,3.552e-05
2640,74,74,0,148,12.0541,0.00018288
2641,8,8,0,16,12,1.68e-05
2642,151,140,14,8,66,0.00826916
2643,124,124,0,248,12.0565,0.00029712
2644,102,81,25,10,77.8272,0.00465216
2645,197,169,38,8,69.8639,0.0100179
2646,68,68,0,136,12.0588,0.00018224
2647,122,122,0,244,12.0574,0.0003128
2648,52,48,4,10,78.4167,0.00264176
2649,60,57,3,8,80.4912,0.00324624
2650,64,54,18,8,71.3148,0.00306052
2651,32,32,0,64,12.0312,6.768e-05
2652,28,28,0,56,12.0357,5.84e-05
2653,53,42,11,8,65.8333,0.00232648
2654,70,66,4,8,58.6364,0.00380616
2655,34,26,9,8,56.6154,0.00138916
2656,33,33,0,66,12.0606,8.832e-05
2657,131,124,14,8,51.7581,0.00731616
2658,42,42,0,84,12.0476,9.264e-05
2659,21,21,0,42,12.0476,4.896e-05
2660,71,71,0,142,12.0423,0.00015232
2661,43,43,0,8,56.6977,0.00237624
2662,23,23,0,46,12.0435,4.8e-05
2663,51,51,0,8,59,0.00290132
2664,27,27,0,54,12.037,5.632e-05
2665,15,15,0,8,49.4667,0.00068832
2666,9,9,0,18,12,1.888e-05
2667,19,19,0,8,38.2632,0.00094896
2668,49,49,0,8,48.102,0.00277344
2669,11,11,0,22,12,2.304e-05
2670,26,26,0,52,12.0385,5.424e-05
2671,37,37,0,8,52.9459,0.00205356
2672,20,20,0,40,12.05,4.176e-05
2673,108,87,27,8,76.4138,0.00505576
2674,138,103,45,8,72.9029,0.00602796
2675,72,62,10,6,72.4839,0.00357456
2676,68,68,0,136,12.0588,0.00017616
2677,89,89,0,178,12.0674,0.00024416
2678,48,48,0,96,12.0625,0.00011984
2679,80,71,14,8,75.0845,0.00410508
2680,48,48,0,96,12.0417,0.00010832
2681,8,8,0,8,81.625,0.00025044
2682,5,5,0,10,12,1.056e-05
2683,6,6,0,8,57,0.00014408
2684,89,77,13,8,70.8701,0.00442852
2685,139,106,45,8,75.6132,0.00623324
2686,4,4,0,8,12,8.48e-06
2687,51,51,0,102,12.0588,0.00012544
2688,81,81,0,162,12.0617,0.0002144
2689,94,79,15,10,75.3797,0.00448632
2690,64,64,0,128,12.0625,0.00016752
2691,124,118,6,8,69.0085,0.006915
2692,10,9,1,8,65.2222,0.00034228
2693,75,75,0,150,12.0533,0.00016544
2694,113,94,24,8,77.1596,0.00549684
2695,73,73,0,146,12.0548,0.00018624
2696,33,26,7,8,75.6538,0.0013816
2697,20,20,0,40,12.05,4.72e-05
2698,29,28,1,8,62.1429,0.00147952
2699,18,18,0,36,12.0556,3.76e-05
2700,62,55,7,8,71.5818,0.00310536
2701,170,144,38,10,69.8681,0.00846824
2702,34,34,0,68,12.0294,7.664e-05
2703,23,23,0,8,70.1304,0.00116712
2704,36,31,5,8,69.7097,0.001655
2705,108,108,0,216,12.0556,0.00027024
2706,13,13,0,26,12,2.72e-05
2707,18,18,0,36,12,3.824e-05
2708,41,33,9,8,70.7879,0.00180764
2709,16,16,0,8,69.625,0.00075852
2710,24,24,0,48,12.0417,5.552e-05
2711,9,9,0,18,12,1.888e-05
2712,32,32,0,8,67.4062,0.0017266
2713,55,39,16,8,74.1538,0.0021718
2714,17,17,0,34,12.0588,3.552e-05
2715,32,32,0,64,12.0625,8.656e-05
2716,183,172,11,8,64.9419,0.010206
2717,42,42,0,84,12.0476,9.712e-05
2718,104,104,0,208,12.0481,0.00022832
2719,18,18,0,8,73.3889,0.00089252
2720,65,65,0,8,77.7692,0.00371472
2721,48,43,5,8,78.0465,0.00242092
2722,10,10,0,20,12,2.096e-05
2723,34,34,0,68,12.0294,7.088e-05
2724,31,31,0,62,12.0323,6.976e-05
2725,54,53,2,8,75.0755,0.00297628
2726,38,38,0,76,12.0526,8.56e-05
2727,314,306,8,8,60.2614,0.0182911
2728,31,31,0,8,67.7742,0.0016958
2729,178,178,0,356,12.0506,0.00038672
2730,17,17,0,34,12,3.552e-05
2731,30,30,0,8,67.0667,0.00160588
2732,22,22,0,8,62.1818,0.0011094
2733,16,16,0,32,12,3.344e-05
2734,12,12,0,24,12,2.512e-05
2735,23,23,0,8,44.1739,0.001211
2736,13,13,0,26,12,2.72e-05
2737,102,80,30,10,75.5125,0.00464256
2738,42,36,6,8,70.2222,0.00195148
2739,24,22,2,8,68,0.00110804
2740,63,63,0,126,12.0635,0.00016512
2741,54,47,7,10,79.5319,0.00266576
2742,23,23,0,46,12.0435,5.248e-05
2743,13,13,0,26,12,2.72e-05
2744,37,37,0,74,12.0541,9.44e-05
2745,288,268,30,6,73.3731,0.0160414
2746,94,79,16,10,73.2911,0.00452496
2747,154,154,0,308,12.0519,0.00034
2748,60,60,0,120,12.05,0.00015664
2749,9,9,0,8,82.7778,0.00033508
2750,6,6,0,12,12,1.264e-05
2751,34,34,0,8,53.5588,0.0018234
2752,18,18,0,36,12,3.76e-05
2753,130,108,22,8,77.0833,0.00631432
2754,63,50,20,8,71,0.00279264
2755,84,84,0,168,12.0595,0.00022576
2756,74,63,11,8,75.7937,0.00362308
2757,32,32,0,64,12.0312,7.28e-05
2758,45,45,0,90,12.0444,0.00011296
2759,45,40,5,8,70.25,0.00219796
2760,30,30,0,60,12.0333,6.768e-05
2761,71,63,8,8,62.7619,0.0036332
2762,39,39,0,78,12.0513,8.672e-05
2763,6,6,0,12,12,1.264e-05
2764,51,51,0,8,71.2353,0.0028966
2765,10,10,0,8,64.6,0.00042664
2766,15,15,0,30,12,3.136e-05
2767,27,27,0,54,12.037,5.632e-05
2768,6,6,0,12,12,1.264e-05
2769,49,49,0,8,75.9796,0.00277696
2770,39,39,0,8,73.4359,0.00213908
2771,26,26,0,52,12.0385,5.424e-05
2772,21,21,0,42,12.0476,4.384e-05
2773,125,109,16,8,74.5872,0.00640384
2774,79,79,0,158,12.0633,0.00020288
2775,28,28,0,8,66.9286,0.00147996
2776,282,253,34,8,76.6206,0.0150867
2777,130,113,21,10,77.1062,0.00661328
2778,15,15,0,30,12,3.136e-05
2779,195,195,0,390,12.0615,0.00048416
2780,104,104,0,208,12.0577,0.0002648
2781,70,62,15,8,75.0323,0.00352128
2782,54,46,8,10,72.6739,0.00259608
2783,44,44,0,88,12.0455,0.00010896
2784,243,221,27,8,79.5792,0.0131733
2785,36,36,0,72,12.0556,8.208e-05
2786,134,134,0,268,12.0522,0.00029744
2787,83,80,3,8,78.5625,0.00466
2788,96,86,10,10,81.0349,0.00496184
2789,57,57,0,114,12.0526,0.00013792
2790,60,60,0,120,12.05,0.00014416
2791,16,15,1,8,76.5333,0.00072036
2792,6,6,0,8,78,0.00017972
2793,9,9,0,18,12,1.888e-05
2794,361,342,20,8,76.9883,0.020458
2795,4,4,0,8,12,8.48e-06
2796,215,215,0,430,12.0558,0.00048384
2797,55,46,9,8,79.6739,0.00260492
2798,117,102,15,10,83.6667,0.0059084
2799,31,31,0,62,12.0323,7.392e-05
2800,74,74,0,148,12.0541,0.00018672
2801,83,78,5,10,81.9615,0.00450712
2802,11,11,0,8,79.0909,0.00047652
2803,57,57,0,114,12.0526,0.00013088
2804,7,7,0,14,12,1.472e-05
2805,9,9,0,8,82.1111,0.00034052
2806,6,6,0,12,12,1.264e-05
2807,26,20,6,8,86.1,0.00102852
2808,17,17,0,34,12,3.968e-05
2809,44,33,11,8,82.6667,0.00176596
2810,31,31,0,62,12.0645,7.904e-05
2811,31,31,0,8,78.8065,0.00164332
2812,17,17,0,34,12,3.552e-05
2813,24,18,6,8,82,0.0008724
2814,47,37,15,10,81.1892,0.00202448
2815,257,221,38,8,76.5882,0.0131756
2816,14,14,0,28,12,3.216e-05
2817,35,35,0,70,12.0571,9.216e-05
2818,149,149,0,298,12.0537,0.00033152
2819,53,52,1,10,81.7692,0.00287408
2820,115,101,14,10,80.099,0.00587096
2821,58,44,18,8,80.3864,0.0024582
2822,41,41,0,82,12.0488,9.088e-05
2823,94,94,0,188,12.0532,0.00023408
2824,38,38,0,76,12.0526,9.616e-05
2825,14,14,0,8,80.8571,0.00062228
2826,8,8,0,16,12,1.68e-05
2827,63,50,15,10,80.32,0.00278896
2828,48,46,2,10,82.3696,0.0025172
2829,175,157,18,8,81.1146,0.0092782
2830,32,23,9,8,81.6522,0.00119476
2831,43,43,0,86,12.0465,0.00010752
2832,39,39,0,78,12.0513,9.216e-05
2833,107,107,0,214,12.0561,0.0002448
2834,19,19,0,38,12.0526,4.48e-05
2835,41,39,2,8,85.5128,0.00212604
2836,24,24,0,48,12.0417,5.296e-05
2837,43,43,0,8,79.2791,0.00239424
2838,23,23,0,46,12.0435,4.8e-05
2839,119,93,28,10,82.6452,0.00543712
2840,73,73,0,146,12.0548,0.0002
2841,7,7,0,8,84.2857,0.00020968
2842,64,56,8,8,83.1786,0.00321076
2843,5,5,0,10,12,1.056e-05
2844,44,44,0,88,12.0455,0.00010256
2845,38,28,10,10,79.5357,0.00148352
2846,180,161,26,8,74,0.00953452
2847,26,26,0,52,12.0385,6.768e-05
2848,105,105,0,210,12.0476,0.00023648
2849,26,26,0,8,80.6538,0.0013622
2850,14,14,0,28,12,2.928e-05
2851,28,27,1,10,82.963,0.00134912
2852,21,21,0,42,12.0476,4.672e-05
2853,88,69,26,10,79.7681,0.00396
2854,30,24,6,8,81.9167,0.00125276
2855,57,57,0,114,12.0526,0.0001488
2856,17,17,0,34,12.0588,4.16e-05
2857,21,13,8,8,83.3846,0.00058276
2858,34,28,6,8,76.1786,0.0014914
2859,50,39,17,8,78.6154,0.00215848
2860,11,11,0,22,12,2.432e-05
2861,23,23,0,46,12.0435,5.536e-05
2862,32,32,0,64,12.0312,7.568e-05
2863,101,81,24,10,80.1605,0.00466968
2864,54,40,19,8,79.95,0.00219784
2865,47,33,14,8,75.4848,0.00179016
2866,71,71,0,142,12.0563,0.000184
2867,34,34,0,68,12.0588,8.656e-05
2868,24,19,5,8,77.3684,0.00092636
2869,31,31,0,62,12.0645,8e-05
2870,39,27,12,8,67.7778,0.0014332
2871,14,14,0,28,12,3.216e-05
2872,23,21,2,8,77.8571,0.0010774
2873,21,21,0,42,12.0476,5.056e-05
2874,31,26,7,10,76.8462,0.00139288
2875,142,119,23,10,82.4454,0.00701248
2876,14,14,0,28,12,3.184e-05
2877,20,20,0,40,12.05,4.688e-05
2878,35,24,11,10,78.4167,0.00120656
2879,103,103,0,206,12.0583,0.00026656
2880,21,12,12,8,74.1667,0.00051528
2881,22,22,0,44,12.0455,6.032e-05
2882,298,256,46,8,74.7031,0.01526
2883,8,8,0,16,12,1.712e-05
2884,66,45,24,8,77.9556,0.00250456
2885,49,35,19,8,84.1714,0.00190908
2886,189,189,0,378,12.0582,0.00047488
2887,36,36,0,72,12.0556,9.648e-05
2888,27,27,0,54,12.037,7.04e-05
2889,65,55,10,8,80.3273,0.00309736
2890,9,9,0,8,69.2222,0.00031812
2891,41,41,0,82,12.0488,9.472e-05
2892,6,6,0,12,12,1.264e-05
2893,98,84,14,10,79.9762,0.00489064
2894,78,65,13,8,78.4769,0.003749
2895,35,24,19,8,76.9583,0.00126584
2896,75,75,0,150,12.0533,0.00019648
2897,41,41,0,82,12.0488,9.44e-05
2898,22,22,0,44,12.0455,5.84e-05
2899,38,30,8,10,84.2,0.00155344
2900,24,24,0,48,12.0417,5.808e-05
2901,50,40,10,10,71.55,0.00217776
2902,37,37,0,74,12.0541,9.728e-05
2903,98,82,16,8,70.3902,0.00475352
2904,39,28,12,10,81.6429,0.00151184
2905,207,196,12,8,72.4388,0.011653
2906,28,20,12,8,76.2,0.00102164
2907,79,70,9,8,71.2857,0.00402756
2908,52,42,10,10,71.1667,0.00228144
2909,64,64,0,128,12.0469,0.00015856
2910,23,23,0,46,12.0435,6.208e-05
2911,102,102,0,204,12.049,0.00021392
2912,18,18,0,36,12.0556,4.336e-05
2913,43,43,0,86,12.0465,9.536e-05
2914,40,40,0,80,12.05,0.0001064
2915,16,16,0,8,76.875,0.00075856
2916,16,12,4,8,81.5,0.0005218
2917,9,9,0,18,12,1.888e-05
2918,8,8,0,16,12,1.68e-05
2919,36,33,3,8,81.2121,0.00181688
2920,20,20,0,40,12.05,4.496e-05
2921,9,9,0,8,56.8889,0.00033036
2922,6,6,0,12,12,1.264e-05
2923,50,50,0,8,76.54,0.00282076
2924,26,26,0,52,12.0385,5.424e-05
2925,156,144,12,8,78.4931,0.00849872
2926,100,100,0,200,12.06,0.00024976
2927,8,8,0,8,76.625,0.00028856
2928,75,63,12,10,83.6667,0.00355248
2929,5,5,0,10,12,1.056e-05
2930,26,15,11,8,81.4,0.00071332
2931,46,46,0,92,12.0435,0.00011408
2932,13,13,0,26,12,3.104e-05
2933,80,71,9,8,72.493,0.00410832
2934,49,49,0,98,12.0612,0.00012096
2935,17,16,1,8,77.125,0.00076576
2936,10,10,0,20,12,2.192e-05
2937,30,30,0,8,58.1,0.00160032
2938,45,45,0,8,64.4,0.00250336
2939,16,16,0,32,12,3.344e-05
2940,24,24,0,48,12.0417,5.008e-05
2941,14,14,0,8,75.9286,0.000659
2942,8,8,0,16,12,1.68e-05
2943,55,53,2,8,73.0943,0.00301408
2944,296,275,21,10,76.2327,0.0164184
2945,29,29,0,58,12.0345,6.112e-05
2946,196,196,0,392,12.0612,0.00049104
2947,43,37,6,10,81.973,0.00197112
2948,27,27,0,54,12.037,6.688e-05
2949,33,22,13,8,77.4091,0.00111668
2950,18,18,0,36,12.0556,4.272e-05
2951,30,30,0,8,79.4333,0.00159096
2952,16,16,0,32,12,3.344e-05
2953,48,40,8,10,77.8,0.0021452
2954,21,13,14,8,79.2308,0.00055884
2955,301,258,46,10,79.8992,0.0153712
2956,36,36,0,72,12.0556,8.944e-05
2957,9,9,0,18,12,1.888e-05
2958,461,428,33,8,76.715,0.0256821
2959,30,24,6,8,68.5,0.00122828
2960,10,10,0,8,75.6,0.0004208
2961,233,233,0,466,12.0644,0.00064416
2962,11,8,3,8,63.25,0.00025668
2963,286,286,0,572,12.0559,0.00066
2964,17,17,0,34,12,3.808e-05
2965,47,36,17,8,80,0.00199792
2966,6,6,0,12,12,1.264e-05
2967,6,6,0,12,12,1.36e-05
2968,37,30,7,8,78.4333,0.00158208
2969,33,33,0,66,12.0606,8.896e-05
2970,19,19,0,38,12.0526,4.48e-05
2971,71,60,13,8,74.4167,0.00342052
2972,23,19,4,8,81.6842,0.0009196
2973,56,56,0,112,12.0536,0.00014832
2974,51,41,10,10,75.7317,0.00221072
2975,14,14,0,28,12,3.28e-05
2976,38,38,0,76,12.0526,9.584e-05
2977,45,39,6,10,81.7179,0.00208152
2978,61,48,13,10,78.9375,0.00269088
2979,36,28,8,10,78,0.0014548
2980,34,34,0,68,12.0588,8.656e-05
2981,37,37,0,74,12.0541,9.216e-05
2982,24,24,0,48,12.0417,6.128e-05
2983,137,108,33,8,77.3704,0.00634092
2984,82,82,0,164,12.061,0.00021936
2985,52,44,8,8,61.6136,0.00246728
2986,30,30,0,60,12.0333,6.832e-05
2987,13,13,0,8,36.3846,0.00060492
2988,55,55,0,8,63.5818,0.00310392
2989,33,33,0,8,62.1818,0.0017814
2990,8,8,0,16,12,1.68e-05
2991,29,29,0,58,12.0345,6.048e-05
2992,18,18,0,36,12,3.76e-05
2993,19,19,0,8,78.2105,0.00093344
2994,156,127,41,10,83.7874,0.00742464
2995,11,11,0,22,12,2.304e-05
2996,107,107,0,214,12.0654,0.00029472
2997,9,9,0,8,86.8889,0.00031936
2998,24,11,21,6,83.7273,0.00054244
2999,6,6,0,12,12,1.264e-05
3000,77,54,27,8,83.2037,0.00307456
3001,31,21,11,8,83.6667,0.00108616
3002,53,43,12,10,83.0465,0.00232624
3003,9,9,0,18,12,2.016e-05
3004,109,95,14,8,80.6526,0.00552216
3005,51,51,0,102,12.0588,0.00013024
3006,29,21,8,8,83.3333,0.00106128
3007,18,18,0,36,12.0556,4.304e-05
3008,41,41,0,82,12.0488,0.0001104
3009,71,71,0,142,12.0563,0.00016576
3010,18,18,0,36,12.0556,4.624e-05
3011,78,62,16,8,84.7742,0.00353504
3012,90,84,6,8,81.1071,0.00488448
3013,55,55,0,110,12.0545,0.00013248
3014,56,56,0,112,12.0536,0.00012752
3015,98,84,14,10,83.4405,0.0048624
3016,25,20,5,8,85.8,0.00103116
3017,73,73,0,146,12.0548,0.00019904
3018,32,21,15,8,81.8095,0.00104148
3019,15,15,0,30,12,3.584e-05
3020,19,19,0,38,12.0526,5.024e-05
3021,78,66,13,10,82.6515,0.00372432
3022,99,79,20,8,80.4684,0.0045914
3023,54,54,0,108,12.0556,0.00012976
3024,97,66,34,8,81.1667,0.00378188
3025,64,64,0,128,12.0469,0.00015184
3026,42,37,5,8,83.5946,0.0020282
3027,24,20,4,8,85.4,0.00101332
3028,60,60,0,120,12.05,0.00015728
3029,28,28,0,56,12.0357,6.352e-05
3030,15,15,0,30,12,3.456e-05
3031,125,114,11,10,80.7456,0.00665312
3032,40,29,13,8,82.3793,0.0015776
3033,65,60,5,10,84.1833,0.00341352
3034,33,21,18,8,83,0.00103824
3035,94,94,0,188,12.0532,0.00023376
3036,26,26,0,52,12.0385,7.152e-05
3037,49,49,0,98,12.0408,0.00011552
3038,18,18,0,36,12.0556,4.368e-05
3039,42,31,21,8,85.5484,0.00164636
3040,146,130,17,8,81.6308,0.007653
3041,23,23,0,46,12.0435,5.44e-05
3042,26,24,2,10,81.3333,0.0011872
3043,23,14,11,8,84.1429,0.00062596
3044,99,99,0,198,12.0505,0.00023456
3045,18,18,0,36,12.0556,4.048e-05
3046,12,12,0,24,12,2.928e-05
3047,10,10,0,8,76.6,0.0003806
3048,39,34,8,8,82.7353,0.00184208
3049,6,6,0,12,12,1.264e-05
3050,26,26,0,52,12.0385,6.352e-05
3051,29,25,4,8,79.4,0.001299
3052,217,193,25,8,79.7876,0.0114909
3053,38,28,16,10,81.9286,0.00144304
3054,16,16,0,32,12,3.664e-05
3055,16,12,4,8,82.75,0.00052052
3056,132,132,0,264,12.053,0.00030704
3057,26,26,0,52,12.0385,6.224e-05
3058,9,9,0,18,12,2.08e-05
3059,60,60,0,8,77.5833,0.0034408
3060,655,625,30,8,66.016,0.0375897
3061,31,31,0,62,12.0323,6.464e-05
3062,382,382,0,764,12.055,0.00084752
3063,13,13,0,8,70.3846,0.00057468
3064,8,8,0,16,12,1.68e-05
3065,29,24,5,8,81.0417,0.00122756
3066,68,62,8,8,83.5968,0.00351676
3067,92,74,27,8,82.2973,0.0042758
3068,16,16,0,32,12,3.664e-05
3069,42,42,0,84,12.0476,9.552e-05
3070,11,8,3,8,73.375,0.000289
3071,54,54,0,108,12.0556,0.00012848
3072,6,6,0,12,12,1.264e-05
3073,58,50,8,8,85.08,0.00284012
3074,58,46,12,8,80.587,0.0025622
3075,41,41,0,82,12.0488,0.00010304
3076,37,37,0,74,12.0541,8.768e-05
3077,37,34,3,10,85.3235,0.00179592
3078,29,29,0,58,12.0345,6.56e-05
3079,116,106,10,8,79.1226,0.00619544
3080,46,45,1,8,80.6444,0.0025228
3081,80,80,0,160,12.05,0.00019472
3082,36,36,0,72,12.0556,8.144e-05
3083,78,60,19,8,80.6667,0.00345316
3084,26,14,15,8,80.9286,0.0006448
3085,54,54,0,108,12.0556,0.00013488
3086,76,66,13,8,78.9242,0.00381436
3087,12,12,0,24,12,2.928e-05
3088,59,59,0,118,12.0508,0.00014176
3089,81,70,13,8,77.9571,0.00402772
3090,26,17,16,8,75.7059,0.00082064
3091,50,50,0,100,12.04,0.00011824
3092,15,15,0,30,12,3.712e-05
3093,30,27,3,10,81.5556,0.00135304
3094,44,32,14,10,73.6875,0.00168168
3095,22,22,0,44,12.0455,4.976e-05
3096,18,14,4,8,87.2857,0.000618
3097,111,101,12,10,75.7921,0.00584416
3098,25,25,0,50,12.04,6.144e-05
3099,10,7,4,8,81,0.00023076
3100,9,9,0,18,12,2.016e-05
3101,75,75,0,150,12.0533,0.00017792
3102,5,5,0,10,12,1.056e-05
3103,23,23,0,8,68.087,0.00118792
3104,13,13,0,26,12,2.72e-05
3105,18,16,2,8,79.0625,0.00079048
3106,61,49,12,10,84.6735,0.00277744
3107,9,9,0,18,12,1.952e-05
3108,25,19,6,8,83.2632,0.00094496
3109,74,66,8,8,81.0606,0.00379524
3110,41,41,0,82,12.0488,0.00010528
3111,16,16,0,32,12,3.92e-05
3112,58,58,0,116,12.0517,0.00014096
3113,24,17,7,8,83.6471,0.00082792
3114,14,14,0,8,82.0714,0.00061992
3115,14,14,0,28,12,3.504e-05
3116,8,8,0,16,12,1.68e-05
3117,140,120,20,8,80.4167,0.00704172
3118,128,112,16,10,81.1964,0.0065012
3119,110,110,0,220,12.0545,0.00028016
3120,103,103,0,206,12.0583,0.00026368
3121,20,17,4,8,73.1765,0.00080696
3122,29,26,3,10,83.2308,0.00128632
3123,11,11,0,22,12,2.336e-05
3124,187,175,14,8,42.7543,0.0103847
3125,21,21,0,42,12.0476,5.056e-05
3126,32,24,9,8,85,0.00122784
3127,105,105,0,210,12.0476,0.00023008
3128,50,40,10,8,82.625,0.00221952
3129,20,20,0,40,12.05,4.816e-05
3130,33,33,0,66,12.0606,8.256e-05
3131,99,82,17,10,80.8902,0.00470368
3132,137,119,20,8,65.4706,0.006976
3133,30,19,11,8,79.4211,0.00096368
3134,75,75,0,150,12.0533,0.00018816
3135,90,90,0,180,12.0556,0.00022992
3136,261,245,22,8,41.5714,0.0146088
3137,16,16,0,32,12,3.92e-05
3138,30,24,6,8,84.3333,0.0012434
3139,145,145,0,290,12.0552,0.00032288
3140,18,18,0,36,12.0556,4.272e-05
3141,22,16,6,8,82.5,0.00077492
3142,66,55,19,8,76.6545,0.00313736
3143,36,30,6,8,80.9,0.00162408
3144,13,13,0,26,12,3.104e-05
3145,41,41,0,82,12.0488,9.6e-05
3146,23,23,0,46,12.0435,5.248e-05
3147,121,95,27,6,81.4526,0.00557028
3148,28,25,3,8,75.4,0.001324
3149,77,77,0,154,12.0649,0.00021312
3150,16,16,0,32,12,3.44e-05
3151,38,30,8,10,79.2333,0.00160368
3152,42,40,2,8,71.175,0.00219708
3153,24,24,0,48,12.0417,5.936e-05
3154,31,31,0,62,12.0323,7.04e-05
3155,26,26,0,8,73,0.00135612
3156,24,24,0,8,72.9167,0.0012326
3157,40,40,0,8,77.575,0.002187
3158,14,14,0,28,12,2.928e-05
3159,35,35,0,8,76.5143,0.00192352
3160,13,13,0,26,12,2.72e-05
3161,21,21,0,42,12.0476,4.384e-05
3162,19,19,0,38,12.0526,3.968e-05
3163,121,116,5,8,67.7155,0.00679116
3164,13,13,0,8,57.0769,0.00055432
3165,62,62,0,124,12.0484,0.00013232
3166,9,9,0,8,61,0.0003306
3167,8,8,0,16,12,1.68e-05
3168,6,6,0,12,12,1.264e-05
3169,32,32,0,8,49.0625,0.00175588
3170,17,17,0,34,12,3.552e-05
3171,56,56,0,8,52.75,0.00316052
3172,29,29,0,58,12.0345,6.048e-05
3173,46,46,0,8,53.4565,0.002599
3174,24,24,0,48,12.0417,5.008e-05
3175,24,24,0,8,24.75,0.00125972
3176,13,13,0,26,12,2.72e-05
3177,245,200,57,10,64.52,0.011908
3178,149,149,0,298,12.0604,0.00039552
3179,58,47,13,10,63.1915,0.00256152
3180,39,39,0,78,12.0513,9.792e-05
3181,29,20,17,8,40.7,0.00100744
3182,18,18,0,36,12.0556,4.336e-05
3183,17,17,0,8,25,0.00079524
3184,63,63,0,8,38.5556,0.00358556
3185,10,10,0,20,12,2.096e-05
3186,33,33,0,66,12.0303,6.88e-05
3187,105,101,4,8,54.5545,0.00587736
3188,55,55,0,110,12.0364,0.0001184
3189,42,42,0,8,66.6429,0.00231484
3190,22,22,0,44,12.0455,4.592e-05
3191,45,45,0,8,56.1778,0.00251468
3192,57,57,0,8,60.3333,0.0032492
3193,24,24,0,48,12.0417,5.008e-05
3194,30,30,0,60,12.0333,6.256e-05
3195,74,74,0,8,38.7568,0.00426432
3196,38,38,0,76,12.0526,7.92e-05
3197,58,58,0,8,34.2931,0.00329132
3198,30,30,0,60,12.0333,6.256e-05
3199,159,139,24,8,61.9928,0.00819068
3200,88,88,0,176,12.0568,0.00021456
3201,34,34,0,8,34.5588,0.0018374
3202,18,18,0,36,12,3.76e-05
3203,28,28,0,8,46.25,0.001494
3204,15,15,0,30,12,3.136e-05
3205,45,45,0,8,56.0222,0.00249972
3206,24,24,0,48,12.0417,5.008e-05
3207,157,131,28,10,76.5573,0.0077464
3208,115,115,0,230,12.0609,0.00030944
3209,235,212,29,8,73.7783,0.0125932
3210,99,84,18,10,77.8095,0.00485464
3211,161,161,0,322,12.0621,0.00040256
3212,77,77,0,154,12.0519,0.00019584
3213,59,48,12,8,78.9792,0.00270168
3214,222,200,22,8,71.675,0.0119052
3215,38,38,0,76,12.0526,9.712e-05
3216,146,146,0,292,12.0548,0.0003496
3217,24,15,9,8,49.4667,0.00069016
3218,11,11,0,8,80.4545,0.00043688
3219,7,7,0,14,12,1.472e-05
3220,62,53,9,10,79.1887,0.00294656
3221,105,97,8,8,70.4433,0.00568144
3222,41,32,10,8,83.0312,0.00172156
3223,40,40,0,80,12.05,0.00010352
3224,61,61,0,122,12.0492,0.00014432
3225,23,23,0,46,12.0435,5.664e-05
3226,57,41,17,8,75.1463,0.00225604
3227,46,38,8,8,73.7895,0.00210988
3228,44,33,12,10,63.1212,0.00174392
3229,32,32,0,64,12.0312,7.888e-05
3230,31,31,0,62,12.0323,7.328e-05
3231,142,131,11,8,69.374,0.00773136
3232,29,29,0,58,12.0345,7.424e-05
3233,97,81,26,8,73.037,0.00466872
3234,27,16,18,8,75.8125,0.00077684
3235,87,87,0,174,12.046,0.00019456
3236,65,65,0,130,12.0462,0.00015296
3237,11,11,0,22,12,2.496e-05
3238,113,87,33,8,76.6437,0.00507352
3239,65,65,0,130,12.0615,0.00017024
3240,39,32,7,8,74.5312,0.00170924
3241,36,28,8,10,76.6786,0.00144272
3242,23,23,0,46,12.0435,5.76e-05
3243,21,21,0,42,12.0476,4.928e-05
3244,113,101,12,10,82,0.00588048
3245,82,82,0,164,12.061,0.00021296
3246,67,57,10,8,79.2807,0.00326304
3247,34,25,9,10,80.12,0.0012748
3248,46,46,0,92,12.0435,0.00011408
3249,23,23,0,46,12.0435,5.632e-05
3250,13,13,0,8,82.9231,0.00055912
3251,24,17,8,8,80.5294,0.00084388
3252,16,16,0,8,78.5,0.00076868
3253,8,8,0,16,12,1.68e-05
3254,15,11,4,8,81.9091,0.00044888
3255,13,13,0,26,12,3.072e-05
3256,10,10,0,8,79,0.00039228
3257,9,9,0,18,12,1.888e-05
3258,8,8,0,16,12,1.712e-05
3259,6,6,0,12,12,1.264e-05
3260,31,31,0,8,67.129,0.00164292
3261,17,17,0,34,12.0588,3.552e-05
3262,58,48,15,8,77.875,0.00267544
3263,13,13,0,8,78.3077,0.00056872
3264,44,41,3,8,82.122,0.00229904
3265,31,31,0,62,12.0323,7.36e-05
3266,8,8,0,16,12,1.68e-05
3267,135,129,6,10,80.9767,0.00755144
3268,31,31,0,62,12.0323,7.04e-05
3269,161,147,14,8,68.8707,0.0086822
3270,41,35,7,8,81.0857,0.00194104
3271,116,116,0,232,12.0603,0.00028368
3272,114,114,0,228,12.0526,0.0002632
3273,26,26,0,52,12.0385,5.872e-05
3274,6,6,0,8,85.6667,0.00014816
3275,31,25,6,10,80.72,0.00130288
3276,4,4,0,8,12,8.48e-06
3277,22,22,0,44,12.0455,5.296e-05
3278,146,124,22,10,77.2419,0.00727176
3279,185,171,14,8,46,0.0101654
3280,102,102,0,204,12.0588,0.00026256
3281,109,109,0,218,12.055,0.00024992
3282,59,41,18,8,76.5366,0.00228292
3283,35,35,0,70,12.0571,8.48e-05
3284,46,37,9,8,71.027,0.00205576
3285,13,10,3,8,79.6,0.000386
3286,30,30,0,60,12.0333,8.048e-05
3287,18,11,12,8,79,0.00048132
3288,7,7,0,14,12,1.664e-05
3289,13,13,0,26,12,3.168e-05
3290,7,7,0,14,12,1.472e-05
3291,12,12,0,8,67.1667,0.00054292
3292,7,7,0,14,12,1.472e-05
3293,34,34,0,8,31.9412,0.00183844
3294,18,18,0,36,12,3.76e-05
3295,28,28,0,8,29.7857,0.00148016
3296,15,15,0,30,12,3.136e-05
3297,114,96,25,8,57.5104,0.00562016
3298,10,10,0,8,33.9,0.00041232
3299,152,137,15,10,69.3139,0.00808248
3300,62,62,0,124,12.0484,0.00015024
3301,6,6,0,12,12,1.264e-05
3302,112,112,0,224,12.0625,0.00029616
3303,35,31,4,8,75,0.00165428
3304,18,18,0,36,12,3.824e-05
3305,7,7,0,8,66.2857,0.00019512
3306,5,5,0,10,12,1.056e-05
3307,11,11,0,8,75.4545,0.00048772
3308,69,60,9,8,71.6,0.00341708
3309,7,7,0,14,12,1.472e-05
3310,164,132,38,10,72.303,0.00773672
3311,35,35,0,70,12.0286,7.872e-05
3312,113,113,0,226,12.0619,0.0003088
3313,9,9,0,8,56.1111,0.00031584
3314,77,64,18,8,74.8125,0.00364548
3315,9,9,0,8,77,0.0003616
3316,6,6,0,12,12,1.264e-05
3317,53,53,0,106,12.0566,0.00013888
3318,6,6,0,12,12,1.264e-05
3319,41,32,10,10,72.3438,0.0017408
3320,29,29,0,58,12.0345,7.392e-05
3321,54,50,5,8,77.66,0.00280272
3322,25,21,4,8,74.3333,0.0010404
3323,86,76,12,8,72.0263,0.00437784
3324,110,97,18,8,77.866,0.00564896
3325,40,40,0,80,12.05,9.84e-05
3326,15,15,0,30,12,3.648e-05
3327,50,50,0,100,12.06,0.0001192
3328,60,60,0,120,12.05,0.00013808
3329,182,167,16,8,74.8263,0.00988312
3330,30,22,10,8,77.7727,0.00114624
3331,121,121,0,242,12.0579,0.00028256
3332,18,18,0,36,12.0556,4.144e-05
3333,32,32,0,8,59.9688,0.0017196
3334,17,17,0,34,12,3.552e-05
3335,200,181,28,8,80.4862,0.0107584
3336,64,50,19,8,79.64,0.00282008
3337,135,135,0,270,12.0593,0.00033376
3338,33,33,0,66,12.0606,7.744e-05
3339,53,41,12,10,73.3415,0.0022568
3340,60,52,12,8,83.1923,0.00291416
3341,37,29,12,8,81.069,0.00154836
3342,34,34,0,68,12.0588,8.784e-05
3343,33,33,0,66,12.0303,7.264e-05
3344,22,22,0,44,12.0455,5.136e-05
3345,43,36,7,8,85.1944,0.00197768
3346,98,90,8,8,81.5778,0.00521008
3347,28,28,0,56,12.0357,6.864e-05
3348,61,61,0,122,12.0492,0.00014272
3349,182,156,26,8,82.7628,0.00924316
3350,16,16,0,8,69.875,0.00073636
3351,39,30,9,8,79.3667,0.00162148
3352,63,52,11,8,84.5577,0.00296844
3353,142,142,0,284,12.0634,0.00036624
3354,9,9,0,18,12,1.888e-05
3355,23,23,0,46,12.0435,5.408e-05
3356,39,39,0,78,12.0513,9.216e-05
3357,44,37,7,8,85.4595,0.00205056
3358,24,20,4,8,80.95,0.0010082
3359,61,52,9,8,82.3846,0.00296204
3360,33,33,0,66,12.0606,8.128e-05
3361,166,153,13,8,72.4575,0.00904716
3362,29,19,18,10,83.8947,0.0009236
3363,14,14,0,28,12,3.44e-05
3364,36,36,0,72,12.0556,8.496e-05
3365,101,101,0,202,12.0495,0.00023072
3366,17,17,0,34,12.0588,4.32e-05
3367,46,39,7,8,84.7949,0.00216676
3368,52,43,10,10,85.7907,0.00238216
3369,33,33,0,66,12.0303,7.744e-05
3370,94,89,5,8,75.8539,0.0051652
3371,39,39,0,78,12.0513,9.6e-05
3372,59,59,0,118,12.0508,0.00013248
3373,93,82,11,10,84.4878,0.00475568
3374,22,18,4,8,85.6111,0.0008814
3375,61,61,0,122,12.0492,0.00015328
3376,22,14,9,8,82.9286,0.00063504
3377,12,12,0,24,12,2.64e-05
3378,11,11,0,22,12,2.656e-05
3379,75,64,11,8,78.8125,0.00363928
3380,43,43,0,86,12.0465,0.00010592
3381,59,51,8,8,60.7059,0.002908
3382,33,33,0,66,12.0303,7.264e-05
3383,55,55,0,8,54.7091,0.00314636
3384,29,29,0,58,12.0345,6.048e-05
3385,125,103,25,8,74.4757,0.00600188
3386,81,81,0,162,12.0617,0.0002176
3387,294,262,32,10,80.5878,0.0155802
3388,236,236,0,472,12.0636,0.00064432
3389,29,25,4,8,81.72,0.0012814
3390,19,17,2,8,84.5882,0.00081392
3391,18,18,0,36,12.0556,4.368e-05
3392,11,11,0,22,12,2.464e-05
3393,96,87,9,8,84.069,0.00503836
3394,35,32,3,8,82.6875,0.00174408
3395,69,69,0,138,12.058,0.00016512
3396,19,19,0,38,12.0526,4.224e-05
3397,27,19,9,10,75.4737,0.00093352
3398,18,18,0,36,12.0556,4.336e-05
3399,45,39,10,10,80.2051,0.00209336
3400,184,171,16,10,78.5263,0.0100613
3401,158,144,15,8,73.1875,0.00850344
3402,29,29,0,58,12.0345,7.2e-05
3403,116,116,0,232,12.0517,0.00027856
3404,103,103,0,206,12.0583,0.00025024
3405,25,22,3,8,79.9091,0.0011518
3406,120,112,8,8,65.5714,0.00655592
3407,13,13,0,26,12,2.784e-05
3408,72,72,0,144,12.0556,0.00016176
3409,205,194,11,8,63.2165,0.0115235
3410,18,17,1,8,81.5294,0.00084704
3411,56,47,9,8,67.0638,0.00261556
3412,44,34,19,8,33.1765,0.00184968
3413,118,118,0,236,12.0508,0.00026288
3414,11,11,0,22,12,2.432e-05
3415,32,32,0,64,12.0312,7.312e-05
3416,18,18,0,36,12,3.76e-05
3417,19,19,0,8,67.3684,0.00092016
3418,11,11,0,22,12,2.304e-05
3419,70,53,21,8,63.7358,0.00301268
3420,68,57,14,8,75.7719,0.003261
3421,37,37,0,74,12.0541,8.992e-05
3422,39,39,0,78,12.0513,9.696e-05
3423,50,42,8,8,46,0.00234372
3424,27,22,5,10,68.4545,0.00105416
3425,29,29,0,58,12.0345,6.592e-05
3426,34,28,6,8,59.8214,0.00149024
3427,18,18,0,36,12.0556,4.464e-05
3428,24,24,0,48,12.0417,5.776e-05
3429,8,8,0,8,57.25,0.000295
3430,5,5,0,10,12,1.056e-05
3431,13,13,0,8,43.1538,0.0005824
3432,8,8,0,16,12,1.68e-05
3433,55,55,0,8,54.0364,0.0031066
3434,181,172,9,10,74.9651,0.010179
3435,29,29,0,58,12.0345,6.048e-05
3436,141,141,0,282,12.0638,0.00036704
3437,26,22,4,8,71.7727,0.00112748
3438,15,15,0,30,12,3.36e-05
3439,78,78,0,8,62.5641,0.00452988
3440,40,40,0,80,12.05,8.336e-05
3441,35,35,0,8,64.2857,0.0019354
3442,19,19,0,38,12.0526,3.968e-05
3443,67,67,0,8,69.4179,0.0038696
3444,35,35,0,70,12.0286,7.296e-05
3445,30,30,0,8,60.0667,0.0015902
3446,16,16,0,32,12,3.344e-05
3447,39,39,0,8,41.6667,0.0021676
3448,8,8,0,8,37.125,0.00028376
3449,21,21,0,42,12.0476,4.384e-05
3450,5,5,0,10,12,1.056e-05
3451,20,20,0,8,52.1,0.00103212
3452,11,11,0,22,12,2.304e-05
3453,115,113,2,10,66.469,0.00665808
3454,19,19,0,8,58.0526,0.00094348
3455,81,81,0,162,12.0494,0.00017728
3456,31,31,0,8,63.3226,0.00165528
3457,11,11,0,22,12,2.304e-05
3458,17,17,0,34,12,3.552e-05
3459,66,58,8,8,34.2414,0.00330352
3460,37,37,0,74,12.0541,8.288e-05
3461,44,44,0,8,42.0682,0.00246164
3462,23,23,0,46,12.0435,4.8e-05
3463,26,26,0,8,49.0769,0.00138764
3464,14,14,0,28,12,2.928e-05
3465,139,115,30,8,65.1739,0.0067724
3466,79,79,0,158,12.0506,0.00020032
3467,39,39,0,8,73.6667,0.00217204
3468,21,21,0,42,12.0476,4.384e-05
3469,140,105,35,8,75.619,0.00615016
3470,82,60,24,8,73.8167,0.00342384
3471,81,81,0,162,12.0617,0.0002192
3472,43,43,0,86,12.0465,0.0001136
3473,140,126,14,8,74.3333,0.00743476
3474,76,76,0,152,12.0526,0.00017744
3475,76,62,14,8,60.7581,0.00352488
3476,109,103,6,8,70.8447,0.00603952
3477,42,36,6,8,73.5556,0.00199768
3478,44,36,8,8,69.6111,0.00194676
3479,57,57,0,114,12.0526,0.0001392
3480,69,69,0,138,12.0435,0.00015328
3481,24,24,0,48,12.0417,5.584e-05
3482,26,26,0,52,12.0385,6.128e-05
3483,88,77,11,8,62.3117,0.0044814
3484,25,15,15,8,54.4667,0.00069448
3485,51,51,0,102,12.0392,0.00011648
3486,12,12,0,24,12,2.8e-05
3487,109,94,15,10,73.4787,0.00542968
3488,32,29,3,8,84.4828,0.00157284
3489,75,75,0,150,12.0533,0.00019488
3490,18,18,0,36,12.0556,3.856e-05
3491,24,24,0,8,27.7083,0.00125
3492,13,13,0,26,12,2.72e-05
3493,14,14,0,8,29.6429,0.0006344
3494,8,8,0,16,12,1.68e-05
3495,36,36,0,8,58.0556,0.00199692
3496,133,101,34,8,76.6436,0.00591704
3497,155,133,28,10,79.3308,0.00779296
3498,19,19,0,38,12.0526,3.968e-05
3499,83,83,0,166,12.0602,0.000232
3500,118,118,0,236,12.0593,0.00031024
3501,24,15,9,8,46.4,0.00071216
3502,93,66,41,10,78.4091,0.00379296
3503,14,14,0,28,12,3.28e-05
3504,53,53,0,106,12.0566,0.00014432
3505,23,19,4,8,68.5789,0.00095652
3506,12,12,0,24,12,2.544e-05
3507,179,166,13,10,52.7831,0.00979056
3508,105,96,9,8,72.1979,0.00560108
3509,156,156,0,312,12.0641,0.00043056
3510,56,50,6,10,70.98,0.00279944
3511,35,26,14,8,56.7692,0.00134436
3512,73,73,0,146,12.0548,0.00017408
3513,46,46,0,92,12.0435,0.00010928
3514,21,21,0,42,12.0476,4.768e-05
3515,21,14,7,8,71.7857,0.00062384
3516,11,11,0,22,12,2.624e-05
3517,27,27,0,8,37.5926,0.00142416
3518,15,15,0,30,12,3.136e-05
3519,49,49,0,8,43.8776,0.0027422
3520,26,26,0,52,12.0385,5.424e-05
3521,23,23,0,8,29.3043,0.00117228
3522,13,13,0,26,12,2.72e-05
3523,54,54,0,8,47.4444,0.00306804
3524,28,28,0,56,12.0357,5.84e-05
3525,57,57,0,8,60.2456,0.00324324
3526,30,30,0,60,12.0333,6.256e-05
3527,24,24,0,8,56.2083,0.00123836
3528,74,60,20,10,72.2,0.003444
3529,13,13,0,26,12,2.72e-05
3530,43,43,0,86,12.0465,0.00010656
3531,47,36,13,8,73,0.00197512
3532,21,18,3,8,77.9444,0.00090388
3533,61,52,9,8,65.5769,0.0029496
3534,259,241,19,8,68.2946,0.0143506
3535,29,29,0,58,12.0345,7.648e-05
3536,12,12,0,24,12,2.608e-05
3537,23,19,4,8,70.5789,0.00093572
3538,40,40,0,80,12.05,9.616e-05
3539,9,6,3,8,77.3333,0.00018424
3540,151,151,0,302,12.053,0.00033792
3541,14,14,0,28,12,3.216e-05
3542,5,5,0,10,12,1.056e-05
3543,24,24,0,8,67.625,0.00123448
3544,13,13,0,26,12,2.72e-05
3545,16,16,0,8,53.5625,0.00074984
3546,9,9,0,18,12,1.888e-05
3547,68,60,8,8,78.6,0.00341016
3548,51,43,8,6,78.814,0.0024256
3549,39,39,0,78,12.0513,9.184e-05
3550,36,36,0,72,12.0556,9.232e-05
3551,8,8,0,8,76,0.0002704
3552,5,5,0,10,12,1.056e-05
3553,40,36,4,10,86.75,0.00191336
3554,508,431,92,8,77.2807,0.0258652
3555,30,30,0,60,12.0333,7.056e-05
3556,363,363,0,726,12.0661,0.000992
3557,18,18,0,8,82.8333,0.00088916
3558,10,10,0,20,12,2.096e-05
3559,50,44,6,8,83.5,0.00246932
3560,301,286,21,6,55.7343,0.0171218
3561,32,32,0,64,12.0312,7.472e-05
3562,159,159,0,318,12.0503,0.00034368
3563,98,84,14,10,77.6905,0.00485928
3564,81,68,13,8,75.7353,0.00387932
3565,78,78,0,156,12.0513,0.00020112
3566,101,89,12,8,67.2809,0.0052018
3567,58,58,0,116,12.0517,0.00013968
3568,65,65,0,130,12.0462,0.00015616
3569,91,87,4,8,80.2759,0.00508408
3570,16,13,3,8,79.9231,0.00060212
3571,55,47,10,10,83.3404,0.00265848
3572,38,27,19,6,50.6667,0.00146392
3573,79,67,18,8,69.0299,0.003825
3574,66,66,0,132,12.0455,0.00015184
3575,8,8,0,16,12,1.68e-05
3576,70,54,20,10,82.2222,0.00303328
3577,43,43,0,86,12.0465,0.00011232
3578,15,15,0,30,12,3.136e-05
3579,48,48,0,96,12.0417,0.00011024
3580,47,47,0,94,12.0638,0.00012128
3581,24,18,6,8,83.5556,0.0009024
3582,56,48,16,8,68.6667,0.00271988
3583,15,15,0,30,12,3.648e-05
3584,32,32,0,64,12.0312,7.28e-05
3585,32,27,5,8,84.2593,0.00140748
3586,18,18,0,36,12.0556,4.24e-05
3587,25,25,0,8,63.16,0.00133408
3588,14,14,0,28,12,2.928e-05
3589,12,12,0,8,35.6667,0.00053132
3590,7,7,0,14,12,1.472e-05
3591,66,55,11,8,72.3636,0.0031138
3592,25,24,1,8,76.0833,0.00122296
3593,34,34,0,68,12.0294,7.664e-05
3594,13,13,0,26,12,2.784e-05
3595,79,63,19,8,78.6032,0.0035796
3596,160,148,12,8,67.0405,0.0087254
3597,50,50,0,100,12.06,0.00012496
3598,104,104,0,208,12.0577,0.0002392
3599,34,32,2,10,77.0938,0.0017024
3600,111,101,10,8,67.0099,0.00591852
3601,33,25,8,10,80.96,0.00122808
3602,26,26,0,52,12.0385,5.84e-05
3603,76,76,0,152,12.0526,0.00017744
3604,22,22,0,44,12.0455,5.392e-05
3605,73,61,12,8,82.7705,0.00346836
3606,39,34,5,8,84.2059,0.00186776
3607,48,48,0,96,12.0625,0.00012464
3608,28,28,0,56,12.0357,6.352e-05
3609,54,49,5,8,85.7143,0.00276092
3610,33,33,0,66,12.0303,7.68e-05
3611,13,10,3,8,78.1,0.00040336
3612,42,39,3,8,81.1538,0.0021786
3613,7,7,0,14,12,1.568e-05
3614,30,22,8,8,79.7273,0.0011304
3615,31,23,12,10,81.6522,0.00121072
3616,32,32,0,64,12.0312,7.248e-05
3617,18,18,0,36,12.0556,4.144e-05
3618,20,20,0,40,12.05,4.88e-05
3619,81,75,6,8,76.9867,0.00430916
3620,24,16,8,8,69.0625,0.0007402
3621,53,53,0,106,12.0566,0.00013344
3622,35,27,12,8,66.1481,0.00141516
3623,14,14,0,28,12,3.44e-05
3624,21,21,0,42,12.0476,4.928e-05
3625,19,19,0,8,79.9474,0.0009428
3626,11,11,0,22,12,2.304e-05
3627,30,30,0,8,57.7,0.00159688
3628,10,10,0,8,56.3,0.00041004
3629,16,16,0,32,12,3.344e-05
3630,6,6,0,12,12,1.264e-05
3631,9,9,0,8,35,0.0003578
3632,6,6,0,12,12,1.264e-05
3633,72,72,0,8,60.5278,0.00412672
3634,37,37,0,74,12.027,7.712e-05
3635,24,24,0,8,74.875,0.00125476
3636,82,80,2,10,78.7875,0.00463464
3637,42,38,4,8,74.3421,0.00207932
3638,13,13,0,26,12,2.72e-05
3639,47,47,0,94,12.0426,0.00010272
3640,22,22,0,44,12.0455,4.688e-05
3641,59,59,0,8,65.2203,0.00336192
3642,31,31,0,62,12.0323,6.464e-05
3643,37,37,0,8,56.2703,0.00205696
3644,20,20,0,40,12.05,4.176e-05
3645,58,58,0,8,44.2931,0.00332044
3646,30,30,0,60,12.0333,6.256e-05
3647,53,53,0,8,49.2453,0.00298564
3648,28,28,0,56,12.0357,5.84e-05
3649,39,39,0,8,54.2564,0.0021258
3650,15,15,0,8,51,0.0007104
3651,21,21,0,42,12.0476,4.384e-05
3652,9,9,0,18,12,1.888e-05
3653,40,40,0,8,69.875,0.00224016
3654,20,20,0,8,75.85,0.00102464
3655,19,19,0,8,66,0.00092324
3656,21,21,0,42,12.0476,4.384e-05
3657,11,11,0,22,12,2.304e-05
3658,11,11,0,22,12,2.304e-05
3659,21,21,0,8,47.4286,0.0010456
3660,12,12,0,24,12,2.512e-05
3661,14,14,0,8,36.5714,0.00061884
3662,8,8,0,16,12,1.68e-05
3663,17,17,0,8,43.1176,0.00082364
3664,10,10,0,20,12,2.096e-05
3665,79,69,10,8,67.8116,0.003986
3666,45,45,0,90,12.0444,0.00010912
3667,52,43,9,8,72.5581,0.00241904
3668,27,27,0,54,12.037,5.952e-05
3669,257,243,16,8,71.2593,0.0145039
3670,148,148,0,296,12.0541,0.00032752
3671,41,41,0,8,52.4634,0.00227912
3672,22,22,0,44,12.0455,4.592e-05
3673,20,20,0,8,62.85,0.0010192
3674,14,14,0,8,62.7143,0.00066856
3675,11,11,0,22,12,2.304e-05
3676,25,25,0,8,65.12,0.00132772
3677,8,8,0,16,12,1.68e-05
3678,16,16,0,8,59.875,0.00078372
3679,14,14,0,28,12,2.928e-05
3680,9,9,0,18,12,1.888e-05
3681,50,50,0,8,63.28,0.0028266
3682,26,26,0,52,12.0385,5.424e-05
3683,48,45,3,10,77.8667,0.0025256
3684,31,31,0,62,12.0323,6.848e-05
3685,8,8,0,8,77,0.00026316
3686,43,34,9,8,78.3529,0.0018758
3687,5,5,0,10,12,1.056e-05
3688,28,28,0,56,12.0357,6.512e-05
3689,36,35,1,8,78.0571,0.0019118
3690,19,19,0,38,12.0526,3.968e-05
3691,31,31,0,8,72.4194,0.00166564
3692,88,77,11,10,79.0909,0.0044256
3693,17,17,0,34,12,3.552e-05
3694,62,62,0,124,12.0484,0.00015088
3695,54,54,0,8,72.4815,0.003075
3696,28,28,0,56,12.0357,5.84e-05
3697,17,17,0,8,79.3529,0.00083088
3698,38,30,8,8,83.6333,0.00158444
3699,17,11,9,8,64,0.00046116
3700,79,75,6,8,84.2,0.0043538
3701,10,10,0,20,12,2.096e-05
3702,84,64,25,10,83.5156,0.00369256
3703,27,27,0,54,12.037,6.464e-05
3704,9,9,0,18,12,1.984e-05
3705,54,54,0,108,12.0556,0.00012528
3706,55,55,0,110,12.0545,0.0001568
3707,89,82,7,10,80.2195,0.00474256
3708,78,78,0,156,12.0513,0.00018576
3709,104,95,9,8,82.2,0.0055238
3710,35,27,10,8,81.5185,0.00143416
3711,63,63,0,126,12.0476,0.00015008
3712,21,21,0,42,12.0476,4.96e-05
3713,22,20,2,10,84.1,0.00101336
3714,39,35,4,10,86.1143,0.00184168
3715,14,14,0,28,12,3.152e-05
3716,30,30,0,60,12.0333,7.088e-05
3717,32,32,0,8,78.5625,0.00174048
3718,17,17,0,34,12,3.552e-05
3719,90,90,0,8,66.9222,0.00521976
3720,46,46,0,92,12.0435,9.584e-05
3721,14,14,0,8,33.4286,0.00062644
3722,191,139,75,8,64.9065,0.00819616
3723,8,8,0,16,12,1.68e-05
3724,105,105,0,210,12.0571,0.0002768
3725,62,48,14,10,67.0208,0.00261872
3726,39,39,0,78,12.0513,0.00010176
3727,73,63,10,8,72.6508,0.00362172
3728,32,25,7,8,70.28,0.00128152
3729,94,83,19,6,51.5422,0.0048642
3730,44,44,0,88,12.0455,0.00010896
3731,64,54,19,8,51.7222,0.00308344
3732,20,20,0,40,12.05,4.752e-05
3733,43,43,0,86,12.0465,8.96e-05
3734,28,28,0,56,12.0357,5.84e-05
3735,70,70,0,8,74.2857,0.00401028
3736,36,36,0,72,12.0278,7.504e-05
3737,20,20,0,8,76.5,0.00099004
3738,20,17,3,8,77.8235,0.00081784
3739,11,11,0,22,12,2.304e-05
3740,72,67,5,10,73.6567,0.00377392
3741,12,12,0,24,12,2.704e-05
3742,28,28,0,8,64.4643,0.00148324
3743,49,49,0,98,12.0408,0.00011104
3744,15,15,0,30,12,3.136e-05
3745,7,7,0,8,62.7143,0.00022152
3746,25,25,0,8,67.48,0.00133
3747,148,121,28,10,70.8264,0.0070648
3748,5,5,0,10,12,1.056e-05
3749,14,14,0,28,12,2.928e-05
3750,101,101,0,202,12.0693,0.00028512
3751,84,67,17,8,76.8955,0.00383384
3752,37,29,9,8,81.1034,0.00156056
3753,51,51,0,102,12.0588,0.00013376
3754,22,22,0,44,12.0455,5.104e-05
3755,25,18,7,8,62.3889,0.00091168
3756,37,34,3,10,69.3529,0.00186408
3757,57,48,14,8,55.1667,0.00268508
3758,15,15,0,30,12,3.488e-05
3759,29,29,0,58,12.0345,6.56e-05
3760,32,32,0,64,12.0312,7.056e-05
3761,19,19,0,8,71.2632,0.00094744
3762,11,11,0,22,12,2.304e-05
3763,26,26,0,8,57.1923,0.00137948
3764,14,14,0,28,12,2.928e-05
3765,127,122,5,10,64.1803,0.00716216
3766,67,67,0,134,12.0448,0.00014272
3767,18,18,0,8,60.7778,0.00085928
3768,10,10,0,20,12,2.096e-05
3769,234,196,50,10,70.4541,0.011651
3770,181,149,36,10,72.9195,0.00872944
3771,163,163,0,326,12.0675,0.00044448
3772,121,121,0,242,12.0661,0.00033632
3773,21,13,10,8,63.6923,0.0006102
3774,10,10,0,20,12,2.192e-05
3775,97,90,7,8,75.2,0.00525588
3776,85,77,9,8,74.9351,0.00447096
3777,72,62,11,8,51.8548,0.00352684
3778,58,58,0,116,12.0517,0.0001336
3779,48,48,0,96,12.0417,0.00011216
3780,38,32,6,8,78.5938,0.0017234
3781,40,40,0,80,12.05,9.136e-05
3782,25,25,0,50,12.04,6.016e-05
3783,34,32,2,8,71.0938,0.00174528
3784,18,18,0,36,12,3.76e-05
3785,34,33,1,10,77.0606,0.00174496
3786,27,27,0,54,12.037,6.016e-05
3787,13,13,0,8,73.8462,0.00057476
3788,36,36,0,8,75.3889,0.00199852
3789,8,8,0,16,12,1.68e-05
3790,34,34,0,8,72.4412,0.00185172
3791,19,19,0,38,12.0526,3.968e-05
3792,18,18,0,36,12,3.76e-05
3793,28,28,0,8,61.75,0.00150392
3794,44,44,0,8,52.5455,0.00246936
3795,15,15,0,30,12,3.136e-05
3796,23,23,0,46,12.0435,4.8e-05
3797,14,14,0,8,55.0714,0.00062008
3798,8,8,0,16,12,1.68e-05
3799,58,58,0,8,39.5862,0.00330736
3800,30,30,0,60,12.0333,6.256e-05
3801,15,15,0,8,59.3333,0.00069312
3802,9,9,0,18,12,1.888e-05
3803,24,24,0,8,59.7917,0.00123544
3804,50,50,0,8,68.64,0.00284512
3805,13,13,0,26,12,2.72e-05
3806,26,26,0,52,12.0385,5.424e-05
3807,389,348,50,8,82.2874,0.0208165
3808,259,259,0,518,12.0579,0.00063168
3809,21,21,0,8,74.9524,0.00104092
3810,141,122,22,8,81.9836,0.0071652
3811,12,12,0,24,12,2.512e-05
3812,95,95,0,190,12.0526,0.00022176
3813,261,241,22,8,83.9751,0.0143863
3814,168,168,0,336,12.0536,0.00039632
3815,62,49,13,10,82.0612,0.00275296
3816,34,22,13,10,82.2273,0.00106928
3817,232,213,27,8,67.3568,0.0127012
3818,42,42,0,84,12.0476,0.00011184
3819,20,20,0,40,12.05,5.424e-05
3820,138,138,0,276,12.0507,0.00031024
3821,103,87,16,8,82.069,0.00506264
3822,67,67,0,134,12.0597,0.00017216
3823,128,116,12,10,85.2845,0.00679368
3824,93,93,0,186,12.0538,0.00023072
3825,170,154,24,8,79.7273,0.0091146
3826,46,31,24,8,84.0323,0.0016628
3827,38,26,20,6,84.3077,0.00143568
3828,55,45,11,10,85.2667,0.00244664
3829,97,97,0,194,12.0515,0.00021376
3830,23,23,0,46,12.0435,5.152e-05
3831,22,22,0,44,12.0455,5.136e-05
3832,69,55,20,8,84.6545,0.00310632
3833,37,34,3,10,80.8824,0.00181392
3834,34,34,0,68,12.0588,8.432e-05
3835,43,43,0,86,12.0465,0.00010432
3836,29,29,0,58,12.0345,6.56e-05
3837,204,191,14,8,83.1152,0.0113224
3838,105,88,17,8,86.6591,0.00513992
3839,132,132,0,264,12.053,0.00030672
3840,66,66,0,132,12.0606,0.00016912
3841,45,36,9,8,84.6944,0.00194712
3842,258,232,31,8,73.7284,0.0138203
3843,76,68,8,8,84.7353,0.00391792
3844,27,27,0,54,12.037,7.04e-05
3845,155,155,0,310,12.0516,0.00035456
3846,60,60,0,120,12.05,0.00014576
3847,187,171,16,8,83.7953,0.0101389
3848,134,134,0,268,12.0522,0.00032048
3849,91,71,20,10,83.0282,0.00411288
3850,38,31,7,10,83.5806,0.00168576
3851,68,55,15,8,82.1091,0.00309356
3852,63,63,0,126,12.0635,0.00016544
3853,16,11,5,8,80.5455,0.00046128
3854,28,28,0,56,12.0357,6.896e-05
3855,46,46,0,92,12.0435,0.00010864
3856,13,13,0,8,85.3846,0.00055948
3857,7,7,0,14,12,1.472e-05
3858,346,327,21,8,69.893,0.019589
3859,8,8,0,16,12,1.68e-05
3860,38,34,4,8,84.9412,0.001861
3861,206,206,0,412,12.0534,0.00046128
3862,28,28,0,56,12.0357,6.864e-05
3863,77,71,6,8,84.2113,0.00408652
3864,48,48,0,96,12.0417,0.00010736
3865,61,46,15,8,86.2609,0.00257124
3866,45,31,14,8,78.2581,0.00165252
3867,37,37,0,74,12.0541,9.664e-05
3868,25,25,0,50,12.04,5.984e-05
3869,68,59,9,10,81.1525,0.00328688
3870,50,50,0,100,12.06,0.0001208
3871,121,107,17,8,81.271,0.00625716
3872,69,57,14,8,81.7018,0.00322696
3873,74,74,0,148,12.0541,0.00016848
3874,44,44,0,88,12.0455,0.000108
3875,20,19,1,8,79.7895,0.00095636
3876,41,35,6,8,82.6571,0.0019216
3877,31,23,8,8,82.6087,0.00119548
3878,10,10,0,20,12,2.128e-05
3879,22,22,0,44,12.0455,4.912e-05
3880,18,18,0,36,12.0556,4.272e-05
3881,107,95,13,10,82.0316,0.00555776
3882,72,72,0,144,12.0556,0.000164
3883,17,17,0,8,79.6471,0.00083556
3884,10,10,0,20,12,2.096e-05
3885,153,130,23,8,85.0615,0.00763528
3886,78,63,15,8,85.0476,0.00358228
3887,108,108,0,216,12.0556,0.00027344
3888,47,47,0,94,12.0638,0.0001216
3889,31,26,5,10,84.2692,0.00138824
3890,81,66,17,8,82.9091,0.0038108
3891,22,22,0,44,12.0455,5.328e-05
3892,53,53,0,106,12.0566,0.00012896
3893,14,12,2,8,85.75,0.000538
3894,149,118,40,8,75.1017,0.00695908
3895,45,34,12,8,76.1176,0.00185348
3896,57,56,1,8,78.2321,0.0031862
3897,8,8,0,16,12,1.68e-05
3898,99,99,0,198,12.0606,0.00024224
3899,26,26,0,52,12.0385,6.192e-05
3900,40,40,0,80,12.05,8.976e-05
3901,217,207,10,8,79.2126,0.0122988
3902,23,15,8,8,83.6,0.00068252
3903,143,143,0,286,12.0559,0.00034464
3904,13,13,0,26,12,3.168e-05
3905,57,50,7,8,82,0.00281996
3906,41,41,0,82,12.0488,9.504e-05
3907,16,12,4,8,79.25,0.00052712
3908,36,30,6,8,84.1,0.00163644
3909,8,8,0,16,12,1.68e-05
3910,23,23,0,46,12.0435,5.248e-05
3911,106,92,14,10,77.413,0.00534792
3912,80,80,0,160,12.05,0.0001992
3913,175,161,15,10,74.1615,0.00954744
3914,54,53,1,10,81.0755,0.00295344
3915,50,44,7,8,80.9318,0.0024724
3916,109,109,0,218,12.055,0.00025696
3917,41,31,11,10,75.2258,0.0015876
3918,38,38,0,76,12.0526,8.336e-05
3919,32,32,0,64,12.0312,7.728e-05
3920,177,163,14,8,71.092,0.00963288
3921,26,26,0,52,12.0385,6.064e-05
3922,8,8,0,8,76.375,0.00029284
3923,40,36,4,8,83.6389,0.00194964
3924,5,5,0,10,12,1.056e-05
3925,23,23,0,46,12.0435,5.312e-05
3926,79,65,14,8,74.4308,0.00371568
3927,85,75,10,8,73.64,0.00432224
3928,36,30,6,10,75.8,0.001558
3929,52,52,0,104,12.0577,0.00013456
3930,50,41,9,10,79.439,0.0022372
3931,56,56,0,112,12.0536,0.00013776
3932,22,22,0,44,12.0455,5.168e-05
3933,32,32,0,64,12.0625,8.4e-05
3934,40,40,0,8,79.9,0.00219284
3935,21,21,0,42,12.0476,4.384e-05
3936,62,62,0,8,71,0.0035492
3937,32,32,0,64,12.0312,6.672e-05
3938,20,20,0,8,65.05,0.00101468
3939,14,14,0,8,71.5714,0.00064416
3940,11,11,0,22,12,2.304e-05
3941,52,52,0,8,56.5192,0.00292528
3942,8,8,0,16,12,1.68e-05
3943,27,27,0,54,12.037,5.632e-05
3944,23,23,0,8,49.8261,0.00118412
3945,13,13,0,26,12,2.72e-05
3946,17,17,0,8,27,0.00083916
3947,10,10,0,20,12,2.096e-05
3948,39,39,0,8,32.9231,0.00213168
3949,21,21,0,42,12.0476,4.384e-05
3950,313,245,85,10,69.1469,0.0145606
3951,187,187,0,374,12.0642,0.00050496
3952,30,30,0,8,42.5667,0.00162752
3953,16,16,0,32,12,3.344e-05
3954,106,94,12,10,57.3404,0.00542088
3955,60,60,0,120,12.05,0.00014224
3956,52,52,0,8,72.5962,0.00292336
3957,41,37,4,8,71.5135,0.00203024
3958,27,27,0,54,12.037,5.632e-05
3959,22,22,0,44,12.0455,4.72e-05
3960,136,130,6,8,67.9077,0.00768364
3961,22,20,2,10,70.8,0.00092008
3962,183,149,46,10,68.2349,0.00874104
3963,89,89,0,178,12.0562,0.00020224
3964,14,14,0,28,12,3.152e-05
3965,209,190,19,8,70.3421,0.0113004
3966,132,132,0,264,12.0682,0.00038384
3967,61,45,21,10,79.9556,0.00251072
3968,107,97,10,10,78.5979,0.00562904
3969,56,50,6,8,78.94,0.00283012
3970,163,163,0,326,12.0552,0.00040096
3971,37,37,0,74,12.0541,0.0001008
3972,87,87,0,174,12.0575,0.0002288
3973,35,35,0,70,12.0571,8.256e-05
3974,12,7,5,8,55.8571,0.00022936
3975,106,106,0,212,12.0472,0.00023728
3976,6,6,0,12,12,1.264e-05
3977,13,13,0,8,76.7692,0.00059984
3978,13,13,0,8,80.3077,0.00057172
3979,8,8,0,16,12,1.68e-05
3980,20,14,6,8,75.2143,0.00066948
3981,8,8,0,16,12,1.68e-05
3982,13,13,0,8,79.3846,0.00057296
3983,10,10,0,20,12,2.256e-05
3984,8,8,0,16,12,1.68e-05
3985,41,41,0,8,63.4878,0.00228268
3986,22,22,0,44,12.0455,4.592e-05
3987,24,24,0,8,68.25,0.0012386
3988,13,13,0,26,12,2.72e-05
3989,21,21,0,8,73.0952,0.0010896
3990,63,51,12,6,84.5882,0.00290936
3991,64,55,9,8,82.6364,0.00311052
3992,12,12,0,24,12,2.512e-05
3993,36,36,0,72,12.0556,9.2e-05
3994,219,194,29,8,76.3608,0.0115234
3995,40,40,0,80,12.05,0.00010032
3996,158,158,0,316,12.0633,0.00040432
3997,25,20,5,8,80.05,0.00098936
3998,52,40,12,10,81.2,0.00220056
3999,16,16,0,32,12,3.696e-05
4000,36,36,0,72,12.0556,8.912e-05
4001,63,52,22,8,83.1346,0.00295944
4002,71,56,15,8,81.2857,0.003172
4003,36,36,0,72,12.0556,9.04e-05
4004,57,55,2,8,82.5091,0.00314324
4005,48,48,0,96,12.0625,0.00012176
4006,31,21,11,8,66.1429,0.00108812
4007,38,38,0,76,12.0526,8.496e-05
4008,19,19,0,38,12.0526,5.024e-05
4009,47,39,8,8,65.7692,0.00217536
4010,13,7,1,4,20.8571,0.00030672
4011,27,27,0,54,12.037,6.208e-05
4012,28,26,2,8,75.2692,0.00135768
4013,20,17,3,8,76.4706,0.00079496
4014,15,15,0,30,12,3.136e-05
4015,73,67,6,8,58.3134,0.00383764
4016,12,12,0,24,12,2.704e-05
4017,42,42,0,84,12.0476,9.488e-05
4018,27,27,0,8,60.4815,0.00141724
4019,15,15,0,30,12,3.136e-05
4020,32,32,0,8,55.9688,0.00173484
4021,69,69,0,8,58.913,0.00394872
4022,17,17,0,34,12,3.552e-05
4023,36,36,0,72,12.0278,7.504e-05
4024,49,49,0,8,38.1633,0.0027756
4025,30,30,0,8,38.9333,0.0016132
4026,26,26,0,52,12.0385,5.424e-05
4027,16,16,0,32,12,3.344e-05
4028,4,1,0,2,12,2.24e-06
