flow_id,tx_packets,rx_packets,lost_packets,retx_packets,mean_delay_ms,throughput_mbps
1,9897,8219,2158,4,73.5035,0.496968
2,11259,9582,2194,4,73.7591,0.579403
3,9051,7544,2016,4,73.925,0.456144
4,9390,7572,2557,4,74.0869,0.457838
5,11166,9109,2674,4,73.2676,0.550796
6,6445,6445,0,12890,12.0618,0.0160803
7,7329,7329,0,14658,12.0613,0.0181069
8,5923,5923,0,11846,12.0606,0.0144778
9,6105,6100,0,12200,12.0623,0.0153413
10,7184,7184,0,14368,12.0617,0.0178878
11,28,19,9,8,79.3684,0.00093636
12,238,176,92,10,76.9375,0.0104371
13,15,15,0,30,12,3.424e-05
14,146,146,0,292,12.0548,0.00035024
15,216,200,16,8,73.175,0.0118658
16,58,45,13,8,77.2444,0.00252836
17,142,142,0,284,12.0563,0.00034096
18,35,35,0,70,12.0571,8.48e-05
19,15,15,0,8,81.4,0.0006902
20,115,91,32,10,74.1429,0.00521736
21,52,32,38,8,64,0.00174992
22,9,9,0,18,12,1.888e-05
23,82,82,0,164,12.061,0.0002072
24,17,17,0,34,12,3.552e-05
25,22,22,0,8,66.7727,0.00110992
26,20,18,2,8,81,0.00089236
27,12,12,0,24,12,2.512e-05
28,10,10,0,20,12,2.16e-05
29,46,37,13,10,78.2973,0.00198736
30,28,21,9,8,66.8095,0.00104532
31,86,73,18,8,78.863,0.00419996
32,30,30,0,60,12.0333,6.928e-05
33,12,12,0,24,12,2.512e-05
34,61,61,0,122,12.0492,0.00015296
35,70,59,12,8,84.5085,0.0033418
36,49,49,0,98,12.0612,0.0001264
37,89,68,33,8,73.7794,0.00393192
38,58,41,19,10,79.7805,0.00219152
39,63,63,0,126,12.0635,0.00018208
40,36,36,0,72,12.0556,9.584e-05
41,56,42,16,8,80.1429,0.0023158
42,41,26,15,8,76.4615,0.00137344
43,133,94,61,6,73.5638,0.00554492
44,32,32,0,64,12.0625,8.08e-05
45,21,21,0,42,12.0476,5.376e-05
46,63,63,0,126,12.0476,0.00014432
47,49,49,0,8,73.9592,0.00276316
48,26,26,0,52,12.0385,5.424e-05
49,28,21,7,8,80.2381,0.00105248
50,14,14,0,28,12,3.088e-05
51,41,41,0,8,57.6341,0.00225252
52,22,22,0,44,12.0455,4.592e-05
53,86,61,37,8,71.8033,0.00346624
54,59,48,14,8,76.3958,0.00268068
55,69,53,20,10,73.0377,0.00295016
56,99,76,27,10,66.75,0.00432656
57,49,49,0,98,12.0612,0.00013504
58,40,40,0,80,12.05,9.84e-05
59,45,45,0,90,12.0667,0.00011872
60,69,69,0,138,12.058,0.00019136
61,111,77,45,8,68.961,0.0044236
62,39,32,7,10,71.5625,0.00169248
63,66,66,0,132,12.0606,0.00018096
64,25,25,0,50,12.04,6.176e-05
65,11,11,0,8,52.9091,0.00044876
66,7,7,0,14,12,1.472e-05
67,54,46,9,8,74.8043,0.0025654
68,26,18,8,8,82.2222,0.00086552
69,32,32,0,64,12.0625,8.112e-05
70,13,13,0,26,12,3.008e-05
71,62,44,21,10,79.75,0.00244904
72,17,17,0,8,71.8235,0.000824
73,38,38,0,76,12.0526,0.00010352
74,60,45,15,10,68.6667,0.00247272
75,112,98,14,8,51.3776,0.00574708
76,10,10,0,20,12,2.096e-05
77,40,40,0,80,12.05,9.168e-05
78,62,62,0,124,12.0484,0.0001464
79,66,55,11,8,73.1818,0.00310864
80,16,16,0,8,74.875,0.00076548
81,40,40,0,80,12.05,0.00010256
82,9,9,0,18,12,1.888e-05
83,30,30,0,8,38.9333,0.00163868
84,16,16,0,32,12,3.344e-05
85,18,18,0,8,23.2222,0.00087832
86,10,10,0,20,12,2.096e-05
87,12,12,0,8,28.6667,0.00053172
88,7,7,0,14,12,1.472e-05
89,24,24,0,8,24.375,0.00127052
90,13,13,0,26,12,2.72e-05
91,391,375,23,8,63.072,0.0225027
92,234,234,0,468,12.0556,0.0005368
93,85,77,9,8,75.961,0.0044414
94,130,126,4,8,77.9683,0.00741072
95,55,55,0,110,12.0545,0.00013984
96,85,85,0,170,12.0588,0.00020288
97,16,11,5,8,77.0909,0.00046876
98,8,8,0,16,12,1.744e-05
99,45,31,15,8,79.2581,0.00169476
100,37,26,11,8,73.9231,0.00134888
101,86,61,43,8,68.1311,0.003493
102,27,27,0,54,12.037,7.392e-05
103,15,11,4,8,78.5455,0.0004668
104,20,20,0,40,12.05,4.88e-05
105,42,42,0,84,12.0476,0.00010448
106,8,8,0,16,12,1.712e-05
107,47,47,0,8,78.5106,0.00262224
108,25,25,0,50,12.04,5.216e-05
109,194,186,10,10,72.9624,0.010971
110,126,126,0,252,12.0556,0.00030512
111,53,44,9,10,82.4773,0.00237136
112,35,35,0,70,12.0571,8.384e-05
113,37,31,6,8,72.5484,0.0016964
114,92,78,22,8,66.2436,0.00451288
115,23,23,0,46,12.0435,5.504e-05
116,54,54,0,108,12.0556,0.0001272
117,26,26,0,8,40.8846,0.001375
118,14,14,0,28,12,2.928e-05
119,50,49,1,10,77,0.00277072
120,44,42,2,10,76.5238,0.00226456
121,38,38,0,76,12.0526,8.4e-05
122,31,31,0,62,12.0323,6.88e-05
123,18,18,0,8,74.5556,0.0009066
124,10,10,0,20,12,2.096e-05
125,18,18,0,8,58.7222,0.00085936
126,10,10,0,20,12,2.096e-05
127,345,310,37,8,75.4871,0.0185279
128,249,249,0,498,12.0643,0.0006544
129,68,48,20,8,77.5833,0.00271192
130,43,22,25,8,77.4091,0.00115012
131,37,37,0,74,12.0541,9.12e-05
132,20,20,0,40,12.05,5.072e-05
133,12,12,0,8,71,0.00053816
134,7,7,0,14,12,1.472e-05
135,54,35,27,10,79.7714,0.00190264
136,32,32,0,64,12.0625,8.592e-05
137,114,101,13,8,79.495,0.00591212
138,68,68,0,136,12.0588,0.00016464
139,60,40,38,8,81.275,0.0022386
140,21,21,0,42,12.0476,4.384e-05
141,9,9,0,8,78.7778,0.00034624
142,6,6,0,12,12,1.264e-05
143,81,70,11,10,82.3143,0.00400552
144,59,59,0,118,12.0508,0.00014688
145,41,31,10,8,82.0968,0.001644
146,17,10,7,8,74.3,0.00038384
147,20,13,8,6,81.6154,0.00061088
148,23,23,0,46,12.0435,5.984e-05
149,8,8,0,16,12,1.776e-05
150,39,28,12,8,76.3929,0.00150128
151,11,11,0,22,12,2.464e-05
152,56,46,10,10,78,0.00256296
153,73,41,44,8,73.7317,0.00227544
154,22,22,0,44,12.0455,5.424e-05
155,37,37,0,74,12.0541,8.416e-05
156,37,37,0,74,12.0541,8.864e-05
157,27,27,0,8,77.9259,0.0014534
158,50,23,38,8,78.5652,0.00120676
159,122,72,67,8,74.9861,0.00413124
160,28,14,23,8,75.8571,0.00063864
161,15,15,0,30,12,3.136e-05
162,20,20,0,40,12.05,4.656e-05
163,128,118,14,10,67.5678,0.0069448
164,66,66,0,132,12.0606,0.00016944
165,11,11,0,22,12,2.432e-05
166,68,68,0,136,12.0441,0.00015088
167,32,24,8,8,81.625,0.00126528
168,346,272,97,8,71.1066,0.0162276
169,21,12,14,8,73.6667,0.00054424
170,38,22,29,8,73.1818,0.00110076
171,297,271,27,10,74.155,0.0161375
172,72,50,34,8,78.88,0.00279548
173,17,17,0,34,12,3.968e-05
174,220,220,0,440,12.0591,0.00055312
175,7,7,0,14,12,1.472e-05
176,19,19,0,38,12.0526,4.48e-05
177,128,106,23,8,80.0472,0.00621836
178,210,210,0,420,12.0571,0.00051184
179,47,47,0,94,12.0638,0.00012864
180,11,11,0,8,80.7273,0.00047276
181,101,83,20,8,75.1807,0.00478704
182,7,7,0,14,12,1.472e-05
183,77,77,0,154,12.0519,0.000192
184,97,56,57,8,75.5,0.0031744
185,105,75,40,8,78.88,0.00433116
186,53,53,0,106,12.0566,0.0001504
187,486,392,135,10,72.8597,0.023504
188,29,19,19,8,80.6316,0.00095472
189,61,61,0,122,12.0492,0.0001504
190,322,322,0,644,12.0621,0.0008232
191,12,12,0,24,12,2.576e-05
192,80,64,18,10,78.2344,0.00366424
193,240,155,116,8,73.9677,0.0091974
194,80,41,61,8,72.6585,0.00226844
195,59,59,0,118,12.0508,0.00015744
196,138,138,0,276,12.0652,0.00037584
197,27,27,0,54,12.037,6.176e-05
198,49,36,13,10,79.4722,0.00194048
199,29,29,0,58,12.0345,7.232e-05
200,9,9,0,8,69.4444,0.00033336
201,6,6,0,12,12,1.264e-05
202,50,44,6,8,73.6591,0.00245132
203,89,69,20,8,68.8406,0.00396996
204,27,27,0,54,12.037,5.952e-05
205,64,64,0,128,12.0625,0.00016048
206,44,40,4,10,72.8,0.00220992
207,56,34,27,8,77.5882,0.00186728
208,27,27,0,54,12.037,6.464e-05
209,43,27,16,8,76,0.00143948
210,31,31,0,62,12.0645,8.48e-05
211,24,24,0,48,12.0417,6.256e-05
212,33,33,0,8,75.303,0.00179096
213,18,18,0,36,12,3.76e-05
214,98,69,29,8,78.971,0.00399232
215,46,26,27,8,73.1154,0.00137536
216,160,114,73,8,65.3596,0.00670856
217,55,55,0,110,12.0545,0.00015168
218,24,24,0,48,12.0417,6.64e-05
219,89,89,0,178,12.0562,0.0002304
220,79,61,18,8,77.5574,0.00349512
221,80,65,17,10,72.6769,0.0036484
222,202,177,44,8,69.8644,0.010529
223,52,52,0,104,12.0577,0.00013904
224,61,61,0,122,12.0492,0.00015808
225,117,117,0,234,12.0513,0.00026304
226,41,23,20,8,72.3043,0.00115828
227,19,19,0,38,12.0526,4.352e-05
228,40,40,0,8,77.375,0.00218684
229,21,21,0,42,12.0476,4.384e-05
230,26,26,0,8,70.5,0.00137936
231,14,14,0,28,12,2.928e-05
232,29,29,0,8,46.4828,0.00153796
233,16,16,0,32,12,3.344e-05
234,38,38,0,8,71.0263,0.00212164
235,65,54,11,10,72.9444,0.0030208
236,20,20,0,40,12.05,4.176e-05
237,42,42,0,84,12.0476,0.00010832
238,51,32,22,8,75.7188,0.00175708
239,102,65,58,10,66.4308,0.00366088
240,28,28,0,56,12.0357,7.728e-05
241,56,56,0,112,12.0536,0.00013328
242,91,91,0,182,12.0659,0.00024736
243,75,56,30,8,72.25,0.00319144
244,52,33,27,10,71.7879,0.00181856
245,51,51,0,102,12.0588,0.00012608
246,30,30,0,60,12.0333,8.016e-05
247,34,25,9,8,77.28,0.001329
248,18,18,0,36,12.0556,4.24e-05
249,38,38,0,8,68.3947,0.00209488
250,20,20,0,40,12.05,4.176e-05
251,16,16,0,8,67.25,0.00078384
252,9,9,0,18,12,1.888e-05
253,25,25,0,8,69.88,0.00128672
254,14,14,0,28,12,2.928e-05
255,47,45,2,10,76.8222,0.00243016
256,48,40,12,10,74.15,0.0022016
257,32,32,0,64,12.0312,7.056e-05
258,12,12,0,8,84,0.00050036
259,93,63,48,8,77.6032,0.00358624
260,29,29,0,58,12.0345,7.008e-05
261,7,7,0,14,12,1.472e-05
262,53,53,0,106,12.0566,0.00014304
263,11,11,0,8,38.7273,0.00045228
264,45,45,0,8,66.5111,0.00249972
265,7,7,0,14,12,1.472e-05
266,24,24,0,48,12.0417,5.008e-05
267,41,32,9,8,68.625,0.00173604
268,54,46,8,10,67.8261,0.00258024
269,43,25,18,8,68.72,0.00129544
270,20,20,0,40,12.05,4.624e-05
271,40,40,0,80,12.05,9.712e-05
272,23,23,0,46,12.0435,6.112e-05
273,42,36,9,8,69.2778,0.00195956
274,88,83,7,10,79.5422,0.00483288
275,22,22,0,44,12.0455,4.816e-05
276,57,57,0,114,12.0526,0.00013248
277,62,51,11,8,81.4314,0.00286156
278,37,37,0,74,12.0541,9.6e-05
279,73,52,25,6,72.6346,0.00299576
280,87,73,15,10,79.8493,0.00418248
281,56,56,0,112,12.0536,0.0001464
282,57,36,36,10,73.0833,0.00195408
283,85,63,22,8,80.2222,0.0036336
284,34,34,0,68,12.0588,8.976e-05
285,82,63,20,10,76.8095,0.00361136
286,55,55,0,110,12.0545,0.00014464
287,59,59,0,118,12.0508,0.00015712
288,37,21,23,8,81.3333,0.00103824
289,15,15,0,30,12,3.36e-05
290,15,15,0,8,86.6,0.00068708
291,66,33,34,8,75.7273,0.0018094
292,9,9,0,18,12,1.888e-05
293,29,29,0,58,12.0345,7.68e-05
294,36,32,4,10,67.75,0.00167192
295,40,28,12,8,63.1786,0.00147308
296,204,139,69,8,76.6187,0.00821928
297,162,100,96,6,72.5,0.00590612
298,21,21,0,42,12.0476,4.672e-05
299,24,24,0,48,12.0417,6.352e-05
300,103,103,0,206,12.0583,0.00025024
301,83,83,0,166,12.0602,0.000216
302,148,117,41,10,80.5641,0.00688032
303,165,147,21,10,67.415,0.00864192
304,299,232,96,8,72.6509,0.0137983
305,118,118,0,236,12.0593,0.00030832
306,188,188,0,376,12.0585,0.00047664
307,92,69,37,8,66.5362,0.00396816
308,46,24,40,8,75.625,0.00122464
309,60,60,0,120,12.05,0.00015184
310,92,55,41,8,78.7455,0.0031312
311,37,21,31,8,73.9524,0.00105736
312,273,199,79,8,72.8693,0.0118296
313,140,101,50,8,70.0891,0.005897
314,22,22,0,44,12.0455,5.2e-05
315,129,95,36,10,77.5263,0.00550776
316,48,48,0,96,12.0625,0.00012432
317,19,19,0,38,12.0526,4.896e-05
318,186,186,0,372,12.0591,0.00047888
319,79,79,0,158,12.0506,0.0001904
320,77,77,0,154,12.0519,0.00018016
321,9,9,0,8,54.8889,0.00033912
322,6,6,0,12,12,1.264e-05
323,35,19,17,8,79.3158,0.00091976
324,49,26,28,8,74.0769,0.00136972
325,17,17,0,34,12.0588,4.096e-05
326,24,24,0,48,12.0417,6.544e-05
327,8,8,0,8,45.25,0.00030636
328,165,133,36,8,70.5789,0.00784864
329,77,66,15,10,74.7424,0.00380728
330,52,34,24,8,74.9706,0.00187088
331,5,5,0,10,12,1.056e-05
332,117,117,0,234,12.0598,0.00030336
333,58,58,0,116,12.0517,0.00013808
334,29,29,0,58,12.0345,7.808e-05
335,97,75,29,10,76.8133,0.00424632
336,44,25,26,8,71.4,0.00128228
337,64,64,0,128,12.0625,0.0001592
338,23,23,0,46,12.0435,6.4e-05
339,26,26,0,8,69.3462,0.0013824
340,14,14,0,28,12,2.928e-05
341,10,10,0,8,73.4,0.00037928
342,61,48,13,10,83.1875,0.00271888
343,6,6,0,12,12,1.264e-05
344,41,41,0,82,12.0488,0.00011264
345,72,49,30,8,75.8776,0.00275164
346,65,39,44,6,76.8974,0.00219608
347,43,43,0,86,12.0465,0.00011552
348,25,25,0,50,12.04,5.312e-05
349,68,44,36,8,79.1818,0.00246196
350,74,54,36,10,73.5,0.00301328
351,8,8,0,8,67.375,0.00026624
352,35,35,0,70,12.0571,8.544e-05
353,52,52,0,104,12.0577,0.00013328
354,5,5,0,10,12,1.056e-05
355,18,18,0,8,56.3889,0.00090612
356,49,47,2,10,81.234,0.00266024
357,10,10,0,20,12,2.096e-05
358,31,31,0,62,12.0323,6.912e-05
359,50,26,42,8,82.3846,0.00134228
360,12,12,0,8,78.9167,0.00049984
361,49,49,0,98,12.0408,0.0001168
362,18,18,0,36,12.0556,4.144e-05
363,7,7,0,14,12,1.472e-05
364,17,17,0,8,54,0.00080908
365,10,10,0,20,12,2.096e-05
366,33,29,6,8,53.1034,0.00155848
367,26,25,1,8,70.4,0.00129844
368,17,17,0,34,12,3.776e-05
369,107,81,34,8,79.2963,0.00470992
370,14,14,0,28,12,2.928e-05
371,66,66,0,132,12.0606,0.00016816
372,19,19,0,8,74.2632,0.00097184
373,11,11,0,22,12,2.304e-05
374,153,130,23,8,81.2538,0.00768072
375,53,33,24,10,78.5152,0.00172144
376,102,102,0,204,12.0588,0.00025776
377,30,30,0,60,12.0667,8.304e-05
378,199,150,57,8,79.4067,0.00888384
379,51,33,36,8,77.7879,0.0017722
380,135,135,0,270,12.0667,0.00036672
381,108,73,48,10,78.5616,0.00418296
382,30,30,0,60,12.0333,7.632e-05
383,72,54,23,8,77.9815,0.00304704
384,68,68,0,136,12.0588,0.00018704
385,42,42,0,84,12.0476,0.00010672
386,105,105,0,210,12.0667,0.00029696
387,85,69,23,8,80.4783,0.00394508
388,47,47,0,94,12.0426,0.000112
389,81,56,29,8,81.8571,0.0031966
390,77,53,39,8,69.6604,0.00301296
391,53,33,34,8,78.6061,0.00180668
392,45,45,0,90,12.0444,0.00011904
393,40,40,0,80,12.05,9.168e-05
394,29,29,0,58,12.0345,7.2e-05
395,54,34,25,8,82.4412,0.00187496
396,19,18,1,8,63.9444,0.00091188
397,261,199,84,6,74.5427,0.0118823
398,28,28,0,56,12.0357,7.44e-05
399,127,94,40,8,78.9362,0.00546656
400,169,169,0,338,12.0592,0.00041728
401,85,85,0,170,12.0588,0.00022112
402,176,141,36,8,75.0142,0.00831728
403,31,19,12,8,68.5789,0.00097224
404,116,116,0,232,12.0603,0.00029008
405,11,11,0,22,12,2.336e-05
406,17,17,0,8,68,0.0008074
407,64,46,31,10,75.9783,0.00253032
408,155,96,79,8,73.75,0.00561116
409,10,10,0,20,12,2.096e-05
410,42,42,0,84,12.0476,0.00010448
411,86,86,0,172,12.0581,0.00022512
412,197,158,48,8,75.3608,0.009353
413,154,127,27,10,74.6772,0.00745904
414,40,18,37,6,72.9444,0.00093236
415,136,136,0,272,12.0588,0.00035888
416,117,117,0,234,12.0598,0.00032
417,14,14,0,28,12,3.088e-05
418,67,58,9,10,80.5172,0.00323088
419,47,47,0,94,12.0638,0.00012192
420,23,16,7,8,80.4375,0.0007638
421,27,15,13,8,74.4,0.00071004
422,18,10,12,8,74.9,0.0003726
423,11,11,0,22,12,2.368e-05
424,31,24,7,8,77.625,0.00126612
425,11,11,0,22,12,2.464e-05
426,6,6,0,12,12,1.264e-05
427,33,29,5,8,70.4138,0.00157604
428,18,18,0,36,12.0556,4.272e-05
429,16,16,0,8,75.125,0.00074092
430,82,57,25,10,72.8246,0.0032148
431,9,9,0,18,12,1.888e-05
432,102,87,15,8,69.9425,0.0050678
433,46,46,0,92,12.0435,0.0001128
434,79,79,0,158,12.0633,0.0002048
435,149,134,20,8,77.6343,0.00787344
436,50,34,21,8,81.8529,0.00183868
437,120,120,0,240,12.0667,0.00034288
438,30,30,0,60,12.0333,7.344e-05
439,125,103,31,8,73.1359,0.0060116
440,101,101,0,202,12.0594,0.00027328
441,72,62,10,8,81.5968,0.00356164
442,22,12,17,8,75.5,0.00052612
443,52,52,0,104,12.0577,0.00012656
444,10,10,0,20,12,2.352e-05
445,19,17,2,8,81.8824,0.00084972
446,52,40,18,10,74.2,0.00222248
447,114,100,19,10,71.25,0.00581648
448,11,11,0,22,12,2.304e-05
449,31,24,7,8,74.2917,0.001224
450,34,34,0,68,12.0294,7.952e-05
451,77,77,0,154,12.0519,0.00017856
452,92,76,22,8,74.7763,0.00439788
453,66,44,40,6,55.5455,0.00250648
454,15,15,0,30,12,3.36e-05
455,61,61,0,122,12.0492,0.00015008
456,34,34,0,68,12.0588,8.624e-05
457,43,43,0,8,73.6279,0.00241892
458,23,23,0,46,12.0435,4.8e-05
459,70,48,30,8,69.7292,0.00271492
460,12,12,0,8,61,0.00054424
461,41,41,0,82,12.0488,0.00010656
462,11,11,0,8,76.9091,0.00045856
463,7,7,0,14,12,1.472e-05
464,7,7,0,14,12,1.472e-05
465,128,103,25,8,79.0485,0.00603756
466,86,59,31,8,76.6949,0.00338008
467,87,87,0,174,12.0575,0.00022496
468,54,54,0,108,12.0556,0.0001448
469,10,10,0,20,12,2.096e-05
470,8,8,0,8,72.375,0.00026744
471,5,5,0,10,12,1.056e-05
472,77,72,5,8,66.9444,0.0041474
473,39,39,0,78,12.0513,8.448e-05
474,66,58,8,8,66.5,0.00329344
475,43,43,0,86,12.0465,0.00010272
476,136,110,42,10,77.5636,0.00638432
477,17,17,0,34,12,3.712e-05
478,1111,952,213,8,72.5966,0.0573607
479,98,98,0,196,12.0612,0.0002424
480,35,29,6,8,83.5862,0.00157808
481,119,96,32,8,67.8958,0.0055904
482,715,715,0,1430,12.0601,0.00173248
483,93,66,28,8,80.8182,0.00379272
484,20,20,0,40,12.05,4.528e-05
485,58,58,0,116,12.0517,0.00014768
486,92,62,35,8,73.6129,0.00353092
487,49,26,41,8,78.9231,0.00134632
488,54,54,0,108,12.0556,0.00014512
489,18,18,0,36,12.0556,4.048e-05
490,19,19,0,8,80.0526,0.00096992
491,15,11,4,8,82.5455,0.00048248
492,11,11,0,22,12,2.304e-05
493,8,8,0,16,12,1.712e-05
494,16,15,1,8,80.6,0.00070356
495,29,17,12,8,69.0588,0.0008078
496,9,9,0,18,12,1.888e-05
497,11,11,0,22,12,2.368e-05
498,51,37,14,8,79.4324,0.00204416
499,151,109,51,8,73.8532,0.0063726
500,26,26,0,52,12.0385,6.16e-05
501,125,101,36,10,71.2871,0.0058468
502,91,91,0,182,12.0549,0.00022848
503,193,163,35,8,64.1043,0.00963272
504,35,18,22,8,77.4444,0.00087572
505,49,32,17,8,76.7812,0.00170808
506,66,66,0,132,12.0455,0.00015792
507,168,168,0,336,12.0595,0.00041744
508,31,19,12,8,68.3158,0.0009328
509,16,16,0,32,12,3.984e-05
510,29,29,0,58,12.0345,7.392e-05
511,14,14,0,28,12,3.056e-05
512,32,18,14,8,77.3889,0.00087116
513,86,70,23,8,66.9286,0.00405468
514,15,15,0,30,12,3.36e-05
515,48,48,0,96,12.0417,0.0001144
516,70,70,0,8,68.4,0.00401628
517,36,36,0,72,12.0278,7.504e-05
518,74,74,0,8,66.8649,0.0042858
519,38,38,0,76,12.0526,7.92e-05
520,69,46,31,10,72.4565,0.00253352
521,42,42,0,84,12.0476,0.00011088
522,33,32,1,8,73.0938,0.0017584
523,86,76,10,8,79.9868,0.00441864
524,44,23,37,8,76.6087,0.00118
525,263,210,74,10,80.1238,0.0124482
526,56,33,38,8,72.7576,0.00177988
527,107,81,43,8,70.9877,0.00472672
528,53,53,0,106,12.0566,0.0001296
529,53,38,27,10,72.1316,0.0020424
530,22,22,0,44,12.0455,5.264e-05
531,186,186,0,372,12.0591,0.00047088
532,28,28,0,56,12.0357,7.472e-05
533,66,66,0,132,12.0606,0.00015952
534,36,36,0,72,12.0556,9.104e-05
535,6,6,0,8,82.1667,0.0001664
536,4,4,0,8,12,8.48e-06
537,62,62,0,124,12.0484,0.00013936
538,10,10,0,8,51,0.00042044
539,6,6,0,12,12,1.264e-05
540,72,72,0,8,82.6528,0.00415768
541,37,37,0,74,12.027,7.712e-05
542,48,26,24,8,74.8462,0.0013446
543,24,24,0,48,12.0417,6.416e-05
544,43,39,4,10,72.3077,0.0021648
545,143,120,25,8,70.8,0.00707064
546,73,53,29,8,72.3774,0.00299888
547,27,27,0,54,12.037,6.112e-05
548,98,98,0,196,12.0612,0.00026544
549,51,51,0,102,12.0588,0.00013568
550,33,18,16,8,62.8889,0.00090968
551,15,15,0,30,12,3.584e-05
552,55,53,2,10,79.8302,0.0029908
553,502,429,95,8,73.641,0.0257418
554,41,41,0,82,12.0488,9.568e-05
555,313,313,0,626,12.0575,0.00073888
556,12,12,0,8,85.5833,0.000541
557,7,7,0,14,12,1.472e-05
558,16,16,0,8,69.875,0.00078572
559,67,62,5,8,74.4032,0.00353972
560,80,51,46,8,80.7059,0.00287724
561,9,9,0,18,12,1.888e-05
562,36,36,0,72,12.0556,8.08e-05
563,49,49,0,98,12.0612,0.00012288
564,13,13,0,8,77.4615,0.00059824
565,8,8,0,16,12,1.68e-05
566,49,40,9,8,79.1,0.00218656
567,31,19,12,8,76.4737,0.0009608
568,122,105,17,8,74.5619,0.00613128
569,28,28,0,56,12.0357,6.992e-05
570,16,16,0,32,12,3.792e-05
571,87,87,0,174,12.0575,0.00021824
572,25,18,7,8,83.7222,0.0008738
573,12,12,0,24,12,2.576e-05
574,29,25,4,8,79.96,0.00131508
575,87,56,49,8,75.0357,0.00315644
576,15,15,0,30,12,3.264e-05
577,51,51,0,102,12.0588,0.0001376
578,10,10,0,8,59.6,0.00039612
579,6,6,0,12,12,1.264e-05
580,17,17,0,34,12,3.552e-05
581,69,57,12,8,77.4211,0.0032636
582,40,40,0,80,12.05,0.00010064
583,24,17,7,8,86.5882,0.00080032
584,151,108,67,8,61.5926,0.00630664
585,12,12,0,24,12,2.704e-05
586,36,30,6,8,81.5,0.00162144
587,78,78,0,156,12.0513,0.00018064
588,13,12,1,8,77.4167,0.00052492
589,22,22,0,44,12.0455,5.264e-05
590,148,123,26,10,80.9024,0.00719208
591,8,8,0,16,12,1.68e-05
592,112,112,0,224,12.0625,0.00031984
593,110,87,39,8,60.1494,0.0050688
594,56,56,0,112,12.0536,0.00013136
595,13,10,3,8,76,0.0004276
596,7,7,0,14,12,1.472e-05
597,39,30,9,8,79.2667,0.00159324
598,48,31,32,10,72.5484,0.00166688
599,126,106,20,8,71.1226,0.00622532
600,23,23,0,46,12.0435,5.824e-05
601,29,29,0,58,12.0345,7.456e-05
602,69,69,0,138,12.058,0.00016096
603,39,34,5,10,74.9706,0.00179856
604,43,31,13,8,70.2581,0.00168736
605,22,22,0,44,12.0455,4.816e-05
606,27,27,0,54,12.037,7.168e-05
607,107,93,14,8,74.9892,0.00541504
608,38,29,9,8,79.3448,0.00153436
609,68,68,0,136,12.0588,0.00017456
610,20,20,0,40,12.05,4.528e-05
611,114,93,30,8,62.5699,0.00544584
612,55,39,16,8,62.8205,0.002128
613,66,66,0,132,12.0606,0.00016912
614,32,32,0,64,12.0625,8.016e-05
615,32,32,0,8,52.2812,0.00171972
616,17,17,0,34,12,3.552e-05
617,35,35,0,8,58.2571,0.0019336
618,50,50,0,8,68.5,0.00284404
619,19,19,0,38,12.0526,3.968e-05
620,26,26,0,52,12.0385,5.424e-05
621,51,51,0,8,53.4118,0.00289964
622,27,27,0,54,12.037,5.632e-05
623,13,13,0,8,64.3846,0.00057484
624,10,10,0,8,74.8,0.00037396
625,8,8,0,16,12,1.68e-05
626,6,6,0,12,12,1.264e-05
627,28,28,0,8,52.6429,0.00151004
628,15,15,0,30,12,3.136e-05
629,17,17,0,8,37.3529,0.00080284
630,10,10,0,20,12,2.096e-05
631,54,54,0,8,75.3333,0.00307764
632,10,10,0,8,74.3,0.00038984
633,28,28,0,56,12.0357,5.84e-05
634,6,6,0,12,12,1.264e-05
635,61,40,29,8,81.075,0.00220556
636,38,38,0,76,12.0526,9.968e-05
637,21,18,3,8,80.3333,0.00087856
638,11,11,0,22,12,2.304e-05
639,71,59,12,8,79.8814,0.00335584
640,63,38,42,8,73.4474,0.00207784
641,52,33,37,10,79.3333,0.00175912
642,52,52,0,104,12.0577,0.00013712
643,29,29,0,58,12.0345,6.72e-05
644,31,31,0,62,12.0323,8.032e-05
645,56,38,23,8,79.7105,0.00209524
646,35,18,18,8,78.5556,0.00087984
647,217,120,139,8,77.55,0.00705516
648,31,31,0,62,12.0645,8.448e-05
649,196,155,57,8,78.5613,0.0091784
650,13,13,0,26,12,2.944e-05
651,312,194,182,8,76.9639,0.0115522
652,105,105,0,210,12.0571,0.000256
653,115,115,0,230,12.0522,0.00027456
654,188,188,0,376,12.0691,0.0005384
655,15,8,7,8,70,0.00030308
656,26,15,20,8,74.2,0.00071672
657,13,11,2,8,80.6364,0.00043744
658,158,133,32,8,81.5414,0.00785832
659,153,115,58,8,74.0522,0.00672892
660,6,6,0,12,12,1.264e-05
661,9,9,0,18,12,1.888e-05
662,7,7,0,14,12,1.568e-05
663,107,107,0,214,12.0561,0.00027456
664,12,12,0,8,76.1667,0.00054988
665,97,97,0,194,12.0619,0.00025216
666,7,7,0,14,12,1.472e-05
667,64,44,22,10,81.9773,0.00240848
668,17,11,7,8,81.8182,0.00044704
669,93,66,27,10,79.3485,0.00376656
670,40,40,0,80,12.05,0.00010928
671,45,28,17,8,79.1786,0.00151376
672,9,9,0,18,12,1.92e-05
673,54,54,0,108,12.0556,0.00014384
674,19,15,5,8,77.7333,0.00068148
675,24,24,0,48,12.0417,6.16e-05
676,10,10,0,20,12,2.288e-05
677,31,21,10,6,80.1905,0.00111956
678,78,55,25,8,73.3091,0.0031308
679,22,22,0,44,12.0455,4.784e-05
680,52,52,0,104,12.0577,0.00013872
681,85,53,49,6,72.9434,0.00308692
682,97,74,40,8,77.2162,0.00427372
683,75,45,39,8,76.9556,0.00248964
684,57,57,0,114,12.0526,0.00014464
685,62,62,0,124,12.0484,0.00015056
686,43,43,0,86,12.0465,0.00012032
687,207,178,34,10,77.309,0.0105623
688,31,22,9,8,84,0.00111084
689,146,124,37,8,73.1048,0.007273
690,153,153,0,306,12.0654,0.0004064
691,15,15,0,30,12,3.328e-05
692,88,88,0,176,12.0568,0.00020912
693,98,77,22,12,81.0779,0.00444004
694,63,63,0,126,12.0635,0.00016128
695,52,33,24,10,77.9394,0.00170872
696,76,52,25,10,79,0.00292544
697,30,30,0,60,12.0333,7.76e-05
698,90,71,23,10,78.3239,0.00400336
699,48,48,0,96,12.0625,0.00013616
700,66,66,0,132,12.0606,0.00017904
701,53,46,7,10,72.587,0.00255336
702,143,112,48,8,73.2589,0.0065828
703,38,38,0,76,12.0526,9.2e-05
704,87,87,0,174,12.0575,0.00021152
705,127,77,75,8,75.7403,0.00445596
706,103,59,62,8,74.1695,0.00334912
707,72,72,0,144,12.0556,0.0001848
708,49,36,13,8,71.6111,0.0019486
709,9,9,0,8,71.3333,0.00035796
710,54,30,24,8,68.5333,0.00163076
711,49,49,0,98,12.0612,0.00012288
712,24,14,10,8,75.5,0.0006352
713,30,30,0,60,12.0333,7.728e-05
714,6,6,0,12,12,1.264e-05
715,28,28,0,56,12.0357,7.408e-05
716,12,12,0,24,12,2.832e-05
717,35,32,3,8,74.875,0.00174964
718,8,7,1,8,84,0.0002136
719,20,20,0,40,12.05,4.56e-05
720,5,5,0,10,12,1.056e-05
721,78,78,0,8,64.7821,0.00449052
722,40,40,0,80,12.05,8.336e-05
723,21,21,0,8,52.1429,0.0010938
724,62,48,22,8,53.2708,0.00272556
725,12,12,0,24,12,2.512e-05
726,94,49,71,8,76.7755,0.00273804
727,36,36,0,72,12.0556,8.208e-05
728,42,42,0,84,12.0476,0.0001048
729,49,38,13,8,76.4474,0.00207932
730,41,28,21,8,77.5714,0.00146616
731,26,26,0,52,12.0385,6.448e-05
732,71,55,16,10,77.3091,0.0031088
733,402,328,109,6,73.9695,0.0196619
734,23,23,0,46,12.0435,6.336e-05
735,190,138,70,8,76.6884,0.00812588
736,29,16,25,8,76,0.00077316
737,65,41,36,8,79.3659,0.00229976
738,48,48,0,96,12.0625,0.00012912
739,14,14,0,8,74.9286,0.00061744
740,281,281,0,562,12.0605,0.00068736
741,127,127,0,254,12.063,0.00034336
742,11,11,0,22,12,2.464e-05
743,27,15,12,8,71.8667,0.00069456
744,8,8,0,16,12,1.68e-05
745,12,12,0,24,12,2.704e-05
746,91,78,19,8,82.2692,0.00451048
747,68,68,0,136,12.0588,0.00016816
748,55,39,17,8,80.4872,0.00214932
749,140,109,39,8,77.5505,0.00640428
750,34,34,0,68,12.0588,9.2e-05
751,97,97,0,194,12.0619,0.00025312
752,14,14,0,8,62.5714,0.00065668
753,50,49,1,10,77.7959,0.00267768
754,177,139,48,8,71.9496,0.0081938
755,13,9,4,8,80.7778,0.0003666
756,8,8,0,16,12,1.68e-05
757,38,38,0,76,12.0526,8.4e-05
758,109,109,0,218,12.055,0.00027616
759,8,8,0,16,12,1.776e-05
760,40,34,7,10,73.1765,0.0017856
761,50,33,19,8,76.2424,0.00179552
762,22,22,0,44,12.0455,4.88e-05
763,23,11,17,8,75.5455,0.00048972
764,54,41,17,8,69.3659,0.00229664
765,27,27,0,54,12.037,7.392e-05
766,7,7,0,14,12,1.6e-05
767,29,17,12,8,79.4706,0.00083756
768,37,21,17,8,75.2857,0.00106584
769,24,24,0,48,12.0417,5.104e-05
770,11,11,0,22,12,2.304e-05
771,19,19,0,38,12.0526,5.024e-05
772,49,45,4,8,78.2,0.00248988
773,37,23,20,8,76.8261,0.0012146
774,61,38,37,8,76.5526,0.00208504
775,25,14,14,8,62.8571,0.00061988
776,33,33,0,66,12.0303,7.616e-05
777,18,18,0,36,12.0556,4.176e-05
778,33,33,0,66,12.0303,7.584e-05
779,8,8,0,16,12,1.68e-05
780,19,19,0,8,75.7895,0.00095984
781,124,104,23,8,76.2692,0.00610028
782,30,16,20,8,75.4375,0.00075852
783,11,11,0,22,12,2.304e-05
784,30,20,10,8,68.95,0.00099324
785,52,25,41,8,75.72,0.00133476
786,75,75,0,150,12.0533,0.00017568
787,13,13,0,26,12,3.04e-05
788,13,13,0,26,12,2.848e-05
789,23,23,0,46,12.0435,6.048e-05
790,64,55,9,10,78.8364,0.00304776
791,43,43,0,86,12.0465,0.00011264
792,11,11,0,8,81.4545,0.00047472
793,7,7,0,14,12,1.472e-05
794,316,246,91,8,79.1707,0.014701
795,237,237,0,474,12.0633,0.0006384
796,63,41,37,8,76.2439,0.00225372
797,35,18,27,8,73.3333,0.00090864
798,36,36,0,72,12.0556,8.496e-05
799,17,17,0,34,12.0588,4e-05
800,163,119,61,8,81.8908,0.00699044
801,19,13,6,8,82.2308,0.00056608
802,107,107,0,214,12.0654,0.00029184
803,9,9,0,18,12,1.888e-05
804,131,98,44,10,81.1837,0.00573792
805,86,86,0,172,12.0581,0.00024112
806,38,38,0,76,12.0526,0.00010224
807,21,13,8,8,78.5385,0.00058948
808,96,76,31,8,80.4868,0.00438116
809,23,22,1,8,76.9545,0.00111008
810,11,11,0,22,12,2.464e-05
811,60,60,0,120,12.05,0.00014832
812,23,13,11,8,56.0769,0.00057296
813,54,28,42,8,78.9286,0.00146992
814,9,9,0,18,12,1.888e-05
815,25,25,0,50,12.04,7.104e-05
816,95,76,19,8,81.0921,0.00436752
817,58,58,0,116,12.0517,0.00015216
818,44,28,25,8,79.5357,0.00146036
819,25,25,0,50,12.04,6.464e-05
820,53,47,6,8,85.7021,0.00264844
821,36,36,0,72,12.0556,9.04e-05
822,50,41,9,6,82.2439,0.00230456
823,21,13,8,8,71.8462,0.00057708
824,32,32,0,64,12.0312,7.632e-05
825,9,9,0,18,12,1.952e-05
826,119,107,12,10,76.3364,0.00618144
827,76,76,0,152,12.0526,0.00018832
828,71,46,29,8,80.0217,0.00256612
829,43,43,0,86,12.0465,0.0001184
830,78,59,21,10,79.4237,0.00328824
831,38,24,14,8,78.4583,0.00126112
832,44,22,33,8,72.4545,0.00110484
833,54,54,0,108,12.0556,0.0001448
834,20,20,0,40,12.05,5.072e-05
835,114,107,7,8,78.0187,0.00627476
836,18,18,0,36,12.0556,4.208e-05
837,78,78,0,156,12.0513,0.00019504
838,105,67,44,8,77.8955,0.0038532
839,78,57,38,10,72.4561,0.00319536
840,23,10,18,6,75.8,0.0004486
841,61,61,0,122,12.0492,0.00015584
842,46,46,0,92,12.0435,0.00011536
843,8,8,0,16,12,1.68e-05
844,10,8,2,8,78.125,0.00025232
845,13,13,0,8,49.6923,0.00060148
846,6,6,0,12,12,1.264e-05
847,84,65,23,8,67.2769,0.00372084
848,8,8,0,16,12,1.68e-05
849,50,50,0,100,12.06,0.00013456
850,33,19,14,8,64.2105,0.00095524
851,17,17,0,34,12.0588,4.064e-05
852,31,31,0,8,70.0323,0.00165848
853,171,142,31,8,75.331,0.00835804
854,17,17,0,34,12,3.552e-05
855,118,118,0,236,12.0593,0.00028784
856,175,144,38,10,78.4514,0.00852424
857,123,123,0,246,12.0569,0.0003184
858,56,35,26,10,77.5714,0.00185672
859,32,32,0,64,12.0625,9.264e-05
860,76,67,9,8,75.2985,0.00387276
861,72,52,20,8,77.75,0.00294468
862,77,48,38,8,76.625,0.00270116
863,54,33,39,6,76.1212,0.00186516
864,56,56,0,112,12.0536,0.00012688
865,50,50,0,100,12.06,0.00012688
866,42,42,0,84,12.0476,0.0001096
867,18,18,0,36,12,3.76e-05
868,670,381,501,10,76.0367,0.0227934
869,38,28,11,8,76.2143,0.00150092
870,351,351,0,702,12.0627,0.00092992
871,63,41,23,8,80.2439,0.0022954
872,22,22,0,44,12.0455,5.36e-05
873,39,39,0,78,12.0513,0.0001104
874,29,18,14,8,71.6667,0.00088976
875,12,12,0,24,12,2.512e-05
876,11,11,0,22,12,2.304e-05
877,104,82,25,10,78.2683,0.0047784
878,70,70,0,140,12.0571,0.00018576
879,21,13,8,8,73.6923,0.00056648
880,10,10,0,20,12,2.192e-05
881,85,67,25,8,77.0746,0.00386404
882,165,108,86,8,74.8426,0.00634728
883,48,29,27,10,76.2414,0.00146904
884,53,53,0,106,12.0566,0.00014432
885,100,100,0,200,12.06,0.0002456
886,49,37,18,8,82.0541,0.00203884
887,28,28,0,56,12.0357,6.544e-05
888,32,32,0,64,12.0312,7.504e-05
889,12,12,0,8,75.6667,0.00053992
890,41,41,0,8,80.1707,0.00228236
891,7,7,0,14,12,1.472e-05
892,22,22,0,44,12.0455,4.592e-05
893,34,26,10,8,69.9231,0.0013518
894,112,94,18,10,74.0106,0.00545704
895,78,46,62,8,74.5217,0.00259628
896,76,58,34,10,68.6724,0.00324832
897,18,18,0,36,12.0556,4.144e-05
898,58,33,28,8,74.7576,0.00177188
899,87,87,0,174,12.0575,0.00024288
900,44,44,0,88,12.0455,0.00011504
901,56,56,0,112,12.0536,0.00014064
902,36,20,16,8,75.85,0.00101008
903,30,30,0,60,12.0667,8.496e-05
904,16,16,0,32,12,3.632e-05
905,74,58,17,8,73.9138,0.00331004
906,21,13,8,8,73.1538,0.0005976
907,20,12,15,8,81.1667,0.0005366
908,45,45,0,90,12.0444,0.00011968
909,10,10,0,20,12,2.192e-05
910,158,134,24,10,61.4851,0.00790448
911,9,9,0,18,12,2.016e-05
912,57,39,26,8,58.7179,0.00217896
913,92,92,0,184,12.0543,0.00021648
914,32,32,0,64,12.0312,7.632e-05
915,45,45,0,8,70.3556,0.00254584
916,13,13,0,8,72.1538,0.00056348
917,24,24,0,48,12.0417,5.008e-05
918,8,8,0,16,12,1.68e-05
919,19,19,0,8,51.0526,0.00096024
920,11,11,0,22,12,2.304e-05
921,84,76,11,8,76.9605,0.00440404
922,497,387,134,8,74.7054,0.0232063
923,58,58,0,116,12.0517,0.00014224
924,346,346,0,692,12.0665,0.00094544
925,35,24,12,8,77.875,0.00126168
926,38,23,15,8,73.5217,0.00118824
927,18,18,0,36,12.0556,4.336e-05
928,18,11,9,8,69.7273,0.00048552
929,20,20,0,40,12.05,5.264e-05
930,8,8,0,16,12,1.84e-05
931,96,79,19,10,74.0506,0.00458328
932,12,12,0,8,67.0833,0.000531
933,80,65,20,10,73.4154,0.00372888
934,64,64,0,128,12.0625,0.00017744
935,7,7,0,14,12,1.472e-05
936,52,52,0,104,12.0577,0.00013328
937,330,238,133,8,76.9244,0.0142075
938,90,48,70,8,61.875,0.0027228
939,201,201,0,402,12.0597,0.00052256
940,45,45,0,90,12.0444,0.00011936
941,11,11,0,8,51,0.00045504
942,7,7,0,14,12,1.472e-05
943,163,142,24,8,78.4718,0.00841092
944,120,118,2,8,76.2034,0.00692976
945,255,169,151,6,60.6213,0.0100923
946,130,130,0,260,12.0615,0.00033648
947,74,74,0,148,12.0541,0.00016816
948,149,149,0,298,12.0604,0.0003648
949,55,42,13,8,77.7857,0.00232408
950,32,16,18,8,74.5,0.00073792
951,32,32,0,64,12.0625,8.304e-05
952,12,12,0,24,12,2.64e-05
953,56,49,7,10,83.7959,0.0027388
954,71,46,27,8,73.8696,0.0025964
955,39,39,0,78,12.0513,9.536e-05
956,213,197,20,8,57.0355,0.0116943
957,163,163,0,326,12.0552,0.0004016
958,84,50,36,8,80.76,0.00280456
959,307,248,73,8,81.1653,0.014808
960,42,42,0,84,12.0476,0.00010256
961,195,195,0,390,12.0615,0.00049344
962,154,121,41,10,66.5537,0.0070528
963,20,16,4,8,80.375,0.00077308
964,109,109,0,218,12.0642,0.00031712
965,10,10,0,20,12,2.096e-05
966,45,32,13,8,75,0.00172456
967,64,44,32,8,53.5909,0.00244872
968,41,37,4,6,77.8108,0.00206184
969,26,26,0,52,12.0385,7.152e-05
970,35,35,0,70,12.0571,8.704e-05
971,28,28,0,56,12.0357,6.64e-05
972,42,27,17,8,56.3333,0.00144584
973,32,22,10,8,78.8182,0.00109744
974,37,22,21,8,68.3636,0.0011086
975,24,24,0,48,12.0417,6.416e-05
976,123,122,1,8,64.1557,0.0071646
977,15,15,0,30,12,3.584e-05
978,18,18,0,36,12.0556,4.112e-05
979,23,23,0,8,40.6087,0.001161
980,13,13,0,26,12,2.72e-05
981,9,9,0,8,24.4444,0.00034816
982,16,16,0,8,30.9375,0.00079184
983,6,6,0,12,12,1.264e-05
984,9,9,0,18,12,1.888e-05
985,61,61,0,8,53.4098,0.00347512
986,32,32,0,64,12.0312,6.672e-05
987,24,24,0,8,62.7083,0.0012552
988,6,6,0,8,63.1667,0.00015864
989,13,13,0,26,12,2.72e-05
990,4,4,0,8,12,8.48e-06
991,13,13,0,8,85.5385,0.00055436
992,63,41,35,8,74.8049,0.0022936
993,8,8,0,16,12,1.68e-05
994,34,34,0,68,12.0588,8.848e-05
995,93,69,27,10,77.4493,0.00392176
996,61,61,0,122,12.0492,0.00015872
997,24,24,0,8,76.4167,0.00126224
998,42,22,24,8,72.8182,0.00114572
999,13,13,0,26,12,2.72e-05
1000,19,19,0,38,12.0526,4.928e-05
1001,72,72,0,8,80.6111,0.00412812
1002,37,37,0,74,12.027,7.712e-05
1003,262,239,23,8,74.7197,0.0142249
1004,54,36,22,10,82.5556,0.0019172
1005,14,14,0,8,70.4286,0.00066456
1006,205,205,0,410,12.0634,0.00054432
1007,33,33,0,66,12.0606,9.12e-05
1008,69,42,34,8,82.2619,0.00231188
1009,8,8,0,16,12,1.68e-05
1010,38,38,0,76,12.0526,9.584e-05
1011,41,41,0,82,12.0488,9.824e-05
1012,112,82,32,10,77.5244,0.00476544
1013,9,7,2,8,79.8571,0.00024744
1014,74,74,0,148,12.0676,0.00020656
1015,6,6,0,12,12,1.264e-05
1016,90,63,31,8,73.2381,0.00362116
1017,38,22,16,8,80.0909,0.001102
1018,53,53,0,106,12.0566,0.000144
1019,18,18,0,36,12.0556,4.176e-05
1020,19,12,7,8,74.5,0.00054936
1021,8,8,0,16,12,1.712e-05
1022,90,90,0,8,70.5,0.0052248
1023,46,46,0,92,12.0435,9.584e-05
1024,11,11,0,8,60.2727,0.00044424
1025,69,69,0,8,66.9855,0.00399616
1026,7,7,0,14,12,1.472e-05
1027,36,36,0,72,12.0278,7.504e-05
1028,46,46,0,8,50.4783,0.0025602
1029,10,10,0,8,57.5,0.00039344
1030,24,24,0,48,12.0417,5.008e-05
1031,6,6,0,12,12,1.264e-05
1032,31,31,0,8,44.5484,0.00166504
1033,17,17,0,34,12.0588,3.552e-05
1034,62,62,0,124,12.0484,0.00012912
1035,37,37,0,8,53,0.00201864
1036,20,20,0,40,12.05,4.176e-05
1037,22,22,0,8,68.9545,0.00113132
1038,12,12,0,24,12,2.512e-05
1039,18,18,0,8,70.6667,0.0008946
1040,10,10,0,20,12,2.096e-05
1041,36,29,7,8,74.1034,0.00152132
1042,21,21,0,42,12.0476,4.992e-05
1043,48,41,9,8,76.4878,0.00228616
1044,155,111,52,8,75.6667,0.00652768
1045,8,6,2,8,79.5,0.00017036
1046,1015,803,268,8,77.3674,0.0483482
1047,26,26,0,52,12.0385,6.16e-05
1048,98,98,0,196,12.0612,0.00024368
1049,12,12,0,8,74.0833,0.000529
1050,5,5,0,10,12,1.056e-05
1051,657,657,0,1314,12.0624,0.0016512
1052,58,46,16,10,72.3261,0.00254464
1053,29,20,10,8,82.4,0.0009888
1054,7,7,0,14,12,1.472e-05
1055,13,13,0,8,63.6154,0.00060148
1056,40,40,0,80,12.05,9.232e-05
1057,14,14,0,28,12,3.088e-05
1058,8,8,0,16,12,1.68e-05
1059,13,13,0,8,63.8462,0.00060772
1060,197,191,7,8,81.7592,0.0113246
1061,8,8,0,16,12,1.68e-05
1062,132,132,0,264,12.053,0.0003112
1063,15,15,0,8,79.5333,0.00069512
1064,9,9,0,18,12,1.888e-05
1065,333,239,129,8,75.6109,0.0142565
1066,112,80,57,8,76.325,0.00462104
1067,76,47,37,8,79.1489,0.00262856
1068,217,217,0,434,12.0645,0.00059424
1069,67,67,0,134,12.0597,0.00016
1070,44,44,0,88,12.0455,0.00011568
1071,166,124,45,8,78.9677,0.00728592
1072,20,12,8,8,83.75,0.00050596
1073,169,122,65,8,73.4426,0.00715636
1074,112,112,0,224,12.0625,0.00030768
1075,9,9,0,18,12,2.048e-05
1076,97,97,0,194,12.0619,0.0002496
1077,84,56,28,8,79.4286,0.00315936
1078,45,23,33,8,78.7826,0.00117608
1079,50,50,0,100,12.06,0.00013904
1080,38,23,15,8,76.3043,0.00120956
1081,15,15,0,30,12,3.328e-05
1082,23,22,1,8,38.2727,0.00114904
1083,63,36,36,8,72.3056,0.00196184
1084,26,15,12,8,78.5333,0.00070408
1085,77,56,21,8,64.9286,0.00320428
1086,17,17,0,34,12,3.84e-05
1087,33,33,0,66,12.0303,7.872e-05
1088,11,11,0,22,12,2.496e-05
1089,40,40,0,80,12.05,9.872e-05
1090,30,22,9,8,69.4091,0.00111696
1091,23,16,7,8,81.5,0.0007686
1092,28,15,15,8,72,0.00071736
1093,13,13,0,26,12,2.72e-05
1094,12,12,0,24,12,2.608e-05
1095,11,11,0,22,12,2.432e-05
1096,115,93,27,8,73.9785,0.00539492
1097,29,24,5,8,79.25,0.00123084
1098,68,68,0,136,12.0588,0.00017712
1099,15,15,0,30,12,3.296e-05
1100,93,76,19,10,80.6316,0.00438488
1101,42,26,25,8,79.7308,0.00136868
1102,173,121,87,8,73.4959,0.00716992
1103,14,9,7,8,79.3333,0.00035632
1104,68,68,0,136,12.0588,0.0001832
1105,23,23,0,46,12.0435,6.016e-05
1106,110,110,0,220,12.0636,0.00028208
1107,6,6,0,12,12,1.264e-05
1108,57,56,1,8,82.2143,0.003182
1109,208,133,95,8,75.5639,0.00784268
1110,123,123,0,246,12.065,0.00035072
1111,45,24,31,8,73.4167,0.0012482
1112,137,121,18,8,67.5207,0.00709204
1113,64,42,38,8,72.7381,0.00234744
1114,22,22,0,44,12.0455,5.488e-05
1115,75,75,0,150,12.0533,0.00017856
1116,40,40,0,80,12.05,0.00010352
1117,51,51,0,8,76.4118,0.00290188
1118,27,27,0,54,12.037,5.632e-05
1119,22,16,6,8,73.875,0.00075924
1120,274,242,42,8,70.6818,0.0144476
1121,10,10,0,20,12,2.128e-05
1122,189,189,0,378,12.0582,0.00045184
1123,9,8,1,8,82,0.00030712
1124,22,22,0,8,67.9091,0.00113208
1125,12,12,0,24,12,2.512e-05
1126,125,93,36,10,78.3441,0.00539632
1127,78,78,0,156,12.0641,0.00021648
1128,543,341,268,8,78.9941,0.0204319
1129,315,315,0,630,12.0667,0.00087232
1130,51,38,14,8,77.8158,0.00208072
1131,30,30,0,60,12.0333,7.856e-05
1132,21,12,15,8,82,0.0005062
1133,21,15,7,8,73.6667,0.00071084
1134,10,10,0,20,12,2.192e-05
1135,29,29,0,8,60.1379,0.00156876
1136,11,11,0,22,12,2.4e-05
1137,16,16,0,32,12,3.344e-05
1138,59,59,0,8,60.6441,0.00336364
1139,31,31,0,62,12.0323,6.464e-05
1140,83,83,0,8,54.8193,0.00480336
1141,43,43,0,86,12.0465,8.96e-05
1142,12,12,0,24,12,2.512e-05
1143,43,43,0,8,56.3488,0.0023706
1144,23,23,0,46,12.0435,4.8e-05
1145,66,65,2,8,69.6615,0.003732
1146,35,35,0,70,12.0286,7.424e-05
1147,57,40,21,8,76.175,0.00218896
1148,46,31,16,8,71.2903,0.00167584
1149,132,94,40,10,77.266,0.00542288
1150,33,33,0,66,12.0606,8.288e-05
1151,26,26,0,52,12.0385,6.576e-05
1152,90,90,0,180,12.0556,0.00023248
1153,267,208,68,8,77.351,0.0124027
1154,20,15,5,8,80.5333,0.00071216
1155,178,178,0,356,12.0618,0.00045584
1156,25,21,4,8,80.7143,0.00104096
1157,11,11,0,22,12,2.432e-05
1158,13,13,0,26,12,2.848e-05
1159,29,29,0,58,12.0345,6.048e-05
1160,301,262,49,10,75.6794,0.0156638
1161,32,28,4,8,72.4643,0.00147512
1162,35,25,10,8,80.28,0.00131024
1163,222,222,0,444,12.0631,0.00057936
1164,34,18,17,8,73.5556,0.00088444
1165,17,17,0,34,12,3.744e-05
1166,19,19,0,38,12.0526,4.48e-05
1167,46,46,0,8,62.1739,0.00259536
1168,16,16,0,32,12,3.888e-05
1169,24,24,0,48,12.0417,5.008e-05
1170,10,10,0,8,57.9,0.0004
1171,134,128,6,8,81.7188,0.00753776
1172,6,6,0,12,12,1.264e-05
1173,88,88,0,176,12.0568,0.00021008
1174,5,5,0,10,12,1.056e-05
1175,116,106,10,10,82.1321,0.006208
1176,30,25,5,8,84.52,0.00129548
1177,32,19,18,8,82.4737,0.00093864
1178,16,16,0,32,12,3.632e-05
1179,18,18,0,36,12.0556,4.272e-05
1180,27,24,3,8,80.5417,0.0012716
1181,35,35,0,8,75.4286,0.001937
1182,19,19,0,38,12.0526,3.968e-05
1183,81,73,8,8,82.2877,0.00418516
1184,55,55,0,110,12.0545,0.00012608
1185,66,57,9,10,80.8772,0.00324576
1186,50,50,0,100,12.06,0.00012816
1187,65,46,27,10,72.587,0.00253592
1188,43,43,0,86,12.0465,0.00011648
1189,27,26,1,8,83.4231,0.00134452
1190,14,14,0,28,12,2.96e-05
1191,24,21,3,8,80.1429,0.0010846
1192,45,40,6,10,72.15,0.00216264
1193,12,12,0,24,12,2.512e-05
1194,24,14,18,8,78,0.00065672
1195,17,16,1,8,80.875,0.00074268
1196,27,27,0,54,12.037,6.24e-05
1197,11,11,0,22,12,2.464e-05
1198,483,377,117,10,76.2785,0.0226108
1199,9,9,0,18,12,1.92e-05
1200,300,300,0,600,12.0633,0.00077104
1201,80,80,0,8,60.575,0.00461324
1202,41,41,0,82,12.0488,8.544e-05
1203,17,17,0,8,51.5294,0.00080296
1204,24,19,5,8,80.5263,0.00093424
1205,10,10,0,20,12,2.096e-05
1206,13,13,0,26,12,2.816e-05
1207,56,46,10,8,77.9348,0.00255932
1208,34,34,0,68,12.0588,8.656e-05
1209,81,66,15,8,76.8636,0.00380904
1210,205,162,44,8,77.9259,0.00961156
1211,51,51,0,102,12.0588,0.00012992
1212,149,111,43,8,77.1892,0.00653232
1213,157,102,76,8,78.3235,0.00598696
1214,141,141,0,282,12.0638,0.0003696
1215,93,93,0,186,12.0538,0.00024
1216,97,97,0,194,12.0619,0.000272
1217,18,18,0,8,82.3333,0.00091272
1218,49,42,7,6,75.4762,0.00236464
1219,10,10,0,20,12,2.096e-05
1220,34,34,0,68,12.0588,8.368e-05
1221,89,75,15,10,78.7067,0.0043064
1222,38,23,15,8,81.1304,0.0012142
1223,57,57,0,114,12.0526,0.00014688
1224,19,19,0,38,12.0526,4.352e-05
1225,173,135,39,8,76.3111,0.00793796
1226,107,107,0,214,12.0561,0.0002816
1227,52,39,13,8,76.4872,0.00216684
1228,72,50,24,8,75.2,0.002804
1229,35,17,18,8,77.8235,0.00080584
1230,27,27,0,54,12.037,6.528e-05
1231,44,44,0,88,12.0455,0.00011152
1232,15,15,0,30,12,3.712e-05
1233,94,66,33,8,74.2273,0.00380588
1234,6,6,0,8,83.6667,0.0001666
1235,65,46,20,10,79.5652,0.00253192
1236,35,20,15,8,81.55,0.0010128
1237,53,53,0,106,12.0566,0.00014432
1238,4,4,0,8,12,8.48e-06
1239,42,42,0,84,12.0476,0.00011728
1240,17,17,0,34,12.0588,4.128e-05
1241,352,306,48,8,77.1242,0.0183064
1242,99,64,38,8,78.2344,0.003661
1243,240,240,0,480,12.0583,0.00059312
1244,60,60,0,120,12.05,0.0001544
1245,84,84,0,168,12.0595,0.00020976
1246,13,13,0,26,12,2.784e-05
1247,383,286,132,8,79.3147,0.0170709
1248,126,96,34,10,77.8646,0.00555576
1249,264,264,0,528,12.0644,0.00070992
1250,87,87,0,174,12.069,0.00025056
1251,406,314,126,6,75.7325,0.018863
1252,296,296,0,592,12.0642,0.00077296
1253,258,194,70,8,77.5103,0.0115406
1254,21,13,10,8,75,0.00059544
1255,181,181,0,362,12.0608,0.00048352
1256,10,10,0,20,12,2.192e-05
1257,52,24,41,8,79.5,0.00123064
1258,136,103,41,8,71.6699,0.00601232
1259,22,22,0,44,12.0455,5.776e-05
1260,87,87,0,174,12.0575,0.00022624
1261,51,42,10,8,83.0714,0.00236112
1262,31,31,0,62,12.0323,7.904e-05
1263,12,8,4,8,75.75,0.00027948
1264,6,6,0,12,12,1.264e-05
1265,50,33,29,10,72.2727,0.00171288
1266,31,31,0,62,12.0323,7.232e-05
1267,73,40,44,8,79.575,0.00224332
1268,147,109,40,8,71.4404,0.00638268
1269,190,153,39,8,78.9673,0.00907284
1270,86,86,0,172,12.0581,0.0002296
1271,112,112,0,224,12.0536,0.00027824
1272,69,42,28,8,79.3095,0.0023234
1273,38,38,0,76,12.0526,9.744e-05
1274,75,56,21,8,71.1786,0.0031978
1275,291,217,104,10,79.1751,0.0128762
1276,12,11,1,8,80.7273,0.00044592
1277,52,36,16,8,70.8611,0.0019794
1278,44,44,0,88,12.0455,0.00012048
1279,198,198,0,396,12.0606,0.00050352
1280,7,7,0,14,12,1.536e-05
1281,30,30,0,60,12.0333,7.664e-05
1282,29,18,11,8,82.7778,0.00089332
1283,107,89,22,8,80.3933,0.0051756
1284,193,140,83,10,79.3214,0.00818784
1285,15,15,0,30,12,3.584e-05
1286,58,58,0,116,12.0517,0.0001352
1287,124,124,0,248,12.0645,0.00032624
1288,23,23,0,8,64.4783,0.00119444
1289,41,33,8,8,82.7576,0.00180092
1290,44,26,34,8,81.0385,0.00137236
1291,13,13,0,26,12,2.72e-05
1292,26,26,0,52,12.0385,6.384e-05
1293,27,25,3,8,65.8,0.00131076
1294,23,23,0,46,12.0435,5.824e-05
1295,39,32,7,8,80.3438,0.00174092
1296,15,15,0,30,12,3.136e-05
1297,33,19,19,8,84.6842,0.00096328
1298,94,86,8,8,78.2442,0.00502272
1299,24,24,0,48,12.0417,5.488e-05
1300,16,16,0,32,12,3.888e-05
1301,61,61,0,122,12.0492,0.00013728
1302,16,16,0,8,77.0625,0.00078036
1303,9,9,0,18,12,1.888e-05
1304,85,48,47,8,82.0625,0.00269456
1305,46,46,0,92,12.0652,0.00012048
1306,151,105,58,8,81.0095,0.00612608
1307,29,17,15,8,80.0588,0.00084516
1308,97,97,0,194,12.0619,0.0002528
1309,11,11,0,8,76,0.00045744
1310,10,10,0,20,12,2.192e-05
1311,94,68,33,8,83.3824,0.00392504
1312,27,14,19,8,79.5714,0.00063224
1313,7,7,0,14,12,1.472e-05
1314,13,13,0,8,73.6154,0.00060536
1315,51,39,12,10,76.1282,0.00210496
1316,61,61,0,122,12.0492,0.00015968
1317,12,12,0,24,12,2.768e-05
1318,8,8,0,16,12,1.68e-05
1319,35,35,0,70,12.0571,9.184e-05
1320,14,14,0,8,71.7857,0.00062856
1321,47,34,16,8,84.3529,0.0018238
1322,8,8,0,16,12,1.68e-05
1323,30,30,0,60,12.0667,8.144e-05
1324,13,10,3,8,86.3,0.00039748
1325,8,8,0,16,12,1.744e-05
1326,128,77,77,8,79.4675,0.0044674
1327,176,147,35,8,77.6871,0.00867308
1328,74,74,0,148,12.0676,0.00020432
1329,127,127,0,254,12.063,0.00032864
1330,88,70,21,8,77.7,0.00403604
1331,65,65,0,130,12.0615,0.00017056
1332,39,25,14,8,79.08,0.0013248
1333,35,35,0,70,12.0571,8.096e-05
1334,54,30,42,10,79.7667,0.001564
1335,364,258,152,8,79.5388,0.015393
1336,20,20,0,40,12.05,5.264e-05
1337,28,28,0,56,12.0357,7.632e-05
1338,230,230,0,460,12.0609,0.00058896
1339,81,62,20,8,79.9839,0.00352188
1340,45,20,31,8,80.9,0.00098664
1341,48,48,0,96,12.0625,0.00012496
1342,552,393,258,10,79.341,0.0235638
1343,19,19,0,38,12.0526,4.608e-05
1344,62,41,27,8,71.1463,0.00229332
1345,30,26,6,8,72.9231,0.00137424
1346,352,352,0,704,12.0597,0.00088368
1347,66,55,11,10,78.9818,0.00304288
1348,16,16,0,32,12,3.344e-05
1349,50,24,42,8,75.0833,0.0012194
1350,49,49,0,98,12.0612,0.00012896
1351,14,14,0,28,12,2.928e-05
1352,14,10,6,8,86.9,0.00037216
1353,56,35,35,8,79.0286,0.0019358
1354,19,15,4,8,80.0667,0.00069076
1355,7,7,0,14,12,1.536e-05
1356,31,31,0,62,12.0323,7.776e-05
1357,10,10,0,20,12,2.096e-05
1358,21,21,0,8,74.7619,0.00106936
1359,12,12,0,24,12,2.512e-05
1360,39,19,31,8,84.5263,0.0009402
1361,18,18,0,36,12.0556,4.368e-05
1362,141,100,50,8,82.14,0.00582352
1363,51,44,7,8,75.8409,0.00242796
1364,84,84,0,168,12.0595,0.00023376
1365,36,36,0,72,12.0556,9.04e-05
1366,97,71,44,8,81.5352,0.00410112
1367,58,58,0,116,12.0517,0.00015312
1368,15,11,4,8,86.2727,0.00046668
1369,96,55,69,10,78.7455,0.00310944
1370,105,64,67,8,79.0469,0.00368372
1371,146,93,78,8,81.4946,0.00540216
1372,8,8,0,16,12,1.68e-05
1373,52,52,0,104,12.0577,0.00012752
1374,62,62,0,124,12.0645,0.0001784
1375,76,76,0,152,12.0658,0.00020048
1376,218,146,97,8,79.0411,0.008626
1377,136,136,0,272,12.0662,0.00036976
1378,5,5,0,8,77.8,0.00011048
1379,126,100,30,8,78.18,0.0058172
1380,42,20,26,8,76.85,0.00101852
1381,27,15,12,8,75.8667,0.00070644
1382,4,4,0,8,12,8.48e-06
1383,84,84,0,168,12.0595,0.00021392
1384,18,18,0,36,12.0556,4.432e-05
1385,33,22,11,8,72.3182,0.00112232
1386,13,13,0,26,12,3.04e-05
1387,68,47,30,8,71.1702,0.00263208
1388,16,16,0,32,12,3.568e-05
1389,43,43,0,86,12.0465,0.00011488
1390,108,95,16,8,78.6105,0.005533
1391,223,189,35,10,79.3651,0.0111761
1392,79,79,0,158,12.0506,0.0001968
1393,107,78,39,8,84.0897,0.0045028
1394,177,177,0,354,12.0678,0.00050848
1395,6,5,1,8,81.2,9.096e-05
1396,72,72,0,144,12.0556,0.00018128
1397,4,4,0,8,12,8.48e-06
1398,100,79,25,8,77.3038,0.00458204
1399,242,142,143,8,78.5704,0.0084114
1400,98,64,46,8,75.7188,0.0036556
1401,74,74,0,148,12.0541,0.00018864
1402,123,123,0,246,12.065,0.00032896
1403,46,46,0,92,12.0435,0.0001112
1404,48,31,24,8,73.129,0.00168052
1405,73,55,20,8,73.9636,0.003094
1406,42,25,32,8,78.52,0.00127952
1407,41,26,28,8,73.7308,0.00134948
1408,20,20,0,40,12.05,4.272e-05
1409,58,58,0,116,12.0517,0.0001496
1410,49,35,14,8,72.3143,0.00193016
1411,22,22,0,44,12.0455,5.648e-05
1412,109,77,41,10,77.4545,0.00444272
1413,23,23,0,46,12.0435,5.792e-05
1414,29,29,0,58,12.0345,7.904e-05
1415,69,69,0,138,12.058,0.00018752
1416,44,25,19,8,76.4,0.00130268
1417,296,207,97,10,77.6473,0.012336
1418,23,23,0,46,12.0435,5.696e-05
1419,192,192,0,384,12.0625,0.0004936
1420,32,32,0,64,12.0312,7.888e-05
1421,315,280,40,10,78.9821,0.0166648
1422,223,223,0,446,12.0583,0.00056
1423,79,65,14,8,83.5077,0.00373412
1424,51,51,0,102,12.0588,0.00013504
1425,179,134,56,8,76.4254,0.00792196
1426,110,110,0,220,12.0545,0.00027312
1427,242,202,42,8,75.8416,0.0120051
1428,48,24,38,8,79.8333,0.00126672
1429,244,171,121,8,76.2924,0.0101111
1430,159,159,0,318,12.0629,0.00041056
1431,116,89,32,8,79.2584,0.0051568
1432,22,22,0,44,12.0455,5.424e-05
1433,8,8,0,8,81,0.00029692
1434,136,136,0,272,12.0588,0.0003336
1435,69,69,0,138,12.058,0.00017248
1436,5,5,0,10,12,1.056e-05
1437,23,21,2,8,81.9048,0.00108992
1438,26,18,8,8,80.1667,0.00086944
1439,13,13,0,26,12,2.72e-05
1440,13,13,0,26,12,3.008e-05
1441,20,20,0,8,66.5,0.0010184
1442,11,11,0,22,12,2.304e-05
1443,43,36,7,8,72.8611,0.00194864
1444,184,128,80,8,79.9219,0.007562
1445,23,23,0,46,12.0435,5.344e-05
1446,113,113,0,226,12.0619,0.000288
1447,353,278,89,6,73.6799,0.0166534
1448,230,230,0,460,12.0652,0.0006056
1449,32,17,21,8,75.5294,0.00080512
1450,11,11,0,22,12,2.368e-05
1451,45,34,11,8,81.1176,0.0018338
1452,115,58,93,6,76.5,0.00334928
1453,26,26,0,52,12.0385,6.608e-05
1454,55,55,0,110,12.0545,0.00013856
1455,240,210,33,8,76.1095,0.0125056
1456,60,39,25,8,68.6667,0.0021654
1457,26,11,22,6,80.9091,0.0005154
1458,167,167,0,334,12.0599,0.00043296
1459,34,34,0,68,12.0588,9.456e-05
1460,10,10,0,20,12,2.128e-05
1461,77,48,29,8,74.625,0.00272064
1462,107,72,42,8,71.4444,0.00417196
1463,41,41,0,82,12.0488,9.824e-05
1464,64,64,0,128,12.0625,0.00015984
1465,77,62,22,10,80.6129,0.00354096
1466,40,23,24,8,80.1739,0.00118084
1467,56,56,0,112,12.0536,0.00013904
1468,57,43,15,8,81.7674,0.00238304
1469,18,18,0,36,12.0556,4.176e-05
1470,37,37,0,74,12.0541,9.472e-05
1471,147,115,41,10,78.6522,0.00673144
1472,113,113,0,226,12.0619,0.00029216
1473,207,153,61,8,77.817,0.00903444
1474,135,135,0,270,12.0593,0.00035232
1475,72,45,27,8,79.1556,0.00251
1476,32,18,19,8,80.3333,0.0008784
1477,138,95,44,10,80.8632,0.00552488
1478,38,38,0,76,12.0526,0.00010096
1479,148,85,75,8,76.4706,0.00496324
1480,16,16,0,32,12,3.92e-05
1481,81,81,0,162,12.0617,0.00020416
1482,71,71,0,142,12.0563,0.00018176
1483,40,26,18,8,77.9231,0.00136272
1484,173,132,64,8,78.4091,0.00780708
1485,44,23,39,4,71.4783,0.00129144
1486,21,21,0,42,12.0476,5.312e-05
1487,11,11,0,8,75.5455,0.00044376
1488,114,114,0,228,12.0614,0.0002824
1489,31,31,0,62,12.0645,7.84e-05
1490,69,47,25,10,81.7447,0.00258632
1491,7,7,0,14,12,1.472e-05
1492,57,46,11,10,76.3478,0.002544
1493,32,32,0,64,12.0312,7.696e-05
1494,62,52,10,10,79.1538,0.00288664
1495,43,43,0,86,12.0465,0.00010688
1496,78,54,24,8,68.9259,0.00307688
1497,351,259,120,8,76.7568,0.0154511
1498,197,127,91,8,76.8661,0.00746636
1499,84,55,32,8,76.9636,0.00311036
1500,42,42,0,84,12.0476,0.00010576
1501,229,229,0,458,12.0611,0.0005904
1502,121,121,0,242,12.0661,0.00032064
1503,49,49,0,98,12.0612,0.00013056
1504,16,16,0,8,51.0625,0.00077428
1505,9,9,0,18,12,1.888e-05
1506,48,36,16,8,69.9722,0.00198308
1507,29,22,7,8,79.2273,0.00113896
1508,24,24,0,48,12.0417,5.648e-05
1509,13,13,0,26,12,2.784e-05
1510,141,77,108,6,74.5714,0.00450236
1511,66,66,0,132,12.0606,0.00016368
1512,63,44,19,10,81.4545,0.00241376
1513,40,40,0,80,12.05,0.00011216
1514,94,73,22,10,83.8493,0.0042156
1515,63,63,0,126,12.0635,0.000168
1516,135,102,42,8,80.5,0.00594592
1517,88,88,0,176,12.0682,0.00024944
1518,72,50,22,8,82.5,0.00284812
1519,262,214,66,8,68.8084,0.0127408
1520,42,42,0,84,12.0476,0.00011632
1521,112,76,58,8,80.9342,0.00437148
1522,155,155,0,310,12.0581,0.00037568
1523,33,19,14,8,82.5263,0.0009608
1524,63,63,0,126,12.0635,0.0001632
1525,139,91,63,8,75.7253,0.00528076
1526,172,112,76,8,79.4196,0.00655004
1527,13,13,0,26,12,2.944e-05
1528,67,36,41,8,77.5278,0.0019482
1529,85,85,0,170,12.0588,0.0002224
1530,107,107,0,214,12.0561,0.00028096
1531,32,32,0,64,12.0625,8.4e-05
1532,43,29,16,8,79.7241,0.00154268
1533,22,14,9,8,72.4286,0.00066748
1534,22,22,0,44,12.0455,5.296e-05
1535,89,64,35,8,79.1875,0.003646
1536,20,14,6,8,77.2143,0.00066784
1537,9,9,0,18,12,1.888e-05
1538,59,59,0,118,12.0508,0.00016064
1539,159,139,31,8,78.6978,0.00822124
1540,75,49,47,8,78.8571,0.00274076
1541,10,10,0,20,12,2.096e-05
1542,42,28,21,8,80.7143,0.00148876
1543,97,97,0,194,12.0515,0.00022688
1544,47,47,0,94,12.0638,0.00012992
1545,22,22,0,44,12.0455,5.2e-05
1546,30,26,4,8,79.7692,0.00139604
1547,38,22,21,8,70.5909,0.00113032
1548,8,6,2,8,83.6667,0.00016384
1549,9,8,1,8,79.875,0.00029524
1550,16,16,0,32,12,3.536e-05
1551,13,13,0,26,12,2.72e-05
1552,4,4,0,8,12,9.12e-06
1553,6,6,0,12,12,1.264e-05
1554,246,217,31,10,77.576,0.0129421
1555,41,21,36,6,76.8095,0.0011226
1556,149,149,0,298,12.0537,0.00035552
1557,12,12,0,24,12,2.512e-05
1558,9,9,0,8,78.7778,0.00035744
1559,6,6,0,12,12,1.264e-05
1560,43,43,0,86,12.0698,0.00012192
1561,32,20,12,8,79.45,0.00100952
1562,20,20,0,8,77.75,0.00102296
1563,18,18,0,36,12.0556,4.208e-05
1564,11,11,0,22,12,2.304e-05
1565,10,10,0,8,73.4,0.00042036
1566,9,9,0,8,83.6667,0.00033004
1567,60,43,17,10,80.1163,0.0023456
1568,6,6,0,12,12,1.264e-05
1569,6,6,0,12,12,1.264e-05
1570,40,40,0,80,12.05,0.00011056
1571,38,21,26,8,69.5238,0.0010456
1572,76,50,44,8,76.28,0.00280432
1573,14,14,0,28,12,2.96e-05
1574,44,44,0,88,12.0455,0.00011152
1575,16,16,0,8,78.125,0.00076984
1576,9,9,0,18,12,1.888e-05
1577,10,10,0,8,82,0.00039516
1578,32,23,9,8,72.087,0.00119632
1579,25,15,19,8,77.2,0.00068732
1580,6,6,0,12,12,1.264e-05
1581,11,11,0,22,12,2.4e-05
1582,42,23,28,8,77.087,0.00118628
1583,44,22,28,8,80.0909,0.0011478
1584,20,20,0,40,12.05,4.784e-05
1585,18,18,0,36,12.0556,4.272e-05
1586,12,11,1,8,79.7273,0.00046388
1587,80,61,26,8,78.3443,0.00349704
1588,7,7,0,14,12,1.536e-05
1589,109,79,35,10,78.6962,0.00451528
1590,52,32,29,8,79.7812,0.00172056
1591,67,67,0,134,12.0597,0.0001888
1592,30,30,0,60,12.0333,8.048e-05
1593,33,29,4,8,80.2759,0.00156568
1594,17,17,0,34,12,3.712e-05
1595,265,211,68,8,79.7583,0.0125696
1596,88,67,21,8,77.597,0.00383612
1597,10,7,4,8,78.5714,0.00022048
1598,182,182,0,364,12.0604,0.000476
1599,66,39,45,8,80.8974,0.00216168
1600,61,61,0,122,12.0656,0.00017696
1601,77,46,34,8,77.8043,0.00256928
1602,5,5,0,10,12,1.056e-05
1603,47,28,27,8,77.5,0.00147584
1604,55,33,32,8,80.303,0.00181608
1605,81,44,60,8,78.0909,0.00242948
1606,32,32,0,64,12.0625,8.368e-05
1607,57,38,29,8,64,0.00207312
1608,42,42,0,84,12.0476,0.00011056
1609,114,88,30,8,78.7841,0.0051358
1610,25,25,0,50,12.04,7.104e-05
1611,31,31,0,62,12.0645,8.96e-05
1612,28,28,0,56,12.0357,6.128e-05
1613,83,83,0,166,12.0602,0.00022656
1614,29,15,16,8,78.0667,0.00070176
1615,91,68,30,10,79.4265,0.0038628
1616,12,12,0,24,12,2.64e-05
1617,58,58,0,116,12.0517,0.0001496
1618,89,83,6,8,81.4578,0.0048042
1619,63,43,39,10,82.1628,0.00238144
1620,64,64,0,128,12.0625,0.00016272
1621,104,83,28,8,78.8193,0.00483808
1622,41,41,0,82,12.0488,0.00010784
1623,63,63,0,126,12.0476,0.00015072
1624,71,45,26,8,79.5333,0.0024938
1625,29,19,10,8,80.8947,0.00095324
1626,101,63,45,8,78.2063,0.0036288
1627,84,61,39,8,67.7705,0.0035118
1628,37,37,0,74,12.0541,0.00010208
1629,8,6,2,8,75,0.00018004
1630,14,14,0,28,12,3.216e-05
1631,55,55,0,110,12.0545,0.00014176
1632,37,37,0,74,12.0541,8.16e-05
1633,13,13,0,8,61.0769,0.00057952
1634,5,5,0,10,12,1.056e-05
1635,8,8,0,16,12,1.68e-05
1636,14,14,0,8,78.0714,0.0006522
1637,25,12,16,8,76.3333,0.00049956
1638,106,69,62,10,78.3623,0.00394664
1639,8,8,0,16,12,1.68e-05
1640,10,10,0,20,12,2.192e-05
1641,63,63,0,126,12.0635,0.00016864
1642,8,8,0,8,73.125,0.00028288
1643,250,178,85,10,79.3764,0.0105161
1644,54,35,31,8,80.8857,0.00189696
1645,5,5,0,10,12,1.056e-05
1646,148,148,0,296,12.0608,0.00037616
1647,173,137,46,8,72.9051,0.00807564
1648,33,33,0,66,12.0606,8.736e-05
1649,103,103,0,206,12.0583,0.00025888
1650,9,9,0,8,79.7778,0.00031784
1651,55,41,16,10,77.3902,0.00221416
1652,34,17,17,8,81.8235,0.0008428
1653,6,6,0,12,12,1.264e-05
1654,37,37,0,74,12.0541,0.0001008
1655,185,137,74,10,74.5547,0.00804568
1656,15,15,0,30,12,3.424e-05
1657,60,38,28,8,74.9737,0.00212032
1658,130,130,0,260,12.0615,0.00033456
1659,20,11,14,8,70.0909,0.00045628
1660,29,29,0,58,12.0345,7.488e-05
1661,17,17,0,34,12,3.808e-05
1662,9,9,0,18,12,1.952e-05
1663,41,24,21,8,76.8333,0.00124268
1664,151,130,22,10,77.9154,0.00765824
1665,21,21,0,42,12.0476,5.344e-05
1666,124,124,0,248,12.0565,0.00032208
1667,58,58,0,116,12.0517,0.00014992
1668,86,60,33,10,73.4833,0.00340776
1669,75,56,25,10,74.6071,0.00311808
1670,43,36,7,10,77.25,0.0019172
1671,55,55,0,110,12.0545,0.00016032
1672,53,53,0,106,12.0566,0.00015648
1673,28,28,0,56,12.0357,6.928e-05
1674,21,16,5,8,79.375,0.0007738
1675,69,51,20,8,78.3333,0.00289588
1676,10,10,0,20,12,2.096e-05
1677,44,44,0,88,12.0455,0.00011376
1678,75,64,11,10,81.0938,0.00368904
1679,49,49,0,98,12.0612,0.00012672
1680,34,34,0,68,12.0588,8.976e-05
1681,13,13,0,8,67.3077,0.00058796
1682,8,8,0,16,12,1.68e-05
1683,33,33,0,8,55.6364,0.00180136
1684,18,18,0,36,12,3.76e-05
1685,244,206,45,8,74.3835,0.0122806
1686,52,34,18,8,79.1471,0.0018354
1687,154,154,0,308,12.0519,0.00035312
1688,30,30,0,60,12.0333,7.696e-05
1689,86,67,24,8,79.9254,0.0038652
1690,55,55,0,110,12.0545,0.00015296
1691,60,44,16,8,82.5227,0.00245992
1692,36,36,0,72,12.0556,9.776e-05
1693,8,8,0,8,75.875,0.000307
1694,32,20,12,8,78.4,0.00100944
1695,5,5,0,10,12,1.056e-05
1696,15,15,0,30,12,3.36e-05
1697,30,27,3,8,80.5556,0.00144444
1698,17,17,0,34,12,3.68e-05
1699,23,23,0,8,67.5217,0.00120484
1700,86,85,1,10,80.5882,0.00486216
1701,13,13,0,26,12,2.72e-05
1702,74,74,0,148,12.0541,0.00016592
1703,29,19,10,8,79.9474,0.00096472
1704,70,56,16,8,70.625,0.00320876
1705,15,15,0,30,12,3.456e-05
1706,43,43,0,86,12.0465,0.000104
1707,14,14,0,8,60.7857,0.00064272
1708,22,22,0,8,72.9545,0.00114092
1709,8,8,0,16,12,1.68e-05
1710,12,12,0,24,12,2.512e-05
1711,79,63,16,8,72.1111,0.00358136
1712,27,16,12,8,77.75,0.00077128
1713,21,13,8,8,80.6154,0.00058436
1714,53,53,0,106,12.0566,0.0001456
1715,11,11,0,22,12,2.4e-05
1716,11,11,0,22,12,2.656e-05
1717,60,42,18,8,66.3095,0.0023274
1718,35,35,0,70,12.0571,8.672e-05
1719,105,100,7,8,72.95,0.00585484
1720,70,70,0,140,12.0571,0.00017072
1721,46,33,14,8,78.6364,0.0018146
1722,292,254,54,8,75.1535,0.0151463
1723,32,18,25,8,62.1667,0.00090744
1724,27,27,0,54,12.037,7.168e-05
1725,183,183,0,366,12.0546,0.00044064
1726,36,36,0,8,83.0833,0.00198628
1727,11,11,0,22,12,2.304e-05
1728,19,19,0,38,12.0526,3.968e-05
1729,86,81,5,10,74.9136,0.00467024
1730,39,34,5,10,79.2059,0.00180472
1731,56,56,0,112,12.0536,0.00013328
1732,25,25,0,50,12.04,6.048e-05
1733,72,60,12,10,71.35,0.00336008
1734,50,50,0,100,12.06,0.00012496
1735,136,124,12,8,73.8306,0.00727268
1736,85,85,0,170,12.0588,0.00020096
1737,7,7,0,8,75.5714,0.00023084
1738,5,5,0,10,12,1.056e-05
1739,37,34,3,8,78.9706,0.0018684
1740,19,19,0,38,12.0526,4.064e-05
1741,12,12,0,8,76.9167,0.00055024
1742,46,35,12,8,70.2857,0.0019112
1743,7,7,0,14,12,1.472e-05
1744,29,29,0,58,12.0345,7.36e-05
1745,54,49,5,8,72.2857,0.00273404
1746,17,17,0,8,76.1176,0.00082188
1747,29,29,0,58,12.0345,6.528e-05
1748,10,10,0,20,12,2.096e-05
1749,158,143,18,10,78.3287,0.00843176
1750,18,18,0,8,76.6667,0.00090216
1751,109,109,0,218,12.055,0.0002624
1752,10,10,0,20,12,2.096e-05
1753,151,127,32,8,78.4961,0.0074828
1754,100,100,0,200,12.06,0.00024144
1755,18,16,2,8,82.75,0.00077648
1756,32,19,15,8,75.8947,0.00094496
1757,171,108,86,8,76.4259,0.00631752
1758,10,10,0,20,12,2.096e-05
1759,18,18,0,36,12.0556,4.272e-05
1760,90,90,0,180,12.0556,0.0002232
1761,57,43,23,8,77.093,0.00238908
1762,75,64,11,8,79.8125,0.00369252
1763,31,31,0,62,12.0645,7.936e-05
1764,45,45,0,90,12.0444,0.00010688
1765,50,30,36,10,74,0.00161088
1766,15,15,0,8,74.1333,0.00068956
1767,9,9,0,18,12,1.888e-05
1768,47,30,22,8,80.0667,0.00159572
1769,25,25,0,50,12.04,6.816e-05
1770,30,24,6,8,80.3333,0.00125552
1771,874,642,288,10,77.0483,0.0385887
1772,15,15,0,30,12,3.328e-05
1773,64,58,6,8,73.3793,0.00329216
1774,564,564,0,1128,12.0638,0.00147088
1775,36,36,0,72,12.0556,8.4e-05
1776,40,19,31,8,78.2632,0.00096556
1777,58,35,36,8,78.4,0.00194076
1778,13,13,0,26,12,2.976e-05
1779,31,31,0,62,12.0323,7.36e-05
1780,115,104,11,10,67,0.00604856
1781,81,81,0,162,12.0617,0.00020352
1782,23,23,0,8,70.2174,0.00116596
1783,655,591,75,8,76.5922,0.0355197
1784,13,13,0,26,12,2.72e-05
1785,421,421,0,842,12.0594,0.0010176
1786,175,171,6,10,76.076,0.0101149
1787,99,99,0,198,12.0505,0.00021376
1788,62,44,25,10,80.0455,0.00246296
1789,40,40,0,80,12.05,0.00010064
1790,88,77,12,8,80.5065,0.00446248
1791,55,55,0,110,12.0545,0.00013344
1792,130,75,90,8,74.2133,0.00431308
1793,66,40,32,10,73.85,0.00219552
1794,72,72,0,144,12.0556,0.0001976
1795,193,171,24,8,74.0585,0.0101099
1796,37,37,0,74,12.0541,0.00010688
1797,53,35,18,8,68.7429,0.00191604
1798,145,145,0,290,12.0621,0.00036992
1799,30,30,0,60,12.0333,7.472e-05
1800,44,36,10,8,76.8611,0.0019668
1801,40,21,26,8,82.1429,0.00106484
1802,70,47,43,6,73.1064,0.00271896
1803,23,23,0,46,12.0435,5.184e-05
1804,73,52,37,8,73.4038,0.0029344
1805,19,19,0,38,12.0526,4.576e-05
1806,39,39,0,78,12.0513,9.888e-05
1807,50,50,0,100,12.06,0.00012112
1808,15,15,0,8,62.5333,0.00072108
1809,9,9,0,18,12,1.888e-05
1810,34,34,0,8,65.8235,0.0018436
1811,18,18,0,36,12,3.76e-05
1812,91,86,5,10,78.186,0.00491984
1813,57,57,0,114,12.0526,0.00012896
1814,97,78,22,8,74.7692,0.00454068
1815,74,74,0,148,12.0541,0.00019632
1816,70,57,13,6,81.1579,0.00332776
1817,47,47,0,94,12.0426,0.0001152
1818,26,20,6,8,78.95,0.00099404
1819,67,48,24,10,74.3542,0.0026152
1820,13,13,0,26,12,2.848e-05
1821,45,45,0,90,12.0444,0.00011584
1822,24,24,0,8,67.875,0.00126504
1823,25,20,5,8,81.4,0.00098372
1824,105,80,37,8,76.975,0.00460996
1825,13,13,0,26,12,2.72e-05
1826,13,13,0,26,12,2.944e-05
1827,63,63,0,126,12.0635,0.00016256
1828,28,28,0,56,12.0357,7.44e-05
1829,55,43,16,10,67.3256,0.00239448
1830,24,14,10,8,83.0714,0.00065868
1831,99,80,34,10,79.6125,0.00456688
1832,32,32,0,64,12.0312,7.536e-05
1833,55,28,34,8,77.2143,0.00150512
1834,9,9,0,18,12,1.92e-05
1835,76,76,0,152,12.0526,0.00018544
1836,27,27,0,54,12.037,7.136e-05
1837,125,117,10,10,77.5641,0.0068224
1838,75,52,36,8,77.6538,0.00295528
1839,88,88,0,176,12.0568,0.00020784
1840,39,39,0,78,12.0513,9.504e-05
1841,130,93,51,8,76.6344,0.00543628
1842,136,105,54,8,79.8571,0.00612152
1843,274,240,43,8,76.9333,0.0143169
1844,67,67,0,134,12.0597,0.0001696
1845,88,88,0,176,12.0568,0.0002248
1846,9,9,0,8,76.3333,0.0003378
1847,219,219,0,438,12.0639,0.00058752
1848,30,16,19,8,79.6875,0.0007566
1849,6,6,0,12,12,1.264e-05
1850,12,12,0,24,12,2.608e-05
1851,51,37,19,8,69.1081,0.00203072
1852,62,60,2,10,76.7667,0.00342064
1853,76,37,60,8,79.4595,0.00201076
1854,120,90,46,10,81.6889,0.00526632
1855,26,26,0,52,12.0385,6e-05
1856,49,49,0,98,12.0408,0.00010912
1857,34,34,0,68,12.0588,9.104e-05
1858,67,67,0,134,12.0448,0.0001584
1859,19,19,0,8,75.5789,0.00094728
1860,169,131,46,8,80.6183,0.00772128
1861,11,11,0,22,12,2.304e-05
1862,112,112,0,224,12.0625,0.00029456
1863,39,21,30,8,68.9524,0.00105228
1864,50,33,24,8,67.0303,0.00176364
1865,44,28,27,8,75.6429,0.00150928
1866,12,12,0,24,12,2.512e-05
1867,29,29,0,58,12.0345,7.616e-05
1868,24,22,2,8,77,0.00109728
1869,25,25,0,50,12.04,6.272e-05
1870,43,24,21,8,80.7083,0.0012272
1871,13,13,0,26,12,2.816e-05
1872,59,34,33,8,76.7647,0.00185332
1873,39,21,34,6,79.2381,0.0011112
1874,20,20,0,40,12.05,5.232e-05
1875,31,31,0,62,12.0645,7.936e-05
1876,20,20,0,40,12.05,4.88e-05
1877,67,51,16,8,69.0784,0.00289136
1878,155,104,65,6,79.0769,0.00611456
1879,39,39,0,78,12.0513,9.984e-05
1880,91,91,0,182,12.0549,0.00022912
1881,40,22,22,8,75.4091,0.0011234
1882,388,263,165,8,76.0837,0.015676
1883,16,16,0,32,12,3.568e-05
1884,31,22,9,8,78.0455,0.001121
1885,225,225,0,450,12.0622,0.00056864
1886,14,14,0,28,12,3.056e-05
1887,47,29,23,8,78.069,0.00154472
1888,107,86,35,8,75.3721,0.00497536
1889,95,81,14,10,78.9012,0.00467128
1890,27,27,0,54,12.037,7.488e-05
1891,67,67,0,134,12.0597,0.0001632
1892,64,64,0,128,12.0625,0.00016816
1893,47,37,10,10,76.3243,0.0019908
1894,31,31,0,62,12.0323,7.776e-05
1895,12,12,0,8,69,0.00051828
1896,7,7,0,14,12,1.472e-05
1897,47,21,42,6,69.9048,0.00113588
1898,14,13,1,8,82.6154,0.00056584
1899,25,25,0,50,12.04,5.376e-05
1900,8,8,0,16,12,1.68e-05
1901,152,93,80,8,80.1828,0.00543736
1902,83,83,0,166,12.0602,0.00021504
1903,69,46,26,8,84.087,0.0025726
1904,106,80,28,8,79.65,0.0046394
1905,42,42,0,84,12.0476,0.00011728
1906,208,174,46,8,80.5805,0.0103315
1907,72,72,0,144,12.0556,0.00019472
1908,129,129,0,258,12.0543,0.00030496
1909,55,40,15,8,77.625,0.00222816
1910,276,228,56,8,77.0307,0.013591
1911,34,34,0,68,12.0588,8.944e-05
1912,165,165,0,330,12.0545,0.00039264
1913,197,170,28,8,80.8353,0.0100792
1914,124,124,0,248,12.0565,0.00032304
1915,215,187,28,10,81.0053,0.0110373
1916,146,146,0,292,12.0548,0.0003592
1917,21,17,4,8,83.2941,0.00082744
1918,47,25,41,6,82.2,0.0013802
1919,29,14,16,8,78.9286,0.00063352
1920,11,11,0,22,12,2.304e-05
1921,24,24,0,48,12.0417,6.352e-05
1922,12,12,0,24,12,2.928e-05
1923,75,51,25,8,72.8235,0.00287868
1924,48,36,14,8,74.2778,0.00198712
1925,1230,879,545,6,77.1388,0.0529866
1926,48,24,42,8,72.0833,0.0012664
1927,416,297,170,8,79.6027,0.0177612
1928,31,31,0,62,12.0323,7.904e-05
1929,794,794,0,1588,12.0655,0.0021304
1930,17,17,0,34,12,3.648e-05
1931,260,260,0,520,12.0615,0.00066896
1932,48,47,1,8,81.2979,0.0026592
1933,25,25,0,50,12.04,5.216e-05
1934,39,25,16,8,81.2,0.00130032
1935,21,21,0,42,12.0476,5.216e-05
1936,99,80,22,10,82.025,0.00463928
1937,275,217,80,8,72.7327,0.0129059
1938,70,70,0,140,12.0571,0.00019376
1939,177,177,0,354,12.0565,0.00044224
1940,61,45,16,10,83,0.00251368
1941,153,123,49,8,78.4553,0.00722592
1942,101,77,40,8,81.8182,0.00446276
1943,39,39,0,78,12.0513,0.0001104
1944,98,98,0,196,12.051,0.0002392
1945,60,60,0,120,12.05,0.0001416
1946,142,105,45,8,79.8571,0.00615424
1947,92,92,0,184,12.0543,0.00023472
1948,105,88,24,8,78.125,0.00513136
1949,85,85,0,170,12.0588,0.00021056
1950,43,43,0,8,70.1163,0.00238932
1951,23,23,0,46,12.0435,4.8e-05
1952,108,102,6,10,78.598,0.00589936
1953,92,92,0,184,12.0543,0.00022288
1954,104,56,66,8,77.4821,0.00320412
1955,54,54,0,108,12.0556,0.00014352
1956,5,5,0,8,88,0.00011544
1957,4,4,0,8,12,8.48e-06
1958,44,21,33,8,77.2857,0.00105872
1959,15,15,0,30,12,3.36e-05
1960,56,38,18,8,78.0526,0.0020678
1961,28,28,0,56,12.0357,7.248e-05
1962,28,27,1,8,63.6667,0.00144064
1963,52,52,0,8,74.2885,0.00291768
1964,15,15,0,30,12,3.2e-05
1965,27,27,0,54,12.037,5.632e-05
1966,372,235,189,8,75.8383,0.0139888
1967,210,210,0,420,12.0619,0.00052784
1968,115,87,28,8,74.3908,0.0050552
1969,33,18,25,8,81.8889,0.00086084
1970,70,37,52,8,74.973,0.00203436
1971,71,71,0,142,12.0563,0.00019008
1972,12,12,0,24,12,2.672e-05
1973,27,27,0,54,12.037,6.112e-05
1974,191,110,113,8,70.3636,0.00642808
1975,52,27,34,8,71.9259,0.0014186
1976,39,39,0,78,12.0513,0.0001024
1977,102,102,0,204,12.0588,0.00026576
1978,25,13,12,8,75.0769,0.00058272
1979,25,25,0,50,12.04,7.072e-05
1980,240,190,62,8,69.6053,0.0113044
1981,11,11,0,22,12,2.816e-05
1982,159,159,0,318,12.0566,0.00039328
1983,6,6,0,8,58.6667,0.00014188
1984,18,18,0,8,61.1667,0.00089244
1985,16,16,0,8,73.375,0.00077152
1986,118,94,27,10,64.266,0.005448
1987,46,25,23,8,70.36,0.00128088
1988,4,4,0,8,12,8.48e-06
1989,10,10,0,20,12,2.096e-05
1990,9,9,0,18,12,1.888e-05
1991,76,76,0,152,12.0526,0.00019152
1992,22,22,0,44,12.0455,5.488e-05
1993,93,82,13,8,77.1463,0.0047836
1994,67,67,0,134,12.0597,0.00017376
1995,372,279,115,8,75.8495,0.0166788
1996,15,15,0,8,84.9333,0.00068184
1997,228,228,0,456,12.0614,0.00058064
1998,9,9,0,18,12,1.888e-05
1999,153,109,64,8,74.3945,0.00637484
2000,89,89,0,178,12.0562,0.0002288
2001,8,7,1,8,81.1429,0.00020732
2002,46,27,26,8,76.4074,0.00140476
2003,116,85,49,8,70.4706,0.00495628
2004,149,111,54,10,75.2072,0.00646272
2005,5,5,0,10,12,1.056e-05
2006,24,24,0,48,12.0417,5.68e-05
2007,62,62,0,124,12.0484,0.000148
2008,93,93,0,186,12.0538,0.00022976
2009,72,51,26,10,65.5882,0.00280608
2010,47,47,0,94,12.0426,0.00011904
2011,263,173,117,8,76.6416,0.010287
2012,162,162,0,324,12.0617,0.00042576
2013,50,45,6,8,74.3111,0.00252176
2014,32,19,13,8,84.4211,0.00094904
2015,26,26,0,52,12.0385,5.584e-05
2016,14,14,0,28,12,3.12e-05
2017,89,64,36,8,76.9688,0.00368696
2018,101,86,18,10,76.1977,0.00501512
2019,52,52,0,104,12.0577,0.00013648
2020,50,32,24,8,77.9375,0.00173728
2021,70,70,0,140,12.0571,0.00018032
2022,30,30,0,60,12.0333,7.76e-05
2023,69,52,17,8,77.7885,0.00296788
2024,39,39,0,78,12.0513,0.00010432
2025,88,59,32,8,76.9831,0.00335836
2026,66,48,21,8,81.7292,0.00271996
2027,6,6,0,8,81.1667,0.00014928
2028,47,47,0,94,12.0638,0.0001264
2029,37,37,0,74,12.0541,9.696e-05
2030,4,4,0,8,12,8.48e-06
2031,85,67,20,8,80.0746,0.0038342
2032,58,50,8,8,78.46,0.00281376
2033,8,8,0,8,81.75,0.00026948
2034,56,56,0,112,12.0536,0.0001496
2035,42,42,0,84,12.0476,0.00010672
2036,27,15,12,8,70.6,0.00071676
2037,71,52,22,8,72.7115,0.00294396
2038,5,5,0,10,12,1.056e-05
2039,177,100,100,8,75.45,0.00583228
2040,10,10,0,20,12,2.16e-05
2041,47,47,0,94,12.0638,0.00012896
2042,96,96,0,192,12.0625,0.00027664
2043,190,150,43,8,78.0733,0.0088492
2044,203,162,47,8,76.9259,0.00957016
2045,22,13,14,8,73,0.00056992
2046,108,108,0,216,12.0556,0.00025008
2047,22,20,2,8,76.65,0.00101988
2048,128,128,0,256,12.0625,0.00034576
2049,10,10,0,20,12,2.224e-05
2050,231,171,80,8,75.0877,0.0101703
2051,12,12,0,24,12,2.512e-05
2052,134,80,61,8,72.7875,0.00462352
2053,158,158,0,316,12.0633,0.00041168
2054,13,9,4,8,72.7778,0.00033484
2055,78,78,0,156,12.0641,0.000212
2056,74,64,10,10,74.625,0.00364784
2057,7,7,0,14,12,1.472e-05
2058,44,44,0,88,12.0455,0.00010576
2059,44,25,31,8,76.44,0.00128164
2060,23,23,0,46,12.0435,6.016e-05
2061,39,27,15,8,82.5556,0.0014038
2062,113,81,54,8,78.6914,0.00470612
2063,40,18,36,6,73.1667,0.000965
2064,77,67,10,6,72.2985,0.0038768
2065,92,65,32,10,69.2308,0.00373104
2066,20,20,0,40,12.05,4.912e-05
2067,70,70,0,140,12.0571,0.00018864
2068,15,15,0,30,12,3.296e-05
2069,46,46,0,92,12.0435,0.00011408
2070,41,23,25,8,79.2609,0.00120468
2071,63,63,0,126,12.0635,0.00016544
2072,48,25,41,8,77.76,0.00132496
2073,19,19,0,38,12.0526,4.416e-05
2074,23,23,0,46,12.0435,5.984e-05
2075,350,263,115,8,76.749,0.0156886
2076,60,34,26,8,76.4706,0.00185392
2077,213,213,0,426,12.061,0.00052672
2078,31,31,0,62,12.0645,8.288e-05
2079,252,167,111,8,73.0838,0.00988152
2080,68,58,10,10,72.569,0.00326016
2081,11,11,0,8,77.4545,0.000462
2082,42,26,16,8,78.6154,0.00139188
2083,148,148,0,296,12.0608,0.00038928
2084,48,48,0,96,12.0417,0.00011696
2085,7,7,0,14,12,1.472e-05
2086,23,23,0,46,12.0435,6.016e-05
2087,45,38,7,8,80.3947,0.00207276
2088,28,28,0,56,12.0357,6.832e-05
2089,115,79,45,10,78.7975,0.00459904
2090,50,28,39,8,81.1786,0.00150164
2091,70,70,0,140,12.0571,0.00019088
2092,27,27,0,54,12.037,7.264e-05
2093,88,58,36,8,78.8621,0.00331692
2094,62,39,40,8,76.1282,0.00214788
2095,51,51,0,102,12.0588,0.00014272
2096,155,105,78,6,76.0476,0.00619276
2097,23,23,0,46,12.0435,4.928e-05
2098,77,49,38,8,74.2041,0.00277316
2099,96,96,0,192,12.0625,0.00025008
2100,6,6,0,8,73.3333,0.00015676
2101,44,44,0,88,12.0682,0.00012048
2102,241,185,73,8,78.3946,0.0109644
2103,94,56,57,6,74.7857,0.00323608
2104,40,18,38,8,76.1667,0.00090384
2105,4,4,0,8,12,8.48e-06
2106,111,71,63,10,75.9577,0.00405088
2107,172,172,0,344,12.064,0.00044848
2108,47,47,0,94,12.0426,0.0001184
2109,15,15,0,30,12,3.424e-05
2110,20,20,0,8,71.35,0.00102776
2111,11,11,0,22,12,2.304e-05
2112,190,145,49,8,71.9655,0.00858424
2113,21,21,0,8,79.9524,0.00105644
2114,133,133,0,266,12.0677,0.00036768
2115,12,12,0,24,12,2.512e-05
2116,66,64,2,10,70.25,0.00358288
2117,38,38,0,76,12.0526,8.4e-05
2118,22,22,0,8,73.5909,0.00112472
2119,12,12,0,24,12,2.512e-05
2120,15,13,2,8,74.3846,0.000606
2121,7,7,0,8,79.5714,0.00023604
2122,9,9,0,18,12,1.888e-05
2123,5,5,0,10,12,1.056e-05
2124,7,7,0,8,78,0.0001934
2125,110,65,69,8,79.0462,0.00373376
2126,5,5,0,10,12,1.056e-05
2127,59,59,0,118,12.0508,0.00015168
2128,20,20,0,8,70.1,0.0010274
2129,104,85,19,8,80.1412,0.00491624
2130,11,11,0,22,12,2.304e-05
2131,77,57,21,8,80.9298,0.00321928
2132,79,79,0,158,12.0633,0.00020768
2133,26,19,7,8,78.4737,0.00093784
2134,52,52,0,104,12.0577,0.00013872
2135,14,14,0,28,12,3.184e-05
2136,24,13,11,6,81.3077,0.00063196
2137,18,11,7,8,79.6364,0.00047516
2138,20,20,0,40,12.05,4.368e-05
2139,10,10,0,20,12,2.288e-05
2140,72,53,19,8,79.5849,0.00297324
2141,43,43,0,86,12.0465,0.00011168
2142,136,102,45,8,76.8824,0.00594752
2143,28,16,17,8,75.8125,0.0007796
2144,86,86,0,172,12.0581,0.00022384
2145,10,10,0,20,12,2.096e-05
2146,12,12,0,8,67.1667,0.0005372
2147,14,8,6,8,66.125,0.00026516
2148,7,7,0,14,12,1.472e-05
2149,5,5,0,10,12,1.056e-05
2150,16,16,0,8,58.625,0.00073644
2151,27,27,0,8,71.6296,0.00144068
2152,10,10,0,8,78.5,0.00039136
2153,9,9,0,18,12,1.888e-05
2154,15,15,0,30,12,3.136e-05
2155,6,6,0,12,12,1.264e-05
2156,27,27,0,8,68.963,0.00142568
2157,55,35,30,8,71.6,0.00191564
2158,15,15,0,30,12,3.136e-05
2159,29,29,0,58,12.0345,7.104e-05
2160,75,43,48,8,82.8837,0.00241764
2161,106,63,61,6,79.127,0.00363476
2162,40,40,0,80,12.05,0.00010224
2163,19,16,3,8,80.9375,0.00076364
2164,56,56,0,112,12.0536,0.00014864
2165,10,10,0,20,12,2.096e-05
2166,69,69,0,138,12.058,0.0001984
2167,47,27,25,8,79.5556,0.001439
2168,514,347,251,8,71.4784,0.0208105
2169,24,24,0,48,12.0417,6.32e-05
2170,293,293,0,586,12.0614,0.00074464
2171,96,64,43,8,82.375,0.0036436
2172,97,77,22,10,75.5714,0.00444312
2173,52,52,0,104,12.0577,0.00014128
2174,72,72,0,144,12.0556,0.00019824
2175,76,46,48,8,76.2391,0.002575
2176,39,39,0,78,12.0513,9.312e-05
2177,43,25,31,8,74.08,0.00131764
2178,22,22,0,44,12.0455,5.776e-05
2179,43,31,12,8,76.3226,0.00168036
2180,26,16,18,8,72.3125,0.0007916
2181,25,25,0,50,12.04,6.304e-05
2182,13,13,0,26,12,2.88e-05
2183,39,33,10,8,76.8182,0.00177812
2184,21,21,0,42,12.0476,4.8e-05
2185,54,23,52,8,81.2609,0.0011578
2186,15,15,0,30,12,3.232e-05
2187,64,50,24,8,77.3,0.0028378
2188,23,17,6,8,85.4118,0.00080456
2189,38,38,0,76,12.0526,0.0001016
2190,87,53,50,8,78.9057,0.0029968
2191,11,11,0,22,12,2.304e-05
2192,170,128,63,8,81.9688,0.00760592
2193,9,9,0,8,69.3333,0.00031456
2194,39,39,0,78,12.0513,8.576e-05
2195,112,112,0,224,12.0625,0.00028624
2196,119,85,48,6,76.3765,0.00502004
2197,6,6,0,12,12,1.264e-05
2198,43,35,8,8,79.0286,0.00189904
2199,83,63,30,8,76.3492,0.0035972
2200,115,73,60,8,73.7808,0.00425168
2201,40,39,1,10,74.5897,0.00213888
2202,25,25,0,50,12.04,6.24e-05
2203,59,59,0,118,12.0508,0.00015712
2204,62,62,0,124,12.0484,0.00015248
2205,28,28,0,56,12.0357,6.16e-05
2206,22,22,0,8,60,0.00112604
2207,52,51,1,10,78.8235,0.00290504
2208,12,12,0,24,12,2.512e-05
2209,40,40,0,80,12.05,8.848e-05
2210,41,31,11,8,71.9032,0.00166988
2211,17,16,1,8,75.3125,0.0007606
2212,63,39,38,8,76.6154,0.00215604
2213,23,23,0,46,12.0435,5.984e-05
2214,10,10,0,20,12,2.096e-05
2215,49,22,44,8,76.0455,0.00113188
2216,33,33,0,66,12.0606,8.48e-05
2217,18,18,0,36,12.0556,4.112e-05
2218,97,71,31,8,78.8451,0.00410928
2219,156,140,20,10,79.4214,0.00819784
2220,113,113,0,226,12.0531,0.00027936
2221,21,15,6,8,84.9333,0.00071956
2222,85,51,42,8,81.6078,0.0028588
2223,96,62,54,8,76.9677,0.00357152
2224,10,10,0,20,12,2.096e-05
2225,33,19,18,8,72.3684,0.00093676
2226,48,48,0,96,12.0625,0.00013136
2227,52,52,0,104,12.0577,0.00012656
2228,12,12,0,24,12,2.512e-05
2229,64,45,32,8,76.5333,0.00248964
2230,131,102,44,10,80.8922,0.00592656
2231,35,35,0,70,12.0571,9.216e-05
2232,84,84,0,168,12.0595,0.00020624
2233,39,19,23,8,83.9474,0.00096556
2234,38,34,5,10,79.8529,0.00182224
2235,23,23,0,46,12.0435,5.6e-05
2236,12,12,0,8,76.6667,0.00050268
2237,36,34,2,10,79.9706,0.00185496
2238,7,7,0,14,12,1.472e-05
2239,23,23,0,46,12.0435,5.088e-05
2240,590,473,175,8,72.6617,0.0283794
2241,91,71,20,8,80.4366,0.00410244
2242,387,387,0,774,12.062,0.00097216
2243,11,8,3,8,66.25,0.0002728
2244,59,59,0,118,12.0508,0.00014688
2245,6,6,0,12,12,1.264e-05
2246,53,39,14,8,82.7949,0.00216396
2247,31,31,0,62,12.0645,8.384e-05
2248,31,20,11,8,82.6,0.00100612
2249,22,14,8,8,78.5,0.00066012
2250,16,16,0,32,12,3.6e-05
2251,85,62,28,8,68.5645,0.00354368
2252,28,21,7,8,75.6667,0.00107348
2253,11,11,0,22,12,2.336e-05
2254,13,13,0,26,12,2.816e-05
2255,38,27,11,8,84.963,0.00145692
2256,43,27,19,8,80.3704,0.0014096
2257,20,20,0,40,12.05,5.04e-05
2258,22,22,0,44,12.0455,5.776e-05
2259,75,45,31,8,79.0667,0.00253684
2260,43,43,0,86,12.0465,0.00010688
2261,38,28,12,8,75.8571,0.00151092
2262,103,73,47,8,73.726,0.0041828
2263,20,20,0,40,12.05,4.784e-05
2264,57,57,0,114,12.0526,0.0001392
2265,60,50,10,10,73.84,0.00279808
2266,165,136,35,8,76.75,0.00804444
2267,38,38,0,76,12.0526,9.968e-05
2268,83,52,33,10,69.5769,0.00288192
2269,97,97,0,194,12.0515,0.00023616
2270,64,41,36,8,69.7317,0.00225572
2271,49,49,0,98,12.0612,0.00013504
2272,76,76,0,152,12.0526,0.00018928
2273,33,33,0,66,12.0606,8.352e-05
2274,21,21,0,8,56.4286,0.00105312
2275,12,12,0,24,12,2.512e-05
2276,91,73,26,10,81.4247,0.0042368
2277,36,20,23,8,80.45,0.00101696
2278,62,62,0,124,12.0645,0.00016784
2279,48,29,31,8,80,0.00153164
2280,14,14,0,28,12,3.088e-05
2281,216,175,51,8,74.28,0.0103922
2282,27,27,0,54,12.037,7.424e-05
2283,54,31,31,8,75.5806,0.0016982
2284,155,155,0,310,12.0581,0.00039552
2285,91,70,29,10,80.7143,0.00401392
2286,29,29,0,58,12.0345,7.808e-05
2287,10,7,3,8,75.2857,0.00022128
2288,68,68,0,136,12.0588,0.000188
2289,66,66,0,132,12.0606,0.00017424
2290,5,5,0,10,12,1.152e-05
2291,52,32,25,10,80.3125,0.00171544
2292,32,18,20,8,72.1667,0.00086712
2293,29,29,0,58,12.0345,7.84e-05
2294,16,16,0,32,12,3.856e-05
2295,15,15,0,30,12,3.36e-05
2296,64,53,11,8,78.8302,0.00299056
2297,47,38,9,10,77.5,0.00208016
2298,46,46,0,92,12.0435,0.0001176
2299,31,31,0,62,12.0323,7.68e-05
2300,80,78,2,8,76.3974,0.00451652
2301,55,55,0,110,12.0545,0.00012416
2302,18,18,0,8,69,0.00086776
2303,10,10,0,20,12,2.096e-05
2304,11,11,0,8,50.7273,0.0004354
2305,7,7,0,14,12,1.472e-05
2306,47,47,0,94,12.0638,0.00012416
2307,257,168,122,8,76.3512,0.0099558
2308,93,73,25,10,81.2055,0.00419656
2309,83,51,43,8,80.2549,0.0028994
2310,150,150,0,300,12.06,0.00039056
2311,60,60,0,120,12.05,0.00014672
2312,69,48,26,8,81.875,0.00270244
2313,25,14,20,8,59.3571,0.00065476
2314,48,48,0,96,12.0625,0.00012464
2315,43,26,22,8,80.4615,0.0013608
2316,42,42,0,84,12.0476,0.00011024
2317,8,8,0,16,12,1.68e-05
2318,74,54,32,6,77.7407,0.00309064
2319,45,26,31,8,74.5,0.001391
2320,23,23,0,46,12.0435,6.144e-05
2321,63,40,27,8,80.975,0.00219776
2322,52,52,0,104,12.0577,0.00014256
2323,24,24,0,48,12.0417,5.68e-05
2324,38,38,0,76,12.0526,0.00010192
2325,8,6,2,8,81.3333,0.0001558
2326,71,53,18,8,79.0566,0.00297488
2327,5,5,0,10,12,1.056e-05
2328,47,47,0,94,12.0638,0.00012512
2329,49,41,8,10,79.122,0.00230352
2330,34,34,0,68,12.0294,7.696e-05
2331,121,95,31,6,73.0632,0.0056052
2332,82,82,0,164,12.0488,0.00019408
2333,75,46,42,8,72.8261,0.00255272
2334,26,17,12,8,83.9412,0.00083032
2335,44,44,0,88,12.0682,0.00012272
2336,13,13,0,8,60.9231,0.00058292
2337,75,72,4,8,72.7222,0.00417036
2338,8,8,0,16,12,1.68e-05
2339,40,40,0,80,12.05,8.72e-05
2340,109,91,19,10,76.7253,0.00530664
2341,41,34,7,8,73.0882,0.00186064
2342,83,83,0,166,12.0602,0.00021248
2343,77,61,19,10,75.1475,0.0035008
2344,22,22,0,44,12.0455,4.816e-05
2345,56,56,0,112,12.0536,0.00015888
2346,105,92,13,8,75.0978,0.00536116
2347,64,45,31,10,75.5111,0.00248448
2348,61,61,0,122,12.0492,0.00014912
2349,8,8,0,8,67.625,0.00026772
2350,76,53,26,8,74.6604,0.00300512
2351,43,43,0,86,12.0465,0.0001088
2352,5,5,0,10,12,1.056e-05
2353,46,46,0,92,12.0435,0.00011664
2354,13,13,0,8,62.6923,0.00056152
2355,8,8,0,16,12,1.68e-05
2356,12,12,0,8,74.8333,0.00050204
2357,7,7,0,14,12,1.472e-05
2358,107,65,59,8,76.1077,0.00375412
2359,492,449,53,8,75.2294,0.0269369
2360,59,59,0,118,12.0508,0.00015648
2361,323,323,0,646,12.0557,0.0007616
2362,173,149,25,8,78.7718,0.00878576
2363,114,114,0,228,12.0614,0.00028656
2364,21,16,5,8,79.8125,0.00078488
2365,41,22,26,8,83.6364,0.00110196
2366,10,10,0,20,12,2.096e-05
2367,73,53,20,10,78.1887,0.00300568
2368,193,163,34,8,78.9509,0.00966548
2369,14,14,0,28,12,3.024e-05
2370,42,42,0,8,70.2619,0.00233524
2371,50,50,0,100,12.06,0.00012944
2372,125,125,0,250,12.056,0.00029824
2373,22,22,0,44,12.0455,4.592e-05
2374,156,128,33,10,79.2812,0.00750984
2375,115,115,0,230,12.0609,0.00032288
2376,168,124,73,8,78.3145,0.00728224
2377,103,103,0,206,12.0583,0.00026592
2378,11,8,3,8,77.375,0.00030832
2379,127,102,30,8,74.598,0.00595464
2380,6,6,0,12,12,1.264e-05
2381,75,75,0,150,12.0533,0.00017824
2382,58,44,15,8,80.0227,0.00242972
2383,18,11,9,8,83.2727,0.00048308
2384,32,32,0,64,12.0625,7.888e-05
2385,238,190,69,8,78.3474,0.0112676
2386,9,9,0,18,12,2.016e-05
2387,29,22,7,8,72.2273,0.0011238
2388,55,41,22,10,77.122,0.00220808
2389,24,15,9,8,73.1333,0.00069632
2390,169,169,0,338,12.0651,0.00045376
2391,15,15,0,30,12,3.296e-05
2392,36,36,0,72,12.0556,9.52e-05
2393,9,9,0,18,12,1.92e-05
2394,24,19,6,8,84.6842,0.0009402
2395,11,11,0,22,12,2.304e-05
2396,96,84,12,10,78.6667,0.004832
2397,78,78,0,156,12.0513,0.00019568
2398,17,16,1,8,84.6875,0.00077108
2399,10,10,0,20,12,2.096e-05
2400,28,23,5,8,83.087,0.00116172
2401,14,14,0,28,12,3.088e-05
2402,11,11,0,22,12,2.304e-05
2403,25,25,0,8,62.96,0.00133632
2404,14,14,0,28,12,2.928e-05
2405,109,85,34,8,80.5647,0.00493828
2406,81,81,0,162,12.0617,0.00021792
2407,102,80,28,10,80.9125,0.00463008
2408,73,73,0,146,12.0685,0.0002144
2409,125,94,49,8,76.6809,0.00545764
2410,82,82,0,164,12.061,0.00021104
2411,29,15,14,8,78.2667,0.00068076
2412,12,12,0,24,12,2.832e-05
2413,27,20,7,8,66.8,0.0010232
2414,81,69,13,10,82.4203,0.0039052
2415,12,12,0,24,12,2.512e-05
2416,62,62,0,124,12.0484,0.00015696
2417,75,58,17,10,85.2586,0.00328808
2418,50,50,0,100,12.06,0.00013296
2419,13,13,0,8,81.8462,0.00057556
2420,507,458,63,8,72.7205,0.0274958
2421,8,8,0,16,12,1.68e-05
2422,321,321,0,642,12.0592,0.00076448
2423,101,87,14,8,75.3563,0.00506932
2424,329,279,84,8,71.3763,0.0166664
2425,68,68,0,136,12.0588,0.00016144
2426,238,238,0,476,12.063,0.00061008
2427,27,24,3,8,75.625,0.00127056
2428,14,14,0,28,12,2.928e-05
2429,6,6,0,8,76.1667,0.00015
2430,4,4,0,8,12,8.48e-06
2431,171,150,23,10,78.0267,0.008876
2432,33,18,27,8,68.5556,0.00086592
2433,140,140,0,280,12.0714,0.00041296
2434,16,16,0,32,12,3.76e-05
2435,60,50,10,8,82.12,0.00280928
2436,34,34,0,68,12.0588,8.432e-05
2437,45,45,0,8,76.6,0.00251524
2438,24,24,0,48,12.0417,5.008e-05
2439,12,12,0,8,71.5,0.0005472
2440,7,7,0,14,12,1.472e-05
2441,87,71,17,10,78.1972,0.00402712
2442,62,62,0,124,12.0484,0.00015888
2443,40,34,6,8,77.6176,0.00183684
2444,23,23,0,46,12.0435,5.472e-05
2445,17,17,0,8,80.5882,0.00080128
2446,10,10,0,20,12,2.096e-05
2447,8,8,0,8,45.75,0.00026716
2448,5,5,0,10,12,1.056e-05
2449,29,29,0,8,60.1724,0.00154908
2450,16,16,0,32,12,3.344e-05
2451,28,28,0,8,44.0714,0.00148132
2452,15,15,0,30,12,3.136e-05
2453,17,17,0,8,44.1176,0.00080216
2454,10,10,0,20,12,2.096e-05
2455,111,83,46,8,83.8193,0.00480952
2456,110,66,60,8,76.5152,0.00379264
2457,63,63,0,126,12.0635,0.00016512
2458,137,101,53,8,81.3861,0.00592176
2459,63,63,0,126,12.0635,0.0001776
2460,94,94,0,188,12.0638,0.00024592
2461,212,148,87,8,78.2905,0.00876556
2462,138,138,0,276,12.0652,0.00036816
2463,96,66,43,8,74.9394,0.00376416
2464,46,26,29,8,77.5385,0.00139696
2465,62,39,31,8,78.3077,0.00212984
2466,57,57,0,114,12.0526,0.00014848
2467,17,17,0,8,76.6471,0.00082692
2468,34,34,0,68,12.0588,8.816e-05
2469,10,10,0,20,12,2.096e-05
2470,61,48,16,8,73.8333,0.00267676
2471,461,392,89,8,76.7041,0.0234881
2472,73,44,42,8,80.9545,0.00243576
2473,36,36,0,72,12.0556,9.232e-05
2474,307,307,0,614,12.0586,0.00073088
2475,34,34,0,68,12.0588,8.496e-05
2476,57,46,11,10,82.6087,0.0025384
2477,40,40,0,80,12.05,0.00010032
2478,46,29,22,8,84.6552,0.00156552
2479,40,25,18,8,80.96,0.00129544
2480,23,23,0,46,12.0435,5.888e-05
2481,24,15,9,8,78.6667,0.00073156
2482,22,22,0,44,12.0455,5.68e-05
2483,15,15,0,8,72,0.00068552
2484,104,85,25,8,79.8353,0.00491716
2485,12,12,0,24,12,2.672e-05
2486,134,100,40,8,80.18,0.0058146
2487,71,39,51,8,77.8974,0.00215252
2488,9,9,0,18,12,1.888e-05
2489,78,78,0,156,12.0641,0.00022192
2490,92,92,0,184,12.0543,0.00023696
2491,34,34,0,68,12.0588,8.624e-05
2492,42,31,11,8,82.0323,0.00167856
2493,25,25,0,50,12.04,6.464e-05
2494,76,59,18,8,74.1186,0.00338588
2495,16,10,6,8,76.6,0.00037864
2496,346,299,62,8,76.4849,0.0178647
2497,64,43,38,6,78.6047,0.00242552
2498,52,24,46,8,72.1667,0.0012276
2499,49,49,0,98,12.0612,0.000128
2500,64,44,37,8,77.8864,0.002443
2501,7,7,0,14,12,1.472e-05
2502,207,207,0,414,12.058,0.00048736
2503,40,40,0,80,12.05,0.00010832
2504,22,22,0,44,12.0455,5.616e-05
2505,42,42,0,84,12.0476,0.0001176
2506,99,78,25,8,80.8077,0.00449404
2507,64,64,0,128,12.0625,0.00016304
2508,9,9,0,8,86.4444,0.0003434
2509,6,6,0,12,12,1.264e-05
2510,34,18,16,8,78.5,0.00088244
2511,15,15,0,30,12,3.424e-05
2512,22,15,8,6,86.8667,0.00077084
2513,19,19,0,38,12.0526,4.032e-05
2514,59,54,7,8,81.6667,0.0030766
2515,55,41,27,10,71.8293,0.00222048
2516,30,30,0,60,12.0333,6.256e-05
2517,36,36,0,72,12.0556,8.752e-05
2518,34,18,27,8,80.1667,0.0008612
2519,15,15,0,30,12,3.456e-05
2520,46,35,11,8,68.5429,0.00190988
2521,47,27,22,8,67.4815,0.00144916
2522,23,23,0,46,12.0435,5.248e-05
2523,29,17,14,8,73.7059,0.00083936
2524,112,68,52,8,78.6176,0.00389056
2525,25,25,0,50,12.04,7.072e-05
2526,13,13,0,26,12,2.88e-05
2527,57,57,0,114,12.0526,0.0001424
2528,50,28,23,8,75.9643,0.00147256
2529,26,26,0,52,12.0385,7.248e-05
2530,92,73,22,10,77.9041,0.00419296
2531,37,24,14,8,80.0833,0.00124772
2532,61,61,0,122,12.0656,0.00017312
2533,19,19,0,38,12.0526,4.736e-05
2534,58,48,10,8,80.7917,0.00272196
2535,34,34,0,68,12.0588,8.688e-05
2536,23,23,0,46,12.0435,5.984e-05
2537,69,65,4,8,79.4,0.0037282
2538,54,49,5,10,82.7347,0.00272144
2539,40,40,0,80,12.05,9.008e-05
2540,106,89,17,10,69.2809,0.00509712
2541,79,79,0,158,12.0633,0.00020032
2542,98,57,58,8,75.1053,0.0032494
2543,63,51,14,10,72.1176,0.00281384
2544,54,54,0,108,12.0556,0.00014512
2545,43,38,5,8,68.2632,0.00210712
2546,67,58,9,8,80.1552,0.00331208
2547,23,23,0,46,12.0435,5.184e-05
2548,46,46,0,92,12.0435,0.00011312
2549,277,221,69,8,75.086,0.0131544
2550,60,45,15,8,83,0.0025454
2551,104,79,38,8,80.8987,0.00455496
2552,170,170,0,340,12.0588,0.00041808
2553,37,37,0,74,12.0541,9.472e-05
2554,53,53,0,106,12.0566,0.00012576
2555,41,27,15,8,80.7037,0.00142416
2556,22,22,0,44,12.0455,5.52e-05
2557,69,38,33,8,78.2368,0.00208196
2558,35,35,0,70,12.0571,9.344e-05
2559,20,20,0,8,74.4,0.0010144
2560,11,11,0,22,12,2.304e-05
2561,93,73,26,10,76.3151,0.00413576
2562,18,12,6,8,81.5833,0.00050436
2563,60,60,0,120,12.0667,0.00016016
2564,130,102,35,8,78.2941,0.00597796
2565,9,9,0,18,12,2.016e-05
2566,95,95,0,190,12.0526,0.00023872
2567,65,59,6,10,80.1864,0.00337824
2568,49,49,0,98,12.0408,0.00011424
2569,19,17,2,8,84.3529,0.00081784
2570,115,76,59,8,77.6711,0.00438256
2571,149,90,85,10,75.7333,0.00523816
2572,112,72,56,8,77.7083,0.00412468
2573,11,11,0,22,12,2.304e-05
2574,72,72,0,144,12.0556,0.00018352
2575,75,75,0,150,12.0533,0.00019392
2576,69,69,0,138,12.058,0.00019328
2577,6,6,0,8,81.1667,0.0001536
2578,4,4,0,8,12,8.48e-06
2579,115,95,27,8,81.4,0.00552368
2580,213,160,75,8,76.5938,0.009459
2581,81,81,0,162,12.0617,0.0002048
2582,22,13,17,8,73.9231,0.00056584
2583,141,141,0,282,12.0567,0.00034624
2584,140,120,23,8,77.2333,0.00706964
2585,9,9,0,18,12,1.952e-05
2586,146,122,30,10,76.0738,0.0071984
2587,12,8,7,8,80.375,0.00025272
2588,83,83,0,166,12.0602,0.0002048
2589,96,96,0,192,12.0521,0.00022608
2590,6,6,0,12,12,1.264e-05
2591,41,41,0,8,75.7073,0.00226432
2592,22,22,0,44,12.0455,4.592e-05
2593,244,175,97,8,73.1486,0.0103543
2594,47,47,0,94,12.0426,0.00010624
2595,167,167,0,334,12.0599,0.00042656
2596,11,11,0,8,71.7273,0.00047948
2597,94,58,44,8,72.569,0.00331468
2598,7,7,0,14,12,1.472e-05
2599,53,53,0,106,12.0566,0.00014528
2600,43,43,0,86,12.0465,9.792e-05
2601,22,22,0,8,59.9091,0.00110472
2602,12,12,0,24,12,2.512e-05
2603,138,101,51,8,75.9505,0.00592336
2604,41,27,16,8,77.6296,0.00141152
2605,83,83,0,166,12.0602,0.00022528
2606,18,13,5,8,65.9231,0.00060204
2607,22,22,0,44,12.0455,5.552e-05
2608,8,8,0,16,12,1.68e-05
2609,56,38,26,10,79.6053,0.00207896
2610,35,35,0,70,12.0571,8.768e-05
2611,28,23,5,8,73.2174,0.0011646
2612,132,105,31,10,75.3048,0.00615008
2613,15,15,0,30,12,3.456e-05
2614,39,18,36,6,71.5556,0.00094244
2615,239,192,53,8,71.6458,0.0114222
2616,20,11,13,8,80.9091,0.0004804
2617,97,97,0,194,12.0619,0.00025472
2618,18,18,0,36,12.0556,4.368e-05
2619,155,155,0,310,12.0581,0.00039072
2620,8,8,0,16,12,1.68e-05
2621,69,52,22,8,72.5385,0.00296028
2622,196,144,82,8,70.9722,0.00852436
2623,39,39,0,78,12.0513,9.536e-05
2624,133,133,0,266,12.0602,0.00032736
2625,116,92,30,8,81.7609,0.00534508
2626,29,15,19,8,81.4667,0.00070324
2627,25,25,0,8,77.32,0.00130748
2628,14,14,0,28,12,2.928e-05
2629,116,103,13,8,63.0971,0.00600836
2630,18,18,0,8,79.8333,0.00085584
2631,69,69,0,138,12.058,0.00017152
2632,10,10,0,20,12,2.096e-05
2633,51,43,8,8,76.1628,0.00239496
2634,154,129,34,8,71.2248,0.00760808
2635,28,28,0,56,12.0357,6.608e-05
2636,116,116,0,232,12.0603,0.000292
2637,42,32,15,8,78.5,0.00171836
2638,19,19,0,38,12.0526,3.968e-05
2639,102,79,30,8,65.8608,0.00457564
2640,90,57,47,8,76.3158,0.00325976
2641,85,68,18,6,66.6029,0.00393756
2642,53,53,0,106,12.0566,0.00012032
2643,52,52,0,104,12.0577,0.0001384
2644,49,49,0,98,12.0612,0.00012512
2645,337,283,57,8,74.9435,0.0169331
2646,216,216,0,432,12.0602,0.00053584
2647,18,18,0,8,63,0.0008844
2648,10,10,0,20,12,2.096e-05
2649,9,9,0,8,52.1111,0.00033928
2650,35,35,0,8,62.4,0.00190992
2651,6,6,0,12,12,1.264e-05
2652,19,19,0,38,12.0526,3.968e-05
2653,28,28,0,8,68.1071,0.00150608
2654,69,61,8,8,72.3607,0.00347076
2655,64,45,34,8,78.0667,0.00250852
2656,61,47,14,10,74.7234,0.00262152
2657,15,15,0,30,12,3.136e-05
2658,45,45,0,90,12.0444,0.00010848
2659,36,36,0,72,12.0556,9.104e-05
2660,41,41,0,82,12.0488,0.00011104
2661,35,28,11,6,70.0714,0.0015604
2662,265,212,66,10,82.1085,0.0125337
2663,24,24,0,48,12.0417,5.072e-05
2664,30,15,27,8,73.6,0.00072672
2665,65,46,37,10,80.4348,0.00257256
2666,12,12,0,8,75.4167,0.00053676
2667,185,185,0,370,12.0595,0.00045856
2668,11,11,0,22,12,2.336e-05
2669,44,44,0,88,12.0455,0.00010928
2670,7,7,0,14,12,1.472e-05
2671,27,26,1,8,75.3077,0.00135976
2672,27,23,4,8,81.8696,0.00115888
2673,14,14,0,28,12,2.96e-05
2674,13,13,0,26,12,2.816e-05
2675,26,18,8,8,84.5556,0.00090688
2676,12,12,0,24,12,2.608e-05
2677,24,24,0,8,75.2917,0.00123856
2678,13,13,0,26,12,2.72e-05
2679,1344,828,804,10,77.0133,0.0498089
2680,766,766,0,1532,12.0653,0.00205424
2681,121,78,60,8,80.9103,0.00449464
2682,349,281,99,8,75.1388,0.0168139
2683,135,94,69,8,72.0426,0.005485
2684,75,75,0,150,12.0533,0.0001936
2685,651,560,114,8,76.5607,0.0336697
2686,209,209,0,418,12.0574,0.00049408
2687,81,81,0,162,12.0494,0.00019488
2688,50,27,37,8,78.2963,0.00140496
2689,34,19,18,8,76.3158,0.00096968
2690,444,444,0,888,12.0631,0.00115024
2691,17,17,0,34,12,3.584e-05
2692,16,16,0,32,12.0625,4.048e-05
2693,32,27,5,8,81.7407,0.00143288
2694,17,17,0,34,12,3.936e-05
2695,86,86,0,172,12.0581,0.00022672
2696,11,11,0,22,12,2.432e-05
2697,32,23,10,8,81.913,0.00118972
2698,13,13,0,26,12,2.784e-05
2699,15,15,0,8,78.1333,0.00070588
2700,132,81,67,10,81.9506,0.00472256
2701,9,9,0,18,12,1.888e-05
2702,27,18,10,8,79.0556,0.000872
2703,69,69,0,138,12.058,0.00017344
2704,20,11,9,6,80.1818,0.00052264
2705,47,24,32,8,81.5,0.00122764
2706,13,13,0,26,12,2.784e-05
2707,16,16,0,32,12,3.408e-05
2708,22,22,0,44,12.0455,5.84e-05
2709,144,115,32,8,79.0435,0.0067332
2710,106,106,0,212,12.066,0.0002936
2711,57,46,13,10,80.3261,0.0025892
2712,40,40,0,80,12.05,0.00010032
2713,47,25,31,8,81.24,0.00130268
2714,95,59,49,8,67.2542,0.00336696
2715,21,21,0,42,12.0476,5.12e-05
2716,55,55,0,110,12.0545,0.0001424
2717,41,21,20,8,81.2857,0.00108008
2718,30,16,14,8,78.1875,0.00074508
2719,18,18,0,36,12.0556,4.368e-05
2720,14,14,0,28,12,3.344e-05
2721,81,59,24,8,73.5254,0.0033556
2722,55,55,0,110,12.0545,0.00014496
2723,65,42,35,8,66.6429,0.0023556
2724,151,110,57,8,79.1455,0.00643016
2725,33,33,0,66,12.0303,7.68e-05
2726,221,191,38,8,81.9895,0.0113513
2727,91,91,0,182,12.0659,0.0002448
2728,132,132,0,264,12.053,0.00030928
2729,43,30,15,8,79.2333,0.00160728
2730,12,12,0,8,71.0833,0.00051948
2731,22,22,0,44,12.0455,5.616e-05
2732,23,21,2,8,82.7143,0.00103712
2733,7,7,0,14,12,1.472e-05
2734,12,12,0,24,12,2.608e-05
2735,85,62,34,8,83.2903,0.00355008
2736,50,50,0,100,12.06,0.00013584
2737,69,42,44,8,80.9524,0.00233056
2738,35,35,0,70,12.0571,8.928e-05
2739,31,19,15,8,73,0.00092996
2740,140,132,10,10,80.6061,0.00770008
2741,12,12,0,24,12,2.512e-05
2742,90,90,0,180,12.0556,0.00020464
2743,131,102,33,8,78.951,0.00596864
2744,92,92,0,184,12.0652,0.00024784
2745,19,15,4,8,82.6667,0.00068144
2746,57,39,23,8,78.5385,0.0021442
2747,10,10,0,20,12,2.352e-05
2748,32,32,0,64,12.0625,8.048e-05
2749,125,90,49,8,75.1111,0.00524324
2750,77,77,0,154,12.0519,0.00018688
2751,33,28,5,8,75.0714,0.00150772
2752,38,23,17,8,78.8261,0.00117608
2753,17,17,0,34,12,3.616e-05
2754,19,19,0,38,12.0526,4.352e-05
2755,15,15,0,8,49.0667,0.00069244
2756,9,9,0,18,12,1.888e-05
2757,14,14,0,8,50.5714,0.00062712
2758,8,8,0,16,12,1.68e-05
2759,18,18,0,8,82.3889,0.00089172
2760,36,20,22,6,76.45,0.00107892
2761,10,10,0,20,12,2.096e-05
2762,26,26,0,52,12.0385,5.904e-05
2763,14,14,0,8,62.5,0.0006556
2764,8,8,0,16,12,1.68e-05
2765,44,32,14,8,77.4375,0.00171168
2766,25,25,0,50,12.04,6.304e-05
2767,45,25,30,8,65.04,0.0012994
2768,71,44,42,8,72.5909,0.00247108
2769,22,22,0,44,12.0455,5.2e-05
2770,28,28,0,56,12.0357,6.192e-05
2771,70,60,11,8,73.85,0.00344252
2772,36,18,22,8,66.3889,0.00085916
2773,27,16,16,8,78.4375,0.00077
2774,46,46,0,92,12.0435,0.00011792
2775,12,12,0,24,12,2.608e-05
2776,10,10,0,20,12,2.096e-05
2777,23,23,0,8,77.1739,0.001203
2778,56,35,23,8,55.3143,0.00193744
2779,27,14,20,8,68.3571,0.00064504
2780,13,13,0,26,12,2.72e-05
2781,30,30,0,60,12.0333,7.888e-05
2782,12,12,0,24,12,2.64e-05
2783,21,21,0,8,50.7143,0.00103884
2784,259,220,47,10,75.7045,0.013111
2785,60,39,32,8,78.4103,0.0021642
2786,12,12,0,24,12,2.512e-05
2787,179,179,0,358,12.0615,0.0004816
2788,32,32,0,64,12.0625,8.08e-05
2789,99,78,26,10,79.7564,0.00443272
2790,74,47,36,8,68.4894,0.00262088
2791,73,73,0,146,12.0685,0.00021536
2792,41,21,23,8,79.1905,0.00104336
2793,56,37,24,8,82.4054,0.00204212
2794,44,44,0,88,12.0455,0.00010672
2795,15,15,0,30,12,3.264e-05
2796,102,83,23,10,77.4337,0.00476192
2797,32,32,0,64,12.0625,8.72e-05
2798,60,38,24,8,79.3421,0.00209932
2799,68,68,0,136,12.0588,0.00017552
2800,31,31,0,62,12.0645,8.224e-05
2801,330,254,122,8,61.4094,0.0151334
2802,169,138,42,8,73.2536,0.00815888
2803,200,200,0,400,12.065,0.000524
2804,122,122,0,244,12.0656,0.00035184
2805,55,39,19,8,79.359,0.00213688
2806,35,35,0,70,12.0571,8.896e-05
2807,21,21,0,8,73.381,0.00108704
2808,12,12,0,24,12,2.512e-05
2809,34,32,2,10,72.3438,0.0017292
2810,224,153,96,10,67.366,0.00904376
2811,15,13,2,8,75.1538,0.00059316
2812,21,21,0,42,12.0476,4.64e-05
2813,131,131,0,262,12.0534,0.00031552
2814,9,9,0,8,59.6667,0.00032952
2815,9,9,0,18,12,1.888e-05
2816,6,6,0,12,12,1.264e-05
2817,38,38,0,8,65.1053,0.00210568
2818,20,20,0,40,12.05,4.176e-05
2819,55,36,36,10,75.3889,0.0019904
2820,7,7,0,8,79.1429,0.00021632
2821,153,96,80,8,72.8646,0.0056234
2822,33,33,0,66,12.0606,9.024e-05
2823,5,5,0,10,12,1.056e-05
2824,92,92,0,184,12.0652,0.0002472
2825,85,63,22,10,77.381,0.00356608
2826,14,12,2,8,74.0833,0.00054672
2827,16,12,4,8,80.3333,0.00054296
2828,29,17,12,8,77.8235,0.00084696
2829,54,54,0,108,12.0556,0.00014224
2830,8,8,0,16,12,1.712e-05
2831,12,12,0,24,12,2.544e-05
2832,16,16,0,8,70.0625,0.00073684
2833,44,39,5,6,68.5641,0.0021832
2834,9,9,0,18,12,1.888e-05
2835,30,30,0,60,12.0333,6.768e-05
2836,11,11,0,8,56.6364,0.00046336
2837,7,7,0,14,12,1.472e-05
2838,226,220,7,8,69.6318,0.0130882
2839,144,144,0,288,12.0556,0.00034064
2840,21,13,8,8,72.2308,0.00059656
2841,97,58,60,8,75.3103,0.00330632
2842,197,162,52,8,75.6914,0.00962176
2843,10,10,0,20,12,2.192e-05
2844,52,52,0,104,12.0577,0.00012912
2845,130,130,0,260,12.0538,0.00031184
2846,45,45,0,8,73.3333,0.00250584
2847,24,24,0,48,12.0417,5.008e-05
2848,14,14,0,8,29.9286,0.00062728
2849,8,8,0,16,12,1.68e-05
2850,91,72,21,8,68.5694,0.00412892
2851,59,52,7,8,73.4808,0.00292832
2852,86,68,18,8,79.5294,0.00391312
2853,57,57,0,114,12.0526,0.00015072
2854,40,40,0,80,12.05,0.0001016
2855,61,61,0,122,12.0656,0.00016896
2856,72,64,8,8,78.75,0.00365588
2857,79,49,49,8,73.8571,0.00276652
2858,48,48,0,96,12.0417,0.00011696
2859,46,46,0,92,12.0435,0.00012048
2860,68,51,21,10,76.549,0.00289552
2861,298,270,33,10,73.7741,0.0161258
2862,40,40,0,80,12.05,0.0001
2863,181,181,0,362,12.0552,0.00042688
2864,11,11,0,8,53.6364,0.00043488
2865,30,30,0,8,73.3,0.00159064
2866,7,7,0,14,12,1.472e-05
2867,16,16,0,32,12,3.344e-05
2868,57,46,11,8,79.6304,0.00259692
2869,71,59,12,8,79.0678,0.00335576
2870,30,30,0,60,12.0333,6.928e-05
2871,50,50,0,100,12.06,0.00012848
2872,92,58,35,8,75.8966,0.00330604
2873,114,75,52,8,73.2933,0.00433188
2874,205,143,87,6,73.8671,0.00850724
2875,51,51,0,102,12.0588,0.00013056
2876,73,73,0,146,12.0548,0.0001936
2877,114,114,0,228,12.0526,0.00027888
2878,78,47,43,8,74.8511,0.002611
2879,42,42,0,84,12.0476,0.0001128
2880,107,96,13,8,73.5938,0.00558
2881,67,67,0,134,12.0597,0.00016544
2882,102,79,34,8,78.2405,0.0045884
2883,8,8,0,16,12,1.68e-05
2884,61,61,0,122,12.0492,0.00015136
2885,29,29,0,8,72.8276,0.00154768
2886,16,16,0,32,12,3.344e-05
2887,8,8,0,8,77.375,0.00028492
2888,5,5,0,10,12,1.056e-05
2889,104,84,20,8,74.9286,0.00484928
2890,24,15,9,8,82.7333,0.00069608
2891,68,45,40,8,59.8,0.00253712
2892,70,70,0,140,12.0571,0.00018256
2893,10,10,0,20,12,2.192e-05
2894,35,35,0,70,12.0571,8.544e-05
2895,21,21,0,8,79.0952,0.00105776
2896,12,12,0,24,12,2.512e-05
2897,20,20,0,8,65.4,0.00099008
2898,45,37,8,10,67.027,0.00198192
2899,92,79,16,8,58.3544,0.00456072
2900,11,11,0,22,12,2.304e-05
2901,30,30,0,60,12.0333,7.408e-05
2902,54,54,0,108,12.0556,0.00012496
2903,35,31,4,8,81.7097,0.00164404
2904,18,15,3,8,82.4,0.00067416
2905,19,19,0,38,12.0526,4.224e-05
2906,9,9,0,18,12,1.984e-05
2907,81,65,17,8,79.6308,0.00370416
2908,19,17,2,8,84.1765,0.00084024
2909,49,49,0,98,12.0612,0.00012928
2910,11,11,0,22,12,2.304e-05
2911,83,77,6,10,79.5455,0.00437712
2912,67,67,0,134,12.0448,0.00015104
2913,37,31,6,8,74.9355,0.00166728
2914,21,21,0,42,12.0476,4.896e-05
2915,27,24,3,8,80.3333,0.00123996
2916,14,14,0,28,12,3.024e-05
2917,47,47,0,8,57.1064,0.00262676
2918,25,25,0,50,12.04,5.216e-05
2919,49,49,0,8,81.1429,0.00273608
2920,26,26,0,52,12.0385,5.424e-05
2921,20,20,0,8,72.35,0.00102028
2922,78,58,20,10,85.3793,0.00332888
2923,11,11,0,22,12,2.304e-05
2924,118,96,23,10,78.2292,0.00558248
2925,52,52,0,104,12.0577,0.00014224
2926,60,44,16,8,77.9318,0.0024538
2927,79,79,0,158,12.0633,0.00021088
2928,34,34,0,68,12.0588,8.688e-05
2929,27,27,0,8,81.4444,0.00140324
2930,197,137,95,8,70.2044,0.00807184
2931,15,15,0,30,12,3.136e-05
2932,32,23,9,8,76.6522,0.0012004
2933,110,110,0,220,12.0545,0.00027216
2934,15,15,0,30,12,3.2e-05
2935,72,70,2,10,74.4857,0.00394976
2936,40,40,0,80,12.05,8.752e-05
2937,121,99,34,8,78.5253,0.00580804
2938,258,215,57,10,74.1767,0.0127851
2939,42,30,18,8,77.2,0.00160972
2940,71,71,0,142,12.0563,0.00017856
2941,171,171,0,342,12.0585,0.00040384
2942,24,24,0,48,12.0417,5.584e-05
2943,28,16,22,8,78.5,0.00078428
2944,76,45,38,8,81.4667,0.00248884
2945,31,23,8,8,78.6522,0.00116688
2946,15,15,0,30,12,3.264e-05
2947,14,14,0,8,74.7857,0.0006332
2948,8,8,0,16,12,1.68e-05
2949,29,27,3,8,61.1111,0.00143768
2950,28,25,3,8,78.76,0.00131844
2951,219,178,60,10,80.9157,0.0105681
2952,257,217,52,10,80.0276,0.0128597
2953,16,16,0,32,12,3.376e-05
2954,15,15,0,30,12,3.264e-05
2955,141,141,0,282,12.0567,0.00033696
2956,164,164,0,328,12.0549,0.0003976
2957,81,64,20,8,74.0938,0.00363932
2958,50,50,0,100,12.06,0.00013488
2959,72,65,7,8,76.0308,0.00371296
2960,47,47,0,94,12.0426,0.00011808
2961,88,68,23,8,75.3971,0.00390496
2962,61,47,14,10,81.617,0.00260064
2963,121,79,64,8,77.443,0.00458684
2964,14,8,9,8,82.375,0.00028088
2965,52,52,0,104,12.0577,0.00014
2966,40,40,0,80,12.05,0.00010384
2967,76,76,0,152,12.0658,0.0002056
2968,6,6,0,12,12,1.392e-05
2969,74,51,28,8,79.1373,0.00287532
2970,43,43,0,86,12.0465,0.00010912
2971,301,235,89,8,75.434,0.0140829
2972,203,203,0,406,12.064,0.00053504
2973,41,41,0,8,69.7561,0.00227988
2974,22,22,0,44,12.0455,4.592e-05
2975,22,22,0,8,75.6364,0.00111696
2976,188,136,52,10,78.9926,0.00795832
2977,53,30,27,8,71.6,0.0015852
2978,12,12,0,24,12,2.512e-05
2979,122,122,0,244,12.0656,0.00032624
2980,21,21,0,42,12.0476,4.832e-05
2981,22,22,0,8,54.2727,0.00112728
2982,46,46,0,8,77.0217,0.00256108
2983,12,12,0,24,12,2.512e-05
2984,24,24,0,48,12.0417,5.008e-05
2985,212,182,37,8,80.1758,0.0108019
2986,148,148,0,296,12.0608,0.00037616
2987,122,95,32,10,82.1895,0.00554112
2988,84,84,0,168,12.0595,0.0002328
2989,118,99,26,8,81.2525,0.00580992
2990,51,23,46,6,82.8261,0.00124716
2991,95,95,0,190,12.0632,0.00024128
2992,14,14,0,28,12,3.024e-05
2993,117,94,25,8,83.9362,0.00550008
2994,75,75,0,150,12.0533,0.00019072
2995,57,56,1,8,76.2143,0.0032092
2996,49,32,23,8,77.2812,0.00173868
2997,30,30,0,60,12.0333,7.728e-05
2998,12,12,0,8,74.5,0.00051892
2999,55,41,14,10,80.1463,0.00219768
3000,7,7,0,14,12,1.472e-05
3001,35,35,0,70,12.0571,8.768e-05
3002,15,15,0,8,78,0.00071288
3003,9,9,0,18,12,1.888e-05
3004,129,105,34,6,71.4762,0.00622336
3005,98,98,0,196,12.0612,0.00024592
3006,11,11,0,22,12,2.4e-05
3007,38,38,0,76,12.0526,9.84e-05
3008,126,100,29,10,81.26,0.00580552
3009,89,89,0,178,12.0562,0.00023424
3010,160,108,75,8,71.9537,0.00631444
3011,62,44,24,10,77.2045,0.00247672
3012,66,37,45,8,79.4595,0.00203804
3013,93,93,0,186,12.0645,0.00024864
3014,145,127,20,8,70.8504,0.00753376
3015,41,41,0,82,12.0488,0.00011872
3016,34,34,0,68,12.0588,8.688e-05
3017,130,130,0,260,12.0615,0.00032496
3018,86,69,22,10,74.1739,0.00388256
3019,66,46,20,10,72.5217,0.0025368
3020,31,16,16,8,74.4375,0.00074664
3021,57,57,0,114,12.0526,0.00013664
3022,44,44,0,88,12.0455,0.00010864
3023,13,13,0,26,12,2.816e-05
3024,23,23,0,8,69.7826,0.00118968
3025,13,13,0,26,12,2.72e-05
3026,196,174,26,8,76.2759,0.0103009
3027,60,28,47,8,76.8571,0.00151156
3028,137,137,0,274,12.0584,0.00032256
3029,88,74,14,10,82.0811,0.00425512
3030,26,26,0,52,12.0385,6.544e-05
3031,55,55,0,110,12.0545,0.00014272
3032,11,11,0,8,73.1818,0.00048132
3033,7,7,0,14,12,1.472e-05
3034,53,32,22,10,76.6875,0.00170624
3035,30,30,0,60,12.0667,8.336e-05
3036,21,21,0,8,57.2857,0.00106872
3037,12,12,0,24,12,2.512e-05
3038,64,44,31,8,77.7273,0.00244724
3039,34,34,0,68,12.0588,8.496e-05
3040,48,39,9,8,76.6667,0.00217228
3041,53,40,13,8,77.175,0.00223168
3042,30,30,0,60,12.0333,7.888e-05
3043,31,31,0,62,12.0645,8.352e-05
3044,64,50,15,10,80.14,0.002774
3045,77,59,24,8,74.3898,0.00336964
3046,16,12,4,8,79.0833,0.00049792
3047,43,43,0,86,12.0465,0.00010816
3048,51,51,0,102,12.0588,0.00013344
3049,35,22,13,8,82.1818,0.00110512
3050,8,8,0,16,12,1.776e-05
3051,72,60,12,8,68.15,0.00340988
3052,18,18,0,36,12.0556,4.272e-05
3053,47,47,0,94,12.0426,0.00011584
3054,29,29,0,58,12.0345,6.048e-05
3055,178,158,21,10,68.5696,0.00932
3056,23,23,0,8,71.3043,0.0012116
3057,146,146,0,292,12.0616,0.0003912
3058,13,13,0,26,12,2.72e-05
3059,480,304,296,8,70.6974,0.0181942
3060,284,284,0,568,12.0634,0.00075856
3061,57,37,34,10,69.5946,0.00196496
3062,89,70,19,10,78.3714,0.0039932
3063,62,42,26,10,79.619,0.00234864
3064,34,34,0,68,12.0588,8.144e-05
3065,64,32,39,8,73.1562,0.00175424
3066,66,66,0,132,12.0606,0.0001768
3067,39,39,0,78,12.0513,0.00010304
3068,23,23,0,46,12.0435,4.992e-05
3069,144,119,30,10,72.4706,0.00701264
3070,93,75,22,10,56.6133,0.00425
3071,106,106,0,212,12.066,0.00029904
3072,71,71,0,142,12.0563,0.00017472
3073,34,24,10,8,82.8333,0.0012722
3074,37,18,33,8,78.9444,0.00087764
3075,17,17,0,34,12.0588,4.096e-05
3076,63,55,8,10,75,0.00310424
3077,48,48,0,96,12.0417,0.00011696
3078,255,237,20,8,72.2447,0.0141266
3079,159,148,11,10,72.5811,0.0087332
3080,167,167,0,334,12.0539,0.00039904
3081,108,108,0,216,12.0556,0.00026704
3082,34,30,4,8,82.0667,0.00160248
3083,20,20,0,40,12.05,4.56e-05
3084,35,27,8,8,77.4815,0.00144584
3085,36,36,0,8,80.9444,0.00195508
3086,19,19,0,38,12.0526,4.48e-05
3087,19,19,0,38,12.0526,3.968e-05
3088,7,6,1,8,86.5,0.00018208
3089,204,167,49,6,77.7844,0.00992476
3090,5,5,0,10,12,1.056e-05
3091,118,118,0,236,12.0593,0.00028656
3092,11,9,2,8,86.7778,0.00032996
3093,46,26,35,8,80.8846,0.00139656
3094,7,7,0,14,12,1.472e-05
3095,194,161,35,10,77.3354,0.00952648
3096,79,56,24,6,80.25,0.00321168
3097,159,110,68,8,76.2455,0.00644492
3098,55,31,24,8,77.8065,0.00164688
3099,133,133,0,266,12.0602,0.0003504
3100,47,47,0,94,12.0426,0.00011936
3101,97,97,0,194,12.0619,0.00024832
3102,29,29,0,58,12.0345,7.808e-05
3103,48,41,7,8,76.6585,0.0022848
3104,27,27,0,54,12.037,6.496e-05
3105,50,32,25,8,81.5,0.00172864
3106,27,27,0,54,12.037,6.848e-05
3107,60,55,5,10,80.0182,0.00304576
3108,37,37,0,74,12.0541,8.8e-05
3109,51,51,0,8,67.4706,0.00285192
3110,15,15,0,8,49.6,0.00069868
3111,108,97,11,10,76.6701,0.00559608
3112,27,27,0,54,12.037,5.632e-05
3113,135,106,33,10,78.5849,0.00612976
3114,9,9,0,18,12,1.888e-05
3115,78,78,0,156,12.0513,0.0001928
3116,332,263,81,10,76.2357,0.0156522
3117,81,81,0,162,12.0494,0.00019808
3118,127,94,33,8,77.117,0.00547404
3119,10,7,3,8,75,0.00021288
3120,244,244,0,488,12.0656,0.00067856
3121,85,85,0,170,12.0588,0.00022944
3122,5,5,0,10,12,1.152e-05
3123,67,52,22,10,77.75,0.0029096
3124,7,7,0,8,82.2857,0.00022088
3125,38,38,0,76,12.0526,9.36e-05
3126,64,46,24,10,77.2826,0.00259464
3127,5,5,0,10,12,1.056e-05
3128,43,43,0,86,12.0465,0.00011136
3129,36,32,4,10,70.0312,0.00167472
3130,162,117,61,8,77.8376,0.00686772
3131,52,29,42,6,77,0.00158452
3132,104,70,44,8,73.4286,0.00402288
3133,122,100,23,10,79.89,0.00576088
3134,22,22,0,44,12.0455,4.944e-05
3135,104,104,0,208,12.0577,0.00026768
3136,27,27,0,54,12.037,6.816e-05
3137,14,14,0,28,12,3.088e-05
3138,67,67,0,134,12.0597,0.00016544
3139,66,66,0,132,12.0455,0.0001432
3140,101,62,46,10,78.7419,0.00347552
3141,58,58,0,116,12.0517,0.00015312
3142,13,13,0,8,77.7692,0.00057088
3143,8,8,0,16,12,1.68e-05
3144,12,12,0,8,59.9167,0.00049404
3145,9,9,0,8,67.1111,0.0003382
3146,7,7,0,14,12,1.472e-05
3147,6,6,0,12,12,1.264e-05
3148,8,8,0,8,80.75,0.00030732
3149,5,5,0,10,12,1.056e-05
3150,189,160,33,8,79.575,0.00949228
3151,64,45,36,10,81.4222,0.00246288
3152,79,54,44,8,78.037,0.00304712
3153,121,121,0,242,12.0579,0.0003088
3154,43,43,0,86,12.0465,0.0001104
3155,42,42,0,84,12.0476,0.00010832
3156,38,28,10,8,81.8214,0.00151716
3157,154,113,52,8,79.2212,0.0066206
3158,22,22,0,44,12.0455,5.424e-05
3159,98,98,0,196,12.0612,0.00024912
3160,24,24,0,48,12.0417,5.776e-05
3161,44,32,12,8,82.0625,0.00171164
3162,124,77,68,8,80.7662,0.00443764
3163,25,25,0,50,12.04,6.048e-05
3164,72,72,0,144,12.0556,0.00018128
3165,103,74,36,8,81.0405,0.0042598
3166,68,57,11,8,83.9474,0.00324016
3167,64,64,0,128,12.0625,0.00016432
3168,19,11,13,8,73,0.00046416
3169,46,46,0,92,12.0435,0.00011184
3170,7,7,0,14,12,1.472e-05
3171,90,72,21,10,80.4167,0.00407392
3172,56,56,0,112,12.0536,0.00013552
3173,83,68,15,8,81.5,0.00391556
3174,50,50,0,100,12.06,0.0001304
3175,35,22,16,8,84.8182,0.00111916
3176,10,9,1,8,80.1111,0.00031304
3177,15,10,5,8,78.5,0.00038224
3178,17,17,0,34,12,3.872e-05
3179,59,37,29,8,78.6757,0.0020148
3180,5,5,0,10,12,1.088e-05
3181,11,11,0,8,73.2727,0.00047908
3182,8,8,0,16,12,1.776e-05
3183,31,31,0,62,12.0323,7.456e-05
3184,7,7,0,14,12,1.472e-05
3185,17,17,0,8,74.5294,0.00083944
3186,29,20,9,8,81.5,0.00098596
3187,10,10,0,20,12,2.096e-05
3188,15,15,0,30,12,3.584e-05
3189,157,142,16,10,77.5352,0.0083512
3190,131,131,0,262,12.0611,0.0003504
3191,44,27,17,8,80.8889,0.00142312
3192,338,297,49,8,68.3333,0.0177813
3193,23,23,0,46,12.0435,6.304e-05
3194,199,199,0,398,12.0553,0.00045344
3195,61,48,20,10,74.5,0.00263552
3196,62,54,8,10,77.2222,0.00299064
3197,134,113,21,8,74.9646,0.00665144
3198,33,33,0,66,12.0606,7.808e-05
3199,44,44,0,88,12.0455,0.00010512
3200,78,78,0,156,12.0513,0.00018672
3201,34,33,1,10,78.3939,0.00170872
3202,22,22,0,44,12.0455,4.816e-05
3203,43,43,0,8,78.2791,0.0023842
3204,23,23,0,46,12.0435,4.8e-05
3205,145,134,11,8,75.2015,0.00792448
3206,102,102,0,204,12.0588,0.0002472
3207,19,11,14,8,74.1818,0.00045032
3208,9,9,0,18,12,1.952e-05
3209,18,14,4,8,76.8571,0.00062496
3210,50,29,32,8,82.3103,0.0015384
3211,52,30,40,6,75.7667,0.0016694
3212,9,9,0,18,12,1.888e-05
3213,27,27,0,54,12.037,6.72e-05
3214,27,27,0,54,12.037,6.912e-05
3215,50,29,35,8,74.1379,0.00155596
3216,72,44,39,8,81.4773,0.0024388
3217,26,26,0,52,12.0385,6.96e-05
3218,478,431,61,8,72.8561,0.0258657
3219,40,40,0,80,12.05,0.00010416
3220,333,333,0,666,12.0601,0.00081952
3221,54,33,37,8,77.3939,0.00176508
3222,111,67,47,8,80.1642,0.00386828
3223,74,56,33,10,78.3571,0.00319952
3224,31,31,0,62,12.0645,8.128e-05
3225,160,124,52,8,74.2661,0.00728472
3226,58,58,0,116,12.0517,0.00015152
3227,53,53,0,106,12.0566,0.0001424
3228,105,105,0,210,12.0571,0.00026784
3229,22,20,2,8,80.4,0.00099692
3230,38,21,30,8,75.0476,0.00105348
3231,87,70,30,8,67.0286,0.004045
3232,12,12,0,24,12,2.512e-05
3233,19,19,0,38,12.0526,4.8e-05
3234,48,48,0,96,12.0417,0.00011408
3235,14,14,0,8,77.5,0.00063352
3236,19,19,0,8,72.4737,0.00093368
3237,8,8,0,16,12,1.68e-05
3238,97,97,0,8,83.5052,0.00567876
3239,11,11,0,22,12,2.304e-05
3240,50,50,0,100,12.04,0.00010416
3241,52,31,27,8,70.3226,0.00167032
3242,29,29,0,58,12.0345,7.072e-05
3243,13,13,0,8,51.8462,0.00059116
3244,8,8,0,16,12,1.68e-05
3245,84,66,29,8,75.8939,0.00380188
3246,81,42,57,8,75.1667,0.00230716
3247,46,46,0,92,12.0435,0.0001048
3248,35,35,0,70,12.0571,8.544e-05
3249,20,18,2,8,84.1667,0.00086288
3250,10,10,0,20,12,2.16e-05
3251,31,22,9,8,73.5455,0.00112568
3252,12,11,1,8,82.4545,0.00045652
3253,15,15,0,30,12,3.296e-05
3254,161,131,30,10,75.8931,0.00763352
3255,7,7,0,14,12,1.472e-05
3256,59,41,18,8,65.2439,0.00227764
3257,102,102,0,204,12.0588,0.00026192
3258,34,34,0,68,12.0588,8.528e-05
3259,25,25,0,8,60.32,0.0012902
3260,14,14,0,28,12,2.928e-05
3261,53,46,7,8,81.9348,0.00259092
3262,38,38,0,76,12.0526,9.136e-05
3263,14,14,0,8,72.7143,0.0006364
3264,30,23,7,8,77.8696,0.00118324
3265,8,8,0,16,12,1.68e-05
3266,14,14,0,28,12,2.992e-05
3267,87,79,9,8,79.1519,0.00459848
3268,114,98,16,10,69.2755,0.00569816
3269,61,61,0,122,12.0492,0.00015232
3270,83,83,0,166,12.0602,0.00023552
3271,42,25,32,8,49,0.00128132
3272,23,23,0,46,12.0435,5.952e-05
3273,23,23,0,8,30.9565,0.00118356
3274,13,13,0,26,12,2.72e-05
3275,30,30,0,8,37.2667,0.0016336
3276,16,16,0,32,12,3.344e-05
3277,9,9,0,8,40.7778,0.0003526
3278,73,66,7,10,69.1515,0.00373824
3279,211,196,18,8,75.0969,0.0116385
3280,6,6,0,12,12,1.264e-05
3281,48,48,0,96,12.0417,0.00011888
3282,123,123,0,246,12.0569,0.00029504
3283,38,32,6,8,77.875,0.00175356
3284,276,240,57,8,76.025,0.0143217
3285,23,23,0,46,12.0435,5.792e-05
3286,166,166,0,332,12.0542,0.00038864
3287,40,33,7,10,76.3939,0.00181944
3288,24,14,13,8,76.1429,0.00064808
3289,42,23,26,8,73.5652,0.00120616
3290,26,26,0,52,12.0385,6.128e-05
3291,10,10,0,20,12,2.256e-05
3292,17,17,0,34,12,3.808e-05
3293,32,32,0,8,72.6875,0.00174044
3294,17,17,0,34,12,3.552e-05
3295,76,62,14,8,81.2903,0.00354108
3296,23,12,11,8,84,0.00051476
3297,45,45,0,90,12.0444,0.0001168
3298,9,9,0,18,12,1.92e-05
3299,43,32,11,8,79.6562,0.0017038
3300,66,64,2,10,76.5781,0.00358752
3301,71,56,20,8,71.8036,0.00319692
3302,25,25,0,50,12.04,6.464e-05
3303,53,53,0,106,12.0377,0.00011808
3304,42,42,0,84,12.0476,0.00010352
3305,19,19,0,8,81.3684,0.00092312
3306,11,11,0,22,12,2.304e-05
3307,48,48,0,8,68.9792,0.00267156
3308,25,25,0,50,12.04,5.216e-05
3309,8,8,0,8,62.875,0.0002622
3310,422,371,68,8,74.2857,0.022218
3311,82,51,35,8,78.902,0.00288224
3312,5,5,0,10,12,1.056e-05
3313,299,299,0,598,12.0635,0.00080416
3314,43,43,0,86,12.0465,0.00011648
3315,44,30,15,8,79.5667,0.00160448
3316,25,25,0,50,12.04,6.176e-05
3317,34,30,4,8,77.2,0.00159744
3318,43,30,13,8,83.6667,0.00162448
3319,19,19,0,38,12.0526,4.128e-05
3320,135,122,14,10,77.0082,0.00718272
3321,24,24,0,48,12.0417,6.288e-05
3322,98,98,0,196,12.0612,0.00024464
3323,41,36,5,10,85.0556,0.00198976
3324,27,27,0,54,12.037,6.112e-05
3325,15,15,0,8,83.6667,0.00069348
3326,139,116,24,10,73.319,0.00676504
3327,5,5,0,8,78.8,7.244e-05
3328,9,9,0,18,12,1.888e-05
3329,117,105,13,8,75.4762,0.00612924
3330,91,91,0,182,12.0549,0.00023008
3331,4,4,0,8,12,8.48e-06
3332,80,80,0,160,12.05,0.0001976
3333,92,76,23,8,74.7368,0.00442052
3334,128,105,31,8,73.3143,0.0061332
3335,43,22,30,8,73.3182,0.00110696
3336,57,57,0,114,12.0526,0.0001472
3337,44,26,35,8,70.8462,0.0013638
3338,80,80,0,160,12.05,0.0001848
3339,17,17,0,34,12.0588,3.904e-05
3340,24,24,0,48,12.0417,6.352e-05
3341,71,54,19,10,71.5926,0.00298336
3342,19,19,0,8,81.1053,0.00092588
3343,36,30,6,8,73.8,0.00163376
3344,11,11,0,22,12,2.304e-05
3345,21,21,0,42,12.0476,4.768e-05
3346,9,9,0,8,73.3333,0.00035692
3347,6,6,0,12,12,1.264e-05
3348,40,29,11,8,79.0345,0.00154392
3349,97,63,56,10,80.9524,0.00353432
3350,197,122,124,8,75.959,0.00718012
3351,24,24,0,48,12.0417,6.032e-05
3352,56,56,0,112,12.0536,0.00014608
3353,109,109,0,218,12.055,0.00026944
3354,177,133,44,8,77.5414,0.00784468
3355,44,28,19,8,83.3571,0.00146812
3356,115,115,0,230,12.0609,0.00032064
3357,23,23,0,46,12.0435,5.888e-05
3358,138,109,32,8,80.5229,0.00636448
3359,103,64,59,6,75.5938,0.00371644
3360,88,88,0,176,12.0568,0.00022864
3361,53,53,0,106,12.0566,0.00012384
3362,91,69,25,8,75.5507,0.0039502
3363,388,331,76,8,74.0363,0.0198233
3364,39,27,17,8,75.5926,0.00144884
3365,60,44,17,10,81.1591,0.002458
3366,58,58,0,116,12.0517,0.000148
3367,60,44,19,8,86.3636,0.00247332
3368,278,278,0,556,12.0612,0.00069232
3369,40,40,0,80,12.05,0.00010672
3370,38,38,0,76,12.0526,9.968e-05
3371,22,22,0,8,65.0909,0.00112756
3372,12,12,0,24,12,2.512e-05
3373,137,114,32,10,77.0263,0.00663024
3374,89,89,0,178,12.0562,0.000216
3375,56,56,0,8,61.4286,0.00319584
3376,29,29,0,58,12.0345,6.048e-05
3377,157,144,13,10,79.9097,0.0085292
3378,116,116,0,232,12.0603,0.00028912
3379,81,59,40,10,69.8644,0.00336936
3380,38,38,0,76,12.0526,8.272e-05
3381,95,83,13,8,77.9759,0.00479268
3382,28,15,13,8,80.6,0.00069176
3383,71,71,0,142,12.0563,0.00017856
3384,11,11,0,22,12,2.368e-05
3385,39,27,12,8,73.1111,0.00140188
3386,50,33,28,10,67.1818,0.00180304
3387,22,22,0,44,12.0455,5.456e-05
3388,50,50,0,100,12.06,0.00013904
3389,31,31,0,62,12.0323,7.232e-05
3390,41,38,3,8,75.6316,0.00207648
3391,31,15,17,8,80.1333,0.00071192
3392,304,270,51,8,75.8963,0.0161111
3393,27,27,0,54,12.037,6.208e-05
3394,14,14,0,28,12,3.28e-05
3395,181,181,0,362,12.0552,0.00041728
3396,33,28,5,8,75.1429,0.00148996
3397,17,17,0,34,12,3.552e-05
3398,176,136,41,10,75.4632,0.00795752
3399,40,24,16,8,82.5,0.00125252
3400,63,44,27,8,75.0682,0.00245956
3401,12,8,4,8,83.375,0.00028108
3402,121,121,0,242,12.0661,0.00032672
3403,20,20,0,40,12.05,5.072e-05
3404,39,39,0,78,12.0513,0.00010112
3405,6,6,0,12,12,1.36e-05
3406,84,63,29,8,79.0952,0.00360596
3407,279,250,32,8,79.52,0.014905
3408,54,54,0,108,12.0556,0.00014096
3409,201,201,0,402,12.0597,0.00048352
3410,165,144,21,8,76.7639,0.00851864
3411,43,26,28,8,75.6923,0.00136056
3412,107,107,0,214,12.0561,0.00027168
3413,50,28,37,8,76.0714,0.00151772
3414,34,22,13,8,77.5909,0.00112832
3415,24,24,0,48,12.0417,6.32e-05
3416,27,27,0,54,12.037,7.104e-05
3417,18,18,0,36,12.0556,4.336e-05
3418,25,22,3,8,82.1818,0.00111436
3419,13,13,0,26,12,2.72e-05
3420,68,55,13,8,77.6727,0.00309324
3421,844,700,168,8,77.2786,0.0421428
3422,41,41,0,82,12.0488,0.0001072
3423,636,636,0,1272,12.0629,0.00163824
3424,36,29,7,8,81.7586,0.00152644
3425,21,21,0,42,12.0476,5.056e-05
3426,16,16,0,8,70.5625,0.0007918
3427,9,9,0,18,12,1.888e-05
3428,108,102,6,8,83.2059,0.00597856
3429,76,76,0,152,12.0526,0.00018032
3430,19,19,0,8,80.9474,0.0009434
3431,11,11,0,22,12,2.304e-05
3432,11,11,0,8,77.9091,0.0004886
3433,7,7,0,14,12,1.472e-05
3434,8,8,0,8,84.25,0.00029624
3435,5,5,0,10,12,1.056e-05
3436,16,15,1,8,87.0667,0.00069736
3437,8,8,0,16,12,1.712e-05
3438,36,31,5,8,77.8387,0.0016452
3439,104,68,56,8,72.5147,0.00390756
3440,22,22,0,44,12.0455,4.976e-05
3441,64,64,0,128,12.0625,0.00016048
3442,18,18,0,8,73.7778,0.00086348
3443,44,33,11,8,82.6061,0.00178892
3444,10,10,0,20,12,2.096e-05
3445,27,27,0,54,12.037,6.752e-05
3446,26,24,2,6,81.9583,0.00127676
3447,21,21,0,42,12.0476,4.448e-05
3448,87,71,16,8,83.1549,0.00407712
3449,44,31,16,8,81.129,0.0016426
3450,58,58,0,116,12.0517,0.00014896
3451,27,27,0,54,12.037,7.296e-05
3452,57,40,22,10,83.475,0.00222656
3453,35,35,0,70,12.0571,9.408e-05
3454,75,68,7,8,77.6324,0.00393432
3455,53,53,0,106,12.0566,0.0001296
3456,85,73,12,10,82.726,0.00416048
3457,63,63,0,126,12.0635,0.00016448
3458,88,62,32,10,76.1935,0.00356256
3459,38,23,15,8,79.0435,0.00118272
3460,59,36,25,8,75.1111,0.00196168
3461,55,55,0,110,12.0545,0.00015392
3462,55,36,37,8,68.5278,0.00199304
3463,18,18,0,36,12.0556,4.08e-05
3464,31,31,0,62,12.0323,7.904e-05
3465,16,16,0,8,59.8125,0.00073912
3466,31,31,0,62,12.0323,7.168e-05
3467,27,26,1,8,71.8846,0.0013772
3468,9,9,0,18,12,1.888e-05
3469,98,86,14,8,74.2442,0.00499084
3470,97,79,23,10,73.9114,0.00449632
3471,14,14,0,28,12,2.96e-05
3472,53,32,36,6,71.125,0.00179376
3473,34,29,5,8,75.0345,0.00152176
3474,67,67,0,134,12.0597,0.00017504
3475,42,27,18,8,72.6296,0.00145476
3476,72,72,0,144,12.0556,0.00019984
3477,18,18,0,36,12,3.76e-05
3478,19,19,0,38,12.0526,4.32e-05
3479,23,23,0,46,12.0435,6.4e-05
3480,47,40,7,8,72.8,0.00222568
3481,5,5,0,8,82.2,0.00012308
3482,46,22,25,8,78.0455,0.00110112
3483,26,26,0,52,12.0385,6.096e-05
3484,4,4,0,8,12,8.48e-06
3485,18,18,0,36,12.0556,4.048e-05
3486,14,14,0,8,59.6429,0.00065956
3487,8,8,0,16,12,1.68e-05
3488,98,94,4,10,73.5,0.00546224
3489,66,66,0,132,12.0455,0.00015152
3490,89,72,25,8,68.5972,0.00413532
3491,50,30,38,8,75.4667,0.0016146
3492,49,49,0,98,12.0408,0.00011616
3493,27,27,0,54,12.037,6.528e-05
3494,93,82,11,10,78.878,0.00469168
3495,13,13,0,8,77.7692,0.00058472
3496,62,62,0,124,12.0484,0.00015728
3497,57,39,23,8,76.641,0.00213528
3498,8,8,0,16,12,1.68e-05
3499,34,34,0,68,12.0588,8.304e-05
3500,32,29,3,8,75.4483,0.001537
3501,100,78,33,8,73.3462,0.00448824
3502,91,48,69,8,76.2917,0.00271228
3503,17,17,0,34,12,3.616e-05
3504,64,64,0,128,12.0469,0.0001608
3505,46,46,0,92,12.0435,0.000116
3506,36,33,3,8,71.5758,0.00180432
3507,135,118,17,10,75.8136,0.00684504
3508,21,21,0,42,12.0476,4.544e-05
3509,111,111,0,222,12.0631,0.00027936
3510,17,17,0,8,79.2941,0.00080432
3511,650,505,200,10,78.0079,0.0303232
3512,338,270,71,10,74.837,0.0161292
3513,10,10,0,20,12,2.096e-05
3514,417,417,0,834,12.06,0.00104352
3515,207,207,0,414,12.058,0.00050656
3516,61,43,22,8,74.5581,0.00237688
3517,80,67,13,10,77.4925,0.0037968
3518,31,31,0,62,12.0323,8e-05
3519,59,59,0,118,12.0678,0.00016288
3520,7,7,0,8,78.4286,0.00023676
3521,5,5,0,10,12,1.056e-05
3522,57,40,17,8,77.7,0.00223968
3523,27,27,0,54,12.037,6.304e-05
3524,50,38,12,10,80.4737,0.00211504
3525,32,32,0,64,12.0625,8.176e-05
3526,51,44,7,8,75.2727,0.00243644
3527,20,20,0,40,12.05,4.592e-05
3528,47,34,13,8,71.8235,0.00182736
3529,32,32,0,64,12.0312,7.856e-05
3530,27,27,0,54,12.037,7.168e-05
3531,17,15,2,8,80.8,0.00070732
3532,10,10,0,20,12,2.096e-05
3533,46,42,4,10,79.9524,0.00230728
3534,270,193,106,8,78.4508,0.0114562
3535,32,32,0,64,12.0312,7.184e-05
3536,169,169,0,338,12.0592,0.00041792
3537,19,11,8,8,73.5455,0.00043836
3538,30,22,8,8,81.5,0.00112684
3539,16,10,8,8,76.9,0.00042884
3540,9,9,0,18,12,2.112e-05
3541,15,15,0,30,12,3.328e-05
3542,8,8,0,16,12,1.744e-05
3543,26,25,1,8,64.88,0.00131392
3544,51,35,19,8,83.3429,0.00190544
3545,14,14,0,28,12,2.928e-05
3546,30,30,0,60,12.0333,7.472e-05
3547,53,36,17,8,83.1667,0.00196488
3548,105,58,67,8,80.4828,0.0032892
3549,30,30,0,60,12.0333,7.632e-05
3550,55,55,0,110,12.0545,0.00014848
3551,79,48,31,8,76.8542,0.00266996
3552,26,15,19,8,82.7333,0.00067588
3553,28,16,12,8,76.5,0.0007388
3554,101,72,39,10,77.375,0.00409296
3555,47,31,16,8,71.6774,0.00167968
3556,100,58,47,8,76.1034,0.00331628
3557,41,41,0,82,12.0488,0.0001104
3558,11,11,0,22,12,2.432e-05
3559,14,14,0,28,12,3.376e-05
3560,67,67,0,134,12.0597,0.00016928
3561,27,27,0,54,12.037,7.584e-05
3562,55,55,0,110,12.0545,0.0001456
3563,27,26,1,8,64.1538,0.00135712
3564,14,14,0,8,76.1429,0.00064808
3565,46,33,13,8,77.3333,0.00180056
3566,14,14,0,28,12,2.96e-05
3567,8,8,0,16,12,1.68e-05
3568,28,28,0,56,12.0357,7.152e-05
3569,34,29,5,8,67.8621,0.00154212
3570,20,20,0,40,12.05,4.496e-05
3571,27,27,0,8,70.8889,0.00141852
3572,58,53,5,10,66.9811,0.0029244
3573,15,15,0,30,12,3.136e-05
3574,44,44,0,88,12.0455,9.904e-05
3575,306,265,43,8,79.6491,0.0158251
3576,218,218,0,436,12.0596,0.00054672
3577,28,27,1,8,79.8148,0.00145212
3578,15,15,0,30,12,3.2e-05
3579,53,41,12,10,81.1463,0.00229144
3580,32,32,0,64,12.0312,7.408e-05
3581,8,8,0,8,78.25,0.00029112
3582,5,5,0,10,12,1.056e-05
3583,94,54,59,8,77.6852,0.00306292
3584,50,33,17,8,79.7576,0.00178936
3585,47,47,0,94,12.0638,0.0001264
3586,11,10,1,8,81.4,0.00040744
3587,26,26,0,52,12.0385,6.448e-05
3588,132,107,32,8,79,0.0062738
3589,6,6,0,12,12,1.296e-05
3590,45,37,8,8,78.2973,0.00201568
3591,103,103,0,206,12.068,0.00028224
3592,51,32,31,10,78.0625,0.0017008
3593,31,14,19,8,81.3571,0.0006672
3594,26,26,0,52,12.0385,6.448e-05
3595,30,30,0,60,12.0333,7.984e-05
3596,12,12,0,24,12,2.736e-05
3597,81,75,6,10,80.84,0.00435656
3598,62,39,41,10,77.1795,0.00213632
3599,64,64,0,128,12.0469,0.00015664
3600,36,36,0,72,12.0556,9.264e-05
3601,10,10,0,8,76.2,0.00039028
3602,6,6,0,12,12,1.264e-05
3603,53,45,8,10,77.4444,0.00249808
3604,76,57,29,8,78.0175,0.00321596
3605,46,35,13,8,80.1429,0.00190004
3606,35,35,0,70,12.0571,8.736e-05
3607,50,50,0,100,12.06,0.00012304
3608,30,30,0,60,12.0333,7.472e-05
3609,33,33,0,8,75.9394,0.00179044
3610,18,18,0,36,12,3.76e-05
3611,16,16,0,8,58.25,0.00079052
3612,9,9,0,18,12,1.888e-05
3613,12,12,0,8,81.5833,0.00053244
3614,7,7,0,14,12,1.472e-05
3615,104,70,43,8,79.0286,0.00404844
3616,62,62,0,124,12.0484,0.00015504
3617,59,43,21,8,82.3721,0.00240384
3618,34,34,0,68,12.0588,8.496e-05
3619,561,383,247,8,73.0026,0.022957
3620,334,334,0,668,12.0629,0.00088944
3621,49,24,40,8,78.5417,0.00124148
3622,65,35,34,8,78.4857,0.00190288
3623,29,18,19,8,78.6111,0.00088628
3624,17,17,0,34,12.0588,3.872e-05
3625,32,32,0,64,12.0625,8.336e-05
3626,13,13,0,26,12,2.88e-05
3627,49,42,7,8,76.4524,0.00231468
3628,640,527,128,8,78.222,0.0316516
3629,25,25,0,50,12.04,5.536e-05
3630,423,423,0,846,12.0615,0.00105088
3631,56,40,19,8,73.2,0.00219712
3632,71,56,17,10,79.9464,0.00315632
3633,109,92,17,8,79.5978,0.00536496
3634,28,28,0,56,12.0357,6.544e-05
3635,49,49,0,98,12.0612,0.00013312
3636,70,70,0,140,12.0571,0.00017552
3637,49,31,28,8,83.9355,0.00165352
3638,28,28,0,56,12.0357,6.832e-05
3639,18,18,0,8,81.9444,0.00086608
3640,104,88,17,8,76.9773,0.00512856
3641,15,10,5,8,79.8,0.00042688
3642,10,10,0,20,12,2.096e-05
3643,80,80,0,160,12.0625,0.00020688
3644,8,8,0,16,12,1.776e-05
3645,44,40,4,10,76.475,0.00221536
3646,25,25,0,50,12.04,5.472e-05
3647,47,32,23,8,70.9688,0.00170984
3648,19,16,3,8,78.875,0.0007386
3649,28,28,0,56,12.0357,7.28e-05
3650,10,10,0,20,12,2.192e-05
3651,238,165,89,8,76.4909,0.0097938
3652,496,376,153,10,73.7527,0.0224961
3653,141,141,0,282,12.0567,0.00035264
3654,327,327,0,654,12.0612,0.00083296
3655,130,96,50,10,75.3646,0.00553632
3656,19,12,7,8,75.9167,0.00051976
3657,84,84,0,168,12.0595,0.00023952
3658,90,66,24,8,77.3485,0.00377092
3659,8,8,0,16,12,1.68e-05
3660,54,54,0,108,12.0556,0.00013488
3661,22,22,0,8,59,0.00111252
3662,127,110,21,10,81.6091,0.0064728
3663,135,92,57,8,73.3804,0.00533808
3664,12,12,0,24,12,2.512e-05
3665,77,77,0,154,12.0519,0.00019392
3666,70,58,12,8,80.2069,0.00332464
3667,85,85,0,170,12.0588,0.00022848
3668,124,84,47,8,80.4762,0.00487996
3669,45,45,0,90,12.0444,0.00011328
3670,70,70,0,140,12.0571,0.000188
3671,80,68,13,8,75.2941,0.00392312
3672,99,75,36,8,78.8933,0.00432392
3673,60,60,0,120,12.05,0.0001496
3674,16,16,0,8,84.4375,0.00078536
3675,69,69,0,138,12.058,0.00020224
3676,49,26,24,8,79,0.00138032
3677,9,9,0,18,12,1.888e-05
3678,23,23,0,46,12.0435,5.952e-05
3679,52,48,4,8,73.9167,0.00270992
3680,66,60,6,10,75.8,0.00340248
3681,26,26,0,52,12.0385,5.488e-05
3682,51,51,0,102,12.0588,0.00012288
3683,134,110,28,10,76.7091,0.00645456
3684,91,91,0,182,12.0659,0.000248
3685,108,76,46,8,75.8026,0.00439856
3686,31,24,7,8,76.1667,0.00123976
3687,61,61,0,122,12.0492,0.00015456
3688,21,12,10,8,80.5833,0.00053476
3689,16,16,0,32,12,3.568e-05
3690,10,10,0,20,12,2.16e-05
3691,76,69,7,8,77.2609,0.00396952
3692,84,64,29,8,76.5,0.00369112
3693,52,52,0,104,12.0577,0.00012848
3694,44,44,0,88,12.0455,0.00010224
3695,15,15,0,8,78.0667,0.0007218
3696,9,9,0,18,12,1.888e-05
3697,136,86,59,8,78.6744,0.005018
3698,65,37,30,8,79.1892,0.0020406
3699,21,12,16,8,82.5833,0.00051888
3700,174,135,41,8,75.7037,0.00796408
3701,83,83,0,166,12.0602,0.000224
3702,34,34,0,68,12.0588,9.52e-05
3703,40,36,4,10,81.4722,0.0019368
3704,7,7,0,14,12,1.472e-05
3705,124,124,0,248,12.0645,0.00033072
3706,23,23,0,46,12.0435,5.024e-05
3707,82,58,24,10,76.2931,0.00322984
3708,136,100,47,10,74.72,0.00584248
3709,47,26,22,8,76.5385,0.00136632
3710,43,21,22,8,76.1429,0.00108388
3711,50,50,0,100,12.06,0.00013392
3712,85,85,0,170,12.0588,0.000224
3713,10,8,2,8,72.375,0.000256
3714,16,16,0,32,12,3.408e-05
3715,17,17,0,34,12.0588,3.904e-05
3716,6,6,0,12,12,1.264e-05
3717,95,80,18,8,78.825,0.00461348
3718,75,75,0,150,12.0667,0.00021472
3719,46,31,15,8,79.2581,0.00169088
3720,77,59,18,10,74.0508,0.00332592
3721,25,25,0,50,12.04,6.56e-05
3722,56,56,0,112,12.0536,0.00015248
3723,53,46,7,10,75.7826,0.00255
3724,38,38,0,76,12.0526,9.2e-05
3725,117,80,50,8,80.125,0.00460612
3726,70,70,0,140,12.0571,0.0001864
3727,89,86,3,10,81.3953,0.00496184
3728,55,34,27,10,82.4412,0.00179864
3729,75,75,0,150,12.0533,0.00018304
3730,31,31,0,62,12.0645,8.672e-05
3731,54,31,38,6,75.2903,0.001731
3732,110,86,27,10,79.7674,0.00491504
3733,59,29,52,8,78.8966,0.00153716
3734,19,9,16,6,79.1111,0.00039112
3735,24,24,0,48,12.0417,5.488e-05
3736,756,567,274,8,76.7813,0.0340972
3737,55,36,35,8,80.1667,0.00195256
3738,79,79,0,158,12.0633,0.00021184
3739,27,27,0,54,12.037,7.392e-05
3740,6,6,0,12,12,1.328e-05
3741,465,465,0,930,12.0602,0.00116608
3742,33,33,0,66,12.0606,8.864e-05
3743,542,438,149,8,78.8242,0.026271
3744,74,45,45,8,75.6,0.00252672
3745,373,373,0,746,12.0617,0.00094752
3746,33,33,0,66,12.0303,7.328e-05
3747,201,142,78,8,77.9859,0.00839396
3748,35,29,9,8,79.1724,0.00157692
3749,124,124,0,248,12.0645,0.00033072
3750,37,20,23,8,83.4,0.00102092
3751,20,20,0,40,12.05,4.528e-05
3752,98,83,15,8,78.4217,0.00478948
3753,18,18,0,36,12.0556,4.464e-05
3754,60,60,0,120,12.05,0.00014416
3755,18,18,0,8,72.9444,0.00086632
3756,15,14,1,8,85.3571,0.00066664
3757,10,10,0,20,12,2.096e-05
3758,9,9,0,18,12,1.888e-05
3759,29,20,10,8,85.55,0.00101624
3760,13,13,0,26,12,2.72e-05
3761,56,43,15,8,81.9767,0.00237212
3762,25,24,1,8,79.0833,0.00126772
3763,33,33,0,66,12.0303,7.968e-05
3764,13,13,0,26,12,2.752e-05
3765,72,49,34,8,82.6531,0.00273392
3766,55,31,38,8,76.2258,0.00168476
3767,41,41,0,82,12.0488,0.0001136
3768,29,29,0,58,12.0345,7.136e-05
3769,178,104,100,6,76.4904,0.00616528
3770,109,109,0,218,12.0642,0.00029632
3771,49,39,10,8,73.2308,0.0021556
3772,99,76,30,10,79.3026,0.00431144
3773,119,78,51,8,79.8205,0.00453612
3774,27,27,0,54,12.037,6.752e-05
3775,66,66,0,132,12.0606,0.00018768
3776,75,75,0,150,12.0667,0.00021216
3777,42,23,23,8,80.7391,0.00118816
3778,21,21,0,42,12.0476,5.152e-05
3779,20,17,3,8,86.1765,0.00084612
3780,10,10,0,20,12,2.096e-05
3781,110,80,39,6,82.5625,0.00466328
3782,23,14,9,8,85,0.00061908
3783,68,68,0,136,12.0588,0.00018928
3784,118,78,59,8,81.4872,0.00450292
3785,10,10,0,20,12,2.096e-05
3786,73,73,0,146,12.0548,0.00017856
3787,10,10,0,8,79.9,0.00042096
3788,85,53,47,8,79.717,0.0030028
3789,44,24,37,8,83.25,0.00125736
3790,6,6,0,12,12,1.264e-05
3791,45,45,0,90,12.0444,0.00011616
3792,22,22,0,44,12.0455,5.808e-05
3793,42,32,10,8,81.625,0.00172588
3794,24,24,0,48,12.0417,6.096e-05
3795,37,33,4,10,77.9091,0.00170832
3796,23,23,0,46,12.0435,5.344e-05
3797,6,6,0,8,80.3333,0.00017816
3798,105,61,66,8,80.9672,0.0034864
3799,4,4,0,8,12,8.48e-06
3800,56,56,0,112,12.0536,0.00014032
3801,108,57,76,8,79.6491,0.003216
3802,46,23,41,8,74.1739,0.00117696
3803,161,97,97,6,78.9381,0.00570416
3804,92,43,67,6,79.186,0.00246672
3805,77,50,39,8,80.04,0.00282796
3806,208,151,77,10,77.755,0.0088696
3807,78,53,40,8,69.566,0.00300852
3808,52,52,0,104,12.0577,0.0001352
3809,15,15,0,30,12,3.232e-05
3810,84,84,0,168,12.0595,0.00021456
3811,42,42,0,84,12.0476,0.00011568
3812,46,46,0,92,12.0652,0.00012848
3813,142,142,0,284,12.0634,0.00036816
3814,45,45,0,90,12.0444,0.00011008
3815,138,111,30,10,78.8468,0.00652048
3816,46,24,33,8,66.9167,0.00124
3817,104,104,0,208,12.0673,0.00029488
3818,88,66,32,8,77.6515,0.0037878
3819,21,21,0,42,12.0476,5.12e-05
3820,75,63,12,10,76.9841,0.00353792
3821,99,63,54,8,77.4762,0.00357712
3822,30,18,17,8,78.6667,0.0009
3823,46,46,0,92,12.0435,0.00011344
3824,55,55,0,110,12.0545,0.00014592
3825,58,58,0,116,12.0517,0.0001576
3826,13,13,0,26,12,2.912e-05
3827,27,27,0,8,77,0.00142832
3828,14,9,5,8,80.2222,0.00033632
3829,15,15,0,30,12,3.136e-05
3830,6,6,0,12,12,1.264e-05
3831,33,30,3,8,71.4333,0.00158136
3832,42,30,12,8,69.2667,0.001623
3833,74,42,53,8,76.9524,0.00231396
3834,18,18,0,36,12.0556,4.048e-05
3835,25,25,0,50,12.04,6.24e-05
3836,34,34,0,68,12.0294,7.856e-05
3837,35,22,22,8,81.2727,0.0011364
3838,22,14,8,8,79.3571,0.00061932
3839,156,91,73,8,79.6703,0.00529748
3840,16,16,0,32,12,3.696e-05
3841,12,12,0,24,12,2.896e-05
3842,83,83,0,166,12.0602,0.00021056
3843,88,82,7,8,77.3171,0.00477132
3844,110,85,35,8,74.9059,0.00495716
3845,58,58,0,116,12.0517,0.00013648
3846,66,66,0,132,12.0606,0.00016336
3847,143,90,75,8,78.4889,0.00524296
3848,86,86,0,172,12.0581,0.00023696
3849,164,130,36,8,77.6692,0.007681
3850,113,113,0,226,12.0619,0.00030304
3851,187,142,64,8,80.669,0.00837096
3852,121,121,0,242,12.0579,0.00032096
3853,93,79,15,12,79.0759,0.00450856
3854,13,12,1,8,87.25,0.0004962
3855,7,7,0,14,12,1.504e-05
3856,14,9,5,8,79,0.00032872
3857,250,208,54,8,76.4038,0.0123944
3858,7,7,0,14,12,1.6e-05
3859,165,165,0,330,12.0606,0.00041248
3860,28,13,16,8,76.9231,0.00056432
3861,116,72,50,8,75.7361,0.0041594
3862,10,10,0,20,12,2.096e-05
3863,67,67,0,134,12.0597,0.00018336
3864,32,30,4,8,75.9333,0.00162972
3865,43,26,19,8,81.4231,0.00136328
3866,18,18,0,36,12,3.952e-05
3867,116,70,59,10,75.2429,0.00398552
3868,66,43,41,6,81.8372,0.00243196
3869,22,22,0,44,12.0455,5.904e-05
3870,65,65,0,130,12.0615,0.00017344
3871,42,42,0,84,12.0476,0.0001176
3872,247,216,33,8,79.7546,0.0128745
3873,9,9,0,8,76,0.000311
3874,197,197,0,394,12.066,0.00056384
3875,6,6,0,12,12,1.264e-05
3876,90,55,54,8,80.1636,0.00312488
3877,52,52,0,104,12.0577,0.00013232
3878,196,158,44,8,81.9177,0.00932304
3879,51,45,6,10,75.4,0.0025312
3880,36,17,24,8,70.4118,0.00081088
3881,146,146,0,292,12.0685,0.00041904
3882,13,13,0,26,12,2.816e-05
3883,56,47,10,10,73.2979,0.00262376
3884,10,10,0,8,86.8,0.00041592
3885,42,23,25,8,77.3913,0.00120004
3886,6,6,0,12,12,1.264e-05
3887,15,15,0,30,12,3.232e-05
3888,209,153,88,8,74.5098,0.00907004
3889,22,14,15,8,78.1429,0.00066952
3890,136,136,0,272,12.0662,0.0003656
3891,10,10,0,20,12,2.192e-05
3892,110,69,48,10,79.6377,0.00388544
3893,57,57,0,114,12.0526,0.00015552
3894,86,56,39,6,83.5,0.00322016
3895,38,24,15,8,78.5417,0.00124036
3896,53,53,0,106,12.0566,0.00013632
3897,6,6,0,8,81,0.00015384
3898,18,18,0,36,12.0556,4.432e-05
3899,4,4,0,8,12,8.48e-06
3900,9,9,0,8,60.6667,0.00035072
3901,322,262,71,8,77.5802,0.0156331
3902,29,22,7,8,77.1364,0.00111592
3903,6,6,0,12,12,1.264e-05
3904,233,233,0,466,12.0644,0.00062912
3905,13,13,0,26,12,2.72e-05
3906,39,22,28,8,74.9545,0.00114072
3907,44,26,23,8,79.8462,0.0013602
3908,14,14,0,28,12,3.024e-05
3909,24,24,0,48,12.0417,6.544e-05
3910,237,196,53,8,75.0051,0.0116764
3911,18,12,6,8,71.1667,0.0005446
3912,178,178,0,356,12.0674,0.0005048
3913,9,9,0,18,12,2.016e-05
3914,41,23,22,8,73.3043,0.00116932
3915,15,15,0,30,12,3.232e-05
3916,68,68,0,136,12.0588,0.0001752
3917,33,16,28,6,77.25,0.00082668
3918,19,19,0,38,12.0526,4.096e-05
3919,41,41,0,8,74.8293,0.00226152
3920,50,31,36,8,72.1935,0.00167788
3921,57,39,34,8,70.7179,0.00218088
3922,22,22,0,44,12.0455,4.592e-05
3923,28,28,0,56,12.0357,6.544e-05
3924,33,33,0,66,12.0606,8.384e-05
3925,36,36,0,8,69.7222,0.00199192
3926,39,27,12,8,76.8519,0.00143944
3927,43,26,29,8,74.2692,0.00135936
3928,170,139,47,6,57.6906,0.00828196
3929,19,19,0,38,12.0526,3.968e-05
3930,21,21,0,42,12.0476,5.28e-05
3931,22,22,0,44,12.0455,5.552e-05
3932,84,84,0,168,12.0476,0.00019264
3933,106,83,38,8,66.3133,0.00483552
3934,63,63,0,126,12.0635,0.00016256
3935,36,36,0,72,12.0556,8.112e-05
3936,30,22,8,8,77.5455,0.00110076
3937,13,13,0,26,12,2.72e-05
3938,40,40,0,80,12.05,9.712e-05
3939,27,27,0,8,59.5556,0.00143248
3940,15,15,0,30,12,3.136e-05
3941,49,30,26,10,73.8,0.0015524
3942,27,27,0,54,12.037,6.784e-05
3943,53,46,7,10,78.9348,0.0025712
3944,32,32,0,64,12.0312,7.952e-05
3945,17,12,5,8,74.75,0.00054356
3946,9,9,0,18,12,1.888e-05
3947,29,29,0,8,77.8621,0.00155308
3948,16,16,0,32,12,3.344e-05
3949,13,13,0,8,65.3846,0.00055652
3950,8,8,0,16,12,1.68e-05
3951,33,33,0,8,66.0303,0.00177156
3952,18,18,0,36,12,3.76e-05
3953,51,41,12,8,78.0976,0.00226324
3954,52,36,19,10,81.9722,0.00188784
3955,29,29,0,58,12.0345,7.392e-05
3956,131,98,47,8,77.1633,0.00573208
3957,33,33,0,66,12.0606,8.544e-05
3958,91,91,0,182,12.0549,0.00023072
3959,78,63,17,10,78.3492,0.00358304
3960,52,52,0,104,12.0577,0.00013968
3961,67,55,12,6,76.3091,0.00315116
3962,41,33,8,8,79.6061,0.00178
3963,23,23,0,46,12.0435,5.472e-05
3964,255,219,49,8,79.4384,0.0130488
3965,9,7,2,8,81.4286,0.0002462
3966,75,52,27,8,78.7115,0.00291376
3967,189,189,0,378,12.0635,0.00049632
3968,6,6,0,12,12,1.264e-05
3969,50,50,0,100,12.06,0.00012848
3970,126,108,22,8,82.4537,0.00634708
3971,240,169,119,8,62.7692,0.00999088
3972,42,26,16,8,82.2692,0.0013646
3973,92,92,0,184,12.0543,0.00022864
3974,161,161,0,322,12.0621,0.00041216
3975,23,23,0,46,12.0435,6.016e-05
3976,28,16,14,8,82.75,0.0007594
3977,15,8,11,6,84.25,0.0003218
3978,83,51,45,8,76.902,0.0028774
3979,66,37,50,8,78.3243,0.00205188
3980,84,58,43,8,73.2759,0.00335128
3981,15,15,0,30,12,3.552e-05
3982,14,14,0,28,12,2.928e-05
3983,37,37,0,74,12.0541,8.768e-05
3984,30,30,0,60,12.0333,7.664e-05
3985,47,47,0,94,12.0426,0.00011232
3986,224,190,37,8,82.7105,0.0112882
3987,151,151,0,302,12.0596,0.00039424
3988,90,78,14,10,80.2051,0.00453912
3989,72,72,0,144,12.0556,0.00017936
3990,93,69,31,10,77.3768,0.00389376
3991,65,65,0,130,12.0615,0.00018944
3992,15,13,2,8,79.3077,0.00059664
3993,9,9,0,18,12,1.888e-05
3994,59,39,21,10,76.7692,0.0021176
3995,117,96,35,8,64.1354,0.00557516
3996,30,18,17,8,58.7778,0.0008568
3997,35,35,0,70,12.0571,9.184e-05
3998,60,60,0,120,12.05,0.00013872
3999,17,17,0,34,12.0588,4e-05
4000,100,57,61,8,73.193,0.0032562
4001,40,21,19,8,53.1905,0.00107516
4002,54,54,0,108,12.0556,0.00014736
4003,78,47,40,8,66.3404,0.00263496
4004,40,21,19,4,78.1429,0.00115344
4005,18,18,0,36,12.0556,4.304e-05
4006,51,31,34,8,79.3871,0.001655
4007,40,40,0,80,12.05,0.00010384
4008,83,74,9,10,80.4459,0.00422936
4009,17,17,0,34,12,4e-05
4010,29,29,0,58,12.0345,7.744e-05
4011,67,67,0,134,12.0597,0.00016928
4012,81,61,21,8,68.2787,0.0034716
4013,127,103,36,8,73.5922,0.00603488
4014,52,52,0,104,12.0577,0.00012784
4015,100,88,12,10,74.9545,0.0050312
4016,75,75,0,150,12.0533,0.00017696
4017,70,70,0,140,12.0571,0.00018128
4018,19,15,4,8,78.5333,0.00070308
4019,10,10,0,20,12,2.224e-05
4020,30,28,4,8,59.1071,0.0015058
4021,31,31,0,8,69.8387,0.00167628
4022,25,17,8,8,55.4118,0.0008064
4023,16,16,0,32,12,3.472e-05
4024,28,18,10,8,56.6111,0.00090132
4025,17,17,0,34,12,3.552e-05
4026,31,18,21,8,43.1667,0.00088036
4027,11,11,0,22,12,2.304e-05
4028,15,15,0,30,12,3.52e-05
4029,12,12,0,24,12,2.608e-05
4030,17,17,0,8,38.7059,0.00079876
4031,10,10,0,20,12,2.096e-05
4032,29,29,0,8,35.2414,0.00154872
4033,16,16,0,32,12,3.344e-05
4034,18,18,0,8,60.1667,0.00087456
4035,10,10,0,20,12,2.096e-05
4036,155,129,29,10,62.8527,0.00760504
4037,42,42,0,84,12.0476,0.00010544
4038,117,117,0,234,12.0598,0.00031968
4039,114,89,25,10,75.9326,0.00517328
4040,63,47,16,8,78.5745,0.00262568
4041,41,24,17,8,50.0417,0.00124664
4042,79,79,0,158,12.0633,0.00020544
4043,37,37,0,74,12.0541,9.248e-05
4044,22,22,0,44,12.0455,5.584e-05
4045,35,24,11,8,71.8333,0.00123512
4046,18,18,0,36,12.0556,4.112e-05
4047,37,37,0,8,75.5135,0.00203328
4048,20,20,0,40,12.05,4.176e-05
