flow_id,tx_packets,rx_packets,lost_packets,retx_packets,mean_delay_ms,throughput_mbps
1,15920,13897,2833,4,67.318,0.840374
2,12280,10936,1766,4,67.9257,0.661293
3,12209,10939,1546,4,67.361,0.661474
4,10198,9003,1538,4,67.4407,0.544385
5,11656,10153,2018,4,67.1401,0.613937
6,9851,9851,0,19702,12.0601,0.0238826
7,7682,7682,0,15364,12.0595,0.0184446
8,7500,7495,0,14990,12.0588,0.0177866
9,6173,6173,0,12346,12.0588,0.014624
10,7274,7274,0,14548,12.0601,0.017635
11,61,39,32,8,76.5897,0.00217448
12,31,18,18,8,46.2778,0.00086096
13,36,36,0,72,12.0556,9.616e-05
14,12,12,0,24,12,2.608e-05
15,15,15,0,8,69.8667,0.00072568
16,9,9,0,18,12,1.888e-05
17,48,41,7,8,85.439,0.00228776
18,32,32,0,64,12.0312,7.184e-05
19,80,59,27,8,63.322,0.00335528
20,16,15,1,8,75.2,0.00072816
21,66,53,13,8,80.2453,0.00298736
22,42,42,0,84,12.0476,0.00010576
23,75,56,31,8,58.5357,0.0031754
24,102,73,46,10,73.7671,0.0041636
25,9,9,0,18,12,1.888e-05
26,46,46,0,92,12.0435,0.00011408
27,40,40,0,80,12.05,9.2e-05
28,119,106,13,8,72.5189,0.0062014
29,69,69,0,138,12.058,0.0001728
30,79,79,0,158,12.0506,0.0001984
31,60,60,0,8,58.35,0.00342852
32,31,31,0,62,12.0323,6.464e-05
33,15,15,0,8,41.6667,0.0006834
34,9,9,0,18,12,1.888e-05
35,45,45,0,8,57.9778,0.00252472
36,24,24,0,48,12.0417,5.008e-05
37,51,39,14,6,69.7436,0.00220892
38,73,56,28,8,75.8571,0.00320192
39,35,35,0,70,12.0571,8.64e-05
40,41,41,0,82,12.0488,9.952e-05
41,41,36,5,10,75.9722,0.00194256
42,63,52,11,10,78.2115,0.00294576
43,25,25,0,50,12.04,5.728e-05
44,9,9,0,8,75.6667,0.00031456
45,44,44,0,88,12.0455,0.0001064
46,6,6,0,12,12,1.264e-05
47,21,21,0,8,65.381,0.00108452
48,12,12,0,24,12,2.512e-05
49,40,40,0,8,67.375,0.00219308
50,21,21,0,42,12.0476,4.384e-05
51,9,9,0,8,57.6667,0.0003508
52,6,6,0,12,12,1.264e-05
53,14,14,0,8,48,0.00065932
54,8,8,0,16,12,1.68e-05
55,97,86,12,8,75.814,0.00497504
56,62,56,6,10,82.3036,0.00313656
57,67,67,0,134,12.0597,0.00017696
58,44,44,0,88,12.0455,0.0001128
59,72,49,33,8,77.1429,0.00275308
60,294,222,93,10,72.3874,0.0131624
61,17,10,10,8,79.2,0.00037268
62,89,60,45,8,77.1667,0.00342224
63,41,41,0,82,12.0488,0.00010464
64,217,217,0,434,12.0691,0.0006112
65,9,9,0,18,12,1.952e-05
66,47,47,0,94,12.0426,0.00011328
67,750,673,87,8,74.8425,0.0405068
68,495,495,0,990,12.0626,0.00125472
69,54,36,26,8,74.2222,0.0019578
70,31,31,0,62,12.0323,7.328e-05
71,27,17,10,8,82.6471,0.0008468
72,62,44,31,8,78.0455,0.00242816
73,184,116,108,8,77.0345,0.00680744
74,13,13,0,26,12,3.008e-05
75,35,35,0,70,12.0571,8.192e-05
76,109,109,0,218,12.0642,0.00028
77,8,8,0,8,74.75,0.00026052
78,44,28,23,8,79.3571,0.00150548
79,5,5,0,10,12,1.056e-05
80,25,25,0,50,12.04,6.752e-05
81,21,11,10,8,76,0.00048936
82,9,9,0,18,12,1.984e-05
83,24,24,0,8,79.7917,0.00124556
84,100,78,30,8,68.7949,0.0045218
85,13,13,0,26,12,2.72e-05
86,59,59,0,118,12.0508,0.0001472
87,37,34,3,8,68.0588,0.00185464
88,20,20,0,40,12.05,4.432e-05
89,55,40,15,8,80.85,0.00219068
90,36,28,8,8,77.2143,0.0014674
91,33,33,0,66,12.0606,9.152e-05
92,26,19,7,8,67.5263,0.00094744
93,20,20,0,40,12.05,4.944e-05
94,14,14,0,28,12,3.12e-05
95,250,220,40,10,75.8364,0.0130898
96,198,198,0,396,12.0606,0.0005224
97,96,82,15,8,80.1829,0.00472608
98,74,74,0,148,12.0541,0.00018032
99,41,30,11,8,84.2667,0.00160844
100,24,24,0,48,12.0417,6e-05
101,45,32,14,8,83.25,0.0017418
102,24,13,19,8,79.1538,0.00059708
103,185,153,48,10,76.1373,0.00905072
104,28,28,0,56,12.0357,6.992e-05
105,10,10,0,20,12,2.224e-05
106,114,114,0,228,12.0526,0.00027728
107,50,46,4,10,79.9783,0.00256504
108,36,36,0,72,12.0556,8.208e-05
109,38,27,11,8,76.5185,0.00142812
110,73,63,10,10,71.9683,0.00355752
111,21,21,0,42,12.0476,5.152e-05
112,53,53,0,106,12.0566,0.00012704
113,15,15,0,8,68.3333,0.00072788
114,9,9,0,18,12,1.888e-05
115,14,14,0,8,65.1429,0.00066668
116,8,8,0,16,12,1.68e-05
117,26,26,0,8,44,0.00135992
118,25,25,0,8,55.36,0.001322
119,14,14,0,28,12,2.928e-05
120,14,14,0,28,12,2.928e-05
121,19,19,0,8,29.4211,0.00092504
122,11,11,0,22,12,2.304e-05
123,77,57,26,10,79.9123,0.00320688
124,52,52,0,104,12.0577,0.00013168
125,182,162,20,8,73.5617,0.0095676
126,65,45,36,8,78.2222,0.00248916
127,53,35,28,8,78.0286,0.00190708
128,153,153,0,306,12.0588,0.00039232
129,35,35,0,70,12.0571,9.152e-05
130,30,30,0,60,12.0333,7.152e-05
131,10,10,0,8,82.2,0.00038928
132,6,6,0,12,12,1.264e-05
133,14,14,0,8,74.1429,0.00061456
134,8,8,0,16,12,1.68e-05
135,15,15,0,8,73.3333,0.00072332
136,30,20,10,8,78.55,0.00098908
137,9,9,0,18,12,1.888e-05
138,63,54,9,10,71.9815,0.00307416
139,14,14,0,28,12,3.152e-05
140,25,16,10,8,83.3125,0.00078276
141,49,31,33,10,60.3548,0.00159016
142,26,18,10,8,77.0556,0.00086628
143,44,44,0,88,12.0455,0.00011312
144,13,13,0,26,12,2.848e-05
145,29,29,0,58,12.0345,7.36e-05
146,11,11,0,22,12,2.304e-05
147,24,24,0,8,70.8333,0.00126676
148,13,13,0,26,12,2.72e-05
149,60,55,5,10,74.7273,0.00308728
150,40,40,0,80,12.05,9.744e-05
151,73,55,18,8,71.9273,0.00312776
152,16,10,6,8,79.2,0.00038216
153,26,17,9,8,69.5882,0.0008474
154,22,22,0,8,71.9545,0.00113744
155,53,53,0,106,12.0566,0.00013312
156,8,8,0,16,12,1.872e-05
157,56,36,33,10,67.8056,0.0019488
158,10,9,1,8,81.7778,0.0003404
159,43,26,24,6,65.7692,0.00144496
160,10,10,0,20,12,2.128e-05
161,12,12,0,24,12,2.512e-05
162,34,34,0,68,12.0588,8.24e-05
163,6,6,0,12,12,1.264e-05
164,33,33,0,66,12.0606,8.384e-05
165,54,48,6,8,69.5833,0.00271512
166,31,31,0,62,12.0323,7.424e-05
167,67,64,4,10,81.3125,0.00368464
168,53,53,0,106,12.0566,0.00012224
169,26,25,1,8,79.88,0.00132284
170,11,8,3,8,79.375,0.00028232
171,163,137,40,10,70.5693,0.00800024
172,51,38,16,10,65.1316,0.00212168
173,14,14,0,28,12,2.992e-05
174,15,10,9,8,72.2,0.0004074
175,6,6,0,12,12,1.264e-05
176,114,114,0,228,12.0526,0.00027472
177,34,34,0,68,12.0588,8.56e-05
178,8,8,0,16,12,1.776e-05
179,16,16,0,8,74,0.00076636
180,79,67,12,10,78.8955,0.0037972
181,9,9,0,18,12,1.888e-05
182,60,60,0,120,12.05,0.00015184
183,90,76,14,8,79.7368,0.00440596
184,11,8,3,8,73.375,0.00028428
185,59,59,0,118,12.0508,0.00015168
186,6,6,0,12,12,1.264e-05
187,61,46,17,8,67.8696,0.0025958
188,37,37,0,74,12.0541,9.312e-05
189,77,77,0,8,72.3117,0.0044554
190,40,40,0,80,12.05,8.336e-05
191,39,39,0,8,55.8974,0.00214748
192,21,21,0,42,12.0476,4.384e-05
193,13,13,0,8,58.9231,0.00060668
194,28,28,0,8,74.7143,0.00146376
195,8,8,0,16,12,1.68e-05
196,15,15,0,30,12,3.136e-05
197,55,49,6,8,79.4898,0.00277768
198,29,29,0,58,12.0345,6.432e-05
199,18,14,4,8,80.1429,0.00063468
200,65,44,33,8,74.0682,0.0024538
201,22,21,1,8,72.1905,0.00105676
202,9,9,0,18,12,1.888e-05
203,36,36,0,72,12.0556,8.528e-05
204,12,12,0,24,12,2.512e-05
205,135,114,28,10,71.9825,0.0067016
206,104,81,31,8,68.642,0.00470908
207,102,102,0,204,12.0588,0.00026352
208,99,67,48,8,68.4627,0.00383292
209,64,64,0,128,12.0469,0.00014896
210,63,63,0,126,12.0635,0.00017824
211,100,72,39,10,79.6389,0.00408368
212,43,37,9,8,76,0.00205072
213,25,25,0,50,12.04,5.984e-05
214,30,27,5,8,74.0741,0.00143568
215,47,41,6,10,71.9512,0.0021968
216,74,58,28,8,69.8793,0.00331256
217,16,16,0,32,12,3.408e-05
218,49,31,25,8,68.129,0.00169568
219,33,33,0,66,12.0606,7.936e-05
220,42,42,0,84,12.0476,0.00010224
221,146,111,51,10,78.7658,0.00653624
222,29,29,0,58,12.0345,7.52e-05
223,18,18,0,8,63.3333,0.00086112
224,10,10,0,20,12,2.096e-05
225,40,40,0,8,63.5,0.00222836
226,21,21,0,42,12.0476,4.384e-05
227,32,28,4,8,75.4643,0.00151224
228,18,18,0,36,12,4.016e-05
229,39,22,26,8,71.0909,0.00114008
230,79,56,32,8,79.3214,0.00319624
231,14,14,0,28,12,3.024e-05
232,64,47,17,8,80.1489,0.0026136
233,53,30,44,8,71.4667,0.0016242
234,44,44,0,88,12.0455,0.00011728
235,40,40,0,80,12.05,0.00010992
236,23,23,0,46,12.0435,5.312e-05
237,73,55,23,8,46.7091,0.00314636
238,40,40,0,80,12.05,9.424e-05
239,25,25,0,8,57.24,0.00132928
240,14,14,0,28,12,2.928e-05
241,35,35,0,8,44.7143,0.00192996
242,19,19,0,38,12.0526,3.968e-05
243,20,20,0,8,40.25,0.00098244
244,11,11,0,22,12,2.304e-05
245,32,32,0,8,38.7188,0.0017222
246,17,17,0,34,12,3.552e-05
247,15,15,0,8,37.3333,0.00069984
248,9,9,0,18,12,1.888e-05
249,49,42,9,8,80.8333,0.0023486
250,48,27,32,8,77.8889,0.00142388
251,26,26,0,52,12.0385,6e-05
252,24,24,0,48,12.0417,5.712e-05
253,260,218,48,8,77.9358,0.0129916
254,187,187,0,374,12.0642,0.00051008
255,86,72,14,8,75.9583,0.00416324
256,255,219,51,8,71.9543,0.0130434
257,55,55,0,110,12.0545,0.00014176
258,178,149,41,10,80.2886,0.00882232
259,26,18,8,8,77.3333,0.0009058
260,179,179,0,358,12.0615,0.00048096
261,47,46,1,8,74.7174,0.0025998
262,134,134,0,268,12.0597,0.0003416
263,11,11,0,22,12,2.336e-05
264,22,22,0,8,76.7273,0.00114336
265,12,12,0,24,12,2.512e-05
266,25,25,0,8,80.4,0.00128384
267,60,60,0,120,12.0667,0.00016656
268,27,15,19,8,73.8,0.00070608
269,14,14,0,28,12,2.928e-05
270,41,34,7,8,69.7353,0.00184436
271,11,11,0,22,12,2.4e-05
272,107,101,6,10,67.8911,0.00582576
273,215,183,46,8,76.6284,0.0108906
274,153,116,58,8,67.3621,0.00681248
275,22,22,0,44,12.0455,5.04e-05
276,71,71,0,142,12.0563,0.00017024
277,133,133,0,266,12.0526,0.00032096
278,106,106,0,212,12.0566,0.00026736
279,91,91,0,182,12.0549,0.00022112
280,16,16,0,8,69.75,0.00077504
281,15,15,0,8,81,0.00071516
282,9,9,0,18,12,1.888e-05
283,9,9,0,18,12,1.888e-05
284,32,16,16,8,78.875,0.00073512
285,88,66,35,10,79.303,0.00381392
286,14,14,0,28,12,3.088e-05
287,63,63,0,126,12.0476,0.00015872
288,39,26,13,8,79.6538,0.00138388
289,27,16,11,6,76.625,0.00084428
290,14,9,9,8,75.4444,0.00031536
291,20,20,0,40,12.05,5.2e-05
292,19,19,0,38,12.0526,4.064e-05
293,6,6,0,12,12,1.264e-05
294,56,36,28,10,83.5833,0.00189328
295,29,14,23,8,77.4286,0.00065
296,34,34,0,68,12.0588,8.88e-05
297,10,10,0,20,12,2.288e-05
298,19,12,7,8,73.25,0.0005238
299,9,9,0,18,12,1.952e-05
300,109,91,20,10,80.1209,0.00524704
301,125,84,62,10,82.2143,0.00486656
302,84,84,0,168,12.0595,0.00023696
303,69,69,0,138,12.058,0.00017472
304,144,114,37,8,76.7632,0.00671208
305,19,14,5,8,74.2143,0.00062996
306,106,106,0,212,12.0566,0.00026928
307,10,10,0,8,83.7,0.00037612
308,95,71,31,8,76.7887,0.0041144
309,10,10,0,20,12,2.16e-05
310,6,6,0,12,12,1.264e-05
311,67,67,0,134,12.0597,0.0001648
312,108,80,32,8,75.4625,0.00465364
313,86,55,31,10,78.4182,0.0030412
314,73,73,0,146,12.0548,0.00019328
315,21,14,7,8,72.1429,0.00064024
316,42,42,0,84,12.0476,9.968e-05
317,17,17,0,8,67.4706,0.00084048
318,11,11,0,22,12,2.464e-05
319,10,10,0,20,12,2.096e-05
320,72,60,12,10,77.4667,0.00343576
321,76,52,33,8,77.8654,0.00294168
322,51,51,0,102,12.0588,0.00013312
323,41,41,0,82,12.0488,0.0001072
324,42,31,13,8,73.8065,0.00166048
325,25,25,0,50,12.04,6.304e-05
326,15,15,0,8,57.4667,0.00069216
327,9,9,0,18,12,1.888e-05
328,24,24,0,48,12.0417,5.008e-05
329,11,11,0,8,82.8182,0.00048544
330,34,16,21,8,76.9375,0.00076448
331,7,7,0,14,12,1.472e-05
332,15,15,0,30,12,3.36e-05
333,13,13,0,8,63.7692,0.00057504
334,15,15,0,8,70.8667,0.000705
335,8,8,0,16,12,1.68e-05
336,9,9,0,18,12,1.888e-05
337,125,110,16,10,81.5182,0.00646296
338,85,85,0,170,12.0588,0.00021472
339,205,173,45,8,81.9075,0.0102671
340,20,19,1,8,78.3158,0.0009424
341,145,145,0,290,12.0552,0.00035552
342,51,35,18,8,83,0.00193028
343,11,11,0,22,12,2.304e-05
344,250,216,37,8,79.1204,0.0128311
345,28,28,0,56,12.0357,7.376e-05
346,167,167,0,334,12.0599,0.0004176
347,587,516,72,8,77.4225,0.0309852
348,145,108,40,8,81.3704,0.00633084
349,405,405,0,810,12.0593,0.00098752
350,95,95,0,190,12.0632,0.00026336
351,72,50,25,8,73.98,0.0028454
352,354,302,68,8,74.2152,0.0180546
353,39,39,0,78,12.0513,0.00010528
354,212,212,0,424,12.0566,0.0005048
355,179,147,43,8,76.4422,0.0086676
356,134,134,0,268,12.0672,0.00036944
357,57,39,23,10,76.4872,0.0021288
358,36,36,0,72,12.0556,9.584e-05
359,79,61,19,10,78.541,0.00345448
360,40,23,20,8,64.0435,0.00117508
361,30,17,19,8,69.2941,0.00084396
362,117,90,43,8,69.1778,0.0052162
363,53,53,0,106,12.0566,0.0001504
364,19,19,0,38,12.0526,4.384e-05
365,10,10,0,20,12,2.096e-05
366,74,74,0,148,12.0541,0.00018224
367,50,42,8,10,76.5952,0.00234088
368,35,35,0,70,12.0571,8.416e-05
369,48,40,9,10,73.4,0.002216
370,87,73,17,8,77.7123,0.00423376
371,66,45,21,8,77.1778,0.00250316
372,460,415,76,8,68.2434,0.0249181
373,29,29,0,58,12.0345,7.008e-05
374,51,51,0,102,12.0588,0.00012064
375,38,38,0,76,12.0526,9.264e-05
376,250,250,0,500,12.052,0.00055888
377,16,16,0,8,75.5625,0.00079032
378,9,9,0,18,12,1.888e-05
379,12,12,0,8,74.1667,0.0005048
380,7,7,0,14,12,1.472e-05
381,9,9,0,8,60.1111,0.00032008
382,6,6,0,12,12,1.264e-05
383,87,69,21,8,74.5652,0.00397652
384,104,90,14,8,75.4111,0.00525496
385,56,56,0,112,12.0536,0.00014576
386,68,68,0,136,12.0588,0.0001656
387,92,73,19,8,74.0822,0.0041902
388,77,61,19,8,74.0656,0.00345928
389,59,38,38,8,68.0789,0.00208392
390,55,55,0,110,12.0545,0.00014208
391,26,15,20,8,79.9333,0.00071328
392,45,45,0,90,12.0444,0.00011616
393,23,13,10,8,59.1538,0.00055716
394,31,31,0,62,12.0323,7.52e-05
395,11,11,0,22,12,2.464e-05
396,11,11,0,22,12,2.528e-05
397,14,14,0,8,62.8571,0.00063508
398,8,8,0,16,12,1.68e-05
399,96,94,2,8,83.5745,0.00546484
400,61,61,0,122,12.0492,0.00013632
401,76,66,10,8,86.1667,0.00375868
402,53,53,0,106,12.0566,0.0001312
403,240,213,29,8,70.6103,0.0126742
404,171,171,0,342,12.0585,0.0004416
405,47,40,7,10,81,0.00213304
406,27,27,0,54,12.037,6.208e-05
407,33,25,8,8,76.64,0.00128192
408,6,6,0,8,78.5,0.0001366
409,18,18,0,36,12.0556,4.24e-05
410,4,4,0,8,12,8.48e-06
411,9,9,0,8,68.6667,0.00032824
412,48,34,16,10,79.0882,0.00186856
413,31,18,22,8,81.9444,0.00087952
414,273,241,49,8,59.4357,0.0143635
415,6,6,0,12,12,1.264e-05
416,27,27,0,54,12.037,6.688e-05
417,13,13,0,26,12,2.848e-05
418,8,7,1,8,53.4286,0.00019724
419,154,154,0,308,12.0519,0.00034512
420,17,17,0,8,75.7059,0.00079968
421,31,22,9,8,84.4091,0.00110004
422,10,7,3,8,76.4286,0.00021524
423,12,8,6,8,75.75,0.00028392
424,42,23,35,8,80.2174,0.0011612
425,10,10,0,20,12,2.096e-05
426,15,15,0,30,12,3.296e-05
427,5,5,0,10,12,1.088e-05
428,6,6,0,12,12,1.264e-05
429,19,19,0,38,12.0526,4.352e-05
430,24,24,0,8,58,0.00124156
431,11,11,0,8,69.3636,0.00046608
432,13,13,0,26,12,2.72e-05
433,7,7,0,14,12,1.472e-05
434,73,60,13,10,78.05,0.00340904
435,67,55,13,8,76.9818,0.003095
436,49,49,0,98,12.0612,0.00012864
437,40,40,0,80,12.05,9.552e-05
438,9,9,0,8,73.7778,0.00034348
439,6,6,0,12,12,1.264e-05
440,38,32,6,8,64.8438,0.00174316
441,57,50,7,10,66.1,0.00280344
442,20,20,0,40,12.05,4.432e-05
443,42,42,0,84,12.0476,0.0001016
444,26,26,0,8,64.6923,0.00138588
445,14,14,0,28,12,2.928e-05
446,12,12,0,8,74.3333,0.00053308
447,43,28,20,8,80.2143,0.00147376
448,7,7,0,14,12,1.472e-05
449,23,23,0,46,12.0435,5.92e-05
450,125,113,12,10,63.1416,0.0066216
451,106,106,0,212,12.0566,0.00026608
452,26,24,2,8,77.9583,0.00125912
453,44,27,25,8,59.7037,0.001415
454,132,109,42,8,45.1651,0.00636276
455,13,13,0,26,12,2.784e-05
456,25,25,0,50,12.04,6.752e-05
457,76,76,0,152,12.0526,0.00017616
458,41,40,1,8,76.075,0.00222916
459,9,9,0,8,53.7778,0.000315
460,6,6,0,12,12,1.264e-05
461,8,8,0,8,48,0.00026084
462,5,5,0,10,12,1.056e-05
463,10,10,0,8,48.9,0.00039924
464,6,6,0,12,12,1.264e-05
465,40,38,2,8,69.7895,0.00212216
466,47,36,11,8,59.1944,0.00197972
467,22,22,0,44,12.0455,4.848e-05
468,24,24,0,48,12.0417,5.392e-05
469,79,79,0,8,66.3671,0.00456916
470,7,7,0,8,57.7143,0.0001908
471,41,41,0,82,12.0488,8.544e-05
472,5,5,0,10,12,1.056e-05
473,9,9,0,8,36.8889,0.00031316
474,6,6,0,12,12,1.264e-05
475,23,23,0,8,48.6087,0.00116516
476,13,13,0,26,12,2.72e-05
477,5,5,0,10,12,1.056e-05
478,63,60,4,10,76.3833,0.00341464
479,45,45,0,90,12.0444,0.00010464
480,76,57,19,8,80.6667,0.00321688
481,24,13,11,8,73.0769,0.0005742
482,47,47,0,94,12.0638,0.00012608
483,19,18,1,8,83.5,0.00088248
484,10,10,0,20,12,2.224e-05
485,11,11,0,22,12,2.304e-05
486,103,84,20,8,79.619,0.00484864
487,59,59,0,118,12.0508,0.00015072
488,147,124,39,8,70.2581,0.00730204
489,96,96,0,192,12.0625,0.0002488
490,44,37,7,8,78.6757,0.0020562
491,25,25,0,50,12.04,6.048e-05
492,167,127,45,10,79.7087,0.00742832
493,34,30,4,8,76.3667,0.0015954
494,126,103,34,8,62.0485,0.00603792
495,106,106,0,212,12.066,0.0002904
496,20,20,0,40,12.05,4.496e-05
497,70,70,0,140,12.0571,0.00016784
498,350,322,29,8,68.4876,0.01929
499,213,213,0,426,12.0563,0.00051616
500,86,71,15,10,80.8873,0.00402656
501,63,63,0,126,12.0635,0.00016288
502,21,21,0,42,12.0476,4.384e-05
503,11,11,0,8,72.5455,0.00048624
504,23,20,3,8,76.5,0.0010306
505,68,58,10,8,58.3448,0.00329972
506,7,7,0,14,12,1.472e-05
507,12,12,0,24,12,2.544e-05
508,45,45,0,90,12.0444,0.00010976
509,15,15,0,8,51.2,0.00069232
510,9,9,0,18,12,1.888e-05
511,23,23,0,8,42.1304,0.00118456
512,13,13,0,26,12,2.72e-05
513,24,24,0,8,53.5,0.0012426
514,21,21,0,8,52,0.00104948
515,13,13,0,26,12,2.72e-05
516,36,36,0,8,74.0833,0.00194504
517,12,12,0,24,12,2.512e-05
518,19,19,0,38,12.0526,3.968e-05
519,121,113,8,8,66.6726,0.00662936
520,28,28,0,8,69.6429,0.00150988
521,88,88,0,176,12.0568,0.00021744
522,15,15,0,30,12,3.136e-05
523,14,14,0,8,57.7857,0.00065788
524,8,8,0,16,12,1.68e-05
525,12,12,0,8,29.3333,0.00050564
526,18,18,0,8,42.8333,0.00089376
527,35,35,0,8,50.6857,0.00192644
528,7,7,0,14,12,1.472e-05
529,10,10,0,20,12,2.096e-05
530,19,19,0,38,12.0526,3.968e-05
531,15,15,0,8,26.4,0.0006752
532,9,9,0,18,12,1.888e-05
533,231,214,21,10,69.743,0.012695
534,11,11,0,8,44.6364,0.00048076
535,158,158,0,316,12.057,0.00038832
536,7,7,0,14,12,1.472e-05
537,112,84,38,8,78.6667,0.00486836
538,53,36,19,8,79.3611,0.00195752
539,70,70,0,140,12.0571,0.00019408
540,56,37,35,8,80.7838,0.00202152
541,33,33,0,66,12.0606,8.352e-05
542,91,77,15,10,80.8182,0.00439896
543,79,65,27,8,76.9231,0.00373808
544,33,33,0,66,12.0606,8.32e-05
545,40,20,28,8,51,0.001018
546,73,73,0,146,12.0548,0.00018784
547,46,46,0,92,12.0435,0.00011376
548,222,204,18,8,79.1225,0.0121445
549,227,204,32,8,78.5294,0.0121462
550,152,152,0,304,12.0592,0.00036112
551,152,152,0,304,12.0526,0.00035472
552,77,61,17,10,83.2787,0.00341168
553,53,32,30,8,79.7188,0.00172136
554,53,53,0,106,12.0566,0.00014272
555,30,30,0,60,12.0667,8.016e-05
556,292,261,42,10,75.2567,0.0155657
557,79,61,20,10,79.3607,0.00345552
558,183,183,0,366,12.0546,0.00043872
559,57,57,0,114,12.0526,0.00014816
560,19,18,1,8,40.1111,0.0008616
561,405,362,44,8,71.6381,0.0216681
562,255,255,0,510,12.0588,0.00062592
563,55,47,8,10,76.1064,0.00262824
564,36,36,0,72,12.0556,9.264e-05
565,53,43,10,8,78,0.00238792
566,137,118,21,10,77.6864,0.00695904
567,29,29,0,58,12.0345,7.04e-05
568,83,83,0,166,12.0482,0.0001904
569,28,24,4,8,81.5417,0.0012202
570,14,14,0,28,12,3.056e-05
571,20,20,0,8,74.95,0.0009948
572,11,11,0,22,12,2.304e-05
573,16,16,0,8,73.4375,0.00075848
574,9,9,0,18,12,1.888e-05
575,58,43,15,8,76.3953,0.00240012
576,45,27,34,8,76.5556,0.00143716
577,157,117,57,8,69.1282,0.00684572
578,34,34,0,68,12.0588,8.72e-05
579,25,25,0,50,12.04,6.88e-05
580,104,104,0,208,12.0577,0.00026704
581,21,19,2,8,83.5789,0.00094176
582,12,12,0,24,12,2.544e-05
583,71,61,10,10,74.8033,0.0034652
584,45,34,11,8,74.5588,0.0018246
585,49,49,0,98,12.0612,0.00012704
586,27,27,0,54,12.037,7.072e-05
587,12,8,4,8,74.25,0.00026184
588,6,6,0,12,12,1.264e-05
589,54,54,0,8,67.0926,0.00304584
590,28,28,0,56,12.0357,5.84e-05
591,17,17,0,34,12.0588,4e-05
592,41,33,9,10,73.5758,0.00175592
593,86,71,16,10,71.9577,0.00400344
594,49,28,31,8,69.1786,0.00147044
595,26,26,0,52,12.0385,6.192e-05
596,56,56,0,112,12.0536,0.00013616
597,25,25,0,50,12.04,5.92e-05
598,17,17,0,8,65.6471,0.00079824
599,56,44,12,10,76.2727,0.0024364
600,10,10,0,20,12,2.096e-05
601,47,41,6,10,71.7805,0.00220992
602,35,35,0,70,12.0571,8.768e-05
603,33,33,0,66,12.0303,7.904e-05
604,19,19,0,8,69.2632,0.00092844
605,11,11,0,22,12,2.304e-05
606,1035,845,273,10,73.1598,0.0508579
607,10,10,0,20,12,2.096e-05
608,62,62,0,8,76.7097,0.00354864
609,709,709,0,1418,12.0635,0.00181952
610,32,32,0,64,12.0312,6.672e-05
611,52,39,16,8,58.6923,0.002146
612,35,25,13,6,77.88,0.0013366
613,103,70,34,10,77.2714,0.00394832
614,75,50,26,8,76.36,0.00281148
615,32,32,0,64,12.0312,7.472e-05
616,18,18,0,36,12.0556,4.112e-05
617,57,57,0,114,12.0526,0.00013888
618,46,46,0,92,12.0435,0.00011824
619,147,128,21,10,71.9219,0.00756008
620,45,24,40,8,69.375,0.00125016
621,110,110,0,220,12.0636,0.00030288
622,22,22,0,44,12.0455,5.552e-05
623,49,40,9,8,72.4,0.00223572
624,10,10,0,8,76.4,0.00042484
625,60,51,9,10,80.5686,0.00289456
626,111,94,30,8,66.234,0.00546744
627,28,28,0,56,12.0357,6.704e-05
628,6,6,0,12,12,1.264e-05
629,43,43,0,86,12.0465,9.792e-05
630,60,60,0,120,12.05,0.00013584
631,33,32,1,8,79.2812,0.00174504
632,18,18,0,36,12,3.76e-05
633,21,20,1,8,84.95,0.00097964
634,11,11,0,22,12,2.336e-05
635,27,27,0,8,52.1852,0.00144584
636,15,15,0,30,12,3.136e-05
637,61,61,0,8,74.0656,0.00350288
638,21,21,0,8,57.5714,0.00104376
639,32,32,0,64,12.0312,6.672e-05
640,12,12,0,24,12,2.512e-05
641,100,88,13,10,77.2386,0.00504408
642,79,79,0,158,12.0633,0.0002032
643,101,91,10,10,81.978,0.00529128
644,41,30,11,10,82.5333,0.0015824
645,50,32,31,8,79.2812,0.00172368
646,72,72,0,144,12.0556,0.00018416
647,25,25,0,50,12.04,5.984e-05
648,28,28,0,56,12.0357,6.864e-05
649,80,74,6,8,78.2568,0.00424776
650,60,60,0,120,12.05,0.00013584
651,12,12,0,8,60.4167,0.0005342
652,70,62,8,10,62.2258,0.00353024
653,7,7,0,14,12,1.472e-05
654,55,55,0,110,12.0545,0.0001328
655,46,46,0,8,62.2826,0.00258348
656,24,24,0,48,12.0417,5.008e-05
657,73,73,0,8,52.1918,0.00423444
658,38,38,0,76,12.0526,7.92e-05
659,9,9,0,8,59.1111,0.00033668
660,28,27,1,8,74.5926,0.00142556
661,23,23,0,8,72.2609,0.00118052
662,6,6,0,12,12,1.264e-05
663,15,15,0,30,12,3.2e-05
664,41,33,8,8,63.1212,0.00176332
665,37,30,7,8,60.1667,0.00160732
666,42,24,31,8,35.4167,0.00122052
667,13,13,0,26,12,2.72e-05
668,26,26,0,52,12.0385,6.384e-05
669,22,22,0,44,12.0455,5.296e-05
670,22,22,0,44,12.0455,5.808e-05
671,9,9,0,8,23.1111,0.00031184
672,6,6,0,12,12,1.264e-05
673,66,53,14,8,71.7925,0.00302904
674,312,269,51,8,76.6654,0.0160908
675,58,31,40,8,72.871,0.00169644
676,41,41,0,82,12.0488,0.00010976
677,236,236,0,472,12.0593,0.0006008
678,73,51,32,8,75.4706,0.00287796
679,33,19,18,8,79.4737,0.00094904
680,23,23,0,46,12.0435,5.152e-05
681,49,49,0,98,12.0612,0.00013312
682,14,14,0,8,77.5,0.00066988
683,16,16,0,32,12,3.696e-05
684,272,236,38,8,73.9322,0.0140834
685,19,11,14,8,81,0.00043496
686,118,76,59,8,76.9868,0.00436888
687,8,8,0,16,12,1.68e-05
688,29,28,2,8,73.2857,0.00149312
689,183,183,0,366,12.0601,0.00046144
690,7,7,0,14,12,1.472e-05
691,60,60,0,120,12.05,0.00015824
692,16,16,0,32,12,3.44e-05
693,46,30,19,8,82.9667,0.0016126
694,32,29,3,8,76.3793,0.00153312
695,87,70,23,8,77.6143,0.0040228
696,25,25,0,50,12.04,6.656e-05
697,19,19,0,38,12.0526,4.224e-05
698,56,56,0,112,12.0536,0.0001416
699,224,177,56,8,77.3333,0.010474
700,38,27,11,8,83.1481,0.00144768
701,163,163,0,326,12.0613,0.000432
702,20,20,0,40,12.05,4.752e-05
703,38,36,2,10,80.8056,0.00191224
704,25,25,0,50,12.04,5.504e-05
705,57,46,11,8,82.087,0.00257656
706,35,35,0,70,12.0571,8.832e-05
707,174,137,40,8,76.8613,0.00807772
708,23,13,17,8,74.3077,0.00060412
709,117,117,0,234,12.0598,0.00029792
710,8,8,0,16,12,1.744e-05
711,22,22,0,8,69.1364,0.00113864
712,12,12,0,24,12,2.512e-05
713,39,22,19,8,77.3182,0.00114424
714,66,45,29,10,74.2667,0.00250128
715,39,22,17,8,77.1364,0.00113644
716,19,19,0,38,12.0526,4.416e-05
717,42,42,0,84,12.0476,0.00011632
718,47,38,10,8,76.2632,0.0021206
719,16,16,0,32,12,3.6e-05
720,31,25,6,8,80.84,0.0013042
721,79,48,43,8,75.8125,0.00268652
722,26,26,0,52,12.0385,6.384e-05
723,17,17,0,34,12.0588,4e-05
724,45,45,0,90,12.0444,0.00011968
725,99,76,27,10,75.8684,0.0044196
726,104,80,36,8,78.525,0.00461232
727,62,62,0,124,12.0645,0.00017392
728,61,61,0,122,12.0656,0.00016352
729,135,111,35,8,70.6847,0.00651292
730,70,42,47,8,69.0952,0.00231228
731,46,28,26,10,67.25,0.00147152
732,42,22,38,6,76.8182,0.00116784
733,88,88,0,176,12.0568,0.00021872
734,51,30,31,10,68.8667,0.001588
735,41,41,0,82,12.0488,0.00010816
736,26,26,0,52,12.0385,6.736e-05
737,21,21,0,42,12.0476,5.216e-05
738,25,24,1,8,79.625,0.00121936
739,28,28,0,56,12.0357,7.248e-05
740,26,26,0,8,76.7308,0.00135724
741,14,14,0,28,12,2.928e-05
742,10,10,0,8,52.5,0.00041812
743,6,6,0,12,12,1.264e-05
744,38,34,4,8,75.4706,0.00185296
745,138,98,53,8,69.1224,0.00573184
746,20,20,0,40,12.05,4.432e-05
747,81,81,0,162,12.0617,0.00021152
748,12,12,0,8,45.9167,0.0005036
749,7,7,0,14,12,1.472e-05
750,45,22,30,8,74.7273,0.00111004
751,17,17,0,34,12.0588,4.032e-05
752,22,22,0,8,74.7727,0.00112928
753,12,12,0,24,12,2.512e-05
754,24,15,9,8,80.8667,0.0007188
755,10,10,0,20,12,2.192e-05
756,59,53,6,8,76.3208,0.00299124
757,34,34,0,68,12.0294,7.76e-05
758,92,76,23,8,65.9211,0.00440184
759,8,8,0,8,63.875,0.00029552
760,50,50,0,100,12.04,0.00011504
761,5,5,0,10,12,1.056e-05
762,13,13,0,8,68.2308,0.00056184
763,8,8,0,16,12,1.68e-05
764,153,126,31,10,77.5238,0.00737168
765,81,61,23,8,81.2787,0.00348808
766,110,110,0,220,12.0636,0.00030576
767,49,49,0,98,12.0612,0.00012896
768,198,172,41,8,69.4419,0.0102144
769,10,10,0,8,83.2,0.00039212
770,70,57,13,10,76.9474,0.00315944
771,116,116,0,232,12.0517,0.00027856
772,6,6,0,12,12,1.264e-05
773,53,53,0,106,12.0566,0.00013216
774,41,34,7,10,77.4412,0.00185248
775,36,21,16,8,76.4286,0.00106924
776,26,26,0,52,12.0385,6.384e-05
777,31,22,9,8,69.5,0.00113972
778,17,17,0,34,12,3.936e-05
779,41,35,6,10,78.5429,0.00189576
780,16,16,0,32,12,3.568e-05
781,27,27,0,54,12.037,6.496e-05
782,40,35,5,8,70.2,0.00192524
783,133,125,10,8,76.432,0.0073504
784,21,21,0,42,12.0476,4.64e-05
785,105,105,0,210,12.0571,0.00026048
786,92,69,33,10,72.1014,0.00394184
787,32,28,4,8,76.7857,0.00146356
788,49,32,23,8,67.3125,0.00172824
789,57,57,0,114,12.0526,0.00015328
790,16,16,0,32,12,3.344e-05
791,29,29,0,58,12.0345,7.456e-05
792,46,21,34,8,79.4762,0.00108844
793,13,13,0,26,12,2.72e-05
794,56,35,35,8,56.9143,0.001898
795,30,30,0,60,12.0333,7.856e-05
796,157,136,22,8,80.0956,0.00801276
797,152,132,21,10,51.5455,0.00770184
798,112,112,0,224,12.0625,0.00028304
799,128,128,0,256,12.0547,0.00031728
800,47,41,6,8,80.7073,0.00224752
801,29,18,14,8,65.7778,0.0008694
802,30,30,0,60,12.0333,7.216e-05
803,44,37,7,10,72.6757,0.0020116
804,11,11,0,22,12,2.336e-05
805,12,12,0,8,78.9167,0.00051116
806,29,29,0,58,12.0345,6.624e-05
807,7,7,0,14,12,1.472e-05
808,137,125,12,8,64.488,0.00736816
809,84,84,0,168,12.0595,0.00020976
810,19,19,0,8,53.6842,0.00091976
811,11,11,0,22,12,2.304e-05
812,20,20,0,8,59.5,0.00103068
813,11,11,0,22,12,2.304e-05
814,21,21,0,8,65.6667,0.00106472
815,12,12,0,24,12,2.512e-05
816,23,23,0,8,40.0435,0.0011726
817,13,13,0,26,12,2.72e-05
818,21,21,0,8,47.1429,0.00106792
819,12,12,0,24,12,2.512e-05
820,59,59,0,8,63.1525,0.00333536
821,31,31,0,62,12.0323,6.464e-05
822,11,11,0,8,78.1818,0.00046612
823,147,109,47,8,75.5138,0.00637896
824,7,7,0,14,12,1.472e-05
825,107,107,0,214,12.0561,0.00027168
826,25,25,0,8,44.96,0.00131048
827,132,122,13,10,75.7377,0.00716752
828,14,14,0,28,12,2.928e-05
829,95,95,0,190,12.0526,0.000232
830,55,49,7,8,77.2245,0.00276776
831,30,30,0,60,12.0333,6.96e-05
832,88,58,46,8,78.7414,0.00328088
833,49,49,0,98,12.0612,0.0001248
834,47,27,28,8,80.5185,0.00145728
835,141,109,37,8,79.9908,0.00639208
836,25,25,0,50,12.04,6.24e-05
837,97,97,0,194,12.0619,0.00024864
838,143,110,40,8,79.2455,0.00644408
839,219,176,63,8,63.5057,0.0104615
840,96,96,0,192,12.0625,0.0002568
841,19,19,0,38,12.0526,4.672e-05
842,111,111,0,222,12.0541,0.00025696
843,72,57,15,8,81.4737,0.00324432
844,105,83,32,8,79.7229,0.00482972
845,83,54,45,6,75.8889,0.00312388
846,51,51,0,102,12.0588,0.00013952
847,67,67,0,134,12.0597,0.00017248
848,51,51,0,102,12.0588,0.00013344
849,16,10,6,8,81,0.00041628
850,46,31,16,8,79.0645,0.00165784
851,8,8,0,16,12,1.808e-05
852,26,26,0,52,12.0385,6.608e-05
853,31,29,4,8,78.069,0.00155976
854,82,68,14,8,71.7794,0.00392208
855,17,17,0,34,12,3.712e-05
856,50,50,0,100,12.06,0.00012976
857,55,42,13,8,69.1429,0.00233448
858,12,10,2,8,77.2,0.0004052
859,29,17,14,8,71.1765,0.0008094
860,34,18,25,8,74.4444,0.00087872
861,34,34,0,68,12.0588,9.168e-05
862,7,7,0,14,12,1.472e-05
863,11,11,0,22,12,2.368e-05
864,13,13,0,26,12,2.752e-05
865,15,15,0,8,53.1333,0.00073112
866,30,30,0,8,57.5667,0.00163424
867,9,9,0,18,12,1.888e-05
868,16,16,0,32,12,3.344e-05
869,42,42,0,8,72.3095,0.00234152
870,22,22,0,44,12.0455,4.592e-05
871,109,87,27,8,78.5172,0.00503404
872,270,213,81,8,76.4225,0.0126706
873,71,49,24,8,81.6122,0.00275136
874,73,73,0,146,12.0548,0.00019168
875,153,153,0,306,12.0588,0.0003776
876,42,42,0,84,12.0476,0.00011536
877,49,30,28,10,77.6667,0.00153464
878,11,8,3,8,78,0.00027336
879,86,70,25,8,78.6143,0.0040458
880,28,28,0,56,12.0357,7.312e-05
881,6,6,0,12,12,1.264e-05
882,48,48,0,96,12.0417,0.00011568
883,37,25,13,8,77.52,0.00129668
884,25,16,16,8,84.0625,0.00077348
885,20,20,0,40,12.05,4.752e-05
886,12,12,0,24,12,2.672e-05
887,110,107,3,10,78.5607,0.0062088
888,71,71,0,142,12.0563,0.00016448
889,25,16,9,8,77.5625,0.00076984
890,11,11,0,22,12,2.432e-05
891,43,32,11,8,73.8438,0.00171668
892,27,27,0,54,12.037,6.656e-05
893,46,46,0,8,66.0217,0.00258368
894,24,24,0,48,12.0417,5.008e-05
895,11,11,0,8,65.3636,0.00048336
896,7,7,0,14,12,1.472e-05
897,26,26,0,8,50.3077,0.00135224
898,167,151,19,8,70.596,0.0089476
899,14,14,0,28,12,2.928e-05
900,120,120,0,240,12.0667,0.00033072
901,147,127,24,10,79.5984,0.00742824
902,107,78,41,10,72.0641,0.00443856
903,32,17,18,8,76.4118,0.00080808
904,118,118,0,236,12.0593,0.00030768
905,64,64,0,128,12.0625,0.00016816
906,157,110,82,10,75.3909,0.00646704
907,13,13,0,26,12,2.944e-05
908,193,181,13,10,70.9171,0.010727
909,98,98,0,196,12.0612,0.00026096
910,173,173,0,346,12.0636,0.00047008
911,35,21,16,8,81,0.00109228
912,16,16,0,32,12,3.728e-05
913,41,41,0,8,69.4878,0.0022844
914,22,22,0,44,12.0455,4.592e-05
915,17,17,0,8,33.8824,0.00085236
916,31,31,0,8,55.871,0.00168072
917,10,10,0,20,12,2.096e-05
918,59,54,5,8,57.3519,0.00308712
919,17,17,0,34,12,3.552e-05
920,42,42,0,84,12.0476,9.456e-05
921,65,65,0,8,67.7692,0.00373548
922,34,34,0,68,12.0294,7.088e-05
923,26,26,0,8,67.1538,0.00138484
924,14,14,0,28,12,2.928e-05
925,218,183,40,10,78.5847,0.0108594
926,58,43,25,8,75.8837,0.00239048
927,151,151,0,302,12.0596,0.00038144
928,31,31,0,62,12.0323,7.744e-05
929,12,10,2,8,78.1,0.00038312
930,6,6,0,12,12,1.296e-05
931,75,50,42,8,74.34,0.0028038
932,48,48,0,96,12.0625,0.00012144
933,70,47,27,10,76,0.00260792
934,44,44,0,88,12.0455,0.00011984
935,107,85,22,10,72.8706,0.00487272
936,46,23,37,8,75.8696,0.00117264
937,76,76,0,152,12.0658,0.00021232
938,18,18,0,36,12.0556,3.952e-05
939,42,36,6,10,74.5,0.0019556
940,25,25,0,50,12.04,5.888e-05
941,42,38,4,8,65.5526,0.00206732
942,58,54,4,8,77.3333,0.00307284
943,11,11,0,8,81.7273,0.00048116
944,22,22,0,44,12.0455,4.848e-05
945,30,30,0,60,12.0333,6.512e-05
946,7,7,0,14,12,1.472e-05
947,58,40,18,8,81.55,0.00220168
948,33,33,0,66,12.0606,9.184e-05
949,23,23,0,8,79.6087,0.00118188
950,13,13,0,26,12,2.72e-05
951,5,5,0,8,63,8.236e-05
952,26,26,0,8,69.2308,0.00137576
953,4,4,0,8,12,8.48e-06
954,14,14,0,28,12,2.928e-05
955,12,12,0,8,74.0833,0.00050832
956,7,7,0,14,12,1.472e-05
957,27,25,2,8,75.04,0.0012888
958,112,92,25,8,75.3043,0.0053318
959,13,13,0,26,12,2.752e-05
960,65,46,19,8,74.6304,0.0025988
961,81,81,0,162,12.0617,0.00020192
962,45,45,0,90,12.0667,0.00012352
963,11,11,0,8,70.5455,0.00043668
964,24,22,2,8,80.7273,0.00114656
965,7,7,0,14,12,1.472e-05
966,13,13,0,26,12,2.72e-05
967,93,74,24,10,72.3919,0.00426624
968,250,228,22,8,75.6886,0.0136016
969,91,68,34,10,79.0441,0.00383856
970,22,9,21,6,64.7778,0.00039264
971,60,60,0,120,12.0667,0.00016016
972,157,157,0,314,12.0573,0.0003824
973,56,56,0,112,12.0536,0.00014384
974,15,15,0,30,12,3.136e-05
975,55,25,42,8,80.16,0.0012902
976,25,25,0,8,78.28,0.00130904
977,14,14,0,28,12,2.928e-05
978,25,25,0,8,64.12,0.00130832
979,14,14,0,28,12,2.928e-05
980,108,91,17,10,81.022,0.00522296
981,72,72,0,144,12.0556,0.00018896
982,14,14,0,8,80.0714,0.00061808
983,47,36,19,8,81.6667,0.00198232
984,8,8,0,16,12,1.68e-05
985,30,30,0,60,12.0333,7.92e-05
986,10,10,0,8,80,0.00038828
987,77,75,2,10,65.16,0.00430944
988,6,6,0,12,12,1.264e-05
989,65,65,0,130,12.0462,0.0001456
990,63,48,17,8,62.125,0.00267396
991,126,122,4,6,68.4672,0.00720328
992,24,14,19,8,78.5714,0.00061736
993,30,19,13,8,77.7895,0.00093304
994,13,11,2,8,76.0909,0.00047912
995,43,28,25,8,71.4643,0.00151032
996,35,35,0,70,12.0571,8.864e-05
997,81,81,0,162,12.0494,0.00018112
998,11,11,0,22,12,2.464e-05
999,11,11,0,22,12,2.368e-05
1000,8,8,0,16,12,1.68e-05
1001,25,25,0,50,12.04,6.528e-05
1002,13,13,0,8,64.5385,0.0006002
1003,168,162,6,8,76.6173,0.00957112
1004,8,8,0,16,12,1.68e-05
1005,47,32,18,10,76.8438,0.0017136
1006,101,101,0,202,12.0594,0.0002416
1007,29,29,0,58,12.0345,7.392e-05
1008,13,13,0,8,72.8462,0.00055476
1009,8,8,0,16,12,1.68e-05
1010,6,6,0,8,76.6667,0.000143
1011,4,4,0,8,12,8.48e-06
1012,121,74,64,8,79.7703,0.00429004
1013,159,131,32,8,80.3969,0.0077182
1014,64,48,19,10,78.6042,0.00261368
1015,33,17,28,8,77.9412,0.00082176
1016,67,67,0,134,12.0597,0.00017824
1017,77,62,19,10,79.8548,0.00346136
1018,106,106,0,212,12.066,0.00028144
1019,34,19,15,8,79,0.00095484
1020,43,43,0,86,12.0465,0.00011328
1021,11,11,0,22,12,2.304e-05
1022,56,56,0,112,12.0536,0.00014352
1023,14,14,0,28,12,3.056e-05
1024,103,70,43,8,80.6286,0.00405744
1025,31,18,17,8,78.1111,0.00086996
1026,66,66,0,132,12.0606,0.00017776
1027,16,16,0,32,12,3.856e-05
1028,100,63,49,8,79.2381,0.00361468
1029,68,35,52,8,83.8,0.0018876
1030,140,83,99,8,78.6386,0.00479288
1031,52,52,0,104,12.0577,0.00013936
1032,774,625,191,10,77.6528,0.037609
1033,111,61,72,8,81.8525,0.00350812
1034,33,33,0,66,12.0606,8.864e-05
1035,69,69,0,138,12.058,0.00017088
1036,174,141,41,8,81.0355,0.00829568
1037,526,526,0,1052,12.0608,0.00133136
1038,50,50,0,100,12.06,0.00012816
1039,53,37,18,10,80.6216,0.00200912
1040,115,115,0,230,12.0609,0.00029152
1041,33,33,0,66,12.0606,9.088e-05
1042,14,13,1,8,84.7692,0.00060836
1043,8,8,0,16,12,1.68e-05
1044,71,58,13,10,80.9138,0.0033104
1045,116,86,44,10,79.4884,0.0049492
1046,50,50,0,100,12.06,0.00013328
1047,79,79,0,158,12.0506,0.00019744
1048,23,23,0,46,12.0435,5.92e-05
1049,52,31,27,8,79,0.00168432
1050,29,29,0,58,12.069,8.128e-05
1051,27,26,1,8,77.6154,0.00135408
1052,14,14,0,28,12,2.96e-05
1053,70,48,22,8,79.8333,0.002673
1054,37,37,0,74,12.0541,9.184e-05
1055,48,33,20,8,80.3636,0.0017964
1056,49,31,22,8,79.6129,0.0016906
1057,25,25,0,50,12.04,6.56e-05
1058,66,40,36,8,81.675,0.00221572
1059,27,27,0,54,12.037,7.296e-05
1060,36,36,0,72,12.0556,8.944e-05
1061,71,57,14,8,80.4211,0.00323148
1062,158,117,56,8,78.6154,0.00684644
1063,28,14,22,8,78.5714,0.00067008
1064,78,60,30,10,76,0.00335848
1065,46,46,0,92,12.0435,0.00011952
1066,102,102,0,204,12.0588,0.0002584
1067,12,12,0,24,12,2.672e-05
1068,58,58,0,116,12.0517,0.0001464
1069,73,61,12,8,81.3279,0.003466
1070,50,50,0,100,12.06,0.00012752
1071,60,46,14,8,82.2391,0.00259888
1072,38,38,0,76,12.0526,0.00010224
1073,66,45,26,8,75.4444,0.00250896
1074,76,46,46,8,79.3913,0.0026024
1075,42,42,0,84,12.0476,0.0001048
1076,39,39,0,78,12.0513,9.824e-05
1077,314,249,87,8,79.4137,0.0148817
1078,220,220,0,440,12.0636,0.00057584
1079,36,20,17,8,83.95,0.00101036
1080,17,17,0,34,12.0588,4.128e-05
1081,23,22,1,8,75.1818,0.00111028
1082,118,88,36,10,77.9205,0.00512632
1083,37,23,15,8,83.087,0.0011848
1084,76,76,0,152,12.0658,0.0002168
1085,112,83,47,8,75.2771,0.00479396
1086,16,16,0,32,12,3.536e-05
1087,107,61,57,8,79.7377,0.003499
1088,86,68,21,10,77.8088,0.00383424
1089,81,81,0,162,12.0617,0.00021856
1090,59,59,0,118,12.0678,0.00016512
1091,62,62,0,124,12.0645,0.00016304
1092,120,88,40,10,80.6818,0.00514056
1093,120,74,64,8,79.1892,0.00425748
1094,272,178,141,8,77.9494,0.0105626
1095,53,26,44,8,74.6923,0.00138492
1096,80,80,0,160,12.0625,0.0002248
1097,58,58,0,116,12.0517,0.00014384
1098,18,11,12,8,79.9091,0.0004448
1099,169,169,0,338,12.0651,0.00048096
1100,21,21,0,42,12.0476,4.736e-05
1101,7,7,0,14,12,1.472e-05
1102,108,84,25,10,80.7262,0.00487032
1103,243,198,60,8,75.9899,0.0117806
1104,70,70,0,140,12.0571,0.00019824
1105,143,143,0,286,12.0559,0.00034752
1106,47,31,19,8,83.0645,0.00165032
1107,63,40,40,6,81.05,0.00225328
1108,124,78,77,8,76.4744,0.00448772
1109,21,12,15,8,82.5,0.00049788
1110,64,40,33,8,82.025,0.00220672
1111,27,27,0,54,12.037,7.232e-05
1112,35,35,0,70,12.0571,8.544e-05
1113,75,75,0,150,12.0533,0.00019072
1114,8,8,0,16,12,1.744e-05
1115,37,37,0,74,12.0541,9.92e-05
1116,173,115,79,10,79.2609,0.00673048
1117,112,75,40,10,80.6933,0.00435216
1118,109,109,0,218,12.0642,0.00029792
1119,68,68,0,136,12.0588,0.00018416
1120,56,32,37,8,84.4375,0.00174076
1121,242,185,70,10,75.9838,0.0109288
1122,143,103,51,8,80.6408,0.00602732
1123,29,29,0,58,12.0345,7.744e-05
1124,171,171,0,342,12.0643,0.00048064
1125,97,97,0,194,12.0619,0.00025472
1126,29,19,10,8,79.8421,0.00096712
1127,19,12,7,8,80.6667,0.00054204
1128,67,44,33,8,78.1591,0.00246552
1129,72,53,31,8,82.0943,0.0029722
1130,14,14,0,28,12,3.28e-05
1131,10,10,0,20,12,2.224e-05
1132,51,51,0,102,12.0588,0.00013184
1133,214,180,51,8,74.4111,0.0107526
1134,426,308,179,8,79.7987,0.0184077
1135,118,93,33,10,73.2581,0.00536024
1136,272,272,0,544,12.0625,0.00072368
1137,65,65,0,130,12.0462,0.0001552
1138,53,38,15,10,83.6053,0.00200696
1139,110,82,38,10,76.5976,0.0047228
1140,34,34,0,68,12.0588,8.976e-05
1141,80,80,0,160,12.0625,0.00020432
1142,35,23,14,8,86.0435,0.00120056
1143,20,11,9,8,80.8182,0.00043848
1144,16,16,0,32,12,3.568e-05
1145,7,7,0,14,12,1.536e-05
1146,14,14,0,8,68.5714,0.0006372
1147,8,8,0,16,12,1.68e-05
1148,95,68,40,10,78.6765,0.0038736
1149,34,32,2,10,79.0625,0.00164824
1150,59,59,0,118,12.0508,0.00014816
1151,21,21,0,42,12.0476,4.64e-05
1152,110,87,32,10,71.7011,0.00507704
1153,22,13,17,8,76.1538,0.00058824
1154,12,12,0,24,12,2.512e-05
1155,70,70,0,140,12.0571,0.0001688
1156,9,9,0,18,12,1.92e-05
1157,48,30,25,8,79.8667,0.00158468
1158,52,27,33,8,80.7407,0.00143024
1159,28,28,0,56,12.0357,6.832e-05
1160,27,15,15,8,82.5333,0.00070788
1161,17,17,0,34,12,3.872e-05
1162,10,10,0,20,12,2.128e-05
1163,75,64,12,10,83.0469,0.003592
1164,10,10,0,8,79.4,0.00037552
1165,47,25,40,6,80.12,0.0013682
1166,56,56,0,112,12.0536,0.00014416
1167,6,6,0,12,12,1.264e-05
1168,16,16,0,32,12,3.408e-05
1169,47,32,19,8,79.6875,0.00172608
1170,173,150,26,8,77.7667,0.0088426
1171,28,28,0,56,12.0357,7.088e-05
1172,144,144,0,288,12.0625,0.0003752
1173,32,24,8,8,79.2083,0.00126916
1174,33,20,18,8,81,0.0009772
1175,17,17,0,34,12,3.968e-05
1176,12,12,0,24,12,2.512e-05
1177,13,13,0,8,57,0.00055292
1178,8,8,0,16,12,1.68e-05
1179,34,21,15,8,77.3333,0.00107856
1180,80,45,62,6,75.6,0.00257028
1181,18,18,0,36,12.0556,4.144e-05
1182,38,38,0,76,12.0526,9.264e-05
1183,45,39,6,10,79.4359,0.00206712
1184,42,23,29,8,84.1304,0.00117552
1185,37,37,0,74,12.0541,8.544e-05
1186,31,31,0,62,12.0323,7.552e-05
1187,21,21,0,42,12.0476,5.056e-05
1188,89,67,22,10,82.2388,0.00382656
1189,121,121,0,242,12.0579,0.00028608
1190,56,56,0,112,12.0536,0.00014864
1191,15,11,4,8,79.9091,0.0004834
1192,22,14,9,8,79,0.00065684
1193,8,8,0,16,12,1.712e-05
1194,9,9,0,18,12,1.888e-05
1195,41,33,8,8,68.6667,0.00179644
1196,78,63,21,8,75.5079,0.00358516
1197,26,26,0,52,12.0385,6.416e-05
1198,46,46,0,92,12.0435,0.00010416
1199,17,17,0,8,60.5294,0.00082544
1200,10,10,0,20,12,2.096e-05
1201,19,19,0,8,71.0526,0.0009416
1202,7,7,0,8,76.8571,0.0002186
1203,11,11,0,22,12,2.304e-05
1204,5,5,0,10,12,1.056e-05
1205,15,15,0,8,65.6,0.0007008
1206,9,9,0,18,12,1.888e-05
1207,52,36,18,8,84.6944,0.0019502
1208,29,29,0,58,12.0345,7.616e-05
1209,76,55,35,8,82.5273,0.00311216
1210,8,8,0,8,77.75,0.000289
1211,51,51,0,102,12.0588,0.00013024
1212,5,5,0,10,12,1.056e-05
1213,84,54,46,8,84.2963,0.0030792
1214,49,49,0,98,12.0612,0.00013056
1215,72,52,20,8,80.7692,0.00295388
1216,308,229,117,8,76.5415,0.0136396
1217,42,42,0,84,12.0476,0.00011024
1218,211,211,0,422,12.0616,0.00054944
1219,84,57,43,8,82.2632,0.0032646
1220,50,50,0,100,12.06,0.00013168
1221,84,74,10,10,83.0676,0.00423192
1222,230,164,95,8,76.2988,0.00972904
1223,58,58,0,116,12.0517,0.00014288
1224,152,152,0,304,12.0592,0.0003944
1225,134,122,12,8,79.9918,0.00718236
1226,94,94,0,188,12.0532,0.00022864
1227,46,33,13,8,81.9697,0.00181836
1228,29,17,14,8,84.1176,0.00079952
1229,28,28,0,56,12.0357,7.152e-05
1230,12,12,0,24,12,2.608e-05
1231,11,11,0,8,81.7273,0.00045636
1232,7,7,0,14,12,1.472e-05
1233,216,198,20,10,79.5758,0.0117011
1234,188,188,0,376,12.0638,0.0004856
1235,55,47,9,10,79.6383,0.00262192
1236,39,39,0,78,12.0513,9.44e-05
1237,61,44,17,8,74.7955,0.00243708
1238,36,36,0,72,12.0556,9.84e-05
1239,10,7,5,8,79.5714,0.00019056
1240,5,5,0,10,12,1.056e-05
1241,87,62,29,8,77.3548,0.00356688
1242,172,131,45,8,77.6336,0.00769908
1243,55,55,0,110,12.0545,0.00014112
1244,112,112,0,224,12.0625,0.00030288
1245,24,21,3,8,76.8095,0.0010918
1246,12,12,0,24,12,2.544e-05
1247,78,60,34,8,79.0333,0.00342244
1248,75,52,37,10,77.5769,0.0028824
1249,67,47,22,8,79.8936,0.00264364
1250,43,43,0,86,12.0465,9.92e-05
1251,50,50,0,100,12.06,0.0001256
1252,43,43,0,86,12.0465,0.0001184
1253,14,14,0,8,69.4286,0.00063124
1254,8,8,0,16,12,1.68e-05
1255,40,29,11,8,80.2759,0.00154236
1256,40,23,24,8,75.9565,0.0011788
1257,23,23,0,46,12.0435,5.632e-05
1258,11,10,1,8,79.5,0.00041696
1259,10,10,0,8,77.9,0.00038396
1260,21,21,0,42,12.0476,5.184e-05
1261,92,70,22,8,83.4571,0.00402676
1262,7,7,0,14,12,1.472e-05
1263,6,6,0,12,12,1.264e-05
1264,110,89,21,6,77.6854,0.00525324
1265,63,63,0,126,12.0635,0.00016608
1266,111,86,40,8,80.6279,0.00496864
1267,88,88,0,176,12.0568,0.00022992
1268,59,59,0,118,12.0508,0.00013728
1269,11,9,2,8,81.4444,0.00033952
1270,84,66,18,8,73.6061,0.00377704
1271,7,7,0,14,12,1.472e-05
1272,18,15,3,8,67.7333,0.00071956
1273,46,46,0,92,12.0435,0.00010416
1274,9,9,0,18,12,1.92e-05
1275,157,127,39,10,70.7323,0.00747872
1276,103,103,0,206,12.0583,0.00026976
1277,28,28,0,8,57.1786,0.00150892
1278,43,43,0,8,73.0465,0.00237296
1279,15,15,0,30,12,3.136e-05
1280,23,23,0,46,12.0435,4.8e-05
1281,13,13,0,8,84.0769,0.00059088
1282,8,8,0,16,12,1.68e-05
1283,116,89,27,10,81.2135,0.00510296
1284,59,46,15,10,79.7174,0.00256096
1285,78,78,0,156,12.0641,0.00022416
1286,115,103,12,10,76.0097,0.00602056
1287,40,40,0,80,12.05,0.000108
1288,97,97,0,194,12.0515,0.00023936
1289,78,56,22,8,82.6429,0.00319144
1290,48,48,0,96,12.0625,0.0001272
1291,12,12,0,8,73.25,0.00054116
1292,7,7,0,14,12,1.472e-05
1293,38,36,2,8,66.1389,0.0019442
1294,14,14,0,8,71,0.0006326
1295,138,118,24,8,70.6271,0.00691264
1296,20,20,0,40,12.05,4.336e-05
1297,8,8,0,16,12,1.68e-05
1298,92,92,0,184,12.0543,0.0002328
1299,76,60,18,8,72.25,0.00341632
1300,182,153,33,8,75.268,0.00907356
1301,46,46,0,92,12.0652,0.00012336
1302,117,117,0,234,12.0598,0.00028576
1303,32,30,2,8,72.7333,0.0016054
1304,38,27,18,8,80.0741,0.00144448
1305,260,228,49,10,75.4912,0.0135609
1306,17,17,0,34,12,3.552e-05
1307,21,21,0,42,12.0476,5.152e-05
1308,151,151,0,302,12.053,0.0003536
1309,91,64,31,8,77.1719,0.0036872
1310,143,114,31,10,76.8246,0.0066704
1311,52,52,0,104,12.0577,0.0001416
1312,100,100,0,200,12.06,0.00025936
1313,30,25,5,8,80.12,0.00128788
1314,47,28,30,8,69.4286,0.00148676
1315,16,16,0,32,12,3.536e-05
1316,86,47,65,8,80.766,0.00261848
1317,26,26,0,52,12.0385,6.672e-05
1318,42,42,0,84,12.0476,9.936e-05
1319,91,69,30,10,80.6522,0.00392168
1320,80,61,21,10,78.1148,0.00349776
1321,57,57,0,114,12.0526,0.00015648
1322,15,9,6,8,81.3333,0.000323
1323,51,51,0,102,12.0588,0.00012992
1324,7,7,0,14,12,1.632e-05
1325,33,24,9,8,82.75,0.00124884
1326,292,228,75,8,74.0395,0.0135651
1327,16,16,0,32,12,3.6e-05
1328,34,31,4,8,78.9355,0.00166204
1329,206,206,0,412,12.0583,0.00051408
1330,22,21,1,8,83.381,0.00103776
1331,18,18,0,36,12,3.824e-05
1332,12,12,0,24,12,2.576e-05
1333,22,22,0,8,68.1818,0.00111876
1334,83,83,0,8,71.3253,0.0048392
1335,213,188,31,8,73.6596,0.0111436
1336,12,12,0,24,12,2.512e-05
1337,43,43,0,86,12.0465,8.96e-05
1338,131,131,0,262,12.0534,0.00030496
1339,11,11,0,8,69,0.00044296
1340,7,7,0,14,12,1.472e-05
1341,54,54,0,8,68.1852,0.00307292
1342,28,28,0,56,12.0357,5.84e-05
1343,36,36,0,8,75.3889,0.00195012
1344,8,8,0,8,82.625,0.00029072
1345,19,19,0,38,12.0526,3.968e-05
1346,125,101,24,10,81.2079,0.00583152
1347,5,5,0,10,12,1.056e-05
1348,93,93,0,186,12.0645,0.00027072
1349,11,11,0,8,79.4545,0.00045064
1350,7,7,0,14,12,1.472e-05
1351,35,32,3,8,79.5625,0.00174908
1352,39,20,26,8,82.7,0.00098384
1353,18,18,0,36,12.0556,3.824e-05
1354,16,16,0,32,12,3.76e-05
1355,53,37,23,8,76.4054,0.00205848
1356,64,45,23,8,78.6222,0.00254324
1357,26,26,0,52,12.0385,6.064e-05
1358,142,107,52,8,76.8131,0.00624096
1359,42,42,0,84,12.0476,0.00011056
1360,83,83,0,166,12.0602,0.00020928
1361,47,35,12,8,78,0.00189764
1362,40,27,17,8,70.6296,0.00144744
1363,27,27,0,54,12.037,7.072e-05
1364,22,22,0,44,12.0455,5.488e-05
1365,31,31,0,8,75.2258,0.00165352
1366,12,11,1,8,85.7273,0.00048148
1367,17,17,0,34,12,3.552e-05
1368,7,7,0,14,12,1.472e-05
1369,34,34,0,8,61.6471,0.00187656
1370,18,18,0,36,12,3.76e-05
1371,53,50,3,8,69.92,0.00280968
1372,28,28,0,56,12.0357,6.096e-05
1373,65,65,0,8,65.5692,0.00374588
1374,34,34,0,68,12.0294,7.088e-05
1375,122,102,20,8,81.8529,0.00595772
1376,83,83,0,166,12.0602,0.00020896
1377,45,26,22,8,79.7308,0.00135212
1378,23,23,0,46,12.0435,6.144e-05
1379,30,17,13,8,75.5294,0.00084124
1380,13,13,0,26,12,2.88e-05
1381,114,91,25,10,81.0769,0.0052432
1382,71,53,18,8,78.1887,0.00300088
1383,85,85,0,170,12.0588,0.00023456
1384,7,7,0,8,80.1429,0.00022996
1385,44,44,0,88,12.0455,0.00011696
1386,5,5,0,10,12,1.056e-05
1387,76,50,29,8,58.96,0.00284116
1388,33,33,0,66,12.0303,7.744e-05
1389,38,33,5,8,77.1515,0.00181608
1390,21,21,0,42,12.0476,4.896e-05
1391,218,196,22,10,69.6837,0.0115788
1392,32,27,5,8,71.3704,0.00145008
1393,148,148,0,296,12.0608,0.00036528
1394,48,37,11,10,83.6757,0.00198512
1395,16,16,0,32,12,3.376e-05
1396,32,32,0,64,12.0625,8.624e-05
1397,31,25,6,8,77.72,0.00130088
1398,16,16,0,32,12,3.568e-05
1399,6,6,0,8,26.6667,0.00015028
1400,4,4,0,8,12,8.48e-06
1401,65,50,16,8,72.36,0.00281068
1402,23,13,10,8,72.1538,0.00059296
1403,163,129,38,6,75.2481,0.00762664
1404,38,38,0,76,12.0526,9.968e-05
1405,66,45,29,8,76.0667,0.00253744
1406,12,12,0,24,12,2.672e-05
1407,114,114,0,228,12.0614,0.00028848
1408,39,39,0,78,12.0513,0.0001008
1409,13,13,0,8,56.6154,0.00056108
1410,68,58,10,8,75.6034,0.00333192
1411,65,50,16,8,84.82,0.00284432
1412,8,8,0,16,12,1.68e-05
1413,45,45,0,90,12.0444,0.00010976
1414,42,42,0,84,12.0476,0.00010608
1415,18,18,0,8,81.6111,0.00091216
1416,59,37,31,8,71.1622,0.00204552
1417,10,10,0,20,12,2.096e-05
1418,25,24,1,8,68.5833,0.00122404
1419,88,71,17,10,76.7746,0.00405456
1420,31,31,0,62,12.0323,7.2e-05
1421,14,14,0,28,12,2.928e-05
1422,36,22,18,8,68.6364,0.00113588
1423,65,65,0,130,12.0615,0.0001744
1424,18,18,0,36,12.0556,4.144e-05
1425,94,78,19,10,75.1026,0.0045168
1426,63,63,0,126,12.0635,0.00016288
1427,20,20,0,8,83.3,0.00097904
1428,11,11,0,22,12,2.304e-05
1429,337,281,58,8,74.3737,0.0167626
1430,232,232,0,464,12.0647,0.00060432
1431,10,10,0,8,81.4,0.00041672
1432,88,68,22,8,76,0.0038984
1433,6,6,0,12,12,1.264e-05
1434,65,65,0,130,12.0615,0.00016672
1435,81,62,22,10,78.7903,0.00347656
1436,57,57,0,114,12.0526,0.00014656
1437,311,278,38,10,75.4604,0.0165523
1438,240,240,0,480,12.0625,0.00064528
1439,19,11,10,8,80.7273,0.00044432
1440,62,37,42,8,75.8108,0.00201464
1441,97,73,31,10,74.4658,0.00421752
1442,41,23,24,8,74.5652,0.00120648
1443,9,9,0,18,12,2.048e-05
1444,32,32,0,64,12.0312,7.856e-05
1445,32,20,14,8,79.05,0.00099632
1446,59,59,0,118,12.0508,0.00014144
1447,33,21,17,8,70.9048,0.00107192
1448,21,21,0,42,12.0476,5.088e-05
1449,16,16,0,32,12,3.728e-05
1450,13,13,0,26,12,2.72e-05
1451,28,27,1,8,62.6667,0.0014452
1452,15,15,0,30,12,3.2e-05
1453,17,12,5,8,81.0833,0.0005274
1454,8,8,0,16,12,1.68e-05
1455,47,36,11,8,78.8056,0.00197496
1456,106,69,48,8,73.9275,0.00398824
1457,29,17,22,8,71.3529,0.00085008
1458,48,30,34,8,75.2,0.00163304
1459,27,27,0,54,12.037,6.88e-05
1460,59,59,0,118,12.0508,0.00014208
1461,12,12,0,24,12,2.608e-05
1462,28,28,0,56,12.0357,6.736e-05
1463,24,21,3,8,80.9524,0.001091
1464,12,12,0,24,12,2.512e-05
1465,37,37,0,8,74.973,0.00201544
1466,20,20,0,40,12.05,4.176e-05
1467,23,23,0,8,71.1304,0.00120208
1468,106,79,33,8,77.0633,0.004581
1469,46,28,18,8,78.9643,0.0014988
1470,13,13,0,26,12,2.72e-05
1471,75,75,0,150,12.0533,0.00019392
1472,27,27,0,54,12.037,7.392e-05
1473,110,100,12,10,80.32,0.00581728
1474,72,72,0,144,12.0556,0.000164
1475,43,22,28,8,74.5455,0.00114784
1476,66,44,30,8,77.2273,0.00243448
1477,19,19,0,38,12.0526,4.352e-05
1478,38,38,0,76,12.0526,9.68e-05
1479,11,7,4,8,71.1429,0.00023008
1480,49,32,33,8,71.7812,0.00174976
1481,17,10,7,8,78.2,0.0004042
1482,5,5,0,10,12,1.056e-05
1483,23,23,0,8,77.6522,0.0011856
1484,29,29,0,58,12.0345,7.456e-05
1485,8,8,0,16,12,2e-05
1486,13,13,0,26,12,2.72e-05
1487,13,13,0,8,73,0.00055932
1488,43,28,24,8,72.4643,0.00151772
1489,8,8,0,16,12,1.68e-05
1490,25,25,0,50,12.04,6.528e-05
1491,32,28,4,8,72.1786,0.00150876
1492,16,16,0,32,12,3.408e-05
1493,85,75,11,10,78.4933,0.0043292
1494,66,66,0,132,12.0455,0.00015888
1495,144,106,39,8,78.7736,0.00618416
1496,61,37,45,8,72.7297,0.00202176
1497,97,97,0,194,12.0619,0.00026464
1498,35,35,0,70,12.0571,8.768e-05
1499,11,11,0,8,78.0909,0.00046
1500,7,7,0,14,12,1.472e-05
1501,76,65,13,8,78.7385,0.00370568
1502,50,24,41,8,77.4167,0.00126796
1503,55,55,0,110,12.0545,0.0001328
1504,93,72,29,10,72.4167,0.00417416
1505,70,51,37,10,67.8824,0.0028784
1506,22,22,0,44,12.0455,5.456e-05
1507,37,28,9,8,72.9286,0.00150708
1508,66,66,0,132,12.0606,0.0001752
1509,49,49,0,98,12.0612,0.00013024
1510,95,76,19,8,68.0395,0.00439736
1511,54,33,22,8,64.3333,0.00181828
1512,20,20,0,40,12.05,4.816e-05
1513,51,51,0,102,12.0392,0.00011616
1514,43,41,2,8,74.439,0.00230132
1515,28,28,0,56,12.0357,7.376e-05
1516,48,48,0,8,78.7292,0.00268196
1517,23,23,0,46,12.0435,4.8e-05
1518,25,25,0,50,12.04,5.216e-05
1519,87,75,12,8,53.32,0.00432548
1520,53,53,0,106,12.0566,0.00012608
1521,6,6,0,8,43.3333,0.00017032
1522,4,4,0,8,12,8.48e-06
1523,78,74,6,8,71.8243,0.00428336
1524,40,40,0,80,12.05,8.336e-05
1525,160,126,46,10,65.1905,0.00736256
1526,29,23,6,8,73.3478,0.00118744
1527,111,111,0,222,12.0541,0.0002752
1528,8,8,0,8,61.375,0.00026468
1529,14,14,0,28,12,2.96e-05
1530,178,143,46,10,74.8112,0.00841536
1531,5,5,0,10,12,1.056e-05
1532,110,110,0,220,12.0636,0.00028912
1533,123,94,36,10,75.5957,0.00549448
1534,79,79,0,158,12.0506,0.00019744
1535,43,26,17,8,76.0769,0.0013926
1536,24,24,0,48,12.0417,6.256e-05
1537,172,156,19,10,78.1474,0.0091608
1538,116,116,0,232,12.0603,0.00028368
1539,36,21,16,8,38.4286,0.00107864
1540,18,18,0,36,12.0556,4.208e-05
1541,102,79,23,10,74.3797,0.00449
1542,14,10,4,8,72.9,0.00042764
1543,36,21,25,8,71.3333,0.0010372
1544,42,22,20,8,68.8182,0.00113324
1545,80,61,19,8,34.3934,0.00350548
1546,67,67,0,134,12.0597,0.00019104
1547,7,7,0,14,12,1.536e-05
1548,19,19,0,38,12.0526,4.48e-05
1549,21,21,0,42,12.0476,5.056e-05
1550,44,44,0,88,12.0455,0.00010256
1551,130,108,29,8,72.0741,0.00635096
1552,68,59,9,10,79,0.0033168
1553,86,86,0,172,12.0581,0.00022096
1554,48,48,0,96,12.0625,0.00012304
1555,77,64,16,8,65.4531,0.00367
1556,47,47,0,94,12.0426,0.00011776
1557,19,19,0,8,39.5789,0.00092344
1558,11,11,0,22,12,2.304e-05
1559,9,9,0,8,18.4444,0.00031684
1560,6,6,0,12,12,1.264e-05
1561,94,94,0,8,53.0532,0.00547888
1562,48,48,0,96,12.0417,0.0001
1563,42,42,0,8,60.0952,0.00234944
1564,22,22,0,44,12.0455,4.592e-05
1565,14,14,0,8,64.4286,0.0006674
1566,8,8,0,16,12,1.68e-05
1567,8,8,0,8,52.875,0.000303
1568,5,5,0,10,12,1.056e-05
1569,58,52,6,10,71.9423,0.00296248
1570,43,43,0,86,12.0465,9.728e-05
1571,151,150,1,10,75.52,0.0088752
1572,85,85,0,170,12.0471,0.0001808
1573,17,16,1,8,83.4375,0.000775
1574,10,10,0,20,12,2.096e-05
1575,150,143,10,8,65.6503,0.00846964
1576,87,87,0,174,12.046,0.00020032
1577,306,280,29,8,74.8607,0.0167316
1578,203,203,0,406,12.0591,0.00050144
1579,140,109,39,10,76.8807,0.00630888
1580,67,48,19,10,64.7917,0.00271424
1581,90,90,0,180,12.0556,0.00021936
1582,36,23,15,8,79.3913,0.00120404
1583,21,17,4,10,69.4118,0.00082248
1584,43,43,0,86,12.0465,0.0001136
1585,15,15,0,30,12,3.232e-05
1586,14,14,0,28,12,3.088e-05
1587,14,14,0,8,73.0714,0.00065308
1588,8,8,0,16,12,1.68e-05
1589,98,84,14,10,78.5357,0.00483088
1590,44,29,17,8,77.2069,0.0015264
1591,63,40,41,6,78.975,0.00226064
1592,69,69,0,138,12.058,0.00018048
1593,26,26,0,52,12.0385,6.832e-05
1594,24,24,0,48,12.0417,5.136e-05
1595,8,8,0,8,68.25,0.0002942
1596,9,9,0,8,79.2222,0.0003604
1597,5,5,0,10,12,1.056e-05
1598,6,6,0,12,12,1.264e-05
1599,26,22,4,8,79.2273,0.00113952
1600,82,52,48,8,75.1346,0.00295284
1601,13,13,0,26,12,2.752e-05
1602,49,49,0,98,12.0612,0.00013632
1603,426,395,37,8,76.0051,0.0237091
1604,278,278,0,556,12.0576,0.00067824
1605,23,20,3,8,83.4,0.00103144
1606,94,75,29,8,77.24,0.00433272
1607,13,13,0,26,12,2.784e-05
1608,67,67,0,134,12.0597,0.00016832
1609,16,16,0,8,75.5,0.00077292
1610,9,9,0,18,12,1.888e-05
1611,98,87,11,8,79.6207,0.00506144
1612,65,65,0,130,12.0615,0.0001664
1613,10,10,0,8,72,0.00037436
1614,6,6,0,12,12,1.264e-05
1615,63,63,0,8,68.4286,0.0036132
1616,33,33,0,66,12.0303,6.88e-05
1617,37,23,15,8,79.9565,0.00116692
1618,17,17,0,34,12,3.904e-05
1619,28,28,0,8,74.6071,0.0015174
1620,123,107,25,6,76.4393,0.00629716
1621,25,15,13,8,80.8,0.00072212
1622,15,15,0,30,12,3.136e-05
1623,90,90,0,180,12.0556,0.00020848
1624,10,10,0,20,12,2.16e-05
1625,44,40,4,8,80.025,0.0022408
1626,23,23,0,46,12.0435,4.896e-05
1627,10,10,0,8,73.6,0.0003778
1628,6,6,0,12,12,1.264e-05
1629,35,22,22,8,81.7727,0.00112168
1630,80,58,24,8,68.7759,0.00330024
1631,15,15,0,30,12,3.328e-05
1632,51,51,0,102,12.0588,0.00013216
1633,292,258,34,10,74.1589,0.0154105
1634,36,27,9,8,77.3704,0.0014518
1635,79,58,39,8,75.1897,0.00327456
1636,20,10,11,8,65.7,0.00037228
1637,75,41,51,8,76.2683,0.00230416
1638,190,190,0,380,12.0632,0.00048624
1639,20,20,0,40,12.05,4.816e-05
1640,55,55,0,110,12.0545,0.0001392
1641,8,8,0,16,12,1.712e-05
1642,24,24,0,48,12.0417,5.04e-05
1643,78,73,5,8,84.1233,0.00422184
1644,55,55,0,110,12.0545,0.00013792
1645,46,41,5,10,80.5366,0.00219984
1646,32,32,0,64,12.0312,7.216e-05
1647,639,539,113,8,74.9907,0.0324232
1648,60,42,25,8,73.0238,0.0023124
1649,85,57,43,8,63.4035,0.00326044
1650,89,67,30,10,77.791,0.00384504
1651,451,451,0,902,12.0621,0.00116256
1652,31,31,0,62,12.0645,8.288e-05
1653,47,47,0,94,12.0638,0.00012448
1654,61,61,0,122,12.0492,0.00015456
1655,67,50,17,8,75.92,0.00283048
1656,39,39,0,78,12.0513,9.952e-05
1657,32,18,18,8,65.9444,0.0008808
1658,16,16,0,32,12,3.856e-05
1659,140,121,19,10,75.3306,0.0070992
1660,137,89,65,8,77.4157,0.00517064
1661,90,90,0,180,12.0556,0.00023376
1662,83,83,0,166,12.0602,0.00022976
1663,23,14,9,8,76.2857,0.0006562
1664,105,59,74,8,75.3898,0.00336684
1665,11,11,0,22,12,2.4e-05
1666,56,56,0,112,12.0536,0.00014
1667,77,59,19,10,76.6949,0.00331376
1668,49,49,0,98,12.0612,0.00013024
1669,35,21,14,8,74.7619,0.00104516
1670,193,177,18,8,72.8079,0.0105098
1671,19,19,0,38,12.0526,5.056e-05
1672,130,130,0,260,12.0538,0.0003032
1673,31,31,0,8,67.1935,0.001662
1674,17,17,0,34,12,3.552e-05
1675,31,31,0,6,80.1935,0.00169948
1676,17,17,0,34,12,3.552e-05
1677,168,114,85,8,77.886,0.0067164
1678,103,103,0,206,12.0583,0.0002784
1679,122,99,36,8,82.8182,0.00576476
1680,73,73,0,146,12.0548,0.00017792
1681,38,28,10,8,71.6786,0.0015106
1682,25,13,15,8,77.3077,0.0005698
1683,92,69,40,8,79.1739,0.00396368
1684,52,27,40,8,77.5185,0.00144584
1685,76,46,52,10,74.587,0.00255224
1686,10,10,0,20,12,2.128e-05
1687,51,51,0,102,12.0588,0.00012256
1688,25,25,0,50,12.04,6.016e-05
1689,40,40,0,80,12.05,9.136e-05
1690,104,84,21,8,82.9167,0.00488852
1691,75,75,0,150,12.0533,0.00018912
1692,63,43,22,10,78.2791,0.00242296
1693,116,88,48,8,69.2955,0.00511788
1694,69,46,24,8,69.5435,0.00256764
1695,39,39,0,78,12.0513,0.00011072
1696,77,77,0,154,12.0519,0.00019168
1697,36,36,0,72,12.0556,8.976e-05
1698,70,54,19,8,77.4259,0.00308588
1699,42,42,0,84,12.0476,0.00010928
1700,29,14,24,6,74.1429,0.00070448
1701,289,179,154,10,76.0838,0.0105767
1702,82,54,31,8,63.4444,0.00308864
1703,108,78,38,8,68.9615,0.00449504
1704,13,13,0,26,12,2.976e-05
1705,157,157,0,314,12.0637,0.00041408
1706,29,21,8,8,71.5714,0.00105444
1707,48,48,0,96,12.0625,0.0001208
1708,61,61,0,122,12.0492,0.00014816
1709,14,14,0,28,12,3.088e-05
1710,31,31,0,8,54.1935,0.00167724
1711,17,17,0,34,12,3.552e-05
1712,56,48,9,8,73.9583,0.00269468
1713,36,36,0,72,12.0556,9.008e-05
1714,27,21,6,8,81.5238,0.001085
1715,70,46,29,8,76.6522,0.0025682
1716,13,13,0,26,12,2.72e-05
1717,37,37,0,74,12.0541,9.536e-05
1718,81,66,15,8,76.3182,0.0038036
1719,54,35,26,10,80.3143,0.00187752
1720,55,55,0,110,12.0545,0.00015008
1721,33,33,0,66,12.0606,8.768e-05
1722,47,27,27,8,77.2963,0.0014462
1723,92,53,69,8,75.9245,0.0030142
1724,46,26,21,8,78.3077,0.00135172
1725,24,24,0,48,12.0417,6.48e-05
1726,47,47,0,94,12.0638,0.00011968
1727,24,24,0,48,12.0417,6.352e-05
1728,68,61,7,10,81.1967,0.00349464
1729,40,40,0,80,12.05,9.648e-05
1730,207,182,25,8,76.1099,0.0107753
1731,128,128,0,256,12.0547,0.00030768
1732,44,25,35,8,75.08,0.00130328
1733,50,29,22,8,79.9655,0.00157544
1734,23,23,0,46,12.0435,6.464e-05
1735,25,25,0,50,12.04,5.824e-05
1736,43,23,33,8,82.4783,0.0011828
1737,49,23,38,8,77.3913,0.00116696
1738,21,21,0,42,12.0476,5.088e-05
1739,17,17,0,34,12.0588,3.936e-05
1740,37,31,7,8,75.5806,0.0016488
1741,82,61,27,10,74.1311,0.00344256
1742,28,16,22,8,77.875,0.000779
1743,19,19,0,38,12.0526,4.192e-05
1744,58,58,0,116,12.069,0.00017008
1745,27,16,18,8,77.25,0.00073432
1746,10,10,0,20,12,2.096e-05
1747,113,88,25,8,79.3409,0.0050916
1748,11,11,0,22,12,2.4e-05
1749,72,72,0,144,12.0556,0.00019312
1750,475,386,114,8,72.6736,0.0231348
1751,304,304,0,608,12.0592,0.0007384
1752,21,21,0,42,12.0476,5.12e-05
1753,68,59,9,8,77.5254,0.00338188
1754,39,39,0,78,12.0513,9.536e-05
1755,214,165,57,8,78,0.00976368
1756,27,27,0,8,66.6296,0.00145704
1757,150,150,0,300,12.0667,0.00043056
1758,116,70,56,8,77.8571,0.00405384
1759,15,15,0,30,12,3.136e-05
1760,62,62,0,124,12.0645,0.00016368
1761,48,41,10,10,74.9512,0.00222344
1762,29,19,10,8,84.2632,0.00095968
1763,28,28,0,56,12.0357,6.512e-05
1764,75,51,36,8,74.7255,0.0028942
1765,65,42,36,10,74.2619,0.0022848
1766,36,19,28,8,71.4737,0.00093804
1767,97,73,34,8,77,0.00422228
1768,15,15,0,30,12,3.392e-05
1769,47,47,0,94,12.0638,0.00012192
1770,39,39,0,78,12.0513,0.00010848
1771,13,13,0,26,12,2.752e-05
1772,55,55,0,110,12.0545,0.00013504
1773,141,108,34,10,65.5185,0.00627008
1774,92,92,0,184,12.0652,0.00026128
1775,38,19,19,8,78.5263,0.00092844
1776,17,17,0,34,12.0588,3.872e-05
1777,37,20,17,8,72.65,0.0010284
1778,19,19,0,38,12.0526,4.416e-05
1779,29,29,0,8,29.6897,0.00153168
1780,16,16,0,32,12,3.344e-05
1781,48,48,0,8,46.7083,0.00272352
1782,27,27,0,8,50.8519,0.00145028
1783,25,25,0,50,12.04,5.216e-05
1784,15,15,0,30,12,3.136e-05
1785,17,17,0,8,33.9412,0.00079684
1786,51,42,15,8,73.881,0.00233684
1787,10,10,0,20,12,2.096e-05
1788,70,53,20,8,78.0943,0.0030056
1789,30,30,0,60,12.0333,7.44e-05
1790,93,72,26,10,78.9583,0.00414608
1791,42,42,0,84,12.0476,0.00010512
1792,53,30,27,8,80.3,0.00160384
1793,69,69,0,138,12.058,0.00018336
1794,138,118,21,10,77.2627,0.00691032
1795,27,27,0,54,12.037,7.744e-05
1796,101,101,0,202,12.0594,0.00025728
1797,70,47,31,10,77.8085,0.00256784
1798,40,40,0,80,12.05,0.00010736
1799,27,15,12,8,83.8667,0.00070676
1800,13,13,0,26,12,3.264e-05
1801,52,31,33,8,70.3226,0.0016426
1802,28,28,0,56,12.0357,7.312e-05
1803,146,129,23,8,81.3798,0.00758748
1804,108,108,0,216,12.0556,0.00028208
1805,475,382,114,8,74.1204,0.0228868
1806,151,87,88,8,79.2299,0.00504388
1807,347,347,0,694,12.0634,0.00092736
1808,79,79,0,158,12.0633,0.00021024
1809,60,45,23,10,83.0667,0.00249944
1810,70,52,25,8,79.7692,0.00291188
1811,36,36,0,72,12.0556,9.168e-05
1812,39,39,0,78,12.0513,8.992e-05
1813,104,58,55,8,77.069,0.0032918
1814,37,27,10,8,79.5926,0.00141204
1815,403,331,97,8,76.3353,0.0198412
1816,50,21,47,6,78.0952,0.00109924
1817,20,20,0,40,12.05,4.944e-05
1818,261,261,0,522,12.0575,0.00062912
1819,19,19,0,38,12.0526,4.48e-05
1820,86,69,17,8,78.4203,0.00398656
1821,63,63,0,126,12.0476,0.00015968
1822,35,28,7,8,73.25,0.0014854
1823,20,20,0,40,12.05,4.528e-05
1824,58,50,8,10,80.48,0.00283208
1825,433,305,183,8,76.3443,0.0182354
1826,40,22,24,8,79.0909,0.00113896
1827,40,40,0,80,12.05,9.872e-05
1828,282,282,0,564,12.0638,0.00074992
1829,176,151,31,8,74.9139,0.00893968
1830,14,14,0,28,12,2.992e-05
1831,114,114,0,228,12.0614,0.00029904
1832,7,7,0,8,62.2857,0.00021388
1833,10,10,0,8,76,0.00038216
1834,5,5,0,10,12,1.056e-05
1835,6,6,0,12,12,1.264e-05
1836,15,15,0,8,78.6,0.000711
1837,18,11,7,8,76.4545,0.00048468
1838,9,9,0,18,12,1.888e-05
1839,7,7,0,8,75.2857,0.00020592
1840,7,7,0,14,12,1.472e-05
1841,5,5,0,10,12,1.056e-05
1842,82,77,6,10,79.7532,0.00438096
1843,50,50,0,100,12.04,0.00011728
1844,106,93,14,10,83.3871,0.00537896
1845,72,72,0,144,12.0556,0.00018512
1846,20,15,5,8,79.2,0.00070056
1847,69,43,39,8,80.6744,0.00239808
1848,90,50,60,10,65.7,0.00274664
1849,9,9,0,18,12,1.888e-05
1850,34,34,0,68,12.0588,8.624e-05
1851,43,43,0,86,12.0465,9.76e-05
1852,291,193,116,8,75.7358,0.011442
1853,181,181,0,362,12.0663,0.00051776
1854,30,15,18,8,78.6,0.00069156
1855,10,10,0,8,76.1,0.00037656
1856,175,157,20,8,80.4013,0.00926648
1857,10,10,0,20,12,2.224e-05
1858,95,69,41,8,80.029,0.00394384
1859,99,66,51,10,75.4091,0.00370776
1860,6,6,0,12,12,1.264e-05
1861,131,131,0,262,12.0611,0.00032256
1862,56,56,0,112,12.0536,0.00013936
1863,58,58,0,116,12.0517,0.00014736
1864,51,41,10,8,82.6098,0.00224928
1865,34,34,0,68,12.0588,8.72e-05
1866,33,29,4,8,80.2414,0.00153692
1867,24,15,9,8,65.8,0.000692
1868,83,48,59,8,75.5625,0.0027154
1869,19,19,0,38,12.0526,4.32e-05
1870,10,10,0,20,12,2.16e-05
1871,45,45,0,90,12.0667,0.00012288
1872,55,55,0,110,12.0545,0.00014336
1873,39,39,0,8,72.1026,0.00214464
1874,21,21,0,42,12.0476,4.384e-05
1875,56,56,0,8,79.4643,0.00317416
1876,29,29,0,58,12.0345,6.048e-05
1877,34,23,11,8,84.1304,0.00118948
1878,73,51,28,8,76.2745,0.00288584
1879,16,16,0,32,12,3.536e-05
1880,124,93,38,10,77.7957,0.00540016
1881,47,47,0,94,12.0426,0.00011136
1882,6,6,0,8,71.1667,0.000144
1883,77,77,0,154,12.0649,0.00021536
1884,32,25,7,8,80.24,0.00132672
1885,4,4,0,8,12,8.48e-06
1886,16,16,0,32,12,3.632e-05
1887,39,33,8,8,77.6061,0.00177512
1888,49,29,28,8,75.0345,0.00157668
1889,21,21,0,42,12.0476,4.576e-05
1890,27,27,0,54,12.037,6.784e-05
1891,42,31,11,8,73.871,0.00166948
1892,23,22,1,8,78.4545,0.00113716
1893,25,25,0,50,12.04,6.368e-05
1894,93,78,17,10,63.2821,0.00453128
1895,62,62,0,124,12.0645,0.00016432
1896,53,53,0,8,46.4717,0.00298448
1897,28,28,0,56,12.0357,5.84e-05
1898,129,96,41,8,71.6458,0.00560812
1899,88,82,6,10,73.378,0.00473928
1900,66,66,0,132,12.0606,0.00016816
1901,61,61,0,122,12.0492,0.00014976
1902,57,32,30,8,72.7188,0.00171792
1903,29,29,0,58,12.0345,7.52e-05
1904,80,60,26,10,79.0333,0.00342328
1905,84,53,43,6,80.3585,0.00305828
1906,48,48,0,96,12.0625,0.0001256
1907,57,57,0,114,12.0526,0.00014528
1908,64,56,8,8,84.9821,0.00319328
1909,21,10,13,8,77.6,0.00040228
1910,46,46,0,92,12.0435,0.00011952
1911,60,47,13,8,74.4468,0.00262728
1912,37,29,8,8,79.2414,0.00155324
1913,32,32,0,64,12.0312,7.696e-05
1914,135,115,20,8,71.9739,0.00677932
1915,20,20,0,40,12.05,4.656e-05
1916,95,95,0,190,12.0526,0.00023808
1917,101,92,9,10,75.5652,0.00530032
1918,68,68,0,136,12.0588,0.00016944
1919,26,25,1,8,70.04,0.00129828
1920,212,169,57,8,77.4615,0.010041
1921,14,14,0,28,12,2.928e-05
1922,202,174,29,8,70.3678,0.0103126
1923,155,155,0,310,12.0645,0.00041344
1924,129,84,64,8,64.1786,0.00485276
1925,135,101,49,10,79.3366,0.00581936
1926,146,146,0,292,12.0616,0.00039728
1927,71,46,32,8,76.4348,0.00255072
1928,69,69,0,138,12.058,0.00017472
1929,44,23,22,8,72.6957,0.00120504
1930,12,7,5,8,72.1429,0.00019736
1931,88,88,0,176,12.0568,0.0002168
1932,23,14,9,8,72.0714,0.00065324
1933,6,6,0,8,66.3333,0.00018652
1934,38,38,0,76,12.0526,9.936e-05
1935,21,21,0,42,12.0476,5.216e-05
1936,5,5,0,10,12,1.152e-05
1937,12,12,0,24,12,2.8e-05
1938,151,128,25,8,78.3594,0.00755808
1939,4,4,0,8,12,8.48e-06
1940,22,20,2,8,77.25,0.00097744
1941,58,40,34,10,79.875,0.0021752
1942,119,119,0,238,12.0588,0.00030784
1943,12,12,0,24,12,2.608e-05
1944,38,38,0,76,12.0526,9.968e-05
1945,99,65,44,8,79.6923,0.0037334
1946,62,62,0,124,12.0645,0.00016112
1947,43,24,28,8,80.625,0.0012502
1948,158,126,34,8,76.0556,0.00740828
1949,21,21,0,42,12.0476,5.12e-05
1950,101,101,0,202,12.0594,0.0002592
1951,8,8,0,8,85.625,0.00030648
1952,5,5,0,10,12,1.056e-05
1953,39,25,19,8,77.2,0.0012818
1954,60,38,22,8,66.5789,0.00209828
1955,29,15,19,8,82.4,0.00067468
1956,42,22,32,8,65.6818,0.0011488
1957,62,35,40,8,72.5714,0.0019196
1958,20,20,0,40,12.05,4.976e-05
1959,31,31,0,62,12.0323,7.904e-05
1960,13,13,0,26,12,3.264e-05
1961,103,68,37,8,71.7206,0.00391336
1962,12,12,0,24,12,2.512e-05
1963,20,20,0,40,12.05,4.208e-05
1964,88,68,20,8,78.6765,0.00388804
1965,54,54,0,108,12.0556,0.00014928
1966,12,12,0,24,12,2.512e-05
1967,48,48,0,96,12.0417,0.00011728
1968,10,10,0,8,53.1,0.00042272
1969,18,18,0,8,62.5,0.0008722
1970,180,155,32,8,78.1548,0.00917984
1971,6,6,0,12,12,1.264e-05
1972,27,16,16,8,77.5,0.00077944
1973,10,10,0,20,12,2.096e-05
1974,233,195,47,8,73.5128,0.0115665
1975,128,128,0,256,12.0547,0.00031792
1976,44,27,17,8,74.6667,0.00142516
1977,11,11,0,22,12,2.4e-05
1978,148,148,0,296,12.0608,0.00037008
1979,22,22,0,44,12.0455,5.52e-05
1980,74,57,25,10,79.8947,0.0032004
1981,51,51,0,102,12.0588,0.00014528
1982,24,15,11,8,75.9333,0.000727
1983,100,72,29,10,81.2083,0.00407976
1984,10,10,0,20,12,2.192e-05
1985,76,56,25,8,78.3571,0.00316372
1986,65,65,0,130,12.0615,0.00018528
1987,53,53,0,106,12.0566,0.00014112
1988,65,45,23,8,83.3778,0.0025052
1989,153,101,80,8,76.7327,0.005879
1990,36,36,0,72,12.0556,9.232e-05
1991,77,57,31,10,77.1754,0.00316248
1992,87,87,0,174,12.0575,0.0002224
1993,94,75,19,8,81.5067,0.0043176
1994,52,52,0,104,12.0577,0.00015248
1995,7,7,0,14,12,1.504e-05
1996,64,64,0,128,12.0625,0.00016848
1997,43,25,25,8,70.36,0.00132652
1998,23,23,0,46,12.0435,6.464e-05
1999,11,11,0,8,67,0.00044548
2000,7,7,0,14,12,1.472e-05
2001,20,20,0,8,70.9,0.00101896
2002,11,11,0,22,12,2.304e-05
2003,47,35,13,8,82.3143,0.0019322
2004,29,29,0,58,12.0345,7.552e-05
2005,130,111,20,10,67.955,0.00647056
2006,106,106,0,212,12.066,0.00029264
2007,10,10,0,8,75.1,0.00040892
2008,6,6,0,12,12,1.264e-05
2009,20,20,0,8,78.45,0.00101528
2010,31,15,16,6,82.9333,0.00078068
2011,11,11,0,22,12,2.304e-05
2012,20,20,0,40,12.05,4.304e-05
2013,20,20,0,8,61.3,0.00102256
2014,11,11,0,22,12,2.304e-05
2015,11,11,0,8,38.7273,0.0004374
2016,7,7,0,14,12,1.472e-05
2017,32,32,0,8,50.125,0.00170216
2018,32,32,0,8,66.2188,0.00174624
2019,17,17,0,34,12,3.552e-05
2020,17,17,0,34,12,3.552e-05
2021,24,24,0,8,48.4583,0.0012248
2022,13,13,0,26,12,2.72e-05
2023,32,26,6,8,78.6154,0.0013612
2024,16,16,0,32,12,3.536e-05
2025,58,44,14,8,73.6364,0.00243036
2026,199,160,45,8,74.1125,0.00948836
2027,30,30,0,60,12.0333,6.928e-05
2028,138,138,0,276,12.058,0.00034512
2029,36,33,3,8,69.5455,0.00178564
2030,19,19,0,38,12.0526,4.032e-05
2031,518,425,122,8,69.8871,0.0255165
2032,59,45,19,10,78.5556,0.00253064
2033,344,344,0,688,12.061,0.00087952
2034,39,39,0,78,12.0513,9.728e-05
2035,1007,774,372,8,74.1176,0.0466328
2036,8,8,0,8,82.875,0.00027256
2037,612,612,0,1224,12.0637,0.00157424
2038,5,5,0,10,12,1.056e-05
2039,476,302,227,8,75.4503,0.0180622
2040,275,275,0,550,12.0691,0.00077184
2041,111,90,24,10,82.0333,0.00523112
2042,83,83,0,166,12.0602,0.00021792
2043,95,72,31,8,69.7222,0.00414312
2044,28,15,20,8,79.4667,0.00069572
2045,83,50,42,8,77.76,0.00281648
2046,69,69,0,138,12.058,0.00017664
2047,11,11,0,22,12,2.432e-05
2048,93,72,21,10,75.7639,0.00406656
2049,46,30,22,8,82.3333,0.00160824
2050,41,41,0,82,12.0488,0.00010784
2051,449,399,65,8,69.8872,0.0239083
2052,66,66,0,132,12.0606,0.00017072
2053,26,26,0,52,12.0385,7.184e-05
2054,32,26,6,8,78.2692,0.00134708
2055,272,272,0,544,12.0551,0.00063568
2056,18,18,0,36,12.0556,4.208e-05
2057,170,137,42,8,68.5328,0.00806388
2058,146,128,24,8,72.2109,0.00752664
2059,13,8,8,8,83.75,0.00028996
2060,107,107,0,214,12.0561,0.00028032
2061,100,100,0,200,12.05,0.00023728
2062,6,6,0,12,12,1.264e-05
2063,39,22,20,8,72.7273,0.001136
2064,60,46,14,8,70.1957,0.00255336
2065,34,34,0,68,12.0588,8.88e-05
2066,49,35,16,8,83,0.00193108
2067,93,61,48,8,64.2951,0.00347968
2068,30,30,0,60,12.0333,8.016e-05
2069,53,53,0,106,12.0566,0.00014144
2070,49,40,12,8,82.4,0.00223852
2071,59,31,38,8,74.8065,0.00168492
2072,30,30,0,60,12.0333,6.992e-05
2073,156,95,73,8,73.3789,0.00556624
2074,29,29,0,58,12.0345,6.912e-05
2075,91,91,0,182,12.0659,0.0002432
2076,49,33,21,8,68.8182,0.00177184
2077,54,37,34,8,67.9189,0.00201424
2078,99,65,46,8,69.7385,0.00372904
2079,29,29,0,58,12.0345,7.648e-05
2080,31,31,0,62,12.0323,7.872e-05
2081,53,53,0,106,12.0566,0.0001216
2082,18,18,0,8,76.2778,0.00085948
2083,11,11,0,8,82.7273,0.00048396
2084,10,10,0,20,12,2.096e-05
2085,7,7,0,14,12,1.472e-05
2086,44,36,8,8,69.9167,0.00196092
2087,146,118,34,8,75.4407,0.00690748
2088,25,25,0,50,12.04,5.728e-05
2089,97,97,0,194,12.0619,0.00025184
2090,8,8,0,8,72.875,0.00028184
2091,5,5,0,10,12,1.056e-05
2092,133,96,42,10,75.5625,0.005518
2093,166,130,42,10,72.4077,0.00762352
2094,87,87,0,174,12.0575,0.000224
2095,102,102,0,204,12.0588,0.00024976
2096,17,10,8,8,71.5,0.00042924
2097,45,29,17,8,76.1379,0.00153036
2098,8,8,0,16,12,1.68e-05
2099,105,76,44,6,77.5395,0.00442096
2100,23,23,0,46,12.0435,5.792e-05
2101,67,67,0,134,12.0448,0.00015744
2102,43,25,19,8,70.76,0.0013232
2103,23,23,0,46,12.0435,6.336e-05
2104,52,42,19,8,68,0.0023478
2105,30,30,0,60,12.0333,7.536e-05
2106,160,150,13,10,73.8133,0.00883688
2107,121,121,0,242,12.0579,0.00029664
2108,18,18,0,8,64.1667,0.00086228
2109,10,10,0,20,12,2.096e-05
2110,38,28,10,8,81.1071,0.00147268
2111,21,21,0,42,12.0476,5.152e-05
2112,19,19,0,38,12.0526,4.48e-05
2113,16,14,2,8,83.1429,0.00066588
2114,9,9,0,18,12,1.888e-05
2115,46,37,10,8,73.1892,0.0020456
2116,32,16,17,8,75.375,0.0007696
2117,21,21,0,42,12.0476,4.448e-05
2118,84,77,7,8,59.9091,0.00445356
2119,63,44,34,8,68.1136,0.00246656
2120,15,15,0,30,12,3.392e-05
2121,57,57,0,114,12.0526,0.0001296
2122,35,35,0,70,12.0571,8e-05
2123,18,18,0,8,45.5556,0.00091032
2124,21,21,0,8,54.3333,0.00106832
2125,10,10,0,20,12,2.096e-05
2126,12,12,0,24,12,2.512e-05
2127,50,50,0,8,63.4,0.00284796
2128,15,15,0,8,60.5333,0.00070936
2129,26,26,0,52,12.0385,5.424e-05
2130,9,9,0,18,12,1.888e-05
2131,36,34,2,8,65.9706,0.00182432
2132,19,19,0,38,12.0526,4.064e-05
2133,35,19,28,8,79.1053,0.00094916
2134,11,11,0,22,12,2.336e-05
2135,46,40,6,10,73.475,0.0022228
2136,31,31,0,62,12.0323,7.168e-05
2137,152,141,14,8,69.0922,0.00833392
2138,219,148,99,8,72.1959,0.00876376
2139,86,86,0,172,12.0581,0.00020336
2140,131,131,0,262,12.0611,0.000328
2141,47,47,0,8,75.1277,0.00266392
2142,25,25,0,50,12.04,5.216e-05
2143,94,80,14,8,81.2625,0.00464652
2144,60,60,0,120,12.05,0.00015504
2145,39,23,20,8,76.9565,0.00120956
2146,20,20,0,40,12.05,4.912e-05
2147,65,44,22,8,73.8182,0.00243456
2148,323,269,66,8,72.4238,0.0160888
2149,230,230,0,460,12.0696,0.00065136
2150,47,26,23,8,76.7692,0.0013868
2151,111,88,30,8,77.4432,0.00512336
2152,92,61,41,8,71.2459,0.00345984
2153,22,22,0,44,12.0455,5.968e-05
2154,69,69,0,138,12.058,0.00018336
2155,130,101,32,8,69.0396,0.00592248
2156,57,57,0,114,12.0702,0.00016256
2157,41,20,25,8,81.75,0.00099704
2158,89,59,45,8,77.2373,0.00336964
2159,90,90,0,180,12.0556,0.00023824
2160,18,18,0,36,12.0556,4.016e-05
2161,47,47,0,94,12.0426,0.00011328
2162,247,185,76,8,70.2811,0.0109713
2163,44,27,29,8,68.1481,0.00144664
2164,174,174,0,348,12.069,0.00050224
2165,25,25,0,50,12.04,6.88e-05
2166,42,28,15,8,69.7143,0.00149568
2167,25,25,0,50,12.04,6.88e-05
2168,51,51,0,8,69,0.0028942
2169,11,11,0,8,69,0.00045444
2170,27,27,0,54,12.037,5.632e-05
2171,7,7,0,14,12,1.472e-05
2172,9,9,0,8,57.6667,0.00035896
2173,6,6,0,12,12,1.264e-05
2174,98,77,29,10,81.7922,0.00438696
2175,84,62,24,8,78.2258,0.00353896
2176,69,69,0,138,12.058,0.00018048
2177,38,27,11,8,75.7778,0.00140628
2178,161,121,58,6,72.2066,0.00716628
2179,56,56,0,112,12.0536,0.00014864
2180,20,20,0,40,12.05,4.816e-05
2181,99,99,0,198,12.0606,0.00026048
2182,55,42,18,8,81.0952,0.00234908
2183,144,116,34,10,68.4914,0.00679704
2184,32,32,0,64,12.0625,8.368e-05
2185,88,88,0,176,12.0568,0.00021296
2186,17,12,6,8,83.4167,0.00051772
2187,9,9,0,18,12,1.92e-05
2188,187,139,48,8,68.7626,0.00821416
2189,16,10,7,8,81.9,0.00041028
2190,48,31,17,10,64.5161,0.00167224
2191,79,56,40,8,67.375,0.00320368
2192,111,111,0,222,12.0631,0.00029856
2193,7,7,0,14,12,1.6e-05
2194,29,29,0,58,12.0345,7.296e-05
2195,41,41,0,82,12.0488,0.00010016
2196,5,5,0,8,46.6,0.00011884
2197,9,9,0,8,49.5556,0.0003342
2198,14,14,0,8,57.5714,0.00066676
2199,4,4,0,8,12,8.48e-06
2200,6,6,0,12,12,1.264e-05
2201,8,8,0,16,12,1.68e-05
2202,104,79,25,8,62.3924,0.00454976
2203,78,51,39,8,73.1765,0.0029066
2204,101,77,31,10,69.7532,0.00438024
2205,145,109,57,8,72.9541,0.006399
2206,60,60,0,120,12.05,0.0001384
2207,41,41,0,82,12.0488,9.92e-05
2208,71,71,0,142,12.0563,0.00018432
2209,95,95,0,190,12.0632,0.00025024
2210,14,13,1,8,69.3077,0.00059608
2211,401,340,66,8,73.6147,0.0203341
2212,39,20,21,6,76.95,0.00106896
2213,265,265,0,530,12.0566,0.00064032
2214,37,37,0,74,12.0541,9.248e-05
2215,24,24,0,48,12.0417,5.296e-05
2216,11,11,0,8,44.6364,0.00047188
2217,27,27,0,8,64.037,0.00140856
2218,202,181,25,8,72.4144,0.0107544
2219,19,11,8,8,61.1818,0.0004784
2220,7,7,0,14,12,1.472e-05
2221,15,15,0,30,12,3.136e-05
2222,136,136,0,272,12.0588,0.00032432
2223,7,7,0,14,12,1.472e-05
2224,83,66,17,10,77.7121,0.00372104
2225,45,25,37,8,60.96,0.00131792
2226,57,57,0,114,12.0526,0.00015104
2227,23,23,0,46,12.0435,5.92e-05
2228,40,22,18,8,82.2273,0.00111244
2229,20,20,0,40,12.05,4.848e-05
2230,19,18,1,8,81.3889,0.00086072
2231,221,186,47,8,74.7527,0.0110398
2232,10,10,0,20,12,2.128e-05
2233,83,68,15,10,80.6471,0.00388344
2234,157,157,0,314,12.0573,0.00039392
2235,108,83,29,6,71.7711,0.0048444
2236,60,60,0,120,12.05,0.00015568
2237,75,75,0,150,12.0667,0.00020928
2238,39,28,11,8,67.5,0.00150564
2239,76,59,33,8,59.5593,0.00337564
2240,22,22,0,44,12.0455,5.296e-05
2241,43,43,0,86,12.0465,9.728e-05
2242,24,24,0,8,59.9583,0.00125732
2243,13,13,0,26,12,2.72e-05
2244,20,20,0,8,54.15,0.0010322
2245,11,11,0,22,12,2.304e-05
2246,82,76,6,10,76.0132,0.00441992
2247,54,54,0,108,12.0556,0.00013168
2248,40,36,4,10,77.3333,0.00198536
2249,26,26,0,52,12.0385,5.84e-05
2250,24,24,0,8,46.0833,0.00122116
2251,13,13,0,26,12,2.72e-05
2252,169,139,41,8,78.3741,0.00820412
2253,124,124,0,248,12.0645,0.00032848
2254,39,34,5,10,83.0882,0.00182888
2255,25,25,0,50,12.04,5.952e-05
2256,114,89,30,10,80.2022,0.00518352
2257,74,74,0,148,12.0541,0.00020048
2258,39,23,26,8,68,0.0011846
2259,130,81,63,8,73.0247,0.00467868
2260,16,16,0,8,77.1875,0.00074372
2261,27,13,17,8,75.0769,0.00055552
2262,14,14,0,28,12,2.928e-05
2263,72,72,0,144,12.0556,0.00019056
2264,196,151,68,8,71.6026,0.00892648
2265,9,9,0,18,12,1.888e-05
2266,10,10,0,20,12,2.224e-05
2267,144,144,0,288,12.0625,0.00038736
2268,92,82,10,8,82.378,0.00474116
2269,8,8,0,16,12,1.68e-05
2270,68,68,0,136,12.0588,0.00017328
2271,40,23,31,8,77.2609,0.00117216
2272,56,34,25,8,81.9118,0.00184628
2273,20,20,0,40,12.05,4.688e-05
2274,31,31,0,62,12.0645,8.384e-05
2275,122,111,11,8,82.8649,0.0065288
2276,81,81,0,162,12.0494,0.00019968
2277,93,55,54,10,75.6364,0.0030696
2278,51,51,0,102,12.0588,0.0001232
2279,30,17,13,8,85.6471,0.00084492
2280,14,14,0,28,12,3.312e-05
2281,30,30,0,8,65.5,0.00161248
2282,65,44,21,8,69.3636,0.0024724
2283,16,16,0,32,12,3.344e-05
2284,37,37,0,74,12.0541,9.792e-05
2285,14,14,0,8,41.3571,0.00065208
2286,43,43,0,8,55.3256,0.00237552
2287,8,8,0,16,12,1.68e-05
2288,23,23,0,46,12.0435,4.8e-05
2289,49,49,0,8,67.3469,0.00275084
2290,26,26,0,52,12.0385,5.424e-05
2291,38,28,10,8,73.3571,0.00150384
2292,56,36,20,8,73.8889,0.00197372
2293,34,20,14,8,76,0.00102452
2294,22,22,0,44,12.0455,5.36e-05
2295,31,31,0,62,12.0645,7.84e-05
2296,18,18,0,36,12.0556,4.208e-05
2297,15,15,0,8,52.0667,0.0006774
2298,9,9,0,18,12,1.888e-05
2299,15,15,0,8,83.7333,0.00070216
2300,9,9,0,18,12,1.888e-05
2301,70,49,21,10,79.2245,0.0027608
2302,71,52,19,8,75.8846,0.00294228
2303,42,29,19,8,74.6552,0.00155812
2304,43,43,0,86,12.0465,0.00012064
2305,43,43,0,86,12.0465,0.0001184
2306,24,24,0,48,12.0417,6.032e-05
2307,17,17,0,8,76.4706,0.00081708
2308,10,10,0,8,83.9,0.00042296
2309,10,10,0,20,12,2.096e-05
2310,6,6,0,12,12,1.264e-05
2311,23,23,0,8,66.2174,0.00121448
2312,13,13,0,26,12,2.72e-05
2313,13,13,0,6,74.5385,0.00061084
2314,28,21,7,8,81.8095,0.0010802
2315,8,8,0,16,12,1.68e-05
2316,54,31,31,8,74.6774,0.0016818
2317,14,14,0,28,12,3.152e-05
2318,29,29,0,58,12.0345,8.064e-05
2319,67,61,6,8,74.2623,0.00346376
2320,37,37,0,74,12.0541,8.704e-05
2321,22,14,8,8,80.9286,0.00062968
2322,51,33,18,8,73.6061,0.00177232
2323,10,10,0,20,12,2.224e-05
2324,74,62,12,8,75.6935,0.0035452
2325,30,30,0,60,12.0333,7.632e-05
2326,15,15,0,8,74.4667,0.00070972
2327,41,41,0,82,12.0488,0.0001008
2328,9,9,0,18,12,1.888e-05
2329,105,99,8,8,81.8283,0.005773
2330,57,57,0,114,12.0526,0.00012736
2331,175,120,69,8,75.775,0.00702612
2332,40,27,13,8,81.9259,0.00144008
2333,44,27,22,8,77.6296,0.00141572
2334,112,112,0,224,12.0625,0.0002968
2335,22,22,0,44,12.0455,5.488e-05
2336,24,24,0,48,12.0417,6.384e-05
2337,42,25,19,8,81.52,0.00133468
2338,33,18,27,8,77.1667,0.00086388
2339,22,22,0,44,12.0455,5.616e-05
2340,11,11,0,22,12,2.4e-05
2341,54,31,40,6,67.3548,0.00173936
2342,5,5,0,8,76,0.00011216
2343,71,48,25,8,81.4375,0.00269828
2344,4,4,0,8,12,8.48e-06
2345,43,43,0,86,12.0465,0.00011296
2346,193,148,56,8,79.9459,0.00876012
2347,58,41,24,10,74.9024,0.00220968
2348,126,126,0,252,12.0635,0.0003368
2349,33,19,20,8,71.3158,0.000939
2350,46,30,26,8,76.5,0.00160004
2351,39,39,0,78,12.0513,0.00010272
2352,87,62,31,10,75.4194,0.00348608
2353,44,27,18,8,74.4444,0.00144652
2354,17,17,0,34,12.0588,4.16e-05
2355,26,26,0,52,12.0385,7.056e-05
2356,56,46,13,10,76.6304,0.00252808
2357,54,54,0,108,12.0556,0.0001368
2358,24,24,0,48,12.0417,6.448e-05
2359,39,39,0,78,12.0513,9.92e-05
2360,17,17,0,8,84.7059,0.00084492
2361,71,49,25,8,77.4898,0.00274684
2362,10,10,0,20,12,2.096e-05
2363,45,45,0,90,12.0444,0.00011904
2364,86,74,14,10,80.973,0.0041956
2365,52,52,0,104,12.0577,0.00013104
2366,89,78,11,10,74.2308,0.00444592
2367,48,32,25,8,72.75,0.00170664
2368,44,26,25,8,79.2692,0.00138652
2369,65,65,0,130,12.0615,0.00016448
2370,29,29,0,58,12.0345,7.552e-05
2371,21,21,0,42,12.0476,5.28e-05
2372,16,16,0,8,64.6875,0.00075172
2373,9,9,0,18,12,1.888e-05
2374,13,13,0,8,77,0.00055336
2375,8,8,0,16,12,1.68e-05
2376,20,18,2,8,72.2778,0.00089916
2377,89,73,18,10,79.3562,0.00419752
2378,68,51,22,8,80.902,0.00288888
2379,11,11,0,22,12,2.304e-05
2380,66,66,0,132,12.0606,0.000172
2381,39,22,27,8,65,0.00111584
2382,44,44,0,88,12.0455,0.00011792
2383,63,54,10,10,77.2037,0.00305256
2384,65,45,21,8,73.2667,0.00252664
2385,17,17,0,34,12,3.84e-05
2386,168,139,31,8,77.1223,0.008191
2387,126,126,0,252,12.0635,0.0003512
2388,145,119,34,10,82.2353,0.00692656
2389,109,96,22,8,82.7604,0.00557624
2390,97,97,0,194,12.0619,0.0002448
2391,62,51,11,10,81.902,0.00287464
2392,63,63,0,126,12.0476,0.00015104
2393,113,98,16,8,83.2143,0.00569784
2394,46,46,0,92,12.0435,0.00011632
2395,72,72,0,144,12.0556,0.00016784
2396,51,32,27,10,70.875,0.00175896
2397,30,30,0,60,12.0333,7.664e-05
2398,104,85,21,8,71.8353,0.00494164
2399,88,66,24,10,78.3485,0.00381304
2400,68,68,0,136,12.0588,0.00017584
2401,55,55,0,110,12.0545,0.00014432
2402,29,29,0,58,12.069,8.064e-05
2403,63,60,3,8,66.3,0.00343404
2404,32,32,0,64,12.0312,6.8e-05
2405,83,73,10,8,62.0959,0.0042356
2406,40,27,13,8,63.7037,0.0014284
2407,51,51,0,102,12.0588,0.00012064
2408,22,22,0,44,12.0455,5.488e-05
2409,10,10,0,8,69.2,0.00038428
2410,6,6,0,12,12,1.264e-05
2411,33,31,2,8,79.3548,0.00169672
2412,18,18,0,36,12,3.824e-05
2413,74,54,20,8,79.2593,0.00308972
2414,32,19,22,8,83.4211,0.00094252
2415,49,34,22,8,80.9412,0.00188004
2416,45,45,0,90,12.0667,0.0001232
2417,18,18,0,36,12.0556,4.272e-05
2418,30,30,0,60,12.0333,7.056e-05
2419,44,41,3,10,78.6585,0.0022936
2420,31,31,0,62,12.0323,6.912e-05
2421,8,8,0,8,65.875,0.00028112
2422,57,53,4,8,75.8491,0.00298024
2423,169,143,26,8,77.3636,0.00842252
2424,5,5,0,10,12,1.056e-05
2425,30,30,0,60,12.0333,6.576e-05
2426,136,136,0,272,12.0662,0.000388
2427,124,96,35,8,76.5104,0.00558944
2428,21,13,8,8,79.3077,0.00058912
2429,72,72,0,144,12.0556,0.00018128
2430,46,46,0,92,12.0435,0.00011504
2431,38,38,0,76,12.0526,0.0001016
2432,11,11,0,22,12,2.656e-05
2433,44,30,14,8,76.6,0.00161976
2434,93,66,34,8,75.7273,0.00380956
2435,23,23,0,46,12.0435,5.696e-05
2436,63,44,19,8,76.6136,0.00247452
2437,55,55,0,110,12.0545,0.00015008
2438,35,35,0,70,12.0571,8.96e-05
2439,267,246,25,8,78.7846,0.0146492
2440,193,193,0,386,12.057,0.00047552
2441,48,30,22,10,80.4333,0.00152424
2442,27,27,0,54,12.037,7.296e-05
2443,157,134,27,8,80.9925,0.00788824
2444,109,109,0,218,12.0642,0.00029184
2445,54,35,31,8,75.4857,0.0019098
2446,67,47,36,8,82.3617,0.00263076
2447,164,135,47,6,72.1037,0.00803296
2448,30,30,0,60,12.0667,8.144e-05
2449,77,61,16,10,81.3607,0.00340128
2450,39,39,0,78,12.0513,9.536e-05
2451,92,92,0,184,12.0543,0.00022192
2452,52,52,0,104,12.0577,0.00014096
2453,49,23,33,8,77.6522,0.00120888
2454,20,20,0,40,12.05,4.464e-05
2455,425,363,63,8,72.2424,0.0217736
2456,86,70,20,8,72.1143,0.0040182
2457,58,58,0,116,12.0517,0.00014288
2458,25,25,0,8,78.04,0.00133104
2459,14,14,0,28,12,2.928e-05
2460,114,95,20,10,79.9684,0.00556504
2461,30,20,10,8,71.4,0.00098128
2462,93,67,42,10,74.8358,0.00383696
2463,75,75,0,150,12.0533,0.00019552
2464,12,12,0,24,12,2.512e-05
2465,57,57,0,114,12.0526,0.00014336
2466,104,80,33,8,71.3625,0.00463392
2467,336,265,94,10,70.4755,0.0157367
2468,64,64,0,128,12.0625,0.00016208
2469,204,204,0,408,12.0588,0.00049392
2470,37,37,0,8,61.9459,0.00203912
2471,20,20,0,40,12.05,4.176e-05
2472,19,16,3,6,84.25,0.00082704
2473,66,45,29,8,68.9333,0.00253588
2474,18,18,0,36,12,3.76e-05
2475,40,40,0,80,12.05,0.00010832
2476,159,138,27,8,73.1232,0.008118
2477,50,37,13,10,83.7027,0.00200824
2478,120,120,0,240,12.0583,0.00029968
2479,31,31,0,62,12.0645,8e-05
2480,27,19,8,8,71.8947,0.0009344
2481,21,19,2,8,77.5263,0.00095016
2482,14,14,0,28,12,3.216e-05
2483,20,20,0,8,74.6,0.0009922
2484,12,12,0,24,12,2.512e-05
2485,39,22,20,8,74.5,0.00112928
2486,41,27,14,8,64.8148,0.0014542
2487,11,11,0,22,12,2.304e-05
2488,20,20,0,40,12.05,4.912e-05
2489,144,139,5,10,80.1799,0.0081208
2490,19,19,0,8,71.1579,0.00097172
2491,28,16,16,8,82.8125,0.00078424
2492,23,23,0,46,12.0435,5.632e-05
2493,155,124,49,8,77.4113,0.00730104
2494,21,11,10,8,78.0909,0.00048808
2495,11,11,0,22,12,2.304e-05
2496,10,10,0,20,12,2.096e-05
2497,97,97,0,194,12.0515,0.0002336
2498,8,8,0,16,12,1.68e-05
2499,28,28,0,8,57.4286,0.00146848
2500,15,15,0,30,12,3.136e-05
2501,40,40,0,8,51.35,0.00219636
2502,21,21,0,42,12.0476,4.384e-05
2503,181,150,46,8,69.7,0.00888216
2504,112,112,0,224,12.0625,0.0002984
2505,93,74,23,8,72.473,0.00429216
2506,12,9,3,8,83.5556,0.000311
2507,122,93,44,8,66.1505,0.00541804
2508,64,64,0,128,12.0625,0.00016944
2509,7,7,0,14,12,1.6e-05
2510,70,70,0,140,12.0571,0.00017296
2511,21,17,4,8,79.2353,0.00084448
2512,60,35,43,8,77.7714,0.00190392
2513,25,15,10,8,77.4,0.00070892
2514,11,11,0,22,12,2.304e-05
2515,22,22,0,44,12.0455,4.688e-05
2516,99,80,19,10,76.2125,0.00460664
2517,12,12,0,24,12,2.672e-05
2518,101,84,17,10,75.9762,0.0048188
2519,64,64,0,128,12.0625,0.0001672
2520,100,75,29,8,79.2533,0.00431128
2521,63,63,0,126,12.0635,0.00017408
2522,48,26,36,8,76.3846,0.00138192
2523,43,24,19,8,73.9583,0.00121944
2524,69,49,20,10,79.5306,0.00273344
2525,52,37,21,10,73.8378,0.002044
2526,24,24,0,48,12.0417,5.68e-05
2527,22,22,0,44,12.0455,5.744e-05
2528,293,226,71,10,70.2301,0.0134816
2529,71,51,33,8,79.0196,0.0028812
2530,47,47,0,94,12.0638,0.00011968
2531,31,31,0,62,12.0323,7.84e-05
2532,211,211,0,422,12.0616,0.00054752
2533,49,49,0,98,12.0612,0.00012704
2534,102,79,23,10,80.2278,0.00459704
2535,276,276,0,552,12.0616,0.00068944
2536,51,31,37,8,80,0.00167968
2537,67,67,0,134,12.0597,0.00017216
2538,76,60,18,10,81.4333,0.0033376
2539,29,29,0,58,12.0345,8.064e-05
2540,51,51,0,102,12.0588,0.00012576
2541,16,14,2,8,83.7143,0.00062552
2542,51,27,39,8,82.6667,0.00140428
2543,8,8,0,16,12,1.744e-05
2544,7,7,0,8,82,0.0002444
2545,25,25,0,50,12.04,6.848e-05
2546,5,5,0,10,12,1.056e-05
2547,52,45,7,8,75.1333,0.00250896
2548,33,20,14,8,78.9,0.00098664
2549,23,14,10,8,77.2857,0.00063812
2550,33,33,0,66,12.0606,8e-05
2551,15,15,0,30,12,3.392e-05
2552,10,10,0,20,12,2.192e-05
2553,49,43,9,10,72.1628,0.00236224
2554,16,16,0,8,74.875,0.00076464
2555,72,64,12,8,80.7812,0.0036814
2556,18,10,14,6,73.8,0.00045352
2557,93,49,61,8,74.102,0.00275348
2558,28,28,0,56,12.0357,6.32e-05
2559,9,9,0,18,12,1.888e-05
2560,49,49,0,98,12.0612,0.00011936
2561,9,9,0,18,12,2.016e-05
2562,40,40,0,80,12.05,9.232e-05
2563,19,19,0,8,67.4737,0.00093852
2564,11,11,0,22,12,2.304e-05
2565,86,65,23,10,77.6308,0.00366512
2566,67,47,20,8,74.5319,0.002623
2567,61,61,0,122,12.0656,0.00017184
2568,42,42,0,84,12.0476,0.00011152
2569,32,29,5,8,76.3103,0.00152512
2570,50,31,22,8,73.7742,0.00169184
2571,52,27,40,8,74.9259,0.00141116
2572,17,17,0,34,12,3.616e-05
2573,186,134,70,10,74.3582,0.00788064
2574,27,27,0,54,12.037,7.2e-05
2575,25,25,0,50,12.04,6.976e-05
2576,123,123,0,246,12.065,0.00032512
2577,44,24,26,8,80.2917,0.00126164
2578,26,16,20,8,82.4375,0.00079004
2579,45,26,33,8,71.3077,0.00135576
2580,51,31,20,8,66.2258,0.001677
2581,21,21,0,42,12.0476,4.992e-05
2582,14,14,0,28,12,3.312e-05
2583,24,24,0,48,12.0417,6.544e-05
2584,27,27,0,54,12.037,7.104e-05
2585,110,110,0,220,12.0545,0.00026256
2586,10,10,0,8,68.5,0.0004204
2587,9,9,0,8,70.2222,0.00035048
2588,6,6,0,12,12,1.264e-05
2589,16,16,0,8,55,0.00075024
2590,61,56,5,8,77.1429,0.00320236
2591,6,6,0,12,12,1.264e-05
2592,9,9,0,18,12,1.888e-05
2593,23,23,0,8,76.5217,0.00119364
2594,33,33,0,66,12.0303,7.136e-05
2595,13,13,0,26,12,2.72e-05
2596,35,35,0,8,70.4286,0.00191532
2597,19,19,0,38,12.0526,3.968e-05
2598,27,16,15,8,76.3125,0.00076836
2599,40,22,18,8,79.1818,0.00111756
2600,23,13,15,8,80.6154,0.00057012
2601,12,12,0,24,12,2.672e-05
2602,20,20,0,40,12.05,5.392e-05
2603,9,9,0,18,12,1.984e-05
2604,72,72,0,144,12.0556,0.00018384
2605,13,8,5,8,73.5,0.00030452
2606,60,36,26,8,69.9444,0.00195176
2607,5,5,0,10,12,1.056e-05
2608,34,34,0,68,12.0588,8.4e-05
2609,40,35,5,10,72.2286,0.00192536
2610,23,23,0,46,12.0435,5.056e-05
2611,70,70,0,8,60,0.0040006
2612,15,15,0,8,42.2,0.00069168
2613,36,36,0,72,12.0278,7.504e-05
2614,9,9,0,18,12,1.888e-05
2615,29,28,1,8,68.5714,0.00151752
2616,11,11,0,8,80.2727,0.00047408
2617,82,49,40,8,79,0.00274908
2618,16,16,0,32,12,3.344e-05
2619,7,7,0,14,12,1.472e-05
2620,47,47,0,94,12.0638,0.0001232
2621,39,23,26,8,75.1304,0.00117272
2622,349,269,121,8,74.3866,0.0160752
2623,89,61,38,8,62.5246,0.00350064
2624,23,17,8,8,73.2353,0.00080024
2625,20,20,0,40,12.05,4.976e-05
2626,222,222,0,444,12.0631,0.0005704
2627,67,50,17,10,79.52,0.00279048
2628,55,55,0,110,12.0545,0.00013568
2629,11,11,0,22,12,2.432e-05
2630,43,43,0,86,12.0465,0.00011584
2631,52,41,15,8,75.8293,0.00229812
2632,193,128,98,8,78.0781,0.00751348
2633,101,83,30,8,60.6506,0.0048156
2634,28,28,0,56,12.0357,6.576e-05
2635,116,116,0,232,12.0603,0.00029776
2636,14,14,0,8,71,0.00062436
2637,30,23,11,8,78.8261,0.001191
2638,55,55,0,110,12.0545,0.00012896
2639,88,73,18,8,70.3151,0.00421676
2640,8,8,0,16,12,1.68e-05
2641,15,15,0,30,12,3.296e-05
2642,50,50,0,100,12.06,0.0001208
2643,26,21,5,8,78.7143,0.00104804
2644,14,14,0,8,67.0714,0.0006612
2645,8,8,0,16,12,1.68e-05
2646,21,21,0,8,75.6667,0.00103956
2647,12,12,0,24,12,2.512e-05
2648,28,28,0,8,71.6786,0.00146764
2649,27,19,9,8,81.4211,0.0009208
2650,15,15,0,30,12,3.136e-05
2651,13,13,0,26,12,3.136e-05
2652,58,45,14,10,74.1556,0.00248112
2653,23,15,10,8,83.1333,0.00071884
2654,49,23,40,8,74.8261,0.00120388
2655,40,40,0,80,12.05,9.68e-05
2656,10,10,0,20,12,2.128e-05
2657,44,43,1,8,70.4651,0.00242068
2658,17,17,0,34,12,3.584e-05
2659,72,54,24,8,86.3704,0.00307928
2660,48,48,0,96,12.0625,0.00012304
2661,200,171,33,10,78.7895,0.0100882
2662,125,125,0,250,12.056,0.00030144
2663,60,46,16,10,85.4565,0.0025548
2664,40,40,0,80,12.05,0.0001048
2665,126,91,46,8,79.0549,0.0053226
2666,34,21,20,8,76.1905,0.00107472
2667,73,41,33,8,68.9268,0.0022788
2668,85,85,0,170,12.0588,0.00021248
2669,18,18,0,36,12.0556,4.208e-05
2670,26,26,0,8,73.7692,0.00135788
2671,39,39,0,78,12.0513,9.92e-05
2672,7,7,0,8,71.2857,0.00023692
2673,14,14,0,28,12,2.928e-05
2674,5,5,0,10,12,1.056e-05
2675,154,135,20,10,83.7778,0.00792192
2676,116,116,0,232,12.0603,0.00030448
2677,44,25,29,8,79.6,0.00129284
2678,23,23,0,46,12.0435,5.536e-05
2679,103,62,69,10,80.1935,0.0034672
2680,58,58,0,116,12.0517,0.00015504
2681,8,8,0,8,81.625,0.0002876
2682,59,44,15,10,83.2727,0.0024444
2683,5,5,0,10,12,1.056e-05
2684,38,38,0,76,12.0526,9.712e-05
2685,47,28,24,8,81.3571,0.00147188
2686,27,27,0,54,12.037,7.104e-05
2687,8,8,0,8,82.125,0.00030484
2688,111,83,38,10,79.8554,0.00482864
2689,39,20,22,8,71.4,0.00100896
2690,5,5,0,10,12,1.056e-05
2691,73,73,0,146,12.0548,0.00020128
2692,52,33,34,8,77.303,0.00179296
2693,18,18,0,36,12.0556,4.112e-05
2694,29,29,0,58,12.0345,7.84e-05
2695,12,12,0,24,12,2.576e-05
2696,44,36,8,8,78.7222,0.00195124
2697,25,25,0,50,12.04,6.24e-05
2698,111,79,36,8,77.0506,0.00458888
2699,105,82,29,8,78.9634,0.00472788
2700,27,14,18,8,73.5714,0.00065568
2701,66,66,0,132,12.0606,0.00018288
2702,71,71,0,142,12.0563,0.0002
2703,9,9,0,18,12,1.888e-05
2704,124,103,21,10,76.534,0.00596192
2705,27,15,13,6,78.3333,0.00074324
2706,101,71,35,8,65.338,0.00406208
2707,95,95,0,190,12.0632,0.0002432
2708,19,19,0,38,12.0526,3.968e-05
2709,45,45,0,90,12.0444,0.0001072
2710,51,46,5,8,75.3261,0.00254908
2711,28,28,0,56,12.0357,6.416e-05
2712,23,23,0,46,12.0435,4.8e-05
2713,142,101,59,8,69.495,0.00591776
2714,87,87,0,174,12.0575,0.00024288
2715,50,31,34,10,68.0323,0.00163616
2716,230,172,58,8,70.5116,0.0102055
2717,31,17,14,8,77.9412,0.0008224
2718,29,29,0,58,12.0345,6.752e-05
2719,11,7,4,8,81.2857,0.00019884
2720,126,126,0,252,12.0635,0.00033232
2721,73,57,17,10,73.6667,0.00320752
2722,57,38,19,10,68.8947,0.00201664
2723,52,52,0,104,12.0577,0.00013488
2724,35,35,0,70,12.0571,8.896e-05
2725,26,25,1,8,68.68,0.0013236
2726,14,14,0,28,12,2.928e-05
2727,68,66,2,8,69.197,0.00380612
2728,36,36,0,72,12.0278,7.696e-05
2729,37,25,12,8,81.56,0.00127976
2730,231,157,116,8,76.2038,0.00930272
2731,58,29,47,6,79.3448,0.00158524
2732,57,41,21,8,76.2195,0.00226664
2733,20,20,0,40,12.05,4.88e-05
2734,88,76,14,10,77.8684,0.00441648
2735,146,146,0,292,12.0616,0.00037968
2736,27,27,0,54,12.037,7.072e-05
2737,33,33,0,66,12.0606,8.288e-05
2738,13,13,0,8,65.5385,0.00057872
2739,60,60,0,120,12.05,0.00014864
2740,57,44,13,8,84.3636,0.00245196
2741,8,8,0,16,12,1.68e-05
2742,194,134,79,10,77.9925,0.00789544
2743,37,37,0,74,12.0541,9.76e-05
2744,131,131,0,262,12.0611,0.0003504
2745,103,66,51,8,79.4697,0.00378984
2746,213,181,40,8,77.6796,0.0107595
2747,61,61,0,122,12.0492,0.0001584
2748,111,76,41,10,76.0263,0.00440736
2749,137,137,0,274,12.0584,0.00033984
2750,72,72,0,144,12.0556,0.00019824
2751,111,100,11,8,76.14,0.00585656
2752,37,18,21,8,81.4444,0.00089304
2753,79,79,0,158,12.0633,0.00020832
2754,16,16,0,32,12.0625,4.176e-05
2755,13,13,0,8,73.9231,0.00060824
2756,8,8,0,16,12,1.68e-05
2757,38,38,0,8,73.3421,0.00209424
2758,231,193,41,10,76.943,0.0114026
2759,20,20,0,40,12.05,4.176e-05
2760,166,166,0,332,12.0602,0.00042928
2761,124,88,40,8,77.625,0.00514184
2762,55,33,37,8,80.9697,0.00177532
2763,33,15,29,6,83.0667,0.00073844
2764,43,24,34,8,81.8333,0.001234
2765,77,55,39,10,81.4909,0.00311912
2766,77,77,0,154,12.0649,0.00020928
2767,30,30,0,60,12.0667,8.4e-05
2768,13,13,0,26,12,3.008e-05
2769,22,22,0,44,12.0455,5.776e-05
2770,95,52,66,8,73.3654,0.00291168
2771,45,45,0,90,12.0444,0.000112
2772,28,20,8,8,78.9,0.00102616
2773,703,593,146,8,76.1737,0.0356664
2774,13,13,0,26,12,2.912e-05
2775,470,470,0,940,12.0617,0.00119024
2776,13,13,0,8,75.6154,0.00058512
2777,8,8,0,16,12,1.68e-05
2778,15,15,0,8,76,0.0007044
2779,99,69,31,8,77.8261,0.00399316
2780,50,27,39,6,80.5926,0.00149388
2781,9,9,0,18,12,1.888e-05
2782,61,61,0,122,12.0492,0.0001584
2783,14,13,1,8,78.4615,0.00059068
2784,26,26,0,52,12.0385,6.288e-05
2785,25,17,8,8,82.2941,0.00080404
2786,20,12,15,8,79.9167,0.00050576
2787,8,8,0,16,12,1.68e-05
2788,11,11,0,22,12,2.368e-05
2789,9,9,0,18,12,2.016e-05
2790,22,14,8,8,86.7143,0.00064052
2791,35,25,10,8,72.12,0.00128936
2792,148,106,49,10,79.434,0.00612752
2793,11,11,0,22,12,2.496e-05
2794,98,98,0,196,12.0612,0.0002488
2795,218,192,34,8,79.7188,0.0113934
2796,53,37,22,10,80.4865,0.00205088
2797,169,169,0,338,12.0651,0.00045184
2798,35,35,0,70,12.0571,9.344e-05
2799,15,10,5,8,82.2,0.00041732
2800,65,48,17,8,76.6667,0.00268956
2801,8,8,0,16,12,1.84e-05
2802,37,37,0,74,12.0541,9.12e-05
2803,115,87,45,8,79.5057,0.00508552
2804,119,88,40,8,70.8977,0.00509244
2805,74,74,0,148,12.0541,0.00019536
2806,61,61,0,122,12.0492,0.00014912
2807,12,12,0,24,12,2.608e-05
2808,5,5,0,10,12,1.056e-05
2809,57,37,23,8,76.4865,0.0020084
2810,92,57,49,8,76.7544,0.003224
2811,32,32,0,64,12.0625,8.304e-05
2812,128,81,63,8,78.2346,0.00468044
2813,36,36,0,72,12.0278,8.016e-05
2814,144,92,79,8,78.5435,0.00536288
2815,73,73,0,146,12.0548,0.000192
2816,89,89,0,178,12.0562,0.00023296
2817,114,93,24,10,75.4516,0.00539552
2818,22,13,9,8,71.2308,0.00060108
2819,76,76,0,152,12.0526,0.00019696
2820,11,11,0,22,12,2.464e-05
2821,190,116,104,6,77.3879,0.00684036
2822,102,77,35,8,76.6883,0.00447584
2823,106,106,0,212,12.066,0.0003032
2824,60,60,0,120,12.05,0.00015376
2825,190,174,19,8,80.6092,0.0103259
2826,165,165,0,330,12.0606,0.00042752
2827,37,33,4,8,79.1212,0.00176656
2828,91,53,49,8,75.5472,0.00298796
2829,21,21,0,42,12.0476,4.8e-05
2830,15,9,6,8,70.7778,0.00036608
2831,90,88,3,8,78.0455,0.00513652
2832,165,135,40,10,71.5407,0.00796328
2833,41,41,0,82,12.0488,9.664e-05
2834,93,71,39,8,56.9155,0.00409636
2835,7,7,0,14,12,1.6e-05
2836,72,72,0,144,12.0556,0.00016272
2837,110,110,0,220,12.0545,0.00026672
2838,48,48,0,96,12.0417,0.00011824
2839,103,82,21,8,79.1098,0.00477248
2840,108,66,48,8,78.7273,0.00376704
2841,71,71,0,142,12.0563,0.00018592
2842,43,43,0,86,12.0465,0.00010592
2843,60,60,0,120,12.05,0.00015952
2844,36,19,19,8,75.2105,0.00093076
2845,116,92,36,8,73.8804,0.0053722
2846,17,17,0,34,12.0588,4e-05
2847,75,75,0,150,12.0533,0.0001776
2848,12,12,0,8,81.5,0.00054356
2849,7,7,0,14,12,1.472e-05
2850,104,76,47,10,75.3026,0.0043764
2851,94,59,60,8,75.5085,0.00337072
2852,18,18,0,36,12.0556,4.336e-05
2853,64,64,0,128,12.0625,0.00017232
2854,55,55,0,110,12.0545,0.00014656
2855,62,49,13,8,79.2857,0.00274648
2856,44,35,10,8,60.9714,0.00190728
2857,47,42,6,10,82.5238,0.00227416
2858,41,26,22,8,82.1923,0.00136576
2859,23,23,0,46,12.0435,5.056e-05
2860,32,32,0,64,12.0312,7.44e-05
2861,22,22,0,44,12.0455,5.488e-05
2862,66,48,18,8,60.125,0.00270284
2863,129,94,36,10,74.9894,0.00547672
2864,37,37,0,74,12.0541,8.768e-05
2865,73,73,0,146,12.0548,0.000184
2866,68,68,0,8,43.5735,0.00390232
2867,35,35,0,70,12.0286,7.296e-05
2868,51,48,3,8,62.3125,0.00269616
2869,48,48,0,8,72.2292,0.0026832
2870,27,27,0,54,12.037,5.792e-05
2871,25,25,0,50,12.04,5.216e-05
2872,41,35,6,8,74.3429,0.00198104
2873,30,20,10,8,70.75,0.00100992
2874,19,10,16,6,58.6,0.00047152
2875,32,32,0,64,12.0312,7.184e-05
2876,15,15,0,30,12,3.392e-05
2877,7,7,0,14,12,1.472e-05
2878,36,18,21,6,75.5556,0.00096124
2879,22,22,0,44,12.0455,4.976e-05
2880,67,35,48,8,81.5143,0.00190568
2881,33,33,0,66,12.0606,8.512e-05
2882,24,18,8,8,85.5556,0.00087436
2883,64,39,40,8,82.2564,0.00216652
2884,12,12,0,24,12,2.608e-05
2885,13,13,0,8,72.1538,0.00057648
2886,85,65,28,10,85.2462,0.003744
2887,34,34,0,68,12.0588,9.008e-05
2888,8,8,0,16,12,1.68e-05
2889,8,8,0,8,77,0.00030768
2890,55,55,0,110,12.0545,0.00014912
2891,76,68,8,8,82.0441,0.003904
2892,36,20,20,8,80,0.00102044
2893,5,5,0,10,12,1.056e-05
2894,56,56,0,112,12.0536,0.00012688
2895,16,16,0,32,12,3.696e-05
2896,144,121,24,10,80.3636,0.00708568
2897,26,15,11,8,84,0.00069044
2898,10,10,0,20,12,2.192e-05
2899,32,32,0,8,61.25,0.00175916
2900,17,17,0,34,12,3.552e-05
2901,49,39,11,10,77.9231,0.00215848
2902,13,9,4,8,83.1111,0.00035084
2903,57,39,31,10,77.1538,0.00207024
2904,33,33,0,66,12.0606,8.256e-05
2905,49,39,10,10,70.641,0.0021188
2906,7,7,0,14,12,1.536e-05
2907,28,15,15,8,82.6667,0.00069012
2908,35,35,0,70,12.0571,8.16e-05
2909,55,36,24,10,78.1667,0.00189472
2910,33,33,0,66,12.0606,8.32e-05
2911,13,13,0,26,12,3.136e-05
2912,34,34,0,68,12.0588,9.36e-05
2913,5,5,0,8,74.4,0.00010908
2914,4,4,0,8,12,8.48e-06
2915,124,86,53,10,77.7442,0.00491512
2916,76,59,25,8,76.5593,0.00334088
2917,76,76,0,152,12.0526,0.00019024
2918,46,46,0,92,12.0652,0.0001208
2919,40,40,0,80,12.05,0.00010768
2920,16,16,0,8,56.0625,0.00077168
2921,8,8,0,8,64.875,0.00026272
2922,63,50,13,10,71.58,0.00281088
2923,117,85,38,10,78.6235,0.0049612
2924,91,55,53,10,78.8727,0.00310208
2925,93,68,26,8,79.6176,0.00389432
2926,9,9,0,18,12,1.888e-05
2927,5,5,0,10,12,1.056e-05
2928,75,62,14,10,74.7097,0.00355136
2929,39,39,0,78,12.0513,9.696e-05
2930,79,79,0,158,12.0633,0.00021536
2931,49,28,38,8,76.3214,0.00150204
2932,42,42,0,84,12.0476,9.968e-05
2933,336,283,64,8,73.4523,0.0169272
2934,63,63,0,126,12.0635,0.00016736
2935,53,53,0,106,12.0566,0.00012864
2936,26,26,0,52,12.0385,7.344e-05
2937,218,218,0,436,12.0596,0.00052016
2938,166,134,47,8,78.8433,0.00787212
2939,198,145,73,8,77.5241,0.00856764
2940,125,125,0,250,12.064,0.00034976
2941,144,98,68,8,79.7449,0.00572452
2942,44,24,38,6,81.0417,0.00127748
2943,16,10,8,8,77.5,0.00037892
2944,126,126,0,252,12.0635,0.0003288
2945,93,93,0,186,12.0645,0.00025088
2946,23,23,0,46,12.0435,6.304e-05
2947,7,7,0,14,12,1.472e-05
2948,66,49,18,10,77.6122,0.0026792
2949,49,28,33,8,80.3571,0.00150308
2950,64,40,39,8,74.9,0.00222
2951,42,42,0,84,12.0476,0.00011056
2952,107,66,59,10,79.1212,0.00381472
2953,26,26,0,52,12.0385,7.28e-05
2954,104,79,43,10,78.7595,0.00457176
2955,38,38,0,76,12.0526,0.00010288
2956,24,15,9,8,81.2667,0.00072408
2957,63,63,0,126,12.0635,0.00017664
2958,67,67,0,134,12.0597,0.00016992
2959,11,11,0,22,12,2.432e-05
2960,83,72,11,10,77.0694,0.00407208
2961,73,55,30,8,78.5636,0.00309392
2962,57,32,41,8,75.9688,0.00172136
2963,61,61,0,122,12.0492,0.00015936
2964,40,40,0,80,12.05,9.2e-05
2965,101,81,33,8,76.7654,0.00471936
2966,21,21,0,42,12.0476,4.8e-05
2967,17,17,0,8,77.5294,0.00083656
2968,53,53,0,106,12.0566,0.00012672
2969,10,10,0,20,12,2.096e-05
2970,28,28,0,8,67.3929,0.00146612
2971,71,55,23,8,81.1818,0.00311568
2972,15,15,0,30,12,3.136e-05
2973,43,43,0,86,12.0465,0.00011552
2974,100,100,0,200,12.06,0.000252
2975,79,64,18,8,76.0469,0.00367664
2976,45,45,0,90,12.0444,0.00010688
2977,116,101,16,10,82.7525,0.00584416
2978,84,68,18,8,80.4853,0.00390836
2979,37,21,20,8,80.1429,0.0010716
2980,52,52,0,104,12.0577,0.00013968
2981,14,14,0,28,12,3.024e-05
2982,88,56,42,10,77.1429,0.00313232
2983,50,50,0,100,12.06,0.00012944
2984,9,9,0,8,72.5556,0.0003202
2985,151,128,30,8,77.9062,0.0075196
2986,6,6,0,12,12,1.264e-05
2987,99,99,0,198,12.0606,0.00024864
2988,67,39,43,8,79.8718,0.00217432
2989,37,37,0,74,12.0541,9.728e-05
2990,17,17,0,8,59.5294,0.00081864
2991,51,31,21,8,81.4194,0.00169404
2992,10,10,0,20,12,2.096e-05
2993,55,32,41,8,78.7188,0.00172376
2994,91,73,25,10,80.8356,0.00413096
2995,26,26,0,52,12.0385,6.544e-05
2996,202,164,54,8,75.2927,0.0096862
2997,29,29,0,58,12.0345,7.808e-05
2998,70,70,0,140,12.0571,0.00019312
2999,110,110,0,220,12.0545,0.0002648
3000,40,22,23,8,78.0909,0.00113704
3001,29,20,9,8,79.5,0.00100228
3002,20,20,0,40,12.05,4.848e-05
3003,34,27,7,8,80.5556,0.0014046
3004,81,50,53,10,77.14,0.0027732
3005,12,12,0,24,12,2.512e-05
3006,19,19,0,38,12.0526,4.512e-05
3007,47,47,0,94,12.0426,0.00011008
3008,21,21,0,8,81.8095,0.00109308
3009,12,12,0,24,12,2.512e-05
3010,52,27,40,8,74.8148,0.0014506
3011,25,25,0,50,12.04,5.952e-05
3012,25,19,6,8,76.7368,0.00094164
3013,12,12,0,24,12,2.512e-05
3014,103,79,30,8,81.9114,0.00460152
3015,15,14,1,8,84.6429,0.0006396
3016,68,68,0,136,12.0588,0.00018512
3017,9,9,0,18,12,1.888e-05
3018,71,49,24,8,79,0.0027676
3019,87,64,33,8,68.8594,0.00366596
3020,40,40,0,80,12.05,0.00010448
3021,54,54,0,108,12.0556,0.00013776
3022,54,46,8,8,74.4565,0.00258972
3023,36,36,0,72,12.0556,9.04e-05
3024,97,60,37,8,73.95,0.00340292
3025,24,15,9,8,77,0.00072392
3026,55,55,0,110,12.0545,0.00013984
3027,11,11,0,22,12,2.432e-05
3028,116,112,6,10,78.2857,0.00654024
3029,11,11,0,8,67.3636,0.00045204
3030,65,65,0,130,12.0462,0.00014624
3031,7,7,0,14,12,1.472e-05
3032,39,23,21,8,75.6522,0.00120736
3033,146,121,26,8,73.5289,0.00711856
3034,19,19,0,38,12.0526,4.416e-05
3035,92,92,0,184,12.0543,0.00021488
3036,79,79,0,158,12.0633,0.00020448
3037,39,23,20,8,76.9565,0.0011998
3038,129,101,28,8,71.5644,0.00589716
3039,19,19,0,38,12.0526,4.416e-05
3040,79,79,0,158,12.0506,0.00019712
3041,63,49,14,8,80.6122,0.00275864
3042,40,40,0,80,12.05,0.00010448
3043,13,11,2,8,82.2727,0.0004644
3044,36,20,20,8,65.05,0.00098712
3045,8,8,0,16,12,1.68e-05
3046,18,18,0,36,12.0556,4.304e-05
3047,40,40,0,8,73.625,0.0021894
3048,21,21,0,42,12.0476,4.384e-05
3049,47,39,8,8,74.0769,0.00217328
3050,41,28,16,8,75.5,0.00146376
3051,25,25,0,50,12.04,5.728e-05
3052,23,23,0,46,12.0435,5.792e-05
3053,26,26,0,8,72.1923,0.00136424
3054,10,10,0,8,80.8,0.000427
3055,14,14,0,28,12,2.928e-05
3056,6,6,0,12,12,1.264e-05
3057,36,36,0,8,73.0556,0.00199332
3058,19,19,0,38,12.0526,3.968e-05
3059,43,38,6,8,76.3947,0.00207204
3060,11,11,0,8,70.4545,0.0004548
3061,24,24,0,48,12.0417,5.584e-05
3062,165,148,18,8,75.5743,0.00872992
3063,7,7,0,14,12,1.472e-05
3064,123,123,0,246,12.0569,0.00030176
3065,20,20,0,8,74.75,0.00099536
3066,24,15,9,8,70.9333,0.00071468
3067,11,11,0,22,12,2.304e-05
3068,8,8,0,8,73.375,0.00029484
3069,10,10,0,20,12,2.16e-05
3070,5,5,0,10,12,1.056e-05
3071,120,95,27,8,81.5053,0.00551688
3072,75,75,0,150,12.0533,0.00020128
3073,61,42,20,10,77.4286,0.00226248
3074,36,36,0,72,12.0556,9.2e-05
3075,349,322,27,10,69.2143,0.0192154
3076,26,16,10,8,76.125,0.000765
3077,203,203,0,406,12.0542,0.00046624
3078,14,14,0,28,12,3.344e-05
3079,110,89,27,8,65.0899,0.0051496
3080,25,22,3,8,78.5,0.0011262
3081,66,66,0,132,12.0606,0.0001704
3082,36,22,22,10,71.1364,0.00110072
3083,13,13,0,26,12,2.72e-05
3084,20,20,0,40,12.05,4.656e-05
3085,72,70,2,10,70.5,0.00401512
3086,341,330,13,10,65.6273,0.0197823
3087,59,59,0,118,12.0508,0.00013248
3088,202,202,0,404,12.0545,0.00045776
3089,28,28,0,8,60.75,0.001468
3090,15,15,0,30,12,3.136e-05
3091,12,12,0,8,53.8333,0.00051056
3092,8,8,0,8,59.375,0.00026708
3093,7,7,0,14,12,1.472e-05
3094,5,5,0,10,12,1.056e-05
3095,96,79,19,10,77.3418,0.00452616
3096,25,15,14,8,82.2667,0.0006864
3097,73,73,0,146,12.0548,0.00018912
3098,11,11,0,22,12,2.4e-05
3099,45,23,31,8,81.913,0.00118504
3100,17,17,0,34,12,3.744e-05
3101,44,43,1,8,79.6279,0.00241656
3102,23,23,0,46,12.0435,4.8e-05
3103,21,21,0,8,69.1429,0.001073
3104,12,12,0,24,12,2.512e-05
3105,84,68,17,10,77.2794,0.00391304
3106,93,74,33,8,66.9324,0.00425432
3107,54,54,0,108,12.0556,0.00013904
3108,59,59,0,118,12.0508,0.00015264
3109,37,34,3,8,79.3235,0.00187456
3110,20,20,0,40,12.05,4.432e-05
3111,63,56,7,10,79.2321,0.00319392
3112,20,17,3,8,80.0588,0.00084456
3113,48,48,0,96,12.0417,0.000108
3114,10,10,0,20,12,2.128e-05
3115,28,26,2,8,78.3077,0.00134716
3116,44,27,22,8,73.5926,0.00140144
3117,15,15,0,30,12,3.264e-05
3118,24,24,0,48,12.0417,6.544e-05
3119,151,132,19,10,73.4848,0.00773848
3120,141,131,11,8,70.8473,0.0076966
3121,100,100,0,200,12.06,0.00025488
3122,98,98,0,196,12.051,0.00023952
3123,8,8,0,8,73.625,0.00026888
3124,36,25,11,8,76.12,0.00128956
3125,5,5,0,10,12,1.056e-05
3126,19,19,0,38,12.0526,4.608e-05
3127,20,20,0,8,67.5,0.00103144
3128,19,17,2,8,81.1176,0.00080376
3129,11,11,0,22,12,2.304e-05
3130,10,10,0,20,12,2.16e-05
3131,106,75,32,10,73.24,0.004254
3132,37,27,12,8,77.8889,0.00140504
3133,30,22,8,8,78.4545,0.001154
3134,63,63,0,126,12.0635,0.0001664
3135,20,20,0,40,12.05,4.784e-05
3136,13,13,0,26,12,2.72e-05
3137,95,70,37,10,72.5,0.00399096
3138,57,44,17,8,75.6364,0.00243468
3139,269,244,30,8,75.5697,0.0145538
3140,27,15,21,8,80.6,0.00070524
3141,58,58,0,116,12.0517,0.00015952
3142,32,32,0,64,12.0312,8.016e-05
3143,180,180,0,360,12.0556,0.00042928
3144,11,11,0,22,12,2.368e-05
3145,15,11,4,8,84.6364,0.00047892
3146,449,395,65,8,74.4937,0.023676
3147,62,48,14,8,65.2708,0.00269224
3148,279,279,0,558,12.0573,0.0006704
3149,31,18,13,8,66.2222,0.00085776
3150,39,39,0,78,12.0513,9.632e-05
3151,46,33,16,8,74.7879,0.00176708
3152,14,14,0,28,12,3.152e-05
3153,253,242,13,8,78,0.0144054
3154,37,21,20,8,82.3333,0.00105672
3155,161,161,0,322,12.0559,0.00037408
3156,14,14,0,28,12,3.024e-05
3157,28,21,7,8,77.7143,0.00106336
3158,132,118,17,10,78.0593,0.00685408
3159,12,12,0,24,12,2.512e-05
3160,86,86,0,172,12.0581,0.00020112
3161,52,38,17,8,84.5526,0.00211632
3162,33,33,0,66,12.0606,9.024e-05
3163,101,92,9,8,77.75,0.00538544
3164,62,62,0,124,12.0484,0.00014768
3165,11,11,0,8,77.1818,0.00045056
3166,7,7,0,14,12,1.472e-05
3167,17,17,0,8,64.2353,0.00081504
3168,10,10,0,20,12,2.096e-05
3169,37,33,4,8,73.4848,0.00181816
3170,96,92,4,10,77.0652,0.0053396
3171,21,21,0,42,12.0476,4.8e-05
3172,75,75,0,150,12.0533,0.00017024
3173,23,23,0,8,81.1304,0.0011788
3174,13,13,0,26,12,2.72e-05
3175,58,43,22,8,68.9302,0.00240812
3176,48,34,20,8,67.7941,0.0018426
3177,48,35,18,8,68.0286,0.00192976
3178,37,23,14,8,71.5652,0.00116816
3179,36,36,0,72,12.0556,9.872e-05
3180,27,27,0,54,12.037,7.072e-05
3181,28,28,0,56,12.0357,7.312e-05
3182,16,16,0,32,12,3.568e-05
3183,42,42,0,8,56.6429,0.00232452
3184,22,22,0,44,12.0455,4.592e-05
3185,75,58,19,8,74.4483,0.00329852
3186,90,81,9,8,80.6914,0.0046768
3187,93,66,49,8,76.3182,0.00376316
3188,46,46,0,92,12.0435,0.0001208
3189,14,14,0,8,74.8571,0.0006322
3190,59,59,0,118,12.0508,0.00014464
3191,53,53,0,106,12.0566,0.00013024
3192,203,169,44,8,75.6095,0.0100182
3193,8,8,0,16,12,1.68e-05
3194,39,31,8,8,78.1613,0.00168572
3195,121,121,0,242,12.0579,0.00028896
3196,23,23,0,46,12.0435,5.28e-05
3197,59,46,14,10,79.7826,0.00249424
3198,84,57,41,8,74.4211,0.0032448
3199,34,34,0,68,12.0588,8.336e-05
3200,7,7,0,14,12,1.472e-05
3201,51,51,0,102,12.0588,0.00013472
3202,46,41,5,10,78.878,0.00219976
3203,30,30,0,60,12.0333,6.704e-05
3204,31,29,3,8,75.7931,0.00157112
3205,17,17,0,34,12.0588,3.552e-05
3206,28,28,0,56,12.0357,7.056e-05
3207,121,105,16,8,81.0857,0.00615124
3208,48,37,11,8,80.973,0.00205164
3209,80,80,0,160,12.0625,0.00020848
3210,49,32,34,8,76.375,0.00173384
3211,26,26,0,52,12.0385,6.544e-05
3212,30,30,0,60,12.0333,7.664e-05
3213,238,204,40,10,78.1422,0.0120954
3214,177,177,0,354,12.0678,0.00048896
3215,105,95,10,10,81.1263,0.00549152
3216,75,75,0,150,12.0533,0.00019104
3217,8,6,2,8,79.3333,0.00017048
3218,5,5,0,10,12,1.056e-05
3219,67,49,24,8,82.102,0.00277132
3220,55,45,10,10,79.5778,0.00253232
3221,88,71,34,8,71.9718,0.00408852
3222,37,37,0,74,12.0541,9.696e-05
3223,12,11,1,8,74.1818,0.00046836
3224,55,47,8,8,78.9574,0.00261236
3225,39,39,0,78,12.0513,9.664e-05
3226,48,48,0,96,12.0417,0.00011408
3227,101,82,19,8,73.4268,0.00475768
3228,8,8,0,8,81.375,0.00027352
3229,7,7,0,14,12,1.472e-05
3230,39,39,0,78,12.0513,9.312e-05
3231,61,61,0,122,12.0492,0.00014592
3232,5,5,0,10,12,1.056e-05
3233,54,42,12,8,80.5238,0.00233792
3234,72,66,6,10,73.7424,0.0038076
3235,32,32,0,64,12.0625,8.24e-05
3236,58,58,0,116,12.0517,0.00014
3237,8,8,0,8,70.5,0.00029132
3238,24,20,5,8,80.9,0.00100176
3239,5,5,0,10,12,1.056e-05
3240,12,12,0,24,12,2.544e-05
3241,123,113,10,8,76.7522,0.0066396
3242,17,17,0,8,81,0.00082408
3243,80,80,0,160,12.0625,0.00020208
3244,10,10,0,20,12,2.096e-05
3245,17,17,0,8,73.7647,0.00083908
3246,78,54,33,8,64.2037,0.00308296
3247,62,40,31,10,65.9,0.0021812
3248,10,10,0,20,12,2.096e-05
3249,27,26,1,10,74.8846,0.00136624
3250,44,44,0,88,12.0455,0.00011344
3251,36,36,0,72,12.0556,9.744e-05
3252,31,18,13,8,78.2778,0.00090256
3253,17,17,0,34,12,3.744e-05
3254,45,35,10,8,55.6571,0.00193476
3255,14,14,0,28,12,3.12e-05
3256,29,29,0,58,12.0345,7.264e-05
3257,16,16,0,8,80.125,0.00075464
3258,126,84,66,10,59.1071,0.00488232
3259,9,9,0,18,12,1.888e-05
3260,79,79,0,158,12.0633,0.00020128
3261,49,49,0,8,62.8367,0.002751
3262,26,26,0,52,12.0385,5.424e-05
3263,89,84,5,8,78.9286,0.0048642
3264,82,62,24,8,76.0161,0.00352064
3265,68,68,0,136,12.0588,0.00016528
3266,50,50,0,100,12.06,0.00013552
3267,158,131,43,8,59.0687,0.00772724
3268,108,108,0,216,12.0556,0.00025936
3269,32,32,0,8,60.375,0.0017562
3270,44,44,0,8,72.7727,0.00245128
3271,71,52,24,8,67.3269,0.00292852
3272,17,17,0,34,12,3.552e-05
3273,23,23,0,46,12.0435,4.8e-05
3274,42,42,0,84,12.0476,0.00010736
3275,12,12,0,8,45.1667,0.0005222
3276,47,41,6,10,70.3902,0.00221168
3277,7,7,0,14,12,1.472e-05
3278,142,124,21,8,66.2581,0.00730684
3279,29,29,0,58,12.0345,7.136e-05
3280,97,97,0,194,12.0515,0.00023328
3281,28,27,1,8,78.3333,0.00141892
3282,93,73,27,8,55.4658,0.00422108
3283,58,40,30,10,63.05,0.00213264
3284,15,15,0,30,12,3.2e-05
3285,69,69,0,138,12.058,0.00018048
3286,38,38,0,76,12.0526,9.904e-05
3287,29,29,0,8,69.4138,0.00153736
3288,16,16,0,32,12,3.344e-05
3289,62,49,13,8,71,0.00274272
3290,32,28,4,8,75.25,0.0014604
3291,20,13,10,8,56.5385,0.00058964
3292,35,35,0,70,12.0571,8.48e-05
3293,11,6,7,6,52.1667,0.00023944
3294,18,18,0,36,12.0556,4.016e-05
3295,9,9,0,18,12,1.952e-05
3296,23,20,3,8,68.1,0.00102488
3297,5,5,0,10,12,1.056e-05
3298,37,27,10,8,55.7037,0.0014478
3299,12,12,0,24,12,2.512e-05
3300,21,21,0,42,12.0476,5.216e-05
3301,41,41,0,8,48.0244,0.00228652
3302,19,19,0,8,53.5789,0.00093324
3303,22,22,0,44,12.0455,4.592e-05
3304,11,11,0,22,12,2.304e-05
3305,100,100,0,8,64.1,0.00583152
3306,51,51,0,102,12.0392,0.00010624
3307,19,18,1,8,81.0556,0.00085684
3308,29,25,4,8,70.8,0.00133544
3309,10,10,0,20,12,2.128e-05
3310,15,15,0,30,12,3.296e-05
3311,47,47,0,8,60.7447,0.00265516
3312,25,25,0,50,12.04,5.216e-05
3313,117,117,0,8,55.5043,0.00687952
3314,60,60,0,120,12.05,0.00012496
3315,42,42,0,8,66.381,0.00235972
3316,16,16,0,8,60.375,0.0007804
3317,54,54,0,8,65.963,0.00306028
3318,22,22,0,44,12.0455,4.592e-05
3319,9,9,0,18,12,1.888e-05
3320,28,28,0,56,12.0357,5.84e-05
3321,39,39,0,8,47.9487,0.00212544
3322,95,95,0,8,52.2211,0.00554192
3323,21,21,0,42,12.0476,4.384e-05
3324,49,49,0,98,12.0408,0.00010208
3325,43,43,0,8,37.6744,0.0023844
3326,23,23,0,46,12.0435,4.8e-05
3327,82,82,0,8,54.4878,0.0047744
3328,42,42,0,84,12.0476,8.752e-05
3329,45,45,0,8,57.5556,0.00254468
3330,8,8,0,8,46,0.0002536
3331,24,24,0,48,12.0417,5.008e-05
3332,5,5,0,10,12,1.056e-05
3333,11,11,0,8,25.3636,0.00045472
3334,7,7,0,14,12,1.472e-05
3335,92,92,0,8,48.3152,0.00534156
3336,47,47,0,94,12.0426,9.792e-05
3337,43,43,0,8,36.9767,0.00236964
3338,23,23,0,46,12.0435,4.8e-05
3339,16,16,0,8,35.125,0.00075192
3340,9,9,0,18,12,1.888e-05
3341,73,73,0,8,47.0822,0.00422636
3342,38,38,0,76,12.0526,7.92e-05
3343,47,47,0,8,59.5319,0.00265552
3344,10,10,0,8,60.2,0.000396
3345,25,25,0,50,12.04,5.216e-05
3346,6,6,0,12,12,1.264e-05
3347,31,31,0,8,63.5484,0.00164328
3348,17,17,0,34,12,3.552e-05
3349,269,246,29,10,73.1748,0.014603
3350,189,189,0,378,12.0582,0.00047264
3351,186,156,35,8,74.7821,0.00923608
3352,37,21,21,8,62.8095,0.00108092
3353,117,117,0,234,12.0598,0.00029472
3354,14,14,0,28,12,3.024e-05
3355,91,77,14,8,76.1429,0.00446976
3356,50,28,37,8,60.2143,0.00150448
3357,51,30,35,8,76.8667,0.00162356
3358,36,21,26,8,63.2857,0.00107608
3359,62,62,0,124,12.0484,0.00015728
3360,26,26,0,52,12.0385,6.672e-05
3361,82,61,29,8,74.0656,0.0034808
3362,27,27,0,54,12.037,7.328e-05
3363,19,19,0,38,12.0526,4.48e-05
3364,53,53,0,106,12.0566,0.00013152
3365,36,22,18,8,79.0909,0.00110764
3366,13,13,0,26,12,2.72e-05
3367,45,39,6,10,75.2051,0.0021696
3368,35,24,14,8,78.7917,0.00125268
3369,32,16,25,8,67.8125,0.00075724
3370,31,31,0,62,12.0323,7.52e-05
3371,18,18,0,36,12.0556,4.336e-05
3372,11,11,0,22,12,2.4e-05
3373,54,43,11,8,69.4186,0.00238072
3374,31,21,10,8,79.4286,0.0010844
3375,100,84,16,8,72.5595,0.00486172
3376,26,26,0,52,12.0385,5.808e-05
3377,15,15,0,30,12,3.232e-05
3378,65,52,13,10,71.9808,0.00296432
3379,68,68,0,136,12.0588,0.00016272
3380,7,7,0,8,67.5714,0.00022896
3381,45,45,0,90,12.0444,0.00011104
3382,502,473,33,8,58.6786,0.0284052
3383,87,67,25,10,74.0448,0.00376496
3384,5,5,0,10,12,1.056e-05
3385,17,10,7,8,58.8,0.00041268
3386,301,301,0,602,12.0565,0.0007056
3387,93,61,36,10,60.4426,0.00348912
3388,59,59,0,118,12.0508,0.00014048
3389,9,9,0,18,12,2.048e-05
3390,57,57,0,114,12.0526,0.0001408
3391,8,8,0,8,53.875,0.00030284
3392,5,5,0,10,12,1.056e-05
3393,36,32,4,8,75.6562,0.00171872
3394,20,20,0,40,12.05,4.4e-05
3395,43,41,2,8,81.6098,0.00229072
3396,23,23,0,46,12.0435,4.8e-05
3397,144,114,40,8,69.5614,0.00670084
3398,83,83,0,166,12.0602,0.00021728
3399,81,63,26,8,46.6825,0.00360872
3400,44,44,0,88,12.0455,0.00010064
3401,19,19,0,8,48.8421,0.00096212
3402,11,11,0,22,12,2.304e-05
3403,27,27,0,8,39.963,0.00141124
3404,15,15,0,30,12,3.136e-05
3405,24,24,0,8,46.5417,0.00127008
3406,13,13,0,26,12,2.72e-05
3407,65,65,0,8,40.7692,0.00370396
3408,34,34,0,68,12.0294,7.088e-05
3409,38,38,0,8,33.7895,0.00208836
3410,20,20,0,40,12.05,4.176e-05
3411,16,16,0,8,34.5625,0.00074292
3412,9,9,0,18,12,1.888e-05
3413,67,56,11,10,56.75,0.00310176
3414,162,151,11,8,50.7417,0.00893856
3415,41,41,0,82,12.0488,0.00010304
3416,37,34,3,10,70.9118,0.00177616
3417,91,91,0,182,12.0549,0.00021248
3418,22,22,0,44,12.0455,5.04e-05
3419,132,105,28,8,54.2381,0.0061254
3420,34,34,0,8,58.4706,0.00186072
3421,70,70,0,140,12.0571,0.00016816
3422,18,18,0,36,12.0556,3.76e-05
3423,14,14,0,8,47.2143,0.00063056
3424,18,18,0,8,46.9444,0.00086748
3425,8,8,0,16,12,1.68e-05
3426,10,10,0,20,12,2.096e-05
3427,184,155,29,10,71.6065,0.0091176
3428,11,11,0,8,60.5455,0.0004536
3429,11,11,0,8,70.2727,0.000451
3430,154,142,12,8,71.5634,0.0083754
3431,36,20,16,8,68.7,0.00098584
3432,123,123,0,246,12.0569,0.00031168
3433,7,7,0,14,12,1.472e-05
3434,7,7,0,14,12,1.472e-05
3435,105,105,0,210,12.0571,0.00025248
3436,18,18,0,36,12.0556,4.368e-05
3437,41,41,0,8,70.0976,0.0022976
3438,22,22,0,44,12.0455,4.592e-05
3439,28,26,2,8,80.8077,0.00138812
3440,15,15,0,30,12,3.264e-05
3441,52,50,2,10,79.76,0.00283464
3442,39,39,0,78,12.0513,8.672e-05
3443,29,29,0,8,76,0.0015578
3444,89,75,21,8,63.5333,0.00430784
3445,49,34,23,8,55.9412,0.00184348
3446,16,16,0,32,12,3.344e-05
3447,52,52,0,104,12.0577,0.0001208
3448,30,30,0,60,12.0333,7.056e-05
3449,18,18,0,8,55.3889,0.00091048
3450,10,10,0,20,12,2.096e-05
3451,57,53,4,10,70.9057,0.00294576
3452,19,19,0,8,72.7368,0.00096868
3453,32,32,0,64,12.0312,6.992e-05
3454,11,11,0,22,12,2.304e-05
3455,60,60,0,8,58.6,0.00344364
3456,31,31,0,62,12.0323,6.464e-05
3457,114,94,26,10,79.0532,0.00540248
3458,16,14,2,8,75.3571,0.00063412
3459,68,64,4,8,77.9375,0.003654
3460,115,94,26,10,71.8617,0.00545656
3461,76,76,0,152,12.0526,0.00019984
3462,42,25,32,8,67.52,0.00128576
3463,9,9,0,18,12,1.888e-05
3464,52,52,0,104,12.0577,0.0001256
3465,86,86,0,172,12.0581,0.00022512
3466,150,136,15,10,65.4044,0.0079564
3467,23,23,0,46,12.0435,6.016e-05
3468,130,130,0,260,12.0538,0.00031792
3469,39,27,12,8,79,0.0014492
3470,53,43,10,10,72.814,0.00235144
3471,22,22,0,44,12.0455,5.52e-05
3472,37,37,0,74,12.0541,9.184e-05
3473,40,38,2,8,76.3947,0.002078
3474,51,49,2,8,76.9184,0.00277484
3475,21,21,0,42,12.0476,4.48e-05
3476,26,26,0,52,12.0385,5.488e-05
3477,11,11,0,8,18.3636,0.00048064
3478,7,7,0,14,12,1.472e-05
3479,49,49,0,8,35.8163,0.00276148
3480,26,26,0,52,12.0385,5.424e-05
3481,53,53,0,8,52.9811,0.00299624
3482,24,24,0,8,50.25,0.00124484
3483,28,28,0,56,12.0357,5.84e-05
3484,13,13,0,26,12,2.72e-05
3485,91,87,4,8,62.1379,0.00503652
3486,57,57,0,114,12.0526,0.0001264
3487,65,63,2,8,70.6032,0.00363212
3488,15,15,0,8,67.2667,0.00068044
3489,34,34,0,68,12.0294,7.152e-05
3490,9,9,0,18,12,1.888e-05
3491,14,14,0,8,78.5,0.00064384
3492,8,8,0,16,12,1.68e-05
3493,12,12,0,8,34.5,0.00052184
3494,7,7,0,14,12,1.472e-05
3495,11,11,0,8,30.9091,0.0004834
3496,7,7,0,14,12,1.472e-05
3497,32,32,0,8,32.8438,0.00170324
3498,17,17,0,34,12,3.552e-05
3499,17,17,0,8,31.1176,0.00083472
3500,10,10,0,20,12,2.096e-05
3501,50,50,0,8,50.08,0.00279704
3502,370,363,8,10,68.022,0.021683
3503,26,26,0,52,12.0385,5.424e-05
3504,216,216,0,432,12.0509,0.00047664
3505,32,32,0,8,63.4062,0.0017314
3506,121,117,4,10,81.4957,0.0067932
3507,17,17,0,34,12,3.552e-05
3508,90,90,0,180,12.0556,0.00021104
3509,23,23,0,8,77.3043,0.0012034
3510,73,58,19,8,75.5345,0.00331344
3511,13,13,0,26,12,2.72e-05
3512,27,26,1,8,68.3077,0.00137348
3513,23,23,0,8,75.4783,0.00117028
3514,53,53,0,106,12.0566,0.00013344
3515,14,14,0,28,12,2.96e-05
3516,13,13,0,26,12,2.72e-05
3517,80,80,0,8,75.2625,0.00461704
3518,41,41,0,82,12.0488,8.544e-05
3519,107,92,18,8,68.2283,0.00533964
3520,88,66,31,6,63.1061,0.00381636
3521,35,28,7,8,77.9286,0.00150424
3522,66,66,0,132,12.0606,0.00016848
3523,51,51,0,102,12.0588,0.0001328
3524,20,20,0,40,12.05,4.752e-05
3525,12,12,0,8,71.4167,0.000514
3526,7,7,0,14,12,1.472e-05
3527,14,14,0,8,59.7143,0.00065688
3528,8,8,0,16,12,1.68e-05
3529,55,55,0,8,58.2,0.00314748
3530,29,29,0,58,12.0345,6.048e-05
3531,16,16,0,8,55.375,0.00074804
3532,9,9,0,18,12,1.888e-05
3533,158,148,13,10,77.3176,0.0087192
3534,286,275,14,8,70.8727,0.0164478
3535,95,95,0,190,12.0526,0.0002096
3536,170,170,0,340,12.0529,0.00039568
3537,170,151,26,8,61.7086,0.00890956
3538,47,27,38,6,74.9259,0.0014878
3539,295,268,47,8,56.5672,0.0160089
3540,10,7,3,8,71,0.00019128
3541,106,106,0,212,12.0566,0.00024976
3542,26,26,0,52,12.0385,7.184e-05
3543,168,168,0,336,12.0595,0.00040624
3544,5,5,0,10,12,1.152e-05
3545,18,18,0,8,79.2778,0.000895
3546,10,10,0,20,12,2.096e-05
3547,80,69,11,10,77.5072,0.00399648
3548,79,52,38,10,71.9423,0.00289856
3549,111,90,34,8,72.3667,0.00525248
3550,58,58,0,116,12.0517,0.00015088
3551,43,28,28,8,74.75,0.00148584
3552,49,30,31,8,71.9667,0.00161048
3553,49,49,0,98,12.0612,0.00012
3554,72,72,0,144,12.0556,0.00017072
3555,25,25,0,50,12.04,6.528e-05
3556,28,28,0,56,12.0357,6.544e-05
3557,23,23,0,8,71.4783,0.00121124
3558,13,13,0,26,12,2.72e-05
3559,25,23,2,6,74.6087,0.001216
3560,14,14,0,28,12,2.928e-05
3561,34,34,0,8,76.4118,0.00183004
3562,18,18,0,36,12,3.76e-05
3563,62,48,15,8,68.875,0.00267336
3564,33,29,4,8,75.6897,0.00152856
3565,55,40,19,8,61.2,0.00220788
3566,61,43,35,8,49.5581,0.00237588
3567,34,34,0,68,12.0588,8.368e-05
3568,19,19,0,38,12.0526,4.256e-05
3569,36,36,0,72,12.0556,9.232e-05
3570,35,35,0,70,12.0571,8.864e-05
3571,16,16,0,8,31.3125,0.00074332
3572,69,69,0,8,46.8841,0.00398632
3573,9,9,0,18,12,1.888e-05
3574,36,36,0,72,12.0278,7.504e-05
3575,42,42,0,8,33.0952,0.00232668
3576,22,22,0,44,12.0455,4.592e-05
3577,51,51,0,8,49.7647,0.002853
3578,62,62,0,8,59.3548,0.00352096
3579,27,27,0,54,12.037,5.632e-05
3580,32,32,0,64,12.0312,6.672e-05
3581,20,20,0,8,47.45,0.0009958
3582,11,11,0,22,12,2.304e-05
3583,35,35,0,8,31.3429,0.00193872
3584,19,19,0,38,12.0526,3.968e-05
3585,57,57,0,8,35.3158,0.00322116
3586,30,30,0,60,12.0333,6.256e-05
3587,13,13,0,8,23.5385,0.0005592
3588,11,11,0,8,30.7273,0.00047536
3589,8,8,0,16,12,1.68e-05
3590,7,7,0,14,12,1.472e-05
3591,42,42,0,8,37.881,0.00234448
3592,22,22,0,44,12.0455,4.592e-05
3593,16,16,0,8,26.75,0.0007372
3594,9,9,0,18,12,1.888e-05
3595,79,75,4,10,55.48,0.00432184
3596,50,50,0,100,12.04,0.0001096
3597,120,106,14,8,68.3774,0.00620072
3598,79,70,9,8,72.1,0.0040122
3599,70,70,0,140,12.0571,0.0001704
3600,48,48,0,96,12.0417,0.0001192
3601,81,67,14,8,65.9403,0.0038202
3602,47,47,0,94,12.0426,0.00011136
3603,99,96,3,8,62.3333,0.00560332
3604,39,21,32,8,82.381,0.00108972
3605,30,24,6,8,66.5,0.00122908
3606,33,28,6,8,62.8214,0.00147796
3607,68,68,0,136,12.0441,0.00015312
3608,19,19,0,38,12.0526,4.8e-05
3609,15,15,0,30,12,3.328e-05
3610,19,19,0,38,12.0526,4.256e-05
3611,102,92,10,10,75.5109,0.00528224
3612,55,48,7,10,80,0.00271968
3613,68,68,0,136,12.0588,0.00017936
3614,37,37,0,74,12.0541,9.376e-05
3615,52,37,15,10,74.1892,0.00200832
3616,13,9,4,8,82,0.00034772
3617,69,61,11,10,66.7705,0.00345296
3618,31,31,0,62,12.0645,8.192e-05
3619,8,8,0,16,12,1.776e-05
3620,8,8,0,8,70.625,0.0002988
3621,54,54,0,108,12.0556,0.000132
3622,5,5,0,10,12,1.056e-05
3623,12,12,0,8,57.6667,0.00052332
3624,7,7,0,14,12,1.472e-05
3625,55,44,18,10,62.1818,0.00237584
3626,29,29,0,8,64.1724,0.00153796
3627,33,33,0,66,12.0606,8.288e-05
3628,75,66,10,8,80.7576,0.0038154
3629,100,88,13,10,82.0909,0.00505432
3630,16,16,0,32,12,3.344e-05
3631,46,46,0,92,12.0435,0.00011056
3632,80,80,0,160,12.0625,0.00020592
3633,7,7,0,8,61.5714,0.00021232
3634,197,188,12,8,79.0532,0.01118
3635,5,5,0,10,12,1.056e-05
3636,141,141,0,282,12.0567,0.00033312
3637,17,11,6,8,84.5455,0.00047172
3638,9,9,0,18,12,1.984e-05
3639,394,338,67,8,73.713,0.0202277
3640,125,103,24,8,81.4466,0.0060156
3641,300,300,0,600,12.0667,0.00082224
3642,76,76,0,152,12.0526,0.00018704
3643,125,95,35,8,79.9368,0.00553888
3644,106,86,21,8,81.3372,0.00501104
3645,73,73,0,146,12.0548,0.00019232
3646,67,67,0,134,12.0597,0.00016736
3647,170,149,21,10,74.8054,0.00877912
3648,87,71,16,8,81.2394,0.00407584
3649,68,52,25,8,82.5577,0.00292636
3650,55,29,43,8,73.6897,0.0015732
3651,76,50,44,6,59.9,0.0029024
3652,146,115,46,6,61.3043,0.0068036
3653,58,58,0,116,12.0517,0.00014928
3654,41,41,0,82,12.0488,0.00010752
3655,100,78,27,8,81.4359,0.0044858
3656,26,26,0,52,12.0385,6.576e-05
3657,36,36,0,72,12.0556,8.656e-05
3658,64,64,0,128,12.0469,0.00013808
3659,60,60,0,120,12.05,0.00014416
3660,195,193,2,8,80.8342,0.0114657
3661,99,99,0,198,12.0505,0.0002064
3662,12,12,0,8,85.75,0.00049356
3663,28,28,0,8,63.8571,0.0014922
3664,7,7,0,14,12,1.472e-05
3665,15,15,0,30,12,3.136e-05
3666,215,201,16,10,77.9154,0.0119258
3667,146,146,0,292,12.0616,0.00036432
3668,9,7,2,8,68.4286,0.00023036
3669,38,29,9,8,76.7931,0.00156472
3670,27,17,10,8,78.2353,0.00083964
3671,6,6,0,12,12,1.264e-05
3672,21,21,0,42,12.0476,5.12e-05
3673,11,11,0,22,12,2.304e-05
3674,38,37,1,10,79.6486,0.00205816
3675,27,16,11,8,68.875,0.0007854
3676,26,26,0,52,12.0385,5.712e-05
3677,73,66,7,10,74.5,0.003752
3678,11,11,0,22,12,2.4e-05
3679,57,57,0,114,12.0526,0.00013728
3680,73,67,6,10,72.0896,0.0038304
3681,17,17,0,8,73.1176,0.00085048
3682,42,42,0,84,12.0476,9.808e-05
3683,10,10,0,20,12,2.096e-05
3684,13,13,0,8,37.1538,0.00059472
3685,8,8,0,16,12,1.68e-05
3686,25,25,0,8,43.92,0.0012874
3687,29,29,0,8,63.6207,0.00154068
3688,14,14,0,28,12,2.928e-05
3689,16,16,0,32,12,3.344e-05
3690,58,58,0,8,51.1724,0.003324
3691,30,30,0,60,12.0333,6.256e-05
3692,17,17,0,8,57.6471,0.00079624
3693,10,10,0,20,12,2.096e-05
3694,24,24,0,8,65.125,0.00126008
3695,154,129,42,6,61.2403,0.00768256
3696,13,13,0,26,12,2.72e-05
3697,106,106,0,212,12.0566,0.00025232
3698,83,83,0,166,12.0482,0.00019392
3699,214,205,10,10,76.1561,0.0121785
3700,156,156,0,312,12.0577,0.00038096
3701,11,11,0,8,83.6364,0.0004684
3702,7,7,0,14,12,1.472e-05
3703,92,79,18,10,66.8481,0.00455288
3704,49,34,21,10,72.4118,0.00187008
3705,73,73,0,146,12.0548,0.00018176
3706,28,28,0,56,12.0357,6.416e-05
3707,25,19,6,8,80.5789,0.00094204
3708,10,8,2,8,82.625,0.00028256
3709,14,14,0,28,12,3.088e-05
3710,5,5,0,10,12,1.12e-05
3711,12,12,0,8,35.5,0.00051012
3712,7,7,0,14,12,1.472e-05
3713,120,115,5,8,68.887,0.00677044
3714,68,60,8,10,71.3333,0.00334224
3715,43,42,1,8,78.119,0.00230916
3716,83,83,0,166,12.0602,0.00020704
3717,46,46,0,92,12.0435,0.0001176
3718,23,23,0,46,12.0435,4.896e-05
3719,72,64,8,10,64.125,0.00368144
3720,56,56,0,112,12.0536,0.00013552
3721,18,18,0,8,50.7222,0.00089544
3722,10,10,0,20,12,2.096e-05
3723,150,140,10,8,72.6429,0.00829056
3724,110,110,0,220,12.0545,0.00027536
3725,72,62,10,8,77.1935,0.00356828
3726,47,47,0,94,12.0426,0.00011744
3727,58,46,14,8,78.7174,0.00258512
3728,37,37,0,74,12.0541,9.056e-05
3729,228,218,10,8,52.7156,0.0129698
3730,140,140,0,280,12.0571,0.00032784
3731,24,24,0,8,63,0.0012228
3732,13,13,0,26,12,2.72e-05
3733,19,19,0,8,41.2105,0.0009518
3734,11,11,0,22,12,2.304e-05
3735,38,38,0,8,43.1579,0.00207588
3736,20,20,0,40,12.05,4.176e-05
3737,31,31,0,8,23.7742,0.00168536
3738,17,17,0,34,12,3.552e-05
3739,14,14,0,8,20,0.00066176
3740,8,8,0,16,12,1.68e-05
3741,83,83,0,8,28.6145,0.00483044
3742,43,43,0,86,12.0465,8.96e-05
3743,184,170,14,8,75.7882,0.0100862
3744,125,125,0,250,12.056,0.000304
3745,44,34,10,10,79.2941,0.00180016
3746,152,134,30,8,63.3731,0.00788916
3747,68,48,34,8,56.6458,0.00270108
3748,28,28,0,56,12.0357,6.8e-05
3749,18,15,3,8,67.5333,0.0007036
3750,88,88,0,176,12.0568,0.00020208
3751,37,37,0,74,12.0541,8.8e-05
3752,9,9,0,18,12,1.888e-05
3753,74,68,6,10,75.6618,0.00391504
3754,42,42,0,84,12.0476,9.488e-05
3755,11,11,0,8,61.9091,0.00048276
3756,83,83,0,8,80.5663,0.00482232
3757,7,7,0,14,12,1.472e-05
3758,43,43,0,86,12.0465,8.96e-05
3759,47,40,7,10,65.2,0.00221376
3760,32,32,0,64,12.0312,7.76e-05
3761,54,54,0,8,65.8704,0.0030616
3762,28,28,0,56,12.0357,5.84e-05
3763,27,23,4,8,81.1739,0.00116
3764,70,52,26,8,53.75,0.00296
3765,14,14,0,28,12,3.056e-05
3766,40,40,0,80,12.05,9.776e-05
3767,42,42,0,8,43.881,0.00231476
3768,22,22,0,44,12.0455,4.592e-05
3769,44,44,0,8,55.1364,0.00248068
3770,12,12,0,8,67.4167,0.00049408
3771,23,23,0,46,12.0435,4.8e-05
3772,7,7,0,14,12,1.472e-05
3773,264,252,14,10,71.4603,0.0150368
3774,177,177,0,354,12.0565,0.00041024
3775,17,17,0,8,64.4706,0.0007978
3776,27,23,4,8,75.5652,0.0012076
3777,10,10,0,20,12,2.096e-05
3778,14,14,0,28,12,2.928e-05
3779,148,143,5,10,77.1469,0.0084392
3780,113,113,0,226,12.0619,0.0002864
3781,7,7,0,8,68,0.000244
3782,19,12,7,8,76.6667,0.00053704
3783,5,5,0,10,12,1.056e-05
3784,9,9,0,18,12,1.952e-05
3785,49,32,18,8,73.2812,0.00173444
3786,28,28,0,56,12.0357,7.504e-05
3787,28,28,0,8,74.9643,0.00148096
3788,329,310,22,8,72.9387,0.0185701
3789,60,41,25,10,78.9756,0.0022272
3790,15,15,0,30,12,3.136e-05
3791,218,218,0,436,12.055,0.00051792
3792,39,39,0,78,12.0513,9.728e-05
3793,63,47,16,8,83.1489,0.00261036
3794,113,86,27,10,77.9535,0.00492744
3795,38,38,0,76,12.0526,0.00010416
3796,14,9,5,8,75.1111,0.0003262
3797,77,77,0,154,12.0649,0.00021984
3798,6,6,0,12,12,1.264e-05
3799,102,83,20,8,74.6747,0.00483256
3800,45,31,18,8,79.0968,0.00164644
3801,66,66,0,132,12.0606,0.00016816
3802,26,26,0,52,12.0385,6.16e-05
3803,65,47,18,8,78.2979,0.00263844
3804,64,40,38,8,69,0.0022026
3805,43,26,32,8,74.0385,0.00135792
3806,39,39,0,78,12.0513,0.00010656
3807,33,33,0,66,12.0303,7.616e-05
3808,23,23,0,46,12.0435,5.728e-05
3809,58,51,7,8,75.6471,0.00289088
3810,33,33,0,66,12.0303,7.84e-05
3811,23,23,0,8,57.6957,0.00118912
3812,13,13,0,26,12,2.72e-05
3813,147,128,25,8,71.9375,0.00755576
3814,91,91,0,182,12.0549,0.00022112
3815,75,57,18,8,80.3158,0.00324128
3816,49,32,25,8,76.5938,0.00175364
3817,95,68,42,8,74.6029,0.00388504
3818,48,48,0,96,12.0625,0.00012816
3819,29,29,0,58,12.0345,7.456e-05
3820,55,55,0,110,12.0545,0.0001344
3821,91,75,16,8,79.84,0.0043556
3822,58,58,0,116,12.0517,0.0001496
3823,39,39,0,6,75.4103,0.00218324
3824,21,21,0,42,12.0476,4.384e-05
3825,86,80,6,10,77.65,0.00465648
3826,71,58,14,8,72.569,0.00329872
3827,49,49,0,98,12.0408,0.00011424
3828,42,42,0,84,12.0476,0.00010864
3829,84,75,9,10,73.0533,0.00432072
3830,111,94,18,8,76.9468,0.00549716
3831,54,54,0,108,12.0556,0.00013392
3832,72,72,0,144,12.0556,0.00018544
3833,66,47,31,10,66.9787,0.0025836
3834,44,44,0,88,12.0455,0.0001064
3835,30,29,1,8,66.9655,0.00157436
3836,69,55,14,8,75.7636,0.00314176
3837,47,27,35,8,59.5185,0.00141504
3838,15,15,0,30,12,3.168e-05
3839,46,46,0,92,12.0435,0.00010928
3840,24,24,0,48,12.0417,5.68e-05
3841,198,180,18,8,71.15,0.0107045
3842,427,401,27,8,55.0773,0.0240551
3843,131,131,0,262,12.0611,0.00032992
3844,248,248,0,496,12.0565,0.00057616
3845,45,42,3,8,79.1905,0.00232056
3846,47,29,25,10,67.1034,0.00148232
3847,28,28,0,56,12.0357,6.352e-05
3848,28,28,0,56,12.0357,6.736e-05
3849,20,20,0,8,70.9,0.00101804
3850,11,11,0,22,12,2.304e-05
3851,16,16,0,8,64.75,0.00078352
3852,104,103,1,8,58.0583,0.00602572
3853,29,17,13,8,66.1765,0.0008298
3854,45,30,29,8,56.9667,0.00159516
3855,9,9,0,18,12,1.888e-05
3856,66,66,0,132,12.0455,0.00014576
3857,12,12,0,24,12,2.608e-05
3858,27,27,0,54,12.037,7.136e-05
3859,15,15,0,8,26.1333,0.00067604
3860,9,9,0,18,12,1.888e-05
3861,27,27,0,8,30.2593,0.0014536
3862,15,15,0,30,12,3.136e-05
3863,10,10,0,8,22.2,0.00037504
3864,6,6,0,12,12,1.264e-05
3865,51,51,0,8,56.9412,0.00285652
3866,322,315,9,8,63.3175,0.0188679
3867,27,27,0,54,12.037,5.632e-05
3868,184,184,0,368,12.0543,0.00041424
3869,9,9,0,8,61.8889,0.00031912
3870,6,6,0,12,12,1.264e-05
3871,77,63,14,10,73.746,0.00359616
3872,59,46,13,10,74.1087,0.00254136
3873,49,49,0,98,12.0612,0.0001312
3874,38,38,0,76,12.0526,0.00010064
3875,24,24,0,8,61.1667,0.0012378
3876,13,13,0,26,12,2.72e-05
3877,23,23,0,8,55.5217,0.00116572
3878,46,46,0,8,73.4783,0.0026052
3879,13,13,0,26,12,2.72e-05
3880,34,21,14,8,72.7619,0.00103868
3881,24,24,0,48,12.0417,5.008e-05
3882,18,18,0,36,12.0556,4.144e-05
3883,27,27,0,8,48.0741,0.00143308
3884,31,31,0,8,64.9032,0.00166628
3885,15,15,0,30,12,3.136e-05
3886,17,17,0,34,12,3.552e-05
3887,13,13,0,8,48.9231,0.00060156
3888,8,8,0,16,12,1.68e-05
3889,10,10,0,8,42.7,0.00042536
3890,323,296,29,8,56.0574,0.0177018
3891,6,6,0,12,12,1.264e-05
3892,201,201,0,402,12.0597,0.00049248
3893,107,98,12,8,79.8776,0.00570368
3894,76,76,0,152,12.0526,0.00019184
3895,29,23,6,8,59.4348,0.0011806
3896,14,14,0,28,12,2.928e-05
3897,119,85,39,10,70.8,0.00490816
3898,63,45,26,10,78.6,0.00249664
3899,73,55,35,8,69.8545,0.00312492
3900,116,99,24,8,65.404,0.0057646
3901,72,72,0,144,12.0694,0.000204
3902,41,41,0,82,12.0488,0.00010944
3903,19,12,7,8,36.6667,0.00051188
3904,43,43,0,86,12.0465,0.00010912
3905,62,62,0,124,12.0484,0.0001432
3906,11,11,0,22,12,2.496e-05
3907,17,17,0,8,79.8824,0.00084784
3908,19,14,5,8,63.7857,0.00061676
3909,98,80,18,8,38.025,0.00465032
3910,10,10,0,20,12,2.096e-05
3911,20,13,7,8,38.3077,0.00058108
3912,9,9,0,18,12,1.888e-05
3913,60,60,0,120,12.05,0.00014608
3914,52,42,10,8,71.619,0.00233376
3915,10,10,0,20,12,2.224e-05
3916,30,25,5,8,68.24,0.0013306
3917,30,30,0,60,12.0333,7.6e-05
3918,16,16,0,32,12,3.536e-05
3919,35,35,0,8,63,0.00191716
3920,19,19,0,38,12.0526,3.968e-05
3921,21,21,0,8,60.0952,0.00105716
3922,12,12,0,24,12,2.512e-05
3923,10,10,0,8,40.9,0.00038148
3924,6,6,0,12,12,1.264e-05
3925,22,22,0,8,27.2727,0.0011458
3926,12,12,0,24,12,2.512e-05
