flow_id,tx_packets,rx_packets,lost_packets,retx_packets,mean_delay_ms,throughput_mbps
1,11546,9596,2525,4,74.013,0.580249
2,10119,8391,2320,4,72.4394,0.507371
3,9518,7689,2586,4,73.4357,0.464914
4,9007,7315,2356,4,73.7899,0.442295
5,10905,8753,3043,4,72.4421,0.529265
6,7549,7545,0,15090,12.0622,0.0189443
7,6453,6453,0,12906,12.0609,0.015856
8,6167,6167,0,12334,12.0624,0.015544
9,5713,5713,0,11426,12.062,0.0142867
10,7059,7059,0,14118,12.0626,0.0178464
11,35,19,17,8,80.7895,0.00093636
12,226,171,103,8,75.8187,0.0101509
13,18,18,0,36,12.0556,4.272e-05
14,151,151,0,302,12.0596,0.0003856
15,226,200,26,8,76.38,0.0118658
16,66,45,30,8,72.9111,0.00252836
17,149,149,0,298,12.0604,0.00036704
18,35,35,0,70,12.0571,8.544e-05
19,15,15,0,8,77.1333,0.0006902
20,118,88,40,10,75.3523,0.00503592
21,53,32,39,8,73.9688,0.00174992
22,9,9,0,18,12,1.888e-05
23,77,77,0,154,12.0519,0.0002
24,18,18,0,36,12,3.76e-05
25,32,22,12,8,74.6364,0.00110992
26,32,18,25,8,60.9444,0.00089236
27,16,16,0,32,12,3.504e-05
28,11,11,0,22,12,2.304e-05
29,42,36,6,8,68.3056,0.00196456
30,31,21,12,8,76.2857,0.00104532
31,87,74,18,10,73.7432,0.0042204
32,24,24,0,48,12.0417,5.488e-05
33,13,13,0,26,12,2.72e-05
34,55,55,0,110,12.0545,0.00013184
35,50,49,1,8,68.2041,0.002737
36,103,75,43,10,76.6133,0.0043496
37,63,63,0,126,12.0635,0.00017376
38,62,43,26,10,75.9302,0.00231248
39,41,41,0,82,12.0488,0.00010656
40,53,42,11,8,80.1667,0.0023158
41,26,26,0,8,79.2692,0.00137344
42,118,100,30,8,76.65,0.0058494
43,30,30,0,60,12.0333,7.344e-05
44,14,14,0,28,12,2.928e-05
45,77,77,0,154,12.0519,0.00017696
46,49,49,0,8,77.6939,0.00276316
47,26,26,0,52,12.0385,5.424e-05
48,36,21,17,8,45.8095,0.00105248
49,17,17,0,34,12.0588,3.872e-05
50,41,41,0,8,77.0488,0.00225252
51,22,22,0,44,12.0455,4.592e-05
52,69,61,8,8,75.4098,0.00346624
53,61,44,29,8,62.4773,0.00243876
54,65,48,31,8,65.1042,0.00268788
55,101,82,34,8,74.1341,0.00473688
56,37,37,0,74,12.0541,8.384e-05
57,36,36,0,72,12.0556,8.272e-05
58,36,36,0,72,12.0556,8.368e-05
59,66,66,0,132,12.0455,0.00014992
60,91,77,16,8,62.0779,0.0044236
61,31,31,0,8,66.5806,0.00166592
62,53,53,0,106,12.0566,0.00012512
63,17,17,0,34,12,3.552e-05
64,11,11,0,8,55.8182,0.00044876
65,7,7,0,14,12,1.472e-05
66,46,46,0,8,65.6304,0.0025654
67,19,18,1,8,81.6667,0.00086552
68,24,24,0,48,12.0417,5.008e-05
69,10,10,0,20,12,2.128e-05
70,42,42,0,8,76.5,0.0023466
71,22,22,0,44,12.0455,4.592e-05
72,17,17,0,8,64.9412,0.000824
73,55,47,11,10,77.7872,0.00259368
74,116,98,31,8,34.4592,0.00574708
75,10,10,0,20,12,2.096e-05
76,39,39,0,78,12.0513,9.472e-05
77,62,62,0,124,12.0484,0.00014128
78,63,56,7,10,66.4286,0.0031264
79,37,37,0,74,12.0541,8.608e-05
80,16,16,0,8,72.6875,0.00076548
81,9,9,0,18,12,1.888e-05
82,30,30,0,8,29.3,0.00163868
83,16,16,0,32,12,3.344e-05
84,18,18,0,8,31.1111,0.00087832
85,10,10,0,20,12,2.096e-05
86,12,12,0,8,43.75,0.00053172
87,7,7,0,14,12,1.472e-05
88,24,24,0,8,42.0417,0.00127052
89,13,13,0,26,12,2.72e-05
90,406,375,33,8,63.2613,0.0225027
91,296,296,0,592,12.0608,0.00073072
92,94,78,17,8,71.8077,0.00450188
93,154,128,27,10,75.3438,0.00749696
94,17,11,6,8,79.6364,0.00046876
95,58,58,0,116,12.0517,0.00014896
96,106,106,0,212,12.0566,0.00027216
97,9,9,0,18,12,1.984e-05
98,52,31,29,8,72.7742,0.00169476
99,34,26,8,8,71.4231,0.00134888
100,78,61,17,8,69.5082,0.003493
101,30,30,0,60,12.0667,8.272e-05
102,13,11,2,8,62.1818,0.0004668
103,18,18,0,36,12.0556,4.336e-05
104,43,43,0,86,12.0465,0.00010432
105,8,8,0,16,12,1.68e-05
106,26,26,0,52,12.0385,5.424e-05
107,68,66,2,10,68.7121,0.00372608
108,55,55,0,110,12.0545,0.00012256
109,179,179,0,8,75.2626,0.0105992
110,91,91,0,182,12.044,0.00018944
111,59,46,16,10,80.7391,0.00249232
112,40,40,0,80,12.05,9.776e-05
113,36,31,5,8,73.2903,0.0016964
114,96,91,5,10,77.044,0.0052696
115,20,20,0,40,12.05,4.368e-05
116,65,65,0,130,12.0462,0.00015552
117,27,26,2,8,70.9615,0.001375
118,50,42,9,10,63.9762,0.00234736
119,52,35,28,8,38.2286,0.00189148
120,14,14,0,28,12,2.96e-05
121,34,34,0,68,12.0294,7.792e-05
122,30,30,0,60,12.0333,7.12e-05
123,18,18,0,8,55.3333,0.0009066
124,10,10,0,20,12,2.096e-05
125,18,18,0,8,40.2222,0.00085936
126,10,10,0,20,12,2.096e-05
127,324,310,14,8,64.2032,0.0185279
128,201,201,0,402,12.0547,0.0004816
129,59,48,11,8,68.9583,0.00271192
130,26,22,4,8,80.3636,0.00115012
131,36,36,0,72,12.0556,9.328e-05
132,13,13,0,26,12,2.72e-05
133,12,12,0,8,64.1667,0.00053816
134,7,7,0,14,12,1.472e-05
135,43,36,7,10,83.6667,0.00196312
136,28,28,0,56,12.0357,6.8e-05
137,112,101,11,8,79.4356,0.00591212
138,75,75,0,150,12.0533,0.00018784
139,59,40,32,8,65.7,0.0022386
140,33,33,0,66,12.0303,7.584e-05
141,9,9,0,8,72.3333,0.00034624
142,6,6,0,12,12,1.264e-05
143,67,66,1,8,68,0.00379012
144,35,35,0,70,12.0286,7.392e-05
145,37,31,6,8,73.2903,0.001644
146,10,10,0,8,54.9,0.00038384
147,22,22,0,44,12.0455,5.008e-05
148,13,13,0,6,57.1538,0.00061088
149,6,6,0,12,12,1.264e-05
150,28,28,0,8,63.7143,0.00150128
151,8,8,0,16,12,1.68e-05
152,56,52,4,10,66.1923,0.00292584
153,64,48,23,10,73.4375,0.0026696
154,15,15,0,30,12,3.136e-05
155,42,42,0,84,12.0476,9.424e-05
156,44,44,0,88,12.0455,0.00010416
157,27,27,0,8,70.963,0.0014534
158,37,23,14,8,82.3913,0.00120676
159,81,72,12,8,73.0417,0.00413124
160,22,14,13,8,69,0.00063864
161,15,15,0,30,12,3.136e-05
162,17,17,0,34,12,3.84e-05
163,51,51,0,102,12.0392,0.00011552
164,9,9,0,18,12,1.888e-05
165,138,130,11,10,79.1615,0.00767056
166,86,86,0,172,12.0465,0.0001976
167,41,24,21,8,77.2083,0.00126528
168,311,272,52,8,72.7132,0.0162276
169,19,12,13,8,73.75,0.00054424
170,38,22,30,8,76.0909,0.00110076
171,351,270,113,8,78.0259,0.0161158
172,62,50,15,8,76.84,0.00279548
173,21,21,0,42,12.0476,5.248e-05
174,221,221,0,442,12.0588,0.00053856
175,118,110,8,10,74.1091,0.0064428
176,9,9,0,18,12,1.984e-05
177,19,19,0,38,12.0526,4.48e-05
178,250,250,0,500,12.06,0.00063856
179,40,40,0,80,12.05,0.00010288
180,88,88,0,176,12.0568,0.00021808
181,11,11,0,8,63.1818,0.00047276
182,83,83,0,8,71.8554,0.00478704
183,7,7,0,14,12,1.472e-05
184,43,43,0,86,12.0465,8.96e-05
185,71,62,9,10,76.9677,0.00349984
186,101,77,24,8,80.1429,0.00445212
187,47,47,0,94,12.0426,0.00011776
188,451,382,86,8,69.3037,0.0229138
189,32,19,17,8,77.4211,0.00095472
190,64,64,0,128,12.0625,0.00016784
191,305,305,0,610,12.0623,0.00078592
192,17,17,0,34,12.0588,4.192e-05
193,76,65,13,10,76.0769,0.00372472
194,206,155,64,8,74.4,0.0091974
195,66,41,25,8,76.2439,0.00226844
196,56,56,0,112,12.0536,0.00014704
197,125,125,0,250,12.056,0.00031712
198,37,37,0,74,12.0541,9.44e-05
199,45,37,8,10,78.027,0.00200096
200,30,30,0,60,12.0333,6.896e-05
201,9,9,0,8,68.2222,0.00033336
202,6,6,0,12,12,1.264e-05
203,58,44,14,8,72.1364,0.00245132
204,91,74,23,10,73.4865,0.00424424
205,30,30,0,60,12.0333,7.248e-05
206,64,64,0,128,12.0625,0.0001656
207,51,38,13,8,77.8684,0.00210608
208,55,34,40,8,74.0882,0.00186728
209,45,27,29,8,75.7778,0.00143948
210,31,31,0,62,12.0645,8.256e-05
211,30,30,0,60,12.0333,7.728e-05
212,25,25,0,50,12.04,6.112e-05
213,33,33,0,8,76.2727,0.00179096
214,18,18,0,36,12,3.76e-05
215,96,69,27,8,78.3043,0.00399232
216,40,26,14,8,72.1154,0.00137536
217,141,114,30,8,72.9298,0.00670856
218,57,57,0,114,12.0526,0.00015904
219,20,20,0,40,12.05,5.008e-05
220,100,100,0,200,12.06,0.00027152
221,70,56,14,10,75,0.0031736
222,91,57,57,8,72.2807,0.00321844
223,263,177,142,8,77.3277,0.010529
224,46,46,0,92,12.0435,0.0001176
225,54,54,0,108,12.0556,0.00013712
226,139,139,0,278,12.0576,0.00034752
227,25,23,2,8,78.1304,0.00115828
228,13,13,0,26,12,2.784e-05
229,40,40,0,8,56.55,0.00218684
230,21,21,0,42,12.0476,4.384e-05
231,26,26,0,8,64.2308,0.00137936
232,14,14,0,28,12,2.928e-05
233,37,29,8,8,78.8276,0.00153796
234,18,18,0,36,12,3.792e-05
235,50,38,14,8,75.1842,0.00212164
236,81,53,31,10,71.9811,0.00296032
237,53,32,37,8,75.9688,0.00175708
238,30,30,0,60,12.0333,7.92e-05
239,45,45,0,90,12.0667,0.00012832
240,107,61,88,8,76.0328,0.0034666
241,25,25,0,50,12.04,5.664e-05
242,59,59,0,118,12.0508,0.00015392
243,78,57,27,10,67.3158,0.00323152
244,50,33,25,8,74.9091,0.00181968
245,46,46,0,92,12.0652,0.00012112
246,29,29,0,58,12.0345,6.944e-05
247,26,25,1,8,70.96,0.001329
248,14,14,0,28,12,2.928e-05
249,41,37,4,6,78.2973,0.0020928
250,29,29,0,58,12.0345,6.304e-05
251,16,16,0,8,82.4375,0.00078384
252,34,25,10,8,78.92,0.00128672
253,9,9,0,18,12,1.888e-05
254,61,39,22,8,77.5641,0.00212548
255,17,17,0,34,12,3.936e-05
256,48,42,6,10,79.5238,0.00232256
257,19,12,7,8,59.9167,0.00050036
258,91,65,42,10,79.4615,0.00365824
259,33,33,0,66,12.0606,9.344e-05
260,31,31,0,62,12.0323,7.552e-05
261,9,9,0,18,12,1.984e-05
262,62,62,0,124,12.0645,0.00017072
263,17,11,6,8,82.6364,0.00045228
264,76,49,38,10,77.8571,0.0026948
265,8,8,0,16,12,1.872e-05
266,45,32,13,8,80.5,0.00173604
267,36,36,0,72,12.0556,8.208e-05
268,63,43,33,10,76.3023,0.0023988
269,42,25,31,8,65.68,0.00129544
270,23,23,0,46,12.0435,5.728e-05
271,40,40,0,80,12.05,0.00010704
272,23,23,0,46,12.0435,6.144e-05
273,48,40,8,8,79.95,0.00220148
274,94,77,17,8,74.5714,0.00447596
275,31,31,0,62,12.0323,7.584e-05
276,65,52,13,10,73.6923,0.00287416
277,67,67,0,134,12.0597,0.00017248
278,41,41,0,82,12.0488,0.00010528
279,53,53,0,8,77.7925,0.00299784
280,28,28,0,56,12.0357,5.84e-05
281,68,68,0,8,61.4412,0.00390884
282,35,35,0,70,12.0286,7.296e-05
283,35,35,0,8,73.8857,0.00191768
284,75,67,8,10,82.0746,0.00387392
285,19,19,0,38,12.0526,3.968e-05
286,77,57,22,8,77.1228,0.0032604
287,57,57,0,114,12.0526,0.00014432
288,43,43,0,86,12.0465,0.00011296
289,37,21,16,8,75.9048,0.00103824
290,18,18,0,36,12.0556,4.656e-05
291,16,15,1,8,81.6667,0.00068708
292,43,33,18,8,81.8182,0.0018094
293,8,8,0,16,12,1.712e-05
294,26,26,0,52,12.0385,6.032e-05
295,38,32,6,10,80.7812,0.00167192
296,35,28,7,8,80.75,0.00147308
297,169,142,38,10,76.8099,0.00838832
298,141,101,58,8,78.7228,0.0059082
299,23,23,0,46,12.0435,5.248e-05
300,21,21,0,42,12.0476,5.024e-05
301,118,118,0,236,12.0593,0.0002968
302,85,85,0,170,12.0588,0.00021376
303,121,111,11,8,79.2252,0.00652784
304,65,65,0,130,12.0462,0.00014624
305,203,135,80,8,75.9037,0.00795296
306,387,232,232,8,72.7716,0.0137983
307,108,76,42,10,76.6316,0.0043616
308,122,122,0,244,12.0574,0.00029936
309,24,24,0,8,69.5833,0.00122464
310,226,226,0,452,12.0664,0.0006184
311,71,55,18,8,69.8727,0.0031312
312,39,21,21,8,81.8571,0.00105736
313,241,199,57,8,67.2362,0.0118296
314,74,74,0,148,12.0541,0.00018224
315,129,101,32,8,75.6634,0.005897
316,142,96,51,10,79.3542,0.00556824
317,13,13,0,26,12,2.72e-05
318,42,42,0,84,12.0476,0.0001
319,149,149,0,298,12.0537,0.00035808
320,84,84,0,168,12.0595,0.00021008
321,77,77,0,154,12.0519,0.00017632
322,9,9,0,8,56.2222,0.00033912
323,6,6,0,12,12,1.264e-05
324,27,19,8,8,85.1053,0.00091976
325,51,26,44,8,75.8077,0.00136972
326,11,8,3,8,82.25,0.00030636
327,13,13,0,26,12,2.976e-05
328,20,20,0,40,12.05,4.464e-05
329,164,126,44,8,77.0159,0.00742528
330,81,62,28,10,80.5645,0.00356536
331,54,33,33,6,76.5758,0.0018688
332,6,6,0,12,12,1.36e-05
333,103,103,0,206,12.0583,0.00028032
334,56,56,0,112,12.0536,0.0001432
335,29,29,0,58,12.0345,7.264e-05
336,108,73,41,10,80.1233,0.00412536
337,45,27,27,8,77.5926,0.00140324
338,66,66,0,132,12.0606,0.0001832
339,25,25,0,50,12.04,5.952e-05
340,27,26,1,8,80.1538,0.0013824
341,14,14,0,28,12,2.96e-05
342,10,10,0,8,83.8,0.00037928
343,70,47,27,10,82.1489,0.0026584
344,6,6,0,12,12,1.264e-05
345,43,43,0,86,12.0465,0.0001184
346,79,49,50,8,77.0816,0.00275164
347,68,41,40,10,76.4146,0.00221264
348,40,40,0,80,12.05,9.968e-05
349,37,37,0,74,12.0541,8.992e-05
350,86,44,43,8,78.25,0.00246196
351,73,53,23,10,75.6226,0.0029528
352,8,8,0,8,77.875,0.00026624
353,41,41,0,82,12.0488,0.00010624
354,44,44,0,88,12.0455,0.00011728
355,5,5,0,10,12,1.056e-05
356,18,18,0,8,78.6111,0.00090612
357,57,45,12,10,78.3556,0.00253928
358,10,10,0,20,12,2.096e-05
359,40,40,0,80,12.05,9.936e-05
360,33,26,7,8,79.6154,0.00134228
361,18,12,7,8,85.5833,0.00049984
362,18,18,0,36,12.0556,4.272e-05
363,8,8,0,16,12,1.68e-05
364,17,17,0,8,65.9412,0.00080908
365,10,10,0,20,12,2.096e-05
366,38,29,9,8,75.2759,0.00155848
367,35,25,10,8,79.44,0.00129844
368,112,81,35,8,73.7407,0.00470992
369,22,22,0,44,12.0455,5.04e-05
370,19,19,0,8,58.5789,0.00097184
371,19,19,0,38,12.0526,4.576e-05
372,69,69,0,138,12.058,0.00017312
373,11,11,0,22,12,2.304e-05
374,163,137,27,10,78.0876,0.00809744
375,35,32,3,8,80.2188,0.00171064
376,116,116,0,232,12.0603,0.00032112
377,18,18,0,36,12,3.92e-05
378,208,151,76,10,78.5497,0.0089312
379,58,33,34,8,81.1515,0.0017722
380,137,137,0,274,12.0657,0.00038048
381,96,74,22,10,78.6486,0.00424344
382,29,29,0,58,12.0345,7.904e-05
383,75,63,12,10,80.6032,0.00354752
384,68,68,0,136,12.0588,0.0001768
385,58,58,0,116,12.0517,0.00013872
386,93,71,22,8,83.6901,0.00406604
387,62,62,0,124,12.0645,0.000164
388,82,60,22,10,81.45,0.00342328
389,73,54,24,10,81.3519,0.003056
390,52,33,24,8,82.1818,0.00180668
391,53,53,0,106,12.0566,0.00012896
392,51,51,0,102,12.0588,0.0001376
393,29,29,0,58,12.069,7.968e-05
394,46,34,18,8,78.1176,0.00187496
395,19,18,1,8,70.8889,0.00091188
396,18,18,0,36,12.0556,4.4e-05
397,249,200,61,8,74.335,0.0118844
398,29,29,0,58,12.0345,7.84e-05
399,117,105,12,10,80.6286,0.00608832
400,156,156,0,312,12.0577,0.00037776
401,94,94,0,188,12.0532,0.00023632
402,166,142,26,10,76.7113,0.0083424
403,134,134,0,268,12.0672,0.00037648
404,34,19,24,8,76.8947,0.00097224
405,16,16,0,32,12.0625,4.08e-05
406,17,17,0,8,74.8824,0.0008074
407,65,47,18,10,76.3404,0.0025908
408,138,96,43,8,78.1458,0.00561116
409,10,10,0,20,12,2.096e-05
410,43,43,0,86,12.0465,0.00011744
411,82,82,0,164,12.061,0.00021328
412,195,162,39,8,76.0679,0.00959492
413,153,120,43,8,77.5667,0.00705912
414,29,19,10,8,81.5263,0.00093444
415,151,151,0,302,12.0662,0.00042304
416,105,105,0,210,12.0667,0.00028576
417,14,14,0,28,12,3.216e-05
418,73,68,5,10,78.8676,0.00383568
419,57,57,0,114,12.0526,0.00014112
420,28,16,20,8,79.375,0.0007638
421,17,15,2,8,72.5333,0.00071004
422,10,10,0,8,69.2,0.0003726
423,10,10,0,20,12,2.096e-05
424,10,10,0,20,12,2.096e-05
425,6,6,0,12,12,1.264e-05
426,29,24,5,8,82.7917,0.00126612
427,35,29,6,8,74.931,0.00157604
428,14,14,0,28,12,3.024e-05
429,21,21,0,42,12.0476,5.088e-05
430,16,16,0,8,50.5625,0.00074092
431,87,56,35,8,74.0893,0.00318308
432,9,9,0,18,12,1.888e-05
433,98,82,20,8,73.6829,0.0047654
434,43,43,0,86,12.0465,0.00011456
435,65,65,0,130,12.0462,0.00015936
436,174,135,39,10,73.1111,0.00787808
437,51,33,31,8,72.7273,0.0017782
438,127,102,40,6,75.5098,0.00600952
439,106,106,0,212,12.0566,0.00027184
440,28,28,0,56,12.0357,7.76e-05
441,75,75,0,150,12.0533,0.00018592
442,61,53,8,6,71.0755,0.00307572
443,42,42,0,84,12.0476,9.808e-05
444,12,12,0,8,73.0833,0.00052612
445,7,7,0,14,12,1.472e-05
446,17,17,0,8,61.4118,0.00084972
447,10,10,0,20,12,2.096e-05
448,65,41,25,10,77.6829,0.00228296
449,119,90,31,8,74.8556,0.00523992
450,38,38,0,76,12.0526,9.712e-05
451,79,79,0,158,12.0506,0.00019712
452,24,24,0,8,63.9583,0.001224
453,96,80,21,10,76.1125,0.00461624
454,65,46,24,10,76.5217,0.00253104
455,13,13,0,26,12,2.72e-05
456,74,74,0,148,12.0541,0.00018384
457,41,41,0,82,12.0488,0.00010592
458,43,43,0,8,74.2558,0.00241892
459,23,23,0,46,12.0435,4.8e-05
460,60,49,11,8,80.1224,0.0027754
461,17,12,5,8,80.9167,0.00054424
462,37,37,0,74,12.0541,9.408e-05
463,18,11,7,8,61.8182,0.00045856
464,8,8,0,16,12,1.68e-05
465,7,7,0,14,12,1.472e-05
466,120,95,32,10,73.3158,0.00553688
467,79,59,28,8,73.2034,0.00338008
468,70,70,0,140,12.0571,0.00016528
469,50,50,0,100,12.06,0.00011984
470,10,10,0,20,12,2.096e-05
471,12,8,4,8,78.125,0.00026744
472,6,6,0,12,12,1.36e-05
473,108,76,44,10,73.6053,0.0043572
474,64,64,0,128,12.0469,0.00015248
475,61,58,3,8,75.431,0.00329344
476,32,32,0,64,12.0312,6.928e-05
477,138,107,31,8,74.6449,0.0062496
478,1133,952,238,8,70.1429,0.0573607
479,43,29,16,8,82.2759,0.00157808
480,98,98,0,196,12.0612,0.00025648
481,122,102,24,10,78.0196,0.00591264
482,693,693,0,1386,12.0592,0.00167776
483,25,25,0,50,12.04,6.304e-05
484,87,65,22,8,79.9231,0.00373224
485,84,84,0,168,12.0595,0.00021104
486,57,57,0,114,12.0526,0.00015808
487,88,64,27,10,74.1562,0.00360808
488,49,26,43,8,48.0769,0.00134632
489,59,59,0,118,12.0508,0.0001584
490,15,15,0,30,12,3.136e-05
491,20,19,1,8,85.3684,0.00096992
492,17,11,6,8,78.6364,0.00048248
493,11,11,0,22,12,2.304e-05
494,8,8,0,16,12,1.744e-05
495,25,15,10,8,71.1333,0.00070356
496,31,17,26,8,65.9412,0.0008078
497,13,13,0,26,12,3.168e-05
498,10,10,0,20,12,2.096e-05
499,46,37,9,10,73.5946,0.0020256
500,135,113,27,10,74.1327,0.00656984
501,25,25,0,50,12.04,5.76e-05
502,92,92,0,184,12.0543,0.0002344
503,135,100,37,8,79.07,0.00582964
504,202,154,57,8,63.6753,0.00908444
505,31,18,25,8,76.1111,0.00087572
506,55,33,23,10,70.2424,0.00171632
507,78,78,0,156,12.0513,0.00019312
508,126,126,0,252,12.0556,0.0003176
509,38,19,26,8,67.2105,0.0009328
510,16,16,0,32,12,3.92e-05
511,31,31,0,62,12.0645,8.896e-05
512,16,16,0,32,12,3.856e-05
513,21,18,3,8,85.6111,0.00087116
514,95,70,34,8,66.6571,0.00405468
515,11,11,0,22,12,2.432e-05
516,53,53,0,106,12.0566,0.00013216
517,89,83,6,8,77.2651,0.00480252
518,74,74,0,8,63.1486,0.0042858
519,38,38,0,76,12.0526,7.92e-05
520,45,45,0,8,74.8222,0.0025098
521,24,24,0,48,12.0417,5.008e-05
522,32,32,0,8,76.4062,0.0017584
523,17,17,0,34,12,3.552e-05
524,111,84,31,10,78.8333,0.00489968
525,42,23,33,8,76.5652,0.00118
526,271,209,97,10,66.5215,0.0123878
527,55,33,37,8,66.4545,0.00177988
528,105,73,51,6,63.1507,0.00427064
529,55,35,30,10,78.9429,0.00186096
530,72,72,0,144,12.0556,0.00020176
531,20,20,0,40,12.05,4.912e-05
532,158,158,0,316,12.057,0.00037488
533,29,29,0,58,12.0345,6.72e-05
534,65,65,0,130,12.0615,0.0001632
535,31,31,0,62,12.0645,8.704e-05
536,8,6,2,8,80.1667,0.0001664
537,5,5,0,10,12,1.056e-05
538,10,10,0,8,30.1,0.00042044
539,6,6,0,12,12,1.264e-05
540,72,72,0,8,52.2083,0.00415768
541,37,37,0,74,12.0541,7.712e-05
542,26,26,0,8,37.2692,0.0013446
543,14,14,0,28,12,2.928e-05
544,45,36,13,10,68.5,0.00198336
545,172,130,72,10,70.6769,0.00766352
546,77,56,21,10,67.7679,0.0031488
547,29,29,0,58,12.0345,7.2e-05
548,117,117,0,234,12.0598,0.00029664
549,44,44,0,88,12.0455,0.00010256
550,18,18,0,8,60.0556,0.00090968
551,10,10,0,20,12,2.096e-05
552,45,42,3,8,65.3095,0.00234532
553,501,429,91,8,70.5315,0.0257418
554,24,24,0,48,12.0417,5.2e-05
555,377,377,0,754,12.0637,0.0010032
556,12,12,0,8,78.0833,0.000541
557,7,7,0,14,12,1.472e-05
558,16,16,0,8,64,0.00078572
559,69,66,3,8,68.3939,0.00378164
560,78,50,48,6,69.94,0.00287516
561,9,9,0,18,12,1.888e-05
562,51,51,0,102,12.0392,0.0001152
563,42,42,0,84,12.0476,0.00010352
564,13,13,0,8,47.8462,0.00059824
565,8,8,0,16,12,1.68e-05
566,65,65,0,130,12.0462,0.00014912
567,46,40,12,8,76.15,0.00218656
568,35,19,17,8,82,0.0009608
569,26,26,0,52,12.0385,6.256e-05
570,127,111,16,10,70.2342,0.00645008
571,17,17,0,34,12.0588,4.192e-05
572,85,85,0,170,12.0588,0.0002144
573,18,18,0,8,74.9444,0.0008738
574,10,10,0,20,12,2.096e-05
575,26,25,1,8,73.48,0.00131508
576,103,56,72,8,77.1607,0.00315644
577,14,14,0,28,12,2.928e-05
578,52,52,0,104,12.0577,0.00013744
579,10,10,0,8,62.8,0.00039612
580,6,6,0,12,12,1.264e-05
581,57,57,0,8,55.5789,0.0032636
582,30,30,0,60,12.0333,6.256e-05
583,17,17,0,8,45.3529,0.00080032
584,123,114,10,10,77.7807,0.00661936
585,10,10,0,20,12,2.096e-05
586,88,88,0,176,12.0568,0.00021904
587,40,30,10,8,82.2,0.00162144
588,21,12,10,8,82.5,0.00052492
589,23,23,0,46,12.0435,5.76e-05
590,140,113,41,8,78.0885,0.00662324
591,8,8,0,16,12,1.744e-05
592,91,91,0,182,12.0549,0.00022464
593,107,90,19,8,76.3889,0.00525024
594,68,68,0,136,12.0588,0.00017616
595,10,10,0,8,73.9,0.0004276
596,6,6,0,12,12,1.264e-05
597,33,30,3,8,73.8,0.00159324
598,39,29,10,8,80.6552,0.0015624
599,144,115,51,10,78.1304,0.00675912
600,18,18,0,36,12.0556,4.048e-05
601,23,23,0,46,12.0435,5.664e-05
602,84,84,0,168,12.0476,0.00019888
603,39,33,11,8,69.9697,0.00177944
604,37,31,6,8,81.4194,0.00168736
605,19,19,0,38,12.0526,4.032e-05
606,22,22,0,44,12.0455,5.008e-05
607,118,90,38,8,76.2444,0.0052336
608,50,30,28,10,75.0333,0.00155032
609,79,79,0,158,12.0506,0.00019936
610,28,28,0,56,12.0357,7.856e-05
611,132,101,35,10,77.8218,0.00592592
612,61,40,29,10,74.475,0.0021328
613,89,89,0,178,12.0674,0.00025312
614,38,38,0,76,12.0526,0.00010384
615,43,32,11,8,82.0312,0.00171972
616,25,25,0,50,12.04,6.176e-05
617,45,38,9,10,76.8684,0.00210688
618,68,50,28,8,69.6,0.00284404
619,30,30,0,60,12.0333,7.28e-05
620,37,37,0,74,12.0541,8.416e-05
621,66,55,11,8,74.3455,0.00314156
622,44,44,0,88,12.0455,0.00011504
623,13,13,0,8,74.5385,0.00057484
624,10,10,0,8,80.1,0.00037396
625,8,8,0,16,12,1.68e-05
626,6,6,0,12,12,1.264e-05
627,28,28,0,8,66.0357,0.00151004
628,15,15,0,30,12,3.136e-05
629,17,17,0,8,63.8235,0.00080284
630,10,10,0,20,12,2.096e-05
631,54,54,0,8,66.4815,0.00307764
632,10,10,0,8,43.4,0.00038984
633,28,28,0,56,12.0357,5.84e-05
634,6,6,0,12,12,1.264e-05
635,40,40,0,8,59.8,0.00220556
636,21,21,0,42,12.0476,4.384e-05
637,18,18,0,8,72.6111,0.00087856
638,10,10,0,20,12,2.096e-05
639,77,54,29,8,70.2407,0.00305344
640,40,40,0,80,12.05,0.00010512
641,59,38,31,8,74,0.00207784
642,54,32,32,8,76.2188,0.00172948
643,33,33,0,66,12.0606,8.352e-05
644,49,38,11,8,74.9474,0.00209524
645,29,29,0,58,12.069,7.968e-05
646,23,18,6,8,79.7778,0.00087984
647,157,120,48,8,78.5583,0.00705516
648,28,28,0,56,12.0357,7.024e-05
649,186,155,31,8,76.9355,0.0091784
650,11,11,0,22,12,2.304e-05
651,255,195,70,8,76.7949,0.0116126
652,103,103,0,206,12.0583,0.00025536
653,117,117,0,234,12.0513,0.00028224
654,161,161,0,322,12.0621,0.00040704
655,8,8,0,8,75.25,0.00030308
656,15,15,0,8,76.4667,0.00071672
657,12,11,1,8,85.4545,0.00043744
658,5,5,0,10,12,1.056e-05
659,185,139,63,8,73.7842,0.0082212
660,222,115,167,8,76.687,0.00672892
661,9,9,0,18,12,1.888e-05
662,6,6,0,12,12,1.296e-05
663,105,105,0,210,12.0571,0.000256
664,111,111,0,222,12.0631,0.00030816
665,13,12,1,8,59.25,0.00054988
666,62,42,31,8,76.881,0.00232632
667,14,11,3,8,73.7273,0.00044704
668,84,68,21,8,80.6176,0.00391256
669,34,34,0,68,12.0588,7.92e-05
670,42,28,16,8,77.7143,0.00151376
671,8,8,0,16,12,1.68e-05
672,15,15,0,8,76,0.00068148
673,60,60,0,120,12.05,0.0001496
674,24,24,0,48,12.0417,6.288e-05
675,9,9,0,18,12,1.888e-05
676,35,22,16,8,73.3182,0.00112164
677,75,67,8,10,75.9701,0.003836
678,15,15,0,30,12,3.296e-05
679,57,57,0,114,12.0526,0.00013728
680,73,57,17,10,79.2456,0.00326856
681,104,81,34,10,78.8025,0.00467032
682,88,45,67,8,76.4444,0.00248964
683,219,168,62,8,74.5714,0.00997156
684,49,49,0,98,12.0612,0.00012992
685,65,65,0,130,12.0615,0.0001648
686,33,33,0,66,12.0303,7.584e-05
687,39,22,23,8,79.5455,0.00111084
688,155,128,40,10,74.5156,0.00746344
689,148,148,0,296,12.0676,0.00040912
690,15,15,0,30,12,3.296e-05
691,113,113,0,226,12.0619,0.00028512
692,99,75,25,10,77.7733,0.00433304
693,64,64,0,128,12.0625,0.0001752
694,49,33,27,8,74.1515,0.00176476
695,72,51,27,8,75.4706,0.0028872
696,29,29,0,58,12.0345,7.648e-05
697,91,76,15,10,78.1842,0.00430576
698,39,39,0,78,12.0513,0.00010432
699,69,69,0,138,12.058,0.00017984
700,51,44,7,10,73.9091,0.0024324
701,158,112,66,8,71.5179,0.0065828
702,35,35,0,70,12.0571,8.32e-05
703,105,105,0,210,12.0667,0.00028416
704,107,80,27,8,74.475,0.0046374
705,82,70,12,10,78.3429,0.00397024
706,67,67,0,134,12.0597,0.00017536
707,62,62,0,124,12.0645,0.000164
708,44,37,7,10,73.7297,0.00195544
709,9,9,0,8,78.1111,0.00035796
710,44,30,14,8,76.4,0.00163076
711,24,14,13,8,69.0714,0.0006352
712,28,28,0,56,12.0357,6.896e-05
713,6,6,0,12,12,1.264e-05
714,25,25,0,50,12.04,5.856e-05
715,11,11,0,22,12,2.368e-05
716,46,32,19,8,80.9688,0.00174964
717,7,7,0,8,77.8571,0.0002136
718,26,26,0,52,12.0385,6.096e-05
719,5,5,0,10,12,1.056e-05
720,104,83,25,8,67.9759,0.00479292
721,66,66,0,132,12.0606,0.00017168
722,26,21,5,8,76.9048,0.0010938
723,74,48,45,8,73.1667,0.00272556
724,91,51,71,10,75.3137,0.00280856
725,13,13,0,26,12,2.784e-05
726,43,43,0,86,12.0465,0.00010912
727,49,49,0,98,12.0612,0.00012704
728,49,38,19,8,68.7632,0.00207932
729,7,7,0,14,12,1.472e-05
730,32,28,4,8,75.3214,0.00146616
731,77,57,20,10,73.2807,0.00322976
732,25,25,0,50,12.04,5.824e-05
733,413,330,121,6,78.1879,0.0197829
734,16,16,0,32,12,3.536e-05
735,167,138,39,8,67.3913,0.00812588
736,22,16,6,8,78.125,0.00077316
737,62,43,23,10,77.0698,0.00241584
738,49,49,0,98,12.0612,0.0001344
739,283,283,0,566,12.0601,0.00070464
740,105,105,0,210,12.0571,0.000272
741,21,14,9,8,75.9286,0.00061744
742,11,11,0,22,12,2.496e-05
743,38,38,0,76,12.0526,9.904e-05
744,20,15,5,8,79.2667,0.00069456
745,10,10,0,20,12,2.288e-05
746,10,10,0,20,12,2.096e-05
747,82,69,13,10,74.5797,0.00393424
748,52,52,0,104,12.0577,0.00013424
749,59,37,41,8,72.5946,0.00202836
750,150,110,48,10,71.9455,0.00645176
751,35,35,0,70,12.0571,8.352e-05
752,95,95,0,190,12.0632,0.00024736
753,14,14,0,8,85.0714,0.00065668
754,60,41,27,10,73.2927,0.00219384
755,188,139,61,8,76.4173,0.0081938
756,14,9,5,8,78.3333,0.0003666
757,8,8,0,16,12,1.68e-05
758,38,38,0,76,12.0526,9.296e-05
759,134,134,0,268,12.0597,0.00034256
760,6,6,0,12,12,1.264e-05
761,38,35,3,8,69.0286,0.00189392
762,52,33,21,8,82.6364,0.00179552
763,19,11,12,8,76.2727,0.00048972
764,23,23,0,46,12.0435,4.992e-05
765,26,26,0,52,12.0385,6.832e-05
766,58,43,18,8,79.6744,0.0024176
767,7,7,0,14,12,1.472e-05
768,20,17,3,8,76.4118,0.00083756
769,36,36,0,72,12.0556,9.168e-05
770,37,21,24,8,79.8095,0.00106584
771,10,10,0,20,12,2.096e-05
772,19,19,0,38,12.0526,4.48e-05
773,64,43,31,10,76.6744,0.00231224
774,32,23,9,8,80.1304,0.0012146
775,58,38,34,8,77.8947,0.00208504
776,23,14,14,8,78.7857,0.00061988
777,39,39,0,78,12.0513,0.00010304
778,16,16,0,32,12,3.536e-05
779,32,32,0,64,12.0625,8.432e-05
780,10,10,0,20,12,2.192e-05
781,19,19,0,8,56.4211,0.00095984
782,153,106,73,8,77.1792,0.00622124
783,29,16,23,8,73.9375,0.00075852
784,11,11,0,22,12,2.304e-05
785,22,20,2,8,76.2,0.00099324
786,31,25,6,8,76.6,0.00133476
787,82,82,0,164,12.0488,0.00019536
788,9,9,0,18,12,1.888e-05
789,12,12,0,24,12,2.512e-05
790,16,16,0,32,12,3.568e-05
791,64,52,13,10,75.9808,0.00286632
792,39,39,0,78,12.0513,9.856e-05
793,11,11,0,8,79.2727,0.00047472
794,7,7,0,14,12,1.472e-05
795,319,245,100,8,77.3592,0.0146406
796,195,195,0,390,12.0615,0.00051776
797,56,45,14,10,81.9111,0.00244472
798,19,18,1,8,71.4444,0.00090864
799,39,39,0,78,12.0513,9.024e-05
800,146,130,17,10,79.7462,0.00762408
801,13,13,0,8,74.1538,0.00056608
802,8,8,0,16,12,1.68e-05
803,125,113,12,10,80.4425,0.00664512
804,98,98,0,196,12.0612,0.000244
805,23,13,10,8,79.9231,0.00058948
806,114,83,57,8,80.4578,0.00480452
807,37,22,18,8,82.6364,0.00111008
808,11,11,0,22,12,2.56e-05
809,75,75,0,150,12.0533,0.00019296
810,14,14,0,28,12,2.928e-05
811,13,13,0,8,83.8462,0.00057296
812,46,28,18,8,77.4286,0.00146992
813,8,8,0,16,12,1.68e-05
814,26,26,0,52,12.0385,7.152e-05
815,93,81,15,8,76.9877,0.00466992
816,56,56,0,112,12.0536,0.00013872
817,47,29,26,10,81.6552,0.0014628
818,28,28,0,56,12.0357,6.736e-05
819,56,42,14,8,82.0714,0.00234604
820,33,33,0,66,12.0606,8.896e-05
821,48,42,6,6,79.7381,0.00236508
822,13,13,0,8,84.3077,0.00057708
823,31,31,0,62,12.0323,7.52e-05
824,8,8,0,16,12,1.68e-05
825,129,95,44,8,80.3053,0.00551312
826,81,81,0,162,12.0617,0.0002288
827,77,55,39,10,71.6545,0.00306952
828,40,40,0,80,12.05,8.816e-05
829,86,57,29,10,79.9298,0.00316728
830,43,24,33,8,82.0417,0.00126112
831,44,22,33,8,73.7727,0.00110484
832,49,49,0,98,12.0612,0.00013568
833,22,22,0,44,12.0455,5.808e-05
834,117,98,20,8,79.2857,0.00573044
835,19,19,0,38,12.0526,4.576e-05
836,89,89,0,178,12.0562,0.00022784
837,104,75,38,10,80.8133,0.00431312
838,83,56,27,8,72.75,0.00317336
839,24,11,13,8,78.1818,0.00045068
840,63,63,0,126,12.0476,0.00015808
841,50,50,0,100,12.06,0.00012432
842,9,9,0,18,12,2.144e-05
843,8,8,0,8,87,0.00025232
844,17,13,4,8,77.7692,0.00060148
845,5,5,0,10,12,1.056e-05
846,82,68,15,10,78.75,0.00386696
847,8,8,0,16,12,1.68e-05
848,21,19,2,8,80.4211,0.00095524
849,57,57,0,114,12.0526,0.00014816
850,11,11,0,22,12,2.4e-05
851,37,32,5,10,78.8438,0.0016776
852,190,142,60,8,74.0845,0.00835804
853,22,22,0,44,12.0455,5.008e-05
854,107,107,0,214,12.0561,0.0002608
855,186,142,55,10,73.2535,0.00840328
856,129,129,0,258,12.062,0.00035488
857,10,10,0,20,12,2.096e-05
858,58,34,29,8,76.7353,0.00183876
859,30,30,0,60,12.0333,7.664e-05
860,77,61,16,8,81.5082,0.00350988
861,91,50,71,8,79.82,0.00282372
862,75,48,45,8,80.8125,0.00270116
863,53,34,34,8,75.5882,0.00186724
864,48,48,0,96,12.0625,0.00012592
865,47,47,0,94,12.0638,0.00012544
866,38,38,0,76,12.0526,9.744e-05
867,30,30,0,60,12.0333,6.96e-05
868,106,106,0,212,12.066,0.00028496
869,511,390,184,10,77.9923,0.0233377
870,357,357,0,714,12.0616,0.0008928
871,33,28,5,8,74.6429,0.00150092
872,56,43,13,10,78.6279,0.00240712
873,17,17,0,34,12,3.648e-05
874,38,38,0,76,12.0526,9.52e-05
875,29,18,11,8,83,0.00088976
876,11,11,0,22,12,2.336e-05
877,94,80,17,10,77.6875,0.00465744
878,13,13,0,8,71.9231,0.00056648
879,55,55,0,110,12.0545,0.00013792
880,8,8,0,16,12,1.68e-05
881,101,73,37,10,80.3699,0.00421384
882,143,108,42,8,77.4352,0.00634728
883,46,29,22,10,83.6552,0.00146904
884,65,65,0,130,12.0615,0.00018016
885,101,101,0,202,12.0594,0.0002672
886,57,38,25,10,77.8947,0.00207544
887,28,28,0,56,12.0357,7.248e-05
888,33,33,0,66,12.0606,8.864e-05
889,19,12,7,8,80.6667,0.00053992
890,80,53,48,10,80.3962,0.00298584
891,9,9,0,18,12,1.984e-05
892,45,45,0,90,12.0444,0.00010048
893,48,25,41,6,78.56,0.00134972
894,116,97,19,8,78.1134,0.005665
895,69,48,35,10,78.0417,0.00270648
896,72,55,17,8,75.2909,0.00310912
897,20,20,0,40,12.05,4.688e-05
898,54,33,21,8,78.7576,0.00177188
899,86,86,0,172,12.0581,0.00022288
900,45,45,0,90,12.0667,0.00012512
901,40,40,0,80,12.05,9.744e-05
902,20,20,0,8,76.8,0.00101008
903,29,29,0,58,12.0345,7.52e-05
904,11,11,0,22,12,2.304e-05
905,75,58,22,8,77.7414,0.00331004
906,20,13,7,8,82.2308,0.0005976
907,19,12,10,8,76.0833,0.0005366
908,46,46,0,92,12.0652,0.00012368
909,8,8,0,16,12,1.712e-05
910,143,130,20,8,74.3769,0.00767496
911,9,9,0,18,12,1.984e-05
912,50,43,7,10,80.7442,0.00241616
913,79,79,0,158,12.0506,0.00018112
914,34,34,0,68,12.0588,8.72e-05
915,62,46,21,10,75.6739,0.0026056
916,22,13,15,8,80.0769,0.00056348
917,34,34,0,68,12.0588,8.016e-05
918,8,8,0,16,12,1.68e-05
919,19,19,0,8,76.3158,0.00096024
920,11,11,0,22,12,2.304e-05
921,87,76,11,10,75.5658,0.00438664
922,482,387,124,8,78.0258,0.0232063
923,57,57,0,114,12.0526,0.00014464
924,333,333,0,666,12.0601,0.00082912
925,50,24,42,8,75.5417,0.00126168
926,26,23,3,8,76.7826,0.00118824
927,21,21,0,42,12.0476,5.28e-05
928,13,13,0,26,12,2.72e-05
929,16,11,5,8,77.1818,0.00048552
930,8,8,0,16,12,1.744e-05
931,103,81,25,8,82.2346,0.00471404
932,15,12,3,8,85.0833,0.000531
933,87,60,38,8,78.2167,0.00344012
934,71,71,0,142,12.0563,0.00018912
935,8,8,0,16,12,1.68e-05
936,57,57,0,114,12.0526,0.00015264
937,265,234,36,8,78.3547,0.0139656
938,76,49,36,10,80.2857,0.00277808
939,211,211,0,422,12.0664,0.0005792
940,45,45,0,90,12.0444,0.00011872
941,11,11,0,8,66.1818,0.00045504
942,182,142,47,8,75.8028,0.00841092
943,7,7,0,14,12,1.472e-05
944,169,118,71,8,78.7797,0.00692976
945,216,174,66,10,66.4253,0.0103241
946,101,101,0,202,12.0594,0.00025376
947,115,115,0,230,12.0609,0.000296
948,142,142,0,284,12.0634,0.00036816
949,58,45,14,10,84.0667,0.00246448
950,20,16,7,8,84.0625,0.00073792
951,40,40,0,80,12.05,0.00010288
952,10,10,0,20,12,2.096e-05
953,53,43,10,8,85.3953,0.00240076
954,32,32,0,64,12.0312,7.824e-05
955,69,46,33,8,65.3261,0.0025964
956,36,36,0,72,12.0556,8.688e-05
957,250,197,63,8,76.7766,0.0116943
958,168,168,0,336,12.0655,0.00046288
959,73,51,30,10,78.549,0.00282064
960,309,248,93,8,74.9274,0.014808
961,49,49,0,98,12.0612,0.00012832
962,199,199,0,398,12.0603,0.00048288
963,197,115,116,8,80.5391,0.00673504
964,107,107,0,214,12.0654,0.00030272
965,28,16,14,8,75.6875,0.00077308
966,12,12,0,24,12,2.768e-05
967,51,32,25,8,80.3125,0.00172456
968,73,44,39,8,82.5682,0.00244872
969,28,28,0,56,12.0357,7.728e-05
970,50,34,25,6,75.8235,0.0018804
971,37,37,0,74,12.0541,9.76e-05
972,30,30,0,60,12.0333,7.632e-05
973,46,27,20,8,73.7407,0.00144584
974,36,22,14,8,76.9545,0.00109744
975,39,22,17,8,73.4545,0.0011086
976,24,24,0,48,12.0417,6.064e-05
977,138,122,19,8,74.7213,0.0071646
978,19,19,0,38,12.0526,4.832e-05
979,20,20,0,40,12.05,5.104e-05
980,107,107,0,214,12.0561,0.00028032
981,23,23,0,8,56.2174,0.001161
982,9,9,0,8,64.4444,0.00034816
983,13,13,0,26,12,2.72e-05
984,16,16,0,8,75.6875,0.00079184
985,6,6,0,12,12,1.264e-05
986,9,9,0,18,12,1.888e-05
987,82,61,27,8,74.6393,0.00347512
988,44,44,0,88,12.0455,0.00011472
989,41,24,21,8,75.3333,0.0012552
990,9,6,5,8,81.5,0.00015864
991,22,22,0,44,12.0455,5.552e-05
992,4,4,0,8,12,8.48e-06
993,13,13,0,8,68,0.00055436
994,56,51,5,10,80.6078,0.00288736
995,8,8,0,16,12,1.68e-05
996,41,41,0,82,12.0488,9.216e-05
997,83,70,13,10,81.1857,0.00398224
998,61,61,0,122,12.0656,0.00016352
999,42,24,25,8,73.2917,0.00126224
1000,42,22,21,8,75.5909,0.00114572
1001,21,21,0,42,12.0476,4.992e-05
1002,19,19,0,38,12.0526,4.576e-05
1003,80,72,8,8,74.4028,0.00412812
1004,54,54,0,108,12.0556,0.000132
1005,280,246,39,8,74.8943,0.0146483
1006,50,33,17,8,79,0.00177828
1007,22,14,11,8,78.1429,0.00066456
1008,203,203,0,406,12.064,0.00054784
1009,25,25,0,50,12.04,6.304e-05
1010,9,9,0,18,12,1.92e-05
1011,58,54,4,10,75.2037,0.0029844
1012,44,44,0,88,12.0455,9.872e-05
1013,123,84,43,10,74.1905,0.0048864
1014,80,80,0,160,12.0625,0.0002232
1015,7,7,0,8,47.8571,0.00024744
1016,5,5,0,10,12,1.056e-05
1017,79,64,18,8,73.7969,0.00368164
1018,45,22,38,8,78.1364,0.001102
1019,53,53,0,106,12.0566,0.00012736
1020,15,15,0,30,12,3.36e-05
1021,18,12,6,8,77.6667,0.00054936
1022,112,99,13,10,79.2222,0.00572576
1023,78,78,0,156,12.0641,0.00020464
1024,11,11,0,8,81.5455,0.00044424
1025,77,69,8,8,76.9565,0.00399616
1026,7,7,0,14,12,1.472e-05
1027,52,52,0,104,12.0577,0.00012752
1028,64,53,11,8,71.4906,0.00298356
1029,17,9,14,6,75.2222,0.00039136
1030,44,44,0,88,12.0455,0.0001064
1031,6,6,0,12,12,1.264e-05
1032,31,31,0,8,65.871,0.00166504
1033,17,17,0,34,12,3.552e-05
1034,37,37,0,8,75.9459,0.00201864
1035,20,20,0,40,12.05,4.176e-05
1036,22,22,0,8,72.0455,0.00113132
1037,12,12,0,24,12,2.512e-05
1038,19,18,1,8,83.2222,0.0008946
1039,11,11,0,22,12,2.304e-05
1040,36,29,7,8,80.7241,0.00152132
1041,21,21,0,42,12.0476,5.024e-05
1042,53,43,10,10,81.4186,0.00238864
1043,158,111,66,8,75.8739,0.00652768
1044,8,6,2,8,78.3333,0.00017036
1045,987,801,277,8,75.8914,0.0482272
1046,33,33,0,66,12.0606,8.096e-05
1047,100,100,0,200,12.06,0.00026256
1048,12,12,0,8,75.5833,0.000529
1049,5,5,0,10,12,1.056e-05
1050,606,606,0,1212,12.0594,0.00148304
1051,56,43,13,8,81.0233,0.0023944
1052,36,20,23,8,80.2,0.0009888
1053,7,7,0,14,12,1.472e-05
1054,17,13,4,8,80.8462,0.00060148
1055,35,35,0,70,12.0571,9.024e-05
1056,17,17,0,34,12.0588,4.096e-05
1057,9,9,0,18,12,1.888e-05
1058,13,13,0,8,73.0769,0.00060772
1059,207,203,4,8,79.5172,0.0120504
1060,8,8,0,16,12,1.68e-05
1061,147,147,0,294,12.0544,0.00033472
1062,18,15,3,8,80.5333,0.00069512
1063,9,9,0,18,12,1.888e-05
1064,291,245,58,10,73.3714,0.0145962
1065,133,82,77,8,76.3902,0.004742
1066,65,47,23,8,82.5957,0.00262856
1067,186,186,0,372,12.0591,0.00048016
1068,73,73,0,146,12.0548,0.00018528
1069,38,38,0,76,12.0526,9.456e-05
1070,169,124,57,8,80.5242,0.00728592
1071,8,8,0,16,12,1.68e-05
1072,12,12,0,8,78.3333,0.00050596
1073,158,127,39,10,74.3937,0.0074116
1074,105,105,0,210,12.0571,0.00027584
1075,7,7,0,14,12,1.472e-05
1076,118,118,0,236,12.0593,0.00029808
1077,103,56,66,8,73.0179,0.00315936
1078,37,23,17,8,75.7391,0.00117608
1079,51,51,0,102,12.0588,0.00013152
1080,32,23,9,8,75.913,0.00120956
1081,16,16,0,32,12,3.664e-05
1082,35,22,19,8,77.0909,0.00114904
1083,47,36,17,8,78.5833,0.00196184
1084,26,15,18,8,76.4667,0.00070408
1085,85,58,47,6,66.6379,0.00338364
1086,14,14,0,28,12,3.056e-05
1087,13,13,0,26,12,2.752e-05
1088,30,30,0,60,12.0333,7.568e-05
1089,9,9,0,18,12,1.888e-05
1090,22,22,0,8,68.8636,0.00111696
1091,52,52,0,104,12.0577,0.00013008
1092,18,16,2,8,81.625,0.0007686
1093,29,15,15,8,78.4,0.00071736
1094,12,12,0,24,12,2.512e-05
1095,9,9,0,18,12,1.952e-05
1096,12,12,0,24,12,2.672e-05
1097,116,93,31,8,58.7097,0.00539492
1098,44,24,36,8,81.8333,0.00123084
1099,68,68,0,136,12.0588,0.00017648
1100,21,21,0,42,12.0476,5.152e-05
1101,95,85,10,8,75.5294,0.00494748
1102,46,26,30,8,76.8462,0.00136868
1103,147,116,42,8,76.0948,0.00682488
1104,13,9,4,8,76.1111,0.00035632
1105,63,63,0,126,12.0476,0.00015968
1106,23,23,0,46,12.0435,6.016e-05
1107,87,87,0,174,12.0575,0.00020896
1108,7,7,0,14,12,1.728e-05
1109,78,58,29,10,71.569,0.00327312
1110,198,135,74,10,76.1111,0.00793752
1111,55,55,0,110,12.0545,0.00015648
1112,124,124,0,248,12.0645,0.00033648
1113,25,24,1,8,78.75,0.0012482
1114,149,123,41,10,77.9512,0.007162
1115,85,42,70,8,82.619,0.00234744
1116,13,13,0,26,12,2.752e-05
1117,95,95,0,190,12.0526,0.00022688
1118,31,31,0,62,12.0323,6.912e-05
1119,87,51,38,8,75.7451,0.00290188
1120,49,49,0,98,12.0612,0.00012672
1121,16,16,0,8,38.4375,0.00075924
1122,261,244,20,8,74.8279,0.0145686
1123,9,9,0,18,12,1.888e-05
1124,160,160,0,320,12.0563,0.00038896
1125,8,8,0,8,72.375,0.00030712
1126,5,5,0,10,12,1.056e-05
1127,41,21,21,6,75.9524,0.00113
1128,25,25,0,50,12.04,5.568e-05
1129,108,95,13,8,72.2211,0.00554392
1130,70,70,0,140,12.0571,0.0001816
1131,395,340,73,8,73.3471,0.0203714
1132,268,268,0,536,12.0597,0.0006664
1133,37,37,0,8,60.8919,0.00202024
1134,20,20,0,40,12.05,4.176e-05
1135,12,12,0,8,80.5,0.0005062
1136,24,15,9,8,78.9333,0.00071084
1137,7,7,0,14,12,1.472e-05
1138,48,30,25,8,74.8,0.00162924
1139,12,12,0,24,12,2.768e-05
1140,28,28,0,56,12.0357,6.704e-05
1141,78,66,12,8,81.8333,0.003787
1142,58,58,0,116,12.0517,0.00015248
1143,95,83,12,8,75.5181,0.00480336
1144,58,58,0,116,12.0517,0.00014384
1145,52,44,11,10,70.7955,0.00237608
1146,31,31,0,62,12.0323,7.424e-05
1147,70,65,5,8,72.8462,0.003732
1148,46,46,0,92,12.0435,0.00010352
1149,46,40,6,8,69.6,0.00218896
1150,37,31,6,8,75.6774,0.00167584
1151,110,92,31,8,72.8261,0.00534552
1152,26,26,0,52,12.0385,6.256e-05
1153,23,23,0,46,12.0435,5.504e-05
1154,77,77,0,154,12.0519,0.00018464
1155,242,207,43,8,74.372,0.0123422
1156,24,15,15,8,73.1333,0.00071216
1157,152,152,0,304,12.0592,0.0003672
1158,36,21,19,8,76,0.00104096
1159,9,9,0,18,12,1.92e-05
1160,14,14,0,28,12,3.088e-05
1161,404,255,236,8,74.1098,0.0152439
1162,49,28,26,8,73.1429,0.00147512
1163,43,25,18,8,73.52,0.00131024
1164,220,220,0,440,12.0591,0.00055568
1165,35,18,17,8,72.1111,0.00088444
1166,25,25,0,50,12.04,6.912e-05
1167,23,23,0,46,12.0435,6.176e-05
1168,66,63,3,10,72.3016,0.00361184
1169,16,16,0,32,12,3.952e-05
1170,53,53,0,106,12.0377,0.0001184
1171,10,10,0,8,73,0.0004
1172,134,122,12,8,64.9344,0.00717488
1173,6,6,0,12,12,1.264e-05
1174,77,77,0,154,12.0519,0.00017632
1175,90,88,2,8,74.125,0.00513328
1176,47,47,0,94,12.0426,0.00010048
1177,32,25,7,8,81.2,0.00129548
1178,37,19,24,8,83.5263,0.00093864
1179,16,16,0,32,12,3.568e-05
1180,16,16,0,32,12,3.888e-05
1181,24,24,0,8,62.5417,0.0012716
1182,13,13,0,26,12,2.72e-05
1183,35,35,0,8,75.3714,0.001937
1184,19,19,0,38,12.0526,3.968e-05
1185,96,91,5,10,80.011,0.00521896
1186,71,71,0,142,12.0563,0.00017376
1187,47,47,0,8,77.7872,0.00265424
1188,25,25,0,50,12.04,5.216e-05
1189,63,57,6,10,67.8947,0.0032012
1190,49,49,0,98,12.0408,0.00011776
1191,26,26,0,8,70.3462,0.00134452
1192,14,14,0,28,12,2.928e-05
1193,21,21,0,8,76.7143,0.0010846
1194,39,39,0,8,75.2564,0.00214292
1195,12,12,0,24,12,2.512e-05
1196,14,14,0,8,56.2857,0.00065672
1197,16,16,0,8,61.875,0.00074268
1198,21,21,0,42,12.0476,4.384e-05
1199,8,8,0,16,12,1.68e-05
1200,412,370,52,8,73.2108,0.022195
1201,9,9,0,18,12,1.888e-05
1202,304,304,0,608,12.0658,0.0008168
1203,107,85,32,10,75.6588,0.00486552
1204,73,73,0,146,12.0685,0.00020864
1205,29,17,14,8,72.4118,0.00080296
1206,32,19,25,8,73,0.00093424
1207,12,12,0,24,12,2.608e-05
1208,18,18,0,36,12.0556,4.272e-05
1209,66,46,21,8,78.4565,0.00255932
1210,38,38,0,76,12.0526,0.00010192
1211,85,66,25,8,78.3939,0.00380904
1212,223,162,74,8,78.0123,0.00961156
1213,172,111,90,8,77.7297,0.00653232
1214,143,102,62,10,77.8333,0.00592856
1215,58,58,0,116,12.0517,0.00014576
1216,155,155,0,310,12.0645,0.0004288
1217,105,105,0,210,12.0571,0.00025824
1218,95,95,0,190,12.0632,0.00024832
1219,18,18,0,8,73.3333,0.00091272
1220,49,38,11,6,70.3684,0.00212272
1221,10,10,0,20,12,2.096e-05
1222,32,32,0,64,12.0625,8.08e-05
1223,90,73,19,10,73.5068,0.00418544
1224,23,23,0,8,80.5652,0.0012142
1225,60,60,0,120,12.05,0.00015952
1226,13,13,0,26,12,2.72e-05
1227,148,138,11,8,79.3333,0.0081194
1228,82,82,0,164,12.0488,0.0001912
1229,47,39,8,8,70.9231,0.00216684
1230,74,50,26,8,77.4,0.002804
1231,31,17,19,8,78.7647,0.00080584
1232,27,27,0,54,12.037,6.464e-05
1233,41,41,0,82,12.0488,0.00010976
1234,90,69,21,8,78.8406,0.00398732
1235,13,13,0,26,12,2.816e-05
1236,11,6,8,8,77.6667,0.0001666
1237,51,42,9,8,72.7857,0.00232756
1238,25,20,5,8,72.9,0.0010128
1239,61,61,0,122,12.0492,0.0001536
1240,5,5,0,10,12,1.056e-05
1241,13,13,0,26,12,2.784e-05
1242,401,310,106,10,78.4323,0.018523
1243,90,64,26,8,80.9531,0.003661
1244,278,278,0,556,12.0612,0.00072656
1245,59,59,0,118,12.0508,0.00014848
1246,385,286,140,8,75.9231,0.0170709
1247,154,95,82,8,79.7474,0.00553292
1248,265,265,0,530,12.0679,0.00074848
1249,88,88,0,176,12.0568,0.00022992
1250,367,315,64,8,79.4698,0.018865
1251,268,268,0,536,12.0597,0.00065808
1252,224,194,33,8,78.9845,0.0115406
1253,22,13,13,8,73.2308,0.00059544
1254,156,156,0,312,12.0577,0.00038096
1255,8,8,0,16,12,1.68e-05
1256,27,24,3,8,81.25,0.00123064
1257,145,103,49,8,78.2233,0.00601232
1258,14,14,0,28,12,3.024e-05
1259,94,94,0,188,12.0638,0.00024624
1260,55,46,9,10,87.3043,0.00259904
1261,8,8,0,8,81.375,0.00027948
1262,37,37,0,74,12.0541,9.248e-05
1263,5,5,0,10,12,1.056e-05
1264,46,32,14,8,80.5312,0.00170636
1265,28,28,0,56,12.0357,7.632e-05
1266,55,48,7,10,77.4583,0.00272632
1267,40,40,0,80,12.05,9.008e-05
1268,110,109,1,8,77.0092,0.00638268
1269,226,158,93,10,70.8101,0.00936968
1270,75,75,0,150,12.0533,0.00016832
1271,139,139,0,278,12.0576,0.00035008
1272,54,42,19,8,75.7857,0.0023234
1273,78,56,38,8,72.2679,0.0031978
1274,30,30,0,60,12.0333,7.6e-05
1275,327,215,163,10,75,0.0127553
1276,11,11,0,8,66,0.00044592
1277,46,45,1,10,76.1333,0.00250088
1278,54,54,0,108,12.0556,0.00014192
1279,205,205,0,410,12.0634,0.00054048
1280,7,7,0,14,12,1.472e-05
1281,34,34,0,68,12.0294,7.504e-05
1282,36,18,26,8,78.1111,0.00089332
1283,150,88,108,6,72.4659,0.00517352
1284,28,28,0,56,12.0357,6.736e-05
1285,166,137,33,8,71.7591,0.00805856
1286,14,14,0,28,12,3.088e-05
1287,80,80,0,160,12.0625,0.00021872
1288,118,118,0,236,12.0593,0.00031536
1289,30,23,7,8,82.5652,0.00119444
1290,59,33,40,8,76.8485,0.00180092
1291,45,26,29,8,75.8846,0.00137236
1292,14,14,0,28,12,2.992e-05
1293,45,25,27,8,75.48,0.00131076
1294,30,30,0,60,12.0333,6.96e-05
1295,23,23,0,46,12.0435,5.92e-05
1296,38,32,6,8,79.4062,0.00174092
1297,22,22,0,44,12.0455,5.52e-05
1298,35,19,17,8,81,0.00096328
1299,120,90,44,10,78.0222,0.00526112
1300,21,21,0,42,12.0476,4.608e-05
1301,16,16,0,32,12,3.792e-05
1302,82,82,0,164,12.061,0.00020656
1303,16,16,0,8,68.875,0.00078036
1304,9,9,0,18,12,1.888e-05
1305,59,49,10,10,75.3673,0.0027216
1306,36,36,0,72,12.0556,8.944e-05
1307,149,108,59,8,81.6574,0.00630752
1308,35,17,21,8,75.4118,0.00084516
1309,94,94,0,188,12.0532,0.00023408
1310,11,11,0,8,74.5455,0.00045744
1311,15,15,0,30,12,3.52e-05
1312,86,66,22,8,80.3333,0.00380408
1313,24,14,11,8,80.5714,0.00063224
1314,7,7,0,14,12,1.472e-05
1315,50,50,0,100,12.06,0.00012848
1316,17,13,4,8,73.1538,0.00060536
1317,53,37,24,8,77.8108,0.00202336
1318,10,10,0,20,12,2.224e-05
1319,9,9,0,18,12,1.888e-05
1320,31,31,0,62,12.0323,7.968e-05
1321,14,14,0,8,64.8571,0.00062856
1322,43,37,6,10,81.8108,0.00194776
1323,8,8,0,16,12,1.68e-05
1324,29,29,0,58,12.0345,6.944e-05
1325,11,10,1,8,85.7,0.00039748
1326,7,7,0,14,12,1.472e-05
1327,102,77,27,8,79.6753,0.0044674
1328,206,152,69,8,73.2105,0.00897548
1329,70,70,0,140,12.0571,0.00020272
1330,141,141,0,282,12.0638,0.00038816
1331,94,64,38,8,73.6719,0.00367316
1332,57,57,0,114,12.0526,0.00014144
1333,33,25,8,8,80.4,0.0013248
1334,51,29,36,8,66.6207,0.0015412
1335,350,262,119,10,77,0.015599
1336,18,18,0,36,12.0556,4.24e-05
1337,27,27,0,54,12.037,7.2e-05
1338,233,233,0,466,12.0601,0.00059104
1339,83,59,30,8,75.7119,0.00334044
1340,41,20,24,8,68.95,0.00098664
1341,47,47,0,94,12.0638,0.00012672
1342,562,393,237,10,74.374,0.0235638
1343,18,18,0,36,12.0556,4.784e-05
1344,60,42,20,8,77.8333,0.0023538
1345,42,26,32,8,75.6538,0.00137424
1346,349,349,0,698,12.063,0.00092192
1347,32,32,0,64,12.0625,8.016e-05
1348,76,48,43,8,72.2292,0.00267376
1349,23,23,0,46,12.0435,6.208e-05
1350,36,24,12,8,71.1667,0.0012194
1351,42,42,0,84,12.0476,0.00011344
1352,18,18,0,36,12.0556,4.016e-05
1353,10,10,0,8,67.7,0.00037216
1354,57,35,34,8,76.0286,0.0019358
1355,27,15,12,8,71.9333,0.00069076
1356,6,6,0,12,12,1.264e-05
1357,13,13,0,26,12,3.072e-05
1358,21,21,0,8,72.9524,0.00106936
1359,12,12,0,24,12,2.512e-05
1360,19,19,0,8,75.2632,0.0009402
1361,11,11,0,22,12,2.304e-05
1362,123,115,8,8,59.9217,0.00673072
1363,87,87,0,174,12.0575,0.00021856
1364,44,42,2,10,64.2857,0.00224888
1365,28,28,0,56,12.0357,6.384e-05
1366,93,72,27,10,66.6667,0.00414368
1367,56,56,0,112,12.0536,0.0001528
1368,11,11,0,8,78,0.00046668
1369,84,61,25,10,70.6393,0.00347232
1370,90,64,42,8,71.9531,0.00368372
1371,131,99,52,8,78.2727,0.005776
1372,7,7,0,14,12,1.472e-05
1373,54,54,0,108,12.0556,0.00014352
1374,59,59,0,118,12.0678,0.00016192
1375,87,87,0,174,12.0575,0.00022688
1376,187,149,46,10,74.1477,0.0087784
1377,130,130,0,260,12.0615,0.00034704
1378,5,5,0,8,62.2,0.00011048
1379,131,115,18,10,76.2783,0.00666864
1380,4,4,0,8,12,8.48e-06
1381,27,20,7,8,78.35,0.00101852
1382,96,96,0,192,12.0625,0.00025264
1383,29,15,25,8,72.5333,0.00070644
1384,15,15,0,30,12,3.328e-05
1385,23,22,1,8,78.2273,0.00112232
1386,12,12,0,24,12,2.672e-05
1387,68,50,20,10,74.36,0.00277808
1388,13,13,0,26,12,2.72e-05
1389,46,46,0,92,12.0652,0.00012688
1390,96,89,7,8,62.2809,0.00517012
1391,235,184,71,8,67.1848,0.0109135
1392,104,73,32,10,63.0685,0.0041608
1393,64,64,0,128,12.0469,0.00015504
1394,5,5,0,8,70.2,9.096e-05
1395,141,141,0,282,12.0567,0.00035744
1396,60,60,0,120,12.05,0.00015408
1397,4,4,0,8,12,8.48e-06
1398,110,83,35,10,66.5181,0.00480312
1399,171,146,25,10,72.9315,0.0086516
1400,67,67,0,134,12.0597,0.000176
1401,100,63,37,8,66.1746,0.00359512
1402,130,130,0,260,12.0615,0.00033168
1403,55,55,0,110,12.0545,0.00013696
1404,41,31,10,8,75,0.00168052
1405,70,49,21,10,76.3469,0.00267272
1406,22,22,0,44,12.0455,5.296e-05
1407,48,25,42,8,76.6,0.00127952
1408,41,26,17,8,64.8846,0.00134948
1409,46,46,0,92,12.0652,0.00012656
1410,23,23,0,46,12.0435,6.112e-05
1411,35,35,0,8,70.8286,0.00193016
1412,80,78,2,8,74.8205,0.0045228
1413,20,20,0,40,12.05,5.168e-05
1414,19,19,0,38,12.0526,3.968e-05
1415,58,58,0,116,12.0517,0.00013168
1416,36,25,11,8,79.68,0.00130268
1417,255,205,72,10,72.8878,0.012215
1418,19,19,0,38,12.0526,4.704e-05
1419,153,153,0,306,12.0588,0.00036544
1420,308,268,46,8,74.847,0.0159863
1421,220,220,0,440,12.0591,0.00055952
1422,98,68,43,10,80.1176,0.00389352
1423,33,33,0,66,12.0606,9.6e-05
1424,60,60,0,120,12.05,0.00015312
1425,201,134,91,8,81.4776,0.00792196
1426,125,125,0,250,12.064,0.00032512
1427,287,197,130,10,74.8832,0.0116658
1428,48,24,32,8,80.625,0.00126672
1429,207,171,38,8,75.848,0.0101111
1430,155,90,78,10,76.9778,0.0051664
1431,182,182,0,364,12.0604,0.00047376
1432,15,8,7,8,72.375,0.00029692
1433,21,21,0,42,12.0476,5.024e-05
1434,128,128,0,256,12.0625,0.00032944
1435,78,78,0,156,12.0513,0.00018928
1436,7,7,0,14,12,1.472e-05
1437,21,21,0,8,61.0476,0.00108992
1438,23,18,5,8,82.8333,0.00086944
1439,12,12,0,24,12,2.512e-05
1440,12,12,0,24,12,2.608e-05
1441,20,20,0,8,48.9,0.0010184
1442,11,11,0,22,12,2.304e-05
1443,50,36,14,8,65.8333,0.00194864
1444,161,134,32,10,68.8806,0.00792048
1445,25,25,0,50,12.04,5.568e-05
1446,117,117,0,234,12.0598,0.00031264
1447,365,280,89,10,78.6679,0.0166726
1448,235,235,0,470,12.0638,0.0006144
1449,17,17,0,8,78.7647,0.00080512
1450,10,10,0,20,12,2.096e-05
1451,50,34,18,8,75.8235,0.0018338
1452,92,59,35,8,66.3729,0.00335136
1453,26,26,0,52,12.0385,6.672e-05
1454,54,54,0,108,12.0556,0.00014096
1455,267,215,58,8,69.7023,0.012808
1456,70,39,35,8,73.8205,0.0021654
1457,19,12,7,8,80,0.00051748
1458,192,192,0,384,12.0677,0.00053904
1459,34,34,0,68,12.0588,8.912e-05
1460,10,10,0,20,12,2.352e-05
1461,71,48,23,8,77,0.00272064
1462,102,78,36,10,53.9231,0.00452728
1463,63,63,0,126,12.0635,0.0001664
1464,74,56,20,8,75.2143,0.00319496
1465,23,23,0,8,78,0.00118084
1466,41,41,0,82,12.0488,0.00010624
1467,13,13,0,26,12,2.72e-05
1468,65,44,30,8,74.9773,0.00244352
1469,41,41,0,82,12.0488,0.00010464
1470,136,110,34,8,77.8364,0.0064534
1471,83,83,0,166,12.0602,0.00021888
1472,219,146,106,8,80.3151,0.00861108
1473,137,137,0,274,12.0657,0.00036416
1474,87,45,72,8,76.8667,0.00251
1475,30,18,15,8,79.2222,0.0008784
1476,153,91,82,10,76.6923,0.00528296
1477,123,96,30,8,78.4792,0.00562852
1478,33,33,0,66,12.0303,7.616e-05
1479,14,14,0,28,12,3.088e-05
1480,84,84,0,168,12.0595,0.0002136
1481,88,88,0,176,12.0568,0.0002344
1482,45,26,26,8,79,0.00136272
1483,193,132,91,8,78.553,0.00780708
1484,43,25,35,8,78.56,0.0012956
1485,22,22,0,44,12.0455,5.936e-05
1486,11,11,0,8,77.5455,0.00044376
1487,124,124,0,248,12.0645,0.00033296
1488,23,23,0,46,12.0435,6.272e-05
1489,61,46,19,8,78.6304,0.00256644
1490,7,7,0,14,12,1.472e-05
1491,65,49,16,8,77.8571,0.00275696
1492,34,34,0,68,12.0588,8.88e-05
1493,42,42,0,84,12.0476,0.0001064
1494,57,50,7,8,82.8,0.00280732
1495,40,40,0,80,12.05,0.00010256
1496,82,57,28,10,82.5965,0.00324432
1497,327,259,87,8,75.3166,0.0154511
1498,215,127,132,8,71.6142,0.00746636
1499,97,55,59,8,75.7091,0.00311036
1500,50,50,0,100,12.06,0.00013456
1501,242,242,0,484,12.062,0.00064496
1502,118,118,0,236,12.0593,0.0003032
1503,50,50,0,100,12.06,0.00012464
1504,16,16,0,8,63.75,0.00077428
1505,9,9,0,18,12,1.888e-05
1506,67,36,48,8,70.1944,0.00198308
1507,48,21,31,6,82.4286,0.00113688
1508,31,31,0,62,12.0323,7.84e-05
1509,111,78,46,8,80.5897,0.00450444
1510,72,72,0,144,12.0556,0.00017968
1511,55,41,14,8,83.6341,0.00226848
1512,35,35,0,70,12.0571,9.664e-05
1513,96,80,18,10,82.5375,0.00463896
1514,69,69,0,138,12.058,0.00017856
1515,133,106,28,10,80.6321,0.00613984
1516,87,87,0,174,12.069,0.00024352
1517,84,50,43,8,76.54,0.00284812
1518,288,219,86,10,72.9863,0.0130164
1519,42,42,0,84,12.0476,0.00011728
1520,99,76,23,8,76.2237,0.00437148
1521,192,192,0,384,12.0625,0.00051024
1522,39,39,0,78,12.0513,0.00010144
1523,31,19,20,8,74.2632,0.0009608
1524,67,67,0,134,12.0448,0.00015904
1525,122,96,37,8,81.2188,0.00558316
1526,167,112,66,8,77.3839,0.00655004
1527,17,17,0,34,12.0588,4.096e-05
1528,63,36,46,8,64.5556,0.0019482
1529,83,83,0,166,12.0602,0.00023136
1530,107,107,0,214,12.0654,0.00029696
1531,21,21,0,42,12.0476,4.384e-05
1532,45,29,18,8,83.5862,0.00154268
1533,22,14,8,8,78.4286,0.00066748
1534,23,23,0,46,12.0435,5.632e-05
1535,86,67,28,10,80.2985,0.00377776
1536,25,14,12,8,76.5,0.00066784
1537,9,9,0,18,12,1.952e-05
1538,63,63,0,126,12.0476,0.00016064
1539,181,139,52,8,64.5252,0.00822124
1540,73,57,17,10,81.3509,0.00317688
1541,11,11,0,22,12,2.496e-05
1542,30,28,2,8,76.7143,0.00148876
1543,53,53,0,106,12.0566,0.00014752
1544,17,17,0,34,12,3.744e-05
1545,27,26,1,8,80.5,0.00139604
1546,39,22,25,8,79.9545,0.00113032
1547,8,6,2,8,85.6667,0.00016384
1548,14,8,7,8,68.125,0.00029524
1549,14,14,0,28,12,2.96e-05
1550,19,19,0,38,12.0526,4.416e-05
1551,5,5,0,10,12,1.056e-05
1552,6,6,0,12,12,1.392e-05
1553,246,215,38,8,75.4419,0.0128246
1554,29,22,7,8,80.9545,0.00112468
1555,163,163,0,326,12.0613,0.00042016
1556,14,14,0,28,12,3.024e-05
1557,14,9,5,8,77.1111,0.00035744
1558,8,8,0,16,12,1.776e-05
1559,40,20,28,8,76.4,0.00100952
1560,32,20,13,8,79.65,0.00102296
1561,15,15,0,30,12,3.264e-05
1562,13,13,0,26,12,2.816e-05
1563,10,10,0,8,72.2,0.00042036
1564,9,9,0,8,82,0.00033004
1565,62,38,42,8,80.0263,0.0020832
1566,6,6,0,12,12,1.264e-05
1567,6,6,0,12,12,1.264e-05
1568,34,34,0,68,12.0588,8.432e-05
1569,44,21,24,8,81.2857,0.0010456
1570,82,49,52,6,72.2449,0.00280224
1571,19,19,0,38,12.0526,4.736e-05
1572,46,46,0,92,12.0435,0.000116
1573,24,24,0,48,12.0417,5.328e-05
1574,16,16,0,8,70.125,0.00076984
1575,9,9,0,18,12,1.888e-05
1576,16,10,6,8,82.3,0.00039516
1577,46,23,24,8,62.8261,0.00119632
1578,27,15,14,8,65.9333,0.00068732
1579,8,8,0,16,12,1.84e-05
1580,21,21,0,42,12.0476,4.96e-05
1581,12,12,0,24,12,2.576e-05
1582,23,23,0,8,57.3478,0.00118628
1583,13,13,0,26,12,2.72e-05
1584,42,22,20,8,79.5455,0.0011478
1585,19,19,0,38,12.0526,4.768e-05
1586,11,11,0,8,78.2727,0.00046388
1587,81,62,20,10,81.0323,0.00354032
1588,7,7,0,14,12,1.472e-05
1589,57,57,0,114,12.0526,0.00014976
1590,107,77,34,10,80.8442,0.00439432
1591,51,31,29,8,81.5484,0.00166008
1592,68,68,0,136,12.0588,0.00018416
1593,28,28,0,56,12.0357,7.6e-05
1594,49,29,25,8,76,0.00156568
1595,26,26,0,52,12.0385,6.96e-05
1596,275,211,72,8,70.6682,0.0125696
1597,85,64,38,10,78.7031,0.00361368
1598,11,7,4,8,73.7143,0.00022048
1599,181,181,0,362,12.0608,0.00046624
1600,52,52,0,104,12.0577,0.00012496
1601,54,39,21,8,72.5897,0.00216168
1602,69,46,24,8,76.1957,0.00256928
1603,5,5,0,10,12,1.056e-05
1604,54,28,43,8,71.2143,0.00147584
1605,59,33,35,8,77.6667,0.00181608
1606,72,44,47,8,78,0.00242948
1607,34,34,0,68,12.0588,8.688e-05
1608,60,41,26,10,75.3902,0.00220448
1609,42,42,0,84,12.0476,0.00011984
1610,135,88,47,8,68.4318,0.0051358
1611,29,29,0,58,12.0345,7.776e-05
1612,35,35,0,70,12.0571,8.992e-05
1613,39,39,0,78,12.0513,9.824e-05
1614,109,109,0,218,12.055,0.00027072
1615,67,67,0,134,12.0597,0.00015904
1616,25,15,10,8,53.2667,0.00070176
1617,96,65,41,8,77.3846,0.00371876
1618,11,11,0,22,12,2.4e-05
1619,51,51,0,102,12.0588,0.00013984
1620,114,74,49,8,76.7297,0.00425988
1621,65,43,22,10,79.8837,0.00238144
1622,114,83,36,8,75.2289,0.00483808
1623,69,69,0,138,12.058,0.00018496
1624,37,37,0,74,12.0541,0.00010272
1625,74,74,0,148,12.0541,0.00019728
1626,69,45,28,8,70.3778,0.0024938
1627,37,19,23,8,77.6316,0.00095324
1628,93,63,31,8,68.2222,0.0036288
1629,87,62,36,10,73.0968,0.00356984
1630,36,36,0,72,12.0556,9.744e-05
1631,6,6,0,8,69.5,0.00018004
1632,15,15,0,30,12,3.328e-05
1633,57,57,0,114,12.0526,0.00015168
1634,49,49,0,98,12.0612,0.00012608
1635,13,13,0,8,71.6154,0.00057952
1636,4,4,0,8,12,8.48e-06
1637,8,8,0,16,12,1.68e-05
1638,14,14,0,8,72.6429,0.0006522
1639,20,12,9,8,80.0833,0.00049956
1640,94,66,28,8,65.2879,0.00379092
1641,8,8,0,16,12,1.68e-05
1642,10,10,0,20,12,2.224e-05
1643,53,53,0,106,12.0566,0.00013088
1644,8,8,0,8,63.375,0.00028288
1645,214,178,41,10,73.7865,0.0105161
1646,5,5,0,10,12,1.056e-05
1647,151,151,0,302,12.0662,0.00040672
1648,56,35,38,8,67.6286,0.00189696
1649,166,137,29,8,69.4526,0.00807564
1650,18,18,0,36,12,3.792e-05
1651,133,133,0,266,12.0602,0.00035072
1652,16,9,7,8,74,0.00031784
1653,76,37,44,6,73.3243,0.00207588
1654,34,17,17,8,77.1765,0.0008428
1655,7,7,0,14,12,1.632e-05
1656,43,43,0,86,12.0465,9.92e-05
1657,159,138,21,8,73.3913,0.00813868
1658,13,13,0,26,12,2.848e-05
1659,45,38,7,8,76.7368,0.00212032
1660,104,104,0,208,12.0577,0.00027184
1661,26,26,0,52,12.0385,6.448e-05
1662,15,11,4,8,70.9091,0.00045628
1663,8,8,0,16,12,1.712e-05
1664,31,24,8,8,71.2083,0.00124268
1665,159,121,45,8,70.7686,0.00712848
1666,16,16,0,32,12,3.6e-05
1667,107,107,0,214,12.0561,0.00027552
1668,76,58,22,8,60.6034,0.0033098
1669,66,60,6,10,64.8833,0.00336
1670,46,46,0,92,12.0652,0.00012144
1671,52,34,18,8,65.1471,0.00183876
1672,48,48,0,96,12.0625,0.00012048
1673,30,30,0,60,12.0333,7.664e-05
1674,16,16,0,8,60.3125,0.0007738
1675,50,50,0,8,67.78,0.0028354
1676,9,9,0,18,12,1.888e-05
1677,26,26,0,52,12.0385,5.424e-05
1678,77,59,19,8,68.7458,0.00338996
1679,47,47,0,94,12.0638,0.00012448
1680,16,16,0,32,12,3.408e-05
1681,13,13,0,8,70,0.00058796
1682,8,8,0,16,12,1.68e-05
1683,42,33,9,8,75.7879,0.00180136
1684,21,21,0,42,12.0476,4.864e-05
1685,245,211,43,10,75.9526,0.0125798
1686,58,34,34,8,59.7647,0.0018354
1687,161,161,0,322,12.0621,0.0004032
1688,30,30,0,60,12.0667,8.336e-05
1689,73,66,9,10,78.6667,0.0037928
1690,40,40,0,80,12.05,8.848e-05
1691,64,47,26,8,73.3404,0.00264136
1692,40,40,0,80,12.05,9.552e-05
1693,8,8,0,8,58,0.000307
1694,20,20,0,8,73.65,0.00100944
1695,5,5,0,10,12,1.056e-05
1696,11,11,0,22,12,2.304e-05
1697,41,27,15,8,77.3704,0.00144444
1698,22,22,0,44,12.0455,5.648e-05
1699,23,23,0,8,66.5217,0.00120484
1700,82,70,14,10,82.8571,0.00395496
1701,13,13,0,26,12,2.72e-05
1702,62,62,0,124,12.0645,0.00016496
1703,35,19,23,8,71.3684,0.00096472
1704,68,56,20,8,76.5179,0.00320876
1705,12,12,0,24,12,2.576e-05
1706,44,44,0,88,12.0455,0.000108
1707,14,14,0,8,81.9286,0.00064272
1708,26,22,4,8,83.3636,0.00114092
1709,8,8,0,16,12,1.68e-05
1710,13,13,0,26,12,2.72e-05
1711,59,59,0,8,59.1864,0.00333944
1712,16,16,0,8,51.5,0.00077128
1713,13,13,0,8,62.0769,0.00058436
1714,31,31,0,62,12.0323,6.464e-05
1715,9,9,0,18,12,1.888e-05
1716,8,8,0,16,12,1.68e-05
1717,42,42,0,8,47.3571,0.0023274
1718,22,22,0,44,12.0455,4.592e-05
1719,102,97,5,10,72.1649,0.00565528
1720,75,75,0,150,12.0533,0.00018208
1721,38,33,5,8,81.7273,0.0018146
1722,305,254,63,8,70.9803,0.0151463
1723,32,18,26,8,63.6667,0.00090744
1724,22,22,0,44,12.0455,5.168e-05
1725,197,197,0,394,12.0558,0.00048384
1726,16,16,0,32,12,3.792e-05
1727,47,40,7,10,77.075,0.00221224
1728,32,32,0,64,12.0312,7.792e-05
1729,92,79,13,10,75.6076,0.00454928
1730,46,33,13,10,78.2121,0.00174424
1731,66,66,0,132,12.0606,0.00017488
1732,27,27,0,54,12.037,6.656e-05
1733,70,59,13,8,72.0678,0.00334644
1734,45,45,0,90,12.0444,0.00011008
1735,151,135,18,8,78.1926,0.00793796
1736,7,7,0,8,76.2857,0.00023084
1737,108,108,0,216,12.0556,0.00027984
1738,5,5,0,10,12,1.056e-05
1739,41,34,7,8,79.5,0.0018684
1740,24,24,0,48,12.0417,5.744e-05
1741,12,12,0,8,78,0.00055024
1742,54,37,21,10,63.5405,0.0020016
1743,7,7,0,14,12,1.472e-05
1744,34,34,0,68,12.0588,8.752e-05
1745,50,49,1,8,73.2041,0.00273404
1746,17,17,0,8,76.5882,0.00082188
1747,27,27,0,54,12.037,5.76e-05
1748,10,10,0,20,12,2.096e-05
1749,168,145,26,10,74.5034,0.00855272
1750,119,119,0,238,12.0588,0.00031776
1751,18,18,0,8,77.2222,0.00090216
1752,10,10,0,20,12,2.096e-05
1753,155,134,24,10,80.306,0.00788304
1754,117,117,0,234,12.0684,0.00033568
1755,29,16,18,8,81.5625,0.00077648
1756,34,19,23,8,75.1579,0.00094496
1757,131,108,28,8,79.5,0.00631752
1758,13,13,0,26,12,3.04e-05
1759,11,11,0,22,12,2.304e-05
1760,89,89,0,178,12.0562,0.00023808
1761,56,43,13,8,82.1395,0.00238908
1762,95,64,47,8,74.3594,0.00369252
1763,35,35,0,70,12.0571,9.376e-05
1764,55,55,0,110,12.0545,0.00013824
1765,50,29,30,8,73.7931,0.00156464
1766,21,16,5,10,80.8125,0.00070744
1767,27,27,0,54,12.037,7.52e-05
1768,12,12,0,24,12,2.64e-05
1769,32,31,2,10,74.6774,0.00161256
1770,19,19,0,38,12.0526,4.128e-05
1771,38,24,18,8,69.75,0.00125552
1772,771,642,161,10,75.3006,0.0385887
1773,20,20,0,40,12.05,4.944e-05
1774,80,63,17,8,82.5714,0.00359456
1775,504,504,0,1008,12.0635,0.00129936
1776,55,55,0,110,12.0545,0.0001568
1777,23,19,4,8,79.3158,0.00096556
1778,56,38,25,10,76.8158,0.0021212
1779,12,12,0,24,12,2.512e-05
1780,35,35,0,70,12.0571,9.12e-05
1781,113,90,27,8,76.6667,0.005235
1782,33,23,11,8,80.8261,0.00116596
1783,68,68,0,136,12.0588,0.00017776
1784,782,591,256,8,77.7783,0.0355197
1785,15,15,0,30,12,3.296e-05
1786,514,514,0,1028,12.0623,0.00132944
1787,164,163,1,8,74.9509,0.00965712
1788,103,103,0,206,12.0485,0.00022752
1789,40,40,0,8,57.075,0.0022326
1790,21,21,0,42,12.0476,4.384e-05
1791,88,87,1,10,75.1954,0.00504784
1792,64,64,0,128,12.0469,0.00014032
1793,99,75,34,8,76.68,0.00431308
1794,64,64,0,128,12.0469,0.00015248
1795,49,39,10,8,76.5128,0.00215936
1796,193,171,22,8,78.0643,0.0101099
1797,23,23,0,46,12.0435,4.992e-05
1798,51,35,17,8,78.2,0.00191604
1799,164,164,0,328,12.061,0.00043824
1800,29,29,0,58,12.0345,7.968e-05
1801,51,36,15,8,75.6944,0.0019668
1802,39,21,21,8,82.4762,0.00106484
1803,78,48,33,8,78.4583,0.00272104
1804,83,51,46,8,76.6863,0.00287392
1805,28,28,0,56,12.0357,7.312e-05
1806,19,19,0,38,12.0526,4.416e-05
1807,44,44,0,88,12.0455,0.00011792
1808,49,49,0,98,12.0612,0.00012736
1809,15,15,0,8,65.4,0.00072108
1810,9,9,0,18,12,1.888e-05
1811,34,34,0,8,73.1765,0.0018436
1812,18,18,0,36,12,3.76e-05
1813,111,84,40,10,81.5476,0.00479888
1814,74,74,0,148,12.0676,0.0002072
1815,112,73,53,8,78.8356,0.00423828
1816,64,64,0,128,12.0625,0.00016624
1817,81,64,17,10,82.4531,0.00368976
1818,55,55,0,110,12.0545,0.0001456
1819,40,20,29,8,77.6,0.00099404
1820,67,44,28,10,77.5,0.00237328
1821,15,15,0,30,12,3.296e-05
1822,40,40,0,80,12.05,0.0001112
1823,33,24,9,8,82.9167,0.00126504
1824,36,20,28,8,75.25,0.00098372
1825,97,77,20,8,78.974,0.00442852
1826,17,17,0,34,12,3.936e-05
1827,12,12,0,24,12,2.512e-05
1828,54,42,22,8,70.0714,0.00234956
1829,66,66,0,132,12.0455,0.00015664
1830,14,14,0,8,73.4286,0.00065868
1831,99,86,15,10,78.9884,0.00492976
1832,30,30,0,60,12.0333,7.696e-05
1833,47,28,26,8,78.8571,0.00150512
1834,8,8,0,16,12,1.68e-05
1835,73,73,0,146,12.0548,0.00018112
1836,26,26,0,52,12.0385,7.088e-05
1837,166,108,70,8,78.9537,0.00631744
1838,72,61,11,10,78.2295,0.00348496
1839,102,102,0,204,12.0588,0.0002664
1840,52,52,0,104,12.0577,0.00011792
1841,118,97,23,8,76.7526,0.0056782
1842,154,106,62,10,80.5283,0.00612816
1843,308,240,82,8,78.15,0.0143169
1844,80,80,0,160,12.0625,0.00022416
1845,97,97,0,194,12.0619,0.00025024
1846,213,213,0,426,12.0657,0.00056672
1847,9,9,0,8,65.1111,0.0003378
1848,16,16,0,8,72.75,0.0007566
1849,6,6,0,12,12,1.264e-05
1850,9,9,0,18,12,1.888e-05
1851,41,37,4,8,75.7568,0.00203072
1852,62,44,23,8,75.25,0.00246952
1853,59,37,37,8,77.8378,0.00201076
1854,121,86,53,8,77.8256,0.00502532
1855,21,21,0,42,12.0476,4.448e-05
1856,35,35,0,70,12.0571,8.768e-05
1857,31,31,0,62,12.0645,8.192e-05
1858,72,72,0,144,12.0556,0.00019152
1859,34,18,28,6,81.2222,0.0009452
1860,158,134,28,8,75.8209,0.00790272
1861,24,24,0,48,12.0417,5.328e-05
1862,112,112,0,224,12.0625,0.00029072
1863,26,21,5,8,82.4286,0.00105228
1864,53,32,31,8,73.0938,0.00170316
1865,49,28,38,8,75.9643,0.00155856
1866,13,13,0,26,12,2.784e-05
1867,30,30,0,60,12.0667,7.856e-05
1868,22,22,0,8,71.9545,0.00109728
1869,27,27,0,54,12.037,7.168e-05
1870,33,24,9,8,77.5417,0.0012272
1871,50,34,31,8,75.4118,0.00185332
1872,44,21,39,6,78.9524,0.0011112
1873,12,12,0,24,12,2.512e-05
1874,17,17,0,34,12.0588,3.936e-05
1875,29,29,0,58,12.0345,7.456e-05
1876,19,19,0,38,12.0526,4.768e-05
1877,71,49,29,8,69.898,0.0027704
1878,125,106,21,6,78.8774,0.0062352
1879,35,35,0,70,12.0571,8.64e-05
1880,91,91,0,182,12.0659,0.00024416
1881,27,22,5,8,83.9545,0.0011234
1882,339,269,108,10,76.5651,0.0159838
1883,13,13,0,26,12,2.752e-05
1884,46,22,36,8,65,0.001121
1885,238,238,0,476,12.063,0.00060496
1886,20,20,0,40,12.05,4.816e-05
1887,39,29,10,8,77.8966,0.00154472
1888,97,82,15,8,79.1098,0.00473344
1889,134,74,74,8,79.5541,0.0042742
1890,22,22,0,44,12.0455,5.424e-05
1891,54,54,0,108,12.0556,0.00012528
1892,72,72,0,144,12.0556,0.0001944
1893,49,37,12,10,83.4324,0.0019908
1894,30,30,0,60,12.0333,7.696e-05
1895,12,12,0,8,81.25,0.00051828
1896,7,7,0,14,12,1.472e-05
1897,22,22,0,8,76.8182,0.00113796
1898,13,13,0,8,83.3846,0.00056584
1899,12,12,0,24,12,2.512e-05
1900,8,8,0,16,12,1.68e-05
1901,102,93,10,8,81.1075,0.00543736
1902,78,78,0,156,12.0513,0.00018544
1903,74,52,30,10,79.4808,0.00290104
1904,101,75,32,8,77.52,0.004337
1905,46,46,0,92,12.0652,0.000132
1906,226,173,69,8,72.6647,0.010271
1907,61,61,0,122,12.0492,0.0001552
1908,138,138,0,276,12.058,0.0003512
1909,56,39,32,8,79.6923,0.00216768
1910,354,228,216,8,77.9035,0.013591
1911,32,32,0,64,12.0312,7.568e-05
1912,201,201,0,402,12.0647,0.00053568
1913,252,170,94,8,76.1176,0.0100792
1914,156,156,0,312,12.0641,0.00042736
1915,222,189,44,10,80.9259,0.0111582
1916,171,171,0,342,12.0702,0.00049056
1917,21,17,4,8,78.5294,0.00082744
1918,45,26,27,8,80.8462,0.00138228
1919,27,14,21,8,74,0.00063352
1920,11,11,0,22,12,2.304e-05
1921,24,24,0,48,12.0417,6.576e-05
1922,71,51,26,8,70.6275,0.00287868
1923,10,10,0,20,12,2.096e-05
1924,62,36,34,8,77.3056,0.00198712
1925,1043,876,230,6,75.5925,0.0528051
1926,51,24,45,8,78.9167,0.0012664
1927,381,299,103,10,74.9866,0.0178558
1928,32,32,0,64,12.0625,8.432e-05
1929,678,678,0,1356,12.059,0.00164656
1930,15,15,0,30,12,3.136e-05
1931,264,264,0,528,12.0606,0.00065776
1932,61,48,16,8,71.7292,0.00271968
1933,39,39,0,78,12.0513,9.472e-05
1934,27,25,2,8,81.2,0.00130032
1935,15,15,0,30,12,3.2e-05
1936,95,88,8,10,77.3409,0.00512312
1937,285,217,71,8,68.023,0.0129059
1938,77,77,0,154,12.0519,0.00017792
1939,181,181,0,362,12.0663,0.00049792
1940,67,44,32,8,64.4091,0.00246964
1941,155,124,35,10,75.5161,0.00724832
1942,125,77,65,8,70.9091,0.00446276
1943,41,41,0,82,12.0488,0.00011072
1944,88,88,0,176,12.0568,0.00021296
1945,66,66,0,132,12.0606,0.00017168
1946,129,118,13,8,77.3729,0.00694048
1947,88,88,0,176,12.0568,0.00022256
1948,111,91,22,10,78.5604,0.00529696
1949,73,73,0,146,12.0548,0.00018272
1950,79,43,48,8,77.9767,0.00238932
1951,31,31,0,62,12.0323,7.712e-05
1952,117,90,38,8,70.9556,0.00522088
1953,72,72,0,144,12.0556,0.00018128
1954,72,57,17,8,80.7544,0.0032646
1955,45,45,0,90,12.0444,0.00011744
1956,6,5,1,8,78.2,0.00011544
1957,4,4,0,8,12,8.48e-06
1958,21,21,0,8,37.9048,0.00105872
1959,12,12,0,24,12,2.512e-05
1960,62,38,34,8,68.9474,0.0020678
1961,24,24,0,48,12.0417,5.392e-05
1962,27,27,0,8,27.2963,0.00144064
1963,52,52,0,8,38.2692,0.00291768
1964,15,15,0,30,12,3.136e-05
1965,27,27,0,54,12.037,5.632e-05
1966,316,236,112,10,76.0466,0.0140002
1967,203,203,0,406,12.0591,0.0005152
1968,137,87,65,8,73.3908,0.0050552
1969,35,18,30,8,83.1667,0.00086084
1970,68,37,37,8,75.3784,0.00203436
1971,71,71,0,142,12.0563,0.0001744
1972,12,12,0,24,12,2.64e-05
1973,33,33,0,66,12.0606,8.736e-05
1974,147,112,39,10,76.3393,0.00649936
1975,49,27,31,8,68.3704,0.0014186
1976,39,39,0,78,12.0513,9.952e-05
1977,97,97,0,194,12.0619,0.00026624
1978,19,13,7,8,73,0.00058272
1979,25,25,0,50,12.04,6.24e-05
1980,282,181,163,8,71.8619,0.0107601
1981,9,9,0,18,12,2.048e-05
1982,6,6,0,8,65.3333,0.00014188
1983,18,18,0,8,71.3333,0.00089244
1984,19,16,3,8,78.1875,0.00077152
1985,122,97,25,8,74.268,0.00566048
1986,43,25,31,8,71.28,0.00128088
1987,4,4,0,8,12,8.48e-06
1988,10,10,0,20,12,2.096e-05
1989,10,10,0,20,12,2.096e-05
1990,84,84,0,168,12.0595,0.0002152
1991,23,23,0,46,12.0435,6.4e-05
1992,102,78,35,8,65.5256,0.00454168
1993,60,60,0,120,12.05,0.00014256
1994,350,278,77,8,75.8813,0.0166183
1995,19,15,4,8,82.6667,0.00068184
1996,253,253,0,506,12.0632,0.00067552
1997,10,10,0,20,12,2.224e-05
1998,144,109,40,8,73.6972,0.00637484
1999,100,100,0,200,12.06,0.0002536
2000,9,6,3,6,81.8333,0.00020524
2001,57,27,38,8,76.2963,0.00140476
2002,110,85,28,8,60.2471,0.00495628
2003,162,104,67,8,73.8654,0.00607712
2004,12,12,0,24,12,2.576e-05
2005,25,25,0,50,12.04,6.464e-05
2006,74,74,0,148,12.0541,0.00019536
2007,100,100,0,200,12.06,0.00025936
2008,71,52,28,10,61.9038,0.00286656
2009,47,47,0,94,12.0426,0.00012032
2010,200,173,33,8,69.815,0.010287
2011,119,119,0,238,12.0588,0.0003056
2012,45,45,0,8,69.5333,0.00252176
2013,19,19,0,8,52.2632,0.00094904
2014,24,24,0,48,12.0417,5.008e-05
2015,11,11,0,22,12,2.304e-05
2016,98,65,47,10,77.7846,0.00373872
2017,108,80,34,8,77.5125,0.0046578
2018,55,55,0,110,12.0545,0.0001536
2019,50,31,33,8,66.9355,0.0016768
2020,73,73,0,146,12.0548,0.00018976
2021,27,27,0,54,12.037,7.072e-05
2022,70,55,15,10,81.2182,0.00314728
2023,48,48,0,96,12.0625,0.00013072
2024,80,59,25,8,72.5254,0.00335836
2025,84,48,55,8,73.75,0.00271996
2026,6,6,0,8,78.8333,0.00014928
2027,48,48,0,96,12.0625,0.00012368
2028,46,46,0,92,12.0435,0.00011536
2029,4,4,0,8,12,8.48e-06
2030,90,66,24,10,74.8939,0.0037308
2031,76,42,36,8,76.2143,0.00232992
2032,62,62,0,124,12.0645,0.00016336
2033,8,8,0,8,60.125,0.00026948
2034,27,27,0,54,12.037,5.76e-05
2035,15,15,0,8,44.0667,0.00071676
2036,52,52,0,8,73.4615,0.00294396
2037,5,5,0,10,12,1.056e-05
2038,116,106,12,10,80.8962,0.00615448
2039,9,9,0,18,12,1.888e-05
2040,27,27,0,54,12.037,5.632e-05
2041,77,77,0,154,12.0519,0.000192
2042,203,157,56,10,75.9554,0.0092248
2043,217,162,66,8,79.0741,0.00957016
2044,22,13,10,8,77,0.00056992
2045,128,128,0,256,12.0625,0.0003272
2046,41,20,35,8,76.3,0.00101988
2047,141,141,0,282,12.0638,0.00037344
2048,11,11,0,22,12,2.464e-05
2049,216,168,51,8,75.5298,0.00995804
2050,18,18,0,36,12.0556,4.4e-05
2051,148,148,0,296,12.0608,0.00036304
2052,101,80,29,8,76.8,0.00462352
2053,137,137,0,274,12.0584,0.00035392
2054,58,58,0,116,12.0517,0.00014896
2055,14,9,5,8,73.8889,0.00033484
2056,85,63,22,8,75.1111,0.00361128
2057,6,6,0,12,12,1.264e-05
2058,55,55,0,110,12.0545,0.00014464
2059,45,25,20,8,75.56,0.00128164
2060,23,23,0,46,12.0435,6.112e-05
2061,29,27,2,8,78.2593,0.0014038
2062,116,78,52,8,74.5385,0.00452468
2063,33,19,14,8,73.1579,0.00096708
2064,87,66,36,6,69.697,0.00381648
2065,16,16,0,32,12,3.504e-05
2066,66,66,0,132,12.0606,0.00017232
2067,83,64,33,8,41.4375,0.00368312
2068,13,13,0,26,12,2.816e-05
2069,55,55,0,110,12.0545,0.00014784
2070,36,23,13,8,80.3913,0.00120468
2071,49,25,40,8,71.8,0.00132496
2072,14,14,0,28,12,2.928e-05
2073,22,22,0,44,12.0455,5.584e-05
2074,310,263,55,8,73.0646,0.0156886
2075,49,34,15,8,77.1765,0.00185392
2076,211,175,44,10,76.4457,0.0103218
2077,216,216,0,432,12.0602,0.00055536
2078,28,28,0,56,12.0357,7.568e-05
2079,75,58,17,10,71.8793,0.00326016
2080,14,11,3,8,77.4545,0.000462
2081,150,150,0,300,12.06,0.0003656
2082,45,26,36,8,75.0769,0.00139188
2083,54,54,0,108,12.0556,0.0001384
2084,8,8,0,16,12,1.744e-05
2085,24,24,0,48,12.0417,5.68e-05
2086,37,37,0,8,66.1351,0.00201228
2087,20,20,0,40,12.05,4.176e-05
2088,112,80,40,10,78.7625,0.00465952
2089,44,28,16,8,78,0.00150164
2090,75,75,0,150,12.0667,0.0002064
2091,25,25,0,50,12.04,6.624e-05
2092,82,58,36,8,78.3276,0.00331692
2093,62,43,21,10,82.4884,0.002354
2094,46,46,0,92,12.0435,0.00012016
2095,139,109,45,10,79.7706,0.00633528
2096,39,39,0,78,12.0513,0.0001024
2097,70,49,22,8,71.8571,0.00277316
2098,96,96,0,192,12.0625,0.00025264
2099,8,6,2,8,77.5,0.00015676
2100,37,37,0,74,12.0541,9.632e-05
2101,208,185,27,8,78.1027,0.0109644
2102,104,57,72,8,69.1053,0.00323816
2103,31,18,17,8,58.3333,0.00090384
2104,4,4,0,8,12,9.12e-06
2105,116,68,73,6,76.7353,0.00396192
2106,163,163,0,326,12.0613,0.00041664
2107,43,43,0,86,12.0465,0.00010016
2108,11,11,0,22,12,2.304e-05
2109,25,20,5,8,71.1,0.00102776
2110,63,63,0,126,12.0476,0.00015296
2111,12,12,0,24,12,2.512e-05
2112,182,151,38,10,77.9007,0.0089368
2113,36,21,20,8,67.4762,0.00105644
2114,136,136,0,272,12.0662,0.00038096
2115,15,15,0,30,12,3.328e-05
2116,80,62,21,10,79.0645,0.00346192
2117,47,47,0,94,12.0638,0.00012064
2118,22,22,0,8,69.5909,0.00112472
2119,12,12,0,24,12,2.512e-05
2120,13,13,0,8,74.1538,0.000606
2121,8,7,1,8,74.5714,0.00023604
2122,8,8,0,16,12,1.68e-05
2123,4,4,0,8,12,8.8e-06
2124,7,7,0,8,75.8571,0.0001934
2125,80,69,13,8,77.7826,0.00397568
2126,5,5,0,10,12,1.056e-05
2127,55,55,0,110,12.0545,0.00013312
2128,44,44,0,88,12.0455,0.00010192
2129,20,20,0,8,75.3,0.0010274
2130,106,82,36,8,73.122,0.0047348
2131,11,11,0,22,12,2.304e-05
2132,70,57,13,10,71.3509,0.00316624
2133,79,79,0,158,12.0633,0.00021056
2134,22,19,3,8,75,0.00093784
2135,47,47,0,94,12.0638,0.0001232
2136,11,11,0,22,12,2.304e-05
2137,14,14,0,8,60.7857,0.00063404
2138,8,8,0,16,12,1.68e-05
2139,11,11,0,8,40.8182,0.00047516
2140,7,7,0,14,12,1.472e-05
2141,53,53,0,8,32.0566,0.00297324
2142,28,28,0,56,12.0357,5.84e-05
2143,103,102,1,8,58.4902,0.00594752
2144,16,16,0,8,38.6875,0.0007796
2145,54,54,0,108,12.037,0.00011248
2146,9,9,0,18,12,1.888e-05
2147,12,12,0,8,61.25,0.0005372
2148,8,8,0,8,68.5,0.00026516
2149,7,7,0,14,12,1.472e-05
2150,5,5,0,10,12,1.056e-05
2151,16,16,0,8,80.1875,0.00073644
2152,31,26,5,6,77.4615,0.0014386
2153,9,9,0,18,12,1.888e-05
2154,10,10,0,8,73.7,0.00039136
2155,24,24,0,48,12.0417,5.232e-05
2156,41,27,16,8,80.037,0.00142568
2157,55,35,26,8,71.2857,0.00191564
2158,6,6,0,12,12,1.264e-05
2159,21,21,0,42,12.0476,5.184e-05
2160,33,33,0,66,12.0606,9.184e-05
2161,60,43,27,8,69.5116,0.00241764
2162,97,64,41,4,70.625,0.00375364
2163,34,34,0,68,12.0588,7.984e-05
2164,23,16,7,8,81.875,0.00076364
2165,66,66,0,132,12.0606,0.00016912
2166,11,11,0,22,12,2.368e-05
2167,28,27,1,8,65.1111,0.001439
2168,412,349,71,10,75.212,0.0209304
2169,15,15,0,30,12,3.136e-05
2170,275,275,0,550,12.0582,0.0006736
2171,99,69,32,10,79.2464,0.00389392
2172,61,61,0,122,12.0656,0.00016448
2173,85,75,10,10,78.72,0.00432216
2174,64,64,0,128,12.0625,0.00016144
2175,65,54,11,8,76.2963,0.00305884
2176,43,43,0,86,12.0465,0.00010048
2177,40,25,20,8,76.48,0.00131764
2178,21,21,0,42,12.0476,5.28e-05
2179,42,31,12,8,74.8387,0.00168036
2180,30,16,25,8,63.6875,0.0007916
2181,25,25,0,50,12.04,6.272e-05
2182,11,11,0,22,12,2.496e-05
2183,39,34,5,10,79.9412,0.00179592
2184,22,22,0,44,12.0455,4.816e-05
2185,32,22,10,6,80.3182,0.00115572
2186,22,22,0,44,12.0455,4.784e-05
2187,64,50,16,8,76.14,0.0028378
2188,23,17,6,8,83.3529,0.00080456
2189,39,39,0,78,12.0513,0.000104
2190,68,51,26,8,72.6863,0.00286344
2191,183,132,77,8,75.8788,0.00784784
2192,11,11,0,22,12,2.304e-05
2193,9,9,0,8,69.2222,0.00031456
2194,38,38,0,76,12.0526,9.328e-05
2195,128,128,0,256,12.0625,0.00034064
2196,126,91,45,10,75.0879,0.0053204
2197,6,6,0,12,12,1.264e-05
2198,49,35,20,8,78.7143,0.00189904
2199,79,79,0,158,12.0633,0.00022624
2200,118,63,85,8,73.4127,0.0035972
2201,113,71,66,6,78.2676,0.00415408
2202,45,33,17,8,73.3939,0.0017984
2203,26,26,0,52,12.0385,6.416e-05
2204,60,60,0,120,12.0667,0.00016656
2205,60,60,0,120,12.05,0.00015664
2206,27,27,0,54,12.037,6.304e-05
2207,22,22,0,8,73.5909,0.00112604
2208,57,39,18,8,76.7436,0.00218148
2209,12,12,0,24,12,2.512e-05
2210,34,34,0,68,12.0294,8.016e-05
2211,44,31,17,8,81.0645,0.00166988
2212,34,16,23,8,83.5625,0.0007606
2213,62,38,42,6,64.5,0.00215396
2214,44,22,35,8,78.9091,0.00113188
2215,22,22,0,44,12.0455,5.008e-05
2216,14,14,0,28,12,3.184e-05
2217,35,35,0,70,12.0571,8.8e-05
2218,13,13,0,26,12,2.752e-05
2219,135,71,100,8,72.3803,0.00410928
2220,133,133,0,8,58.2932,0.00782164
2221,68,68,0,136,12.0441,0.0001416
2222,15,15,0,8,71.8667,0.00071956
2223,70,55,21,10,79.6,0.00305008
2224,9,9,0,18,12,1.888e-05
2225,80,62,34,8,70.371,0.00357152
2226,46,46,0,92,12.0652,0.00012528
2227,32,19,20,8,64.2105,0.00093676
2228,52,52,0,104,12.0577,0.00013008
2229,14,14,0,28,12,3.12e-05
2230,61,45,16,8,83.9333,0.00248964
2231,155,100,77,8,79.97,0.00583928
2232,34,34,0,68,12.0588,8.848e-05
2233,32,19,18,8,83.7368,0.00096556
2234,41,34,7,10,76.1176,0.00182224
2235,17,17,0,34,12.0588,4.128e-05
2236,12,12,0,8,79.4167,0.00050268
2237,26,26,0,52,12.0385,6.416e-05
2238,31,31,0,8,78.2581,0.00168668
2239,7,7,0,14,12,1.472e-05
2240,17,17,0,34,12,3.552e-05
2241,583,472,139,8,77.4682,0.028319
2242,102,81,21,10,81.9753,0.00469064
2243,421,421,0,842,12.0641,0.00110016
2244,8,8,0,8,71.875,0.0002728
2245,73,73,0,146,12.0548,0.00019584
2246,5,5,0,10,12,1.056e-05
2247,53,42,12,10,79.8333,0.00232568
2248,36,36,0,72,12.0556,9.136e-05
2249,37,20,22,8,78.75,0.00100612
2250,19,19,0,38,12.0526,4.576e-05
2251,17,14,3,8,74.6429,0.00066012
2252,73,62,11,8,71.9194,0.00354368
2253,27,21,6,8,79.4762,0.00107348
2254,10,10,0,20,12,2.192e-05
2255,46,46,0,92,12.0435,0.00011152
2256,14,14,0,28,12,2.928e-05
2257,27,27,0,8,62.5926,0.00145692
2258,15,15,0,30,12,3.136e-05
2259,27,27,0,8,72.9259,0.0014096
2260,15,15,0,30,12,3.136e-05
2261,63,40,28,6,80.625,0.00229284
2262,42,42,0,84,12.0476,0.00010288
2263,35,28,7,8,82.1071,0.00151092
2264,103,73,43,8,76.5479,0.0041828
2265,20,20,0,40,12.05,4.688e-05
2266,55,55,0,110,12.0545,0.00014432
2267,73,49,33,8,78.8776,0.00276304
2268,182,136,68,8,71.9779,0.00804444
2269,41,41,0,82,12.0488,0.000112
2270,81,54,49,10,74.8333,0.00300288
2271,111,111,0,222,12.0541,0.0002768
2272,65,44,26,8,76.3636,0.00243716
2273,50,50,0,100,12.06,0.00013328
2274,42,42,0,84,12.0476,0.00011056
2275,36,21,20,8,75.381,0.00105312
2276,19,19,0,38,12.0526,4.48e-05
2277,113,79,44,10,73.443,0.00459968
2278,27,20,7,8,83.65,0.00101696
2279,49,29,32,8,80.2069,0.00153164
2280,67,67,0,134,12.0597,0.0001904
2281,14,14,0,28,12,3.088e-05
2282,199,175,27,8,80,0.0103922
2283,27,27,0,54,12.037,7.392e-05
2284,38,32,6,10,78.4062,0.00175704
2285,140,140,0,280,12.0571,0.0003576
2286,110,66,68,8,80.4091,0.00379432
2287,22,22,0,44,12.0455,4.944e-05
2288,7,7,0,8,70.7143,0.00022128
2289,57,57,0,114,12.0526,0.00013952
2290,63,63,0,126,12.0635,0.00016832
2291,5,5,0,10,12,1.056e-05
2292,51,31,26,10,77.7419,0.00165496
2293,31,18,15,8,82.1667,0.00086712
2294,29,29,0,58,12.069,8.128e-05
2295,15,15,0,30,12,3.648e-05
2296,90,90,0,180,12.0556,0.00023984
2297,62,56,6,8,77.9464,0.003172
2298,57,37,35,10,79.3514,0.00201968
2299,45,45,0,90,12.0444,0.00011072
2300,35,35,0,70,12.0571,8.32e-05
2301,86,78,8,8,83.0385,0.00451652
2302,59,59,0,118,12.0508,0.00014464
2303,32,18,14,8,82.1667,0.00086776
2304,15,15,0,30,12,3.2e-05
2305,11,11,0,8,75.6364,0.0004354
2306,7,7,0,14,12,1.472e-05
2307,220,170,59,10,81.6765,0.010047
2308,93,69,28,10,63.0435,0.00395464
2309,73,53,26,10,66.6415,0.00301032
2310,133,133,0,266,12.0602,0.0003376
2311,62,62,0,124,12.0645,0.0001784
2312,71,57,16,10,80.4211,0.0032212
2313,20,14,11,8,78.7857,0.00065476
2314,51,51,0,102,12.0588,0.0001472
2315,35,26,9,8,74.6154,0.0013608
2316,9,9,0,18,12,1.92e-05
2317,68,53,26,6,64.1509,0.00303016
2318,38,26,17,8,66.7308,0.001391
2319,19,19,0,38,12.0526,4.64e-05
2320,59,40,34,8,45.85,0.00219776
2321,40,40,0,80,12.05,9.424e-05
2322,21,21,0,42,12.0476,5.152e-05
2323,33,33,0,66,12.0606,8.128e-05
2324,6,6,0,8,56.5,0.0001558
2325,51,51,0,8,66.549,0.00285392
2326,4,4,0,8,12,8.48e-06
2327,27,27,0,54,12.037,5.632e-05
2328,37,37,0,8,56.027,0.00206216
2329,20,20,0,40,12.05,4.176e-05
2330,110,97,13,10,74.8557,0.005644
2331,73,73,0,146,12.0548,0.00018496
2332,68,46,38,8,70.1522,0.00255272
2333,32,17,20,8,83.4706,0.00083032
2334,35,35,0,70,12.0571,8.704e-05
2335,12,12,0,24,12,2.608e-05
2336,13,13,0,8,77,0.00058292
2337,90,78,14,8,80.7308,0.00458248
2338,8,8,0,16,12,1.68e-05
2339,78,78,0,156,12.0513,0.0001928
2340,118,94,25,10,81.4043,0.00548808
2341,54,36,29,10,78.7778,0.00196096
2342,83,83,0,166,12.0602,0.00021696
2343,93,56,58,10,80.4464,0.0031984
2344,34,34,0,68,12.0588,9.008e-05
2345,52,52,0,104,12.0577,0.00013776
2346,131,97,46,8,79.1753,0.00566356
2347,61,45,20,10,82.6444,0.00248448
2348,85,85,0,170,12.0588,0.00023584
2349,13,8,5,8,74,0.00026772
2350,74,53,33,8,79.283,0.00300512
2351,40,40,0,80,12.05,0.00010864
2352,7,7,0,14,12,1.472e-05
2353,44,44,0,88,12.0455,0.00011664
2354,13,13,0,8,85.0769,0.00056152
2355,12,12,0,8,77.3333,0.00050204
2356,8,8,0,16,12,1.68e-05
2357,7,7,0,14,12,1.472e-05
2358,92,64,36,6,76.0156,0.00375204
2359,535,449,112,8,76.0668,0.0269369
2360,58,58,0,116,12.0517,0.00015472
2361,364,364,0,728,12.0604,0.00091408
2362,181,152,31,8,75.7566,0.0089672
2363,122,122,0,244,12.0574,0.00031408
2364,16,16,0,8,65.9375,0.00078488
2365,36,22,14,8,81.9091,0.00110196
2366,9,9,0,18,12,1.888e-05
2367,64,50,14,6,78.38,0.002895
2368,203,167,48,10,78.2036,0.00988968
2369,17,17,0,34,12.0588,4.128e-05
2370,56,45,11,8,79.2889,0.00251668
2371,47,47,0,94,12.0426,0.00012
2372,139,139,0,278,12.0576,0.00035392
2373,39,39,0,78,12.0513,9.6e-05
2374,150,126,24,10,80.4762,0.00738888
2375,50,50,0,100,12.06,0.00013424
2376,120,120,0,240,12.0583,0.00032368
2377,152,128,30,10,80.5625,0.00748192
2378,118,118,0,236,12.0593,0.00031664
2379,8,8,0,8,86.125,0.00030832
2380,144,109,47,8,76.422,0.006378
2381,5,5,0,10,12,1.056e-05
2382,84,84,0,168,12.0595,0.00020464
2383,58,44,16,8,79.25,0.00242972
2384,19,11,10,8,86.5455,0.00048308
2385,218,190,39,8,76.7368,0.0112676
2386,37,37,0,74,12.0541,0.00010208
2387,45,22,31,8,77.2727,0.0011238
2388,9,9,0,18,12,2.016e-05
2389,60,40,33,10,76.575,0.0021476
2390,26,15,18,8,79.4667,0.00069632
2391,142,142,0,284,12.0563,0.00034192
2392,18,18,0,36,12.0556,4.016e-05
2393,37,37,0,74,12.0541,0.00010368
2394,11,11,0,22,12,2.496e-05
2395,27,19,8,8,73.5789,0.0009402
2396,96,78,18,8,79.8974,0.00450576
2397,13,13,0,26,12,2.848e-05
2398,58,58,0,116,12.0517,0.00014928
2399,31,16,19,8,82.5,0.00077108
2400,11,11,0,22,12,2.4e-05
2401,23,23,0,8,77.2174,0.00116172
2402,13,13,0,26,12,2.72e-05
2403,25,25,0,8,75.12,0.00133632
2404,14,14,0,28,12,2.928e-05
2405,100,95,5,10,73.2421,0.0055156
2406,64,64,0,128,12.0469,0.00015312
2407,99,81,18,10,81.2469,0.00469056
2408,75,75,0,150,12.0667,0.00020768
2409,123,100,23,10,80.6,0.00576808
2410,82,82,0,164,12.061,0.00022864
2411,26,15,14,8,79.2,0.00068076
2412,10,10,0,20,12,2.16e-05
2413,40,20,31,8,81.6,0.0010232
2414,88,64,45,8,67.7031,0.00364924
2415,14,14,0,28,12,3.024e-05
2416,38,38,0,76,12.0526,8.368e-05
2417,78,75,3,10,81.08,0.00431624
2418,66,66,0,132,12.0455,0.0001592
2419,13,13,0,8,84.4615,0.00057556
2420,8,8,0,16,12,1.68e-05
2421,603,463,216,8,78.6695,0.0277982
2422,119,101,18,8,82.4455,0.00591604
2423,391,391,0,782,12.0639,0.00101056
2424,321,281,43,10,76.5872,0.016755
2425,85,85,0,170,12.0588,0.00021984
2426,218,218,0,436,12.0642,0.00056688
2427,29,24,5,8,83.5417,0.00127056
2428,15,15,0,30,12,3.296e-05
2429,6,6,0,8,72.3333,0.00015
2430,179,149,36,10,79.3893,0.00881552
2431,4,4,0,8,12,8.48e-06
2432,18,18,0,8,73.3889,0.00086592
2433,137,137,0,274,12.0657,0.00038848
2434,10,10,0,20,12,2.096e-05
2435,75,50,29,8,81.36,0.00280928
2436,45,45,0,90,12.0667,0.00012352
2437,75,45,44,8,75.2,0.00251524
2438,38,38,0,76,12.0526,8.848e-05
2439,12,12,0,8,71.5833,0.0005472
2440,7,7,0,14,12,1.472e-05
2441,96,73,23,10,79.2466,0.00414808
2442,64,64,0,128,12.0625,0.00016592
2443,38,34,4,8,79.8235,0.00183684
2444,22,22,0,44,12.0455,5.104e-05
2445,17,17,0,8,51.2941,0.00080128
2446,10,10,0,20,12,2.096e-05
2447,9,8,1,8,84.25,0.00026716
2448,5,5,0,10,12,1.088e-05
2449,39,29,10,8,79.3103,0.00154908
2450,22,22,0,44,12.0455,5.616e-05
2451,31,29,2,10,81.2414,0.00150472
2452,19,19,0,38,12.0526,4.096e-05
2453,17,17,0,8,73.0588,0.00080216
2454,10,10,0,20,12,2.096e-05
2455,102,94,8,8,75.3298,0.0054748
2456,83,77,6,8,78.3377,0.00445792
2457,76,76,0,152,12.0526,0.00019312
2458,65,65,0,130,12.0615,0.00016256
2459,139,101,52,8,76.4455,0.00592176
2460,96,96,0,192,12.0625,0.00025936
2461,185,148,45,8,77.9189,0.00876556
2462,120,120,0,240,12.0583,0.00030352
2463,87,67,24,10,78.4925,0.00377216
2464,30,26,4,8,81.8462,0.00139696
2465,69,39,44,8,78.641,0.00212984
2466,56,56,0,112,12.0536,0.00015088
2467,16,16,0,32,12,3.6e-05
2468,35,35,0,70,12.0571,9.056e-05
2469,17,17,0,8,68.8824,0.00082692
2470,10,10,0,20,12,2.096e-05
2471,68,48,20,8,80,0.00267676
2472,609,392,309,8,75.9643,0.0234881
2473,65,44,34,8,81.8864,0.00243576
2474,41,41,0,82,12.0488,0.00010944
2475,69,42,35,8,79.4048,0.0023308
2476,379,379,0,758,12.0686,0.00106624
2477,39,39,0,78,12.0513,0.00010624
2478,38,38,0,76,12.0526,0.0001016
2479,40,29,11,8,81.8621,0.00156552
2480,45,25,27,8,80.92,0.00129544
2481,20,20,0,40,12.05,4.56e-05
2482,16,15,1,8,80.2,0.00073156
2483,23,23,0,46,12.0435,6.4e-05
2484,18,15,3,8,84.7333,0.00068552
2485,135,85,59,10,72.8706,0.00486856
2486,9,9,0,18,12,1.888e-05
2487,117,100,20,8,75.71,0.0058146
2488,60,39,38,8,77.2051,0.00215252
2489,9,9,0,18,12,1.888e-05
2490,79,79,0,158,12.0633,0.0002096
2491,77,77,0,154,12.0519,0.00019456
2492,32,32,0,64,12.0312,7.696e-05
2493,38,33,5,10,76.4242,0.00177824
2494,74,54,24,8,77.537,0.00308348
2495,16,10,7,8,78.6,0.00037864
2496,425,302,153,10,77.096,0.0180023
2497,70,43,48,6,78.7907,0.00242552
2498,45,24,38,8,76.3333,0.0012276
2499,44,44,0,88,12.0455,0.0001144
2500,8,8,0,16,12,1.84e-05
2501,64,44,36,8,63.2045,0.002443
2502,277,277,0,554,12.065,0.00073536
2503,37,37,0,74,12.0541,9.216e-05
2504,13,13,0,26,12,2.72e-05
2505,34,34,0,68,12.0588,8.112e-05
2506,104,84,23,10,81.0119,0.00480856
2507,75,75,0,150,12.0533,0.00019072
2508,9,9,0,8,81.3333,0.0003434
2509,6,6,0,12,12,1.264e-05
2510,24,18,6,8,82.3889,0.00088244
2511,11,11,0,22,12,2.304e-05
2512,16,16,0,8,81.5,0.00077292
2513,9,9,0,18,12,1.888e-05
2514,78,69,9,8,78.2899,0.0039838
2515,60,37,35,8,68.0811,0.00202064
2516,60,60,0,120,12.05,0.000148
2517,34,34,0,68,12.0588,8.336e-05
2518,29,18,11,8,80.5,0.0008612
2519,15,15,0,30,12,3.648e-05
2520,44,43,1,10,76,0.00236184
2521,32,32,0,64,12.0312,7.056e-05
2522,28,27,1,8,71.4444,0.00144916
2523,17,17,0,8,79.7059,0.00083936
2524,90,68,29,8,74.2059,0.00389056
2525,15,15,0,30,12,3.136e-05
2526,10,10,0,20,12,2.096e-05
2527,51,51,0,102,12.0588,0.00012768
2528,36,28,8,8,73.8571,0.00147256
2529,18,18,0,36,12.0556,4.048e-05
2530,87,77,10,10,74.5065,0.00443488
2531,24,24,0,8,74.7917,0.00124772
2532,56,56,0,112,12.0536,0.00013968
2533,13,13,0,26,12,2.72e-05
2534,72,50,31,10,77.14,0.00283688
2535,45,45,0,90,12.0667,0.00012064
2536,89,77,16,10,76.6494,0.004426
2537,70,40,35,8,75.15,0.00221064
2538,65,65,0,130,12.0615,0.00016608
2539,36,36,0,72,12.0556,9.232e-05
2540,90,82,8,10,82.3659,0.00467376
2541,58,58,0,116,12.0517,0.00014256
2542,74,64,10,10,79.8438,0.00364984
2543,55,45,10,8,76.0444,0.00249876
2544,54,54,0,108,12.0556,0.00013744
2545,28,28,0,56,12.0357,6.224e-05
2546,45,38,7,8,65.6053,0.00210712
2547,70,58,12,10,77.7759,0.00329136
2548,26,26,0,52,12.0385,6.288e-05
2549,242,221,25,8,76.5068,0.0131544
2550,43,43,0,86,12.0465,0.00010784
2551,169,169,0,338,12.0592,0.00040672
2552,72,46,39,10,74.1304,0.00260472
2553,121,79,64,8,77,0.00455496
2554,43,43,0,86,12.0698,0.00012384
2555,64,64,0,128,12.0469,0.00015344
2556,24,24,0,48,12.0417,5.648e-05
2557,28,27,2,8,68,0.00142416
2558,55,40,18,10,79.325,0.00216168
2559,15,15,0,30,12,3.2e-05
2560,36,36,0,72,12.0556,9.04e-05
2561,26,20,6,8,82.5,0.0010144
2562,94,78,16,8,78.9744,0.00449028
2563,16,12,4,8,78.5833,0.00050436
2564,69,69,0,138,12.058,0.00017888
2565,135,102,55,8,72.902,0.00597796
2566,8,8,0,16,12,1.68e-05
2567,94,94,0,188,12.0532,0.00023728
2568,66,53,15,8,75.1698,0.00302288
2569,45,45,0,90,12.0444,0.00011872
2570,17,17,0,8,76.5882,0.00081784
2571,102,76,39,8,73.7105,0.00438256
2572,112,87,36,8,78.7701,0.00507172
2573,110,72,68,8,74.6389,0.00412468
2574,10,10,0,20,12,2.096e-05
2575,70,70,0,140,12.0571,0.00016752
2576,72,72,0,144,12.0556,0.0001784
2577,62,62,0,124,12.0645,0.00016272
2578,6,6,0,8,75.3333,0.0001536
2579,4,4,0,8,12,8.48e-06
2580,115,90,25,10,77.8778,0.0051744
2581,202,160,56,8,70.85,0.009459
2582,78,78,0,156,12.0641,0.0002232
2583,21,12,9,6,76.5833,0.00056376
2584,123,123,0,246,12.0569,0.00032096
2585,153,120,39,8,67.4167,0.00706964
2586,18,18,0,36,12.0556,3.952e-05
2587,185,120,83,8,74.1917,0.00708
2588,15,8,11,8,78.625,0.00025272
2589,93,93,0,186,12.0538,0.00023968
2590,114,114,0,228,12.0614,0.00030384
2591,6,6,0,12,12,1.328e-05
2592,58,41,17,8,66.122,0.00226432
2593,35,35,0,70,12.0571,8.736e-05
2594,196,181,17,10,75.9061,0.0106626
2595,131,131,0,262,12.0611,0.00033216
2596,13,11,2,8,80.6364,0.00047948
2597,90,58,54,8,72.431,0.00331468
2598,8,8,0,16,12,1.68e-05
2599,56,56,0,112,12.0536,0.000148
2600,42,22,36,8,72.3182,0.00110472
2601,19,19,0,38,12.0526,4.48e-05
2602,122,101,22,8,75.4752,0.00592336
2603,51,27,38,8,74.1481,0.00141152
2604,78,78,0,156,12.0513,0.00019376
2605,15,13,2,8,75.9231,0.00060204
2606,26,26,0,52,12.0385,6.32e-05
2607,9,9,0,18,12,2.016e-05
2608,38,35,3,8,65.7429,0.00191964
2609,37,23,17,8,77.913,0.0011646
2610,21,21,0,42,12.0476,4.48e-05
2611,17,17,0,34,12,3.808e-05
2612,128,98,30,8,79.6531,0.00573936
2613,19,19,0,8,46.6842,0.00094452
2614,222,203,22,10,71.4433,0.0120725
2615,11,11,0,8,58.9091,0.0004804
2616,11,11,0,22,12,2.304e-05
2617,149,149,0,298,12.0604,0.0003888
2618,7,7,0,14,12,1.472e-05
2619,12,12,0,24,12,2.608e-05
2620,63,52,11,8,71.1731,0.00296028
2621,169,152,20,8,76.2829,0.0090082
2622,38,38,0,76,12.0526,9.936e-05
2623,127,127,0,254,12.063,0.00033024
2624,116,99,17,10,71.3232,0.0057244
2625,16,15,1,8,78,0.00070324
2626,87,87,0,174,12.0575,0.00023104
2627,9,9,0,18,12,1.888e-05
2628,39,25,19,8,78.88,0.00130748
2629,20,20,0,40,12.05,4.656e-05
2630,129,103,28,8,77.835,0.00600836
2631,31,18,16,8,75.7778,0.00085584
2632,83,83,0,166,12.0602,0.00020384
2633,12,12,0,24,12,2.608e-05
2634,57,43,18,8,70.7209,0.00239496
2635,153,128,30,10,79.2656,0.0075288
2636,32,32,0,64,12.0625,8.048e-05
2637,117,117,0,234,12.0598,0.00030016
2638,38,37,1,10,79.3784,0.0019788
2639,26,26,0,52,12.0385,5.712e-05
2640,123,79,57,8,77.8861,0.00457564
2641,90,56,63,6,67.1071,0.00325768
2642,106,68,56,6,73.0735,0.00393756
2643,75,75,0,150,12.0667,0.00020384
2644,42,42,0,84,12.0476,0.00010544
2645,63,63,0,126,12.0635,0.0001744
2646,327,283,61,8,77.6855,0.0169331
2647,247,247,0,494,12.0607,0.0006336
2648,25,18,8,8,82.6111,0.0008844
2649,11,11,0,22,12,2.432e-05
2650,9,9,0,8,67.5556,0.00033928
2651,44,36,8,8,80.9722,0.0019704
2652,6,6,0,12,12,1.264e-05
2653,46,28,21,8,72.5357,0.00150608
2654,25,25,0,50,12.04,5.568e-05
2655,72,62,11,8,77.8548,0.00353124
2656,79,45,63,8,75.6,0.00250852
2657,71,45,34,8,80.0222,0.00252356
2658,23,23,0,46,12.0435,5.856e-05
2659,48,48,0,96,12.0417,0.00011728
2660,40,40,0,80,12.05,9.968e-05
2661,41,41,0,82,12.0488,0.00010784
2662,43,29,24,8,81.6552,0.00156248
2663,248,212,41,10,71.0708,0.0125337
2664,26,15,12,8,76.7333,0.00072672
2665,63,40,42,8,78.325,0.00226808
2666,21,12,17,8,79.75,0.00053676
2667,173,173,0,346,12.0578,0.0004256
2668,12,12,0,24,12,2.736e-05
2669,39,39,0,78,12.0513,0.00010144
2670,38,26,12,8,79.5385,0.00135976
2671,7,7,0,14,12,1.472e-05
2672,23,23,0,8,66.6087,0.00115888
2673,13,13,0,26,12,2.72e-05
2674,26,18,11,8,81.2778,0.00090688
2675,13,13,0,26,12,2.976e-05
2676,24,24,0,8,76.25,0.00123856
2677,13,13,0,26,12,2.72e-05
2678,1022,825,279,8,75.5636,0.0496742
2679,650,650,0,1300,12.0631,0.00165648
2680,82,82,0,164,12.061,0.0002104
2681,109,83,38,10,77.2651,0.00474928
2682,307,281,26,8,75.8185,0.0168139
2683,113,94,28,8,59.2872,0.005485
2684,71,71,0,142,12.0563,0.00020224
2685,225,225,0,450,12.0667,0.0006128
2686,626,559,78,8,68.1216,0.0336092
2687,60,60,0,120,12.05,0.00014224
2688,43,27,21,8,79.6296,0.00140496
2689,20,19,1,8,75.2105,0.00096968
2690,382,382,0,764,12.0576,0.00089616
2691,24,24,0,48,12.0417,6.512e-05
2692,32,27,5,8,81.1481,0.00143288
2693,18,18,0,36,12.0556,4.24e-05
2694,23,23,0,8,76.3478,0.00118972
2695,13,13,0,26,12,2.72e-05
2696,15,15,0,8,69.8,0.00070588
2697,105,82,27,8,81.378,0.00478368
2698,9,9,0,18,12,1.888e-05
2699,18,18,0,8,71.7222,0.000872
2700,69,69,0,138,12.058,0.00016672
2701,15,12,3,8,81.5,0.00052472
2702,46,24,34,8,82.625,0.00122764
2703,10,10,0,20,12,2.096e-05
2704,8,8,0,16,12,1.68e-05
2705,22,22,0,44,12.0455,5.776e-05
2706,143,123,20,10,80.5854,0.00717008
2707,100,100,0,200,12.06,0.00027376
2708,68,42,39,8,80.6667,0.0023562
2709,34,34,0,68,12.0588,8.496e-05
2710,49,25,39,8,73.04,0.00130268
2711,80,59,37,8,67.9831,0.00336696
2712,23,23,0,46,12.0435,5.632e-05
2713,42,42,0,84,12.0476,9.584e-05
2714,22,21,1,8,83.2381,0.00108008
2715,28,16,12,8,81.0625,0.00074508
2716,12,12,0,24,12,2.512e-05
2717,12,12,0,24,12,2.672e-05
2718,56,56,0,8,63.1786,0.00317416
2719,29,29,0,58,12.0345,6.048e-05
2720,57,42,15,8,78.5952,0.0023556
2721,143,115,41,10,74.087,0.00668496
2722,28,28,0,56,12.0357,6.704e-05
2723,91,91,0,182,12.0549,0.00022592
2724,229,191,45,8,76.0262,0.0113513
2725,42,30,16,8,79,0.00160728
2726,172,172,0,344,12.064,0.000476
2727,22,22,0,44,12.0455,5.296e-05
2728,17,12,5,8,79.5833,0.00051948
2729,31,21,13,8,79.0952,0.00103712
2730,24,24,0,48,12.0417,6.096e-05
2731,8,8,0,16,12,1.712e-05
2732,13,13,0,26,12,2.72e-05
2733,75,62,13,8,76.5806,0.00355008
2734,42,42,0,84,12.0476,0.00010544
2735,20,20,0,40,12.05,5.104e-05
2736,59,52,7,10,83.6731,0.0029008
2737,43,43,0,86,12.0465,0.00010144
2738,21,19,2,8,81.2632,0.00092996
2739,155,138,17,8,74.1739,0.00811708
2740,12,12,0,24,12,2.512e-05
2741,97,97,0,194,12.0515,0.00022816
2742,11,11,0,22,12,2.304e-05
2743,145,98,51,8,69.4694,0.00572672
2744,86,86,0,172,12.0581,0.00021968
2745,17,15,2,8,84.7333,0.00068144
2746,56,40,19,8,79.85,0.00220468
2747,9,9,0,18,12,1.952e-05
2748,35,35,0,70,12.0571,8.928e-05
2749,118,93,26,10,77.3226,0.00539976
2750,83,83,0,166,12.0602,0.00022496
2751,34,28,6,8,79.75,0.00150772
2752,36,23,13,8,71.2609,0.00117608
2753,18,18,0,36,12.0556,3.888e-05
2754,19,19,0,38,12.0526,4.48e-05
2755,15,15,0,8,58.9333,0.00069244
2756,9,9,0,18,12,1.888e-05
2757,14,14,0,8,41.7857,0.00062712
2758,8,8,0,16,12,1.68e-05
2759,31,18,13,8,77.2222,0.00089172
2760,40,21,34,8,72.381,0.001081
2761,15,15,0,30,12,3.808e-05
2762,19,19,0,38,12.0526,4.64e-05
2763,14,14,0,8,76.7143,0.0006556
2764,8,8,0,16,12,1.68e-05
2765,37,32,5,8,81.5625,0.00171168
2766,21,21,0,42,12.0476,4.832e-05
2767,27,25,2,8,71.48,0.0012994
2768,60,49,11,10,69.2449,0.00275848
2769,14,14,0,28,12,2.928e-05
2770,43,43,0,86,12.0465,0.0001056
2771,78,62,16,8,81.6613,0.00356348
2772,29,18,12,8,75.5556,0.00085916
2773,27,16,12,8,71.0625,0.00077
2774,55,55,0,110,12.0545,0.00014336
2775,15,15,0,30,12,3.392e-05
2776,11,11,0,22,12,2.4e-05
2777,29,23,6,8,77.913,0.001203
2778,64,35,40,8,76.8857,0.00193744
2779,22,14,11,8,72.5,0.00064504
2780,14,14,0,28,12,2.96e-05
2781,33,33,0,66,12.0606,8.736e-05
2782,21,21,0,8,64.2381,0.00103884
2783,9,9,0,18,12,1.952e-05
2784,254,213,44,8,76.4554,0.0126974
2785,62,39,29,8,81.7179,0.0021642
2786,12,12,0,24,12,2.512e-05
2787,178,178,0,356,12.0618,0.00047568
2788,34,34,0,68,12.0588,9.2e-05
2789,98,78,25,10,78.0769,0.00443272
2790,87,47,60,8,75.234,0.00262088
2791,71,71,0,142,12.0704,0.0002064
2792,31,21,10,8,73.9048,0.00104336
2793,44,44,0,88,12.0455,0.00010352
2794,58,39,26,10,80.7949,0.00214248
2795,13,13,0,26,12,2.72e-05
2796,103,80,23,10,76.275,0.00458048
2797,36,36,0,72,12.0556,9.456e-05
2798,58,39,26,10,76.5385,0.00213592
2799,71,71,0,142,12.0563,0.00019328
2800,37,37,0,74,12.0541,0.00010368
2801,303,253,67,10,66.4545,0.0150195
2802,159,138,25,8,69.7609,0.00815888
2803,188,188,0,376,12.0585,0.00044816
2804,101,101,0,202,12.0594,0.00024128
2805,54,38,23,8,72.4211,0.0020764
2806,34,34,0,68,12.0588,8.176e-05
2807,21,21,0,8,74.0952,0.00108704
2808,12,12,0,24,12,2.512e-05
2809,33,30,3,8,73.9,0.0016238
2810,210,145,84,8,70.7517,0.00857724
2811,22,13,9,8,77.2308,0.00059316
2812,18,18,0,36,12.0556,4.048e-05
2813,123,123,0,246,12.065,0.00032256
2814,9,9,0,8,65.3333,0.00032952
2815,9,9,0,18,12,1.952e-05
2816,6,6,0,12,12,1.264e-05
2817,55,38,17,8,77.1316,0.00210568
2818,29,29,0,58,12.0345,7.392e-05
2819,54,38,17,8,55.6053,0.00211728
2820,8,7,1,8,84.7143,0.00021632
2821,132,96,39,8,74.9479,0.0056234
2822,34,34,0,68,12.0588,8.368e-05
2823,5,5,0,10,12,1.12e-05
2824,75,75,0,150,12.0533,0.00018048
2825,82,60,26,8,68.1667,0.0034192
2826,12,12,0,8,63.6667,0.00054672
2827,12,12,0,8,64.3333,0.00054296
2828,48,48,0,96,12.0625,0.00012752
2829,18,17,1,8,76.6471,0.00084696
2830,7,7,0,14,12,1.472e-05
2831,7,7,0,14,12,1.472e-05
2832,10,10,0,20,12,2.096e-05
2833,16,16,0,8,82.1875,0.00073684
2834,60,35,34,6,77.6286,0.00194152
2835,9,9,0,18,12,1.888e-05
2836,33,33,0,66,12.0606,8.352e-05
2837,11,11,0,8,76.4545,0.00046336
2838,7,7,0,14,12,1.472e-05
2839,257,226,35,10,58.7345,0.0134086
2840,214,214,0,428,12.0607,0.00055952
2841,22,12,18,6,79.8333,0.00059448
2842,83,57,41,8,73.386,0.00324584
2843,206,163,58,8,68.1227,0.00968224
2844,10,10,0,20,12,2.256e-05
2845,41,41,0,82,12.0488,9.408e-05
2846,116,116,0,232,12.0517,0.00027856
2847,56,45,11,8,66.0222,0.00250584
2848,33,33,0,66,12.0606,8.416e-05
2849,14,14,0,8,29.9286,0.00062728
2850,8,8,0,16,12,1.68e-05
2851,91,76,17,10,67.3421,0.00432024
2852,59,50,9,8,70.36,0.00280736
2853,70,63,7,6,77.746,0.00366912
2854,60,60,0,120,12.05,0.00015632
2855,38,38,0,76,12.0526,0.00010064
2856,53,53,0,106,12.0566,0.00012384
2857,64,64,0,8,78.7812,0.00365588
2858,68,49,30,8,80.9388,0.00276652
2859,33,33,0,66,12.0303,6.88e-05
2860,41,41,0,82,12.0488,0.00011328
2861,67,49,24,8,78.2653,0.00278152
2862,318,288,39,10,69.5347,0.0172144
2863,40,40,0,80,12.05,9.744e-05
2864,257,257,0,514,12.0661,0.000728
2865,11,11,0,8,74.3636,0.00043488
2866,41,30,11,8,81,0.00159064
2867,7,7,0,14,12,1.472e-05
2868,66,53,15,10,83.2264,0.00301016
2869,108,54,57,8,75.2222,0.00305336
2870,23,23,0,46,12.0435,5.76e-05
2871,47,47,0,94,12.0426,0.00011584
2872,51,51,0,102,12.0588,0.00013152
2873,69,58,11,8,63.8621,0.00330604
2874,108,75,41,8,78.3733,0.00433188
2875,188,153,55,10,78.4771,0.00902888
2876,44,44,0,88,12.0455,0.000108
2877,70,70,0,140,12.0571,0.00017488
2878,110,110,0,220,12.0545,0.00026672
2879,47,47,0,8,68.4681,0.002611
2880,25,25,0,50,12.04,5.216e-05
2881,129,102,36,10,84.8333,0.00589184
2882,88,88,0,176,12.0568,0.00023152
2883,101,76,35,8,81.4737,0.00440696
2884,64,64,0,128,12.0625,0.00016592
2885,49,31,24,10,76.4839,0.00163744
2886,29,29,0,58,12.0345,6.912e-05
2887,8,8,0,8,82.75,0.00028492
2888,5,5,0,10,12,1.056e-05
2889,93,79,18,8,72.9873,0.00454688
2890,22,15,7,8,74.0667,0.00069608
2891,68,45,32,8,68.9556,0.00253712
2892,58,58,0,116,12.0517,0.00014384
2893,9,9,0,18,12,1.888e-05
2894,41,41,0,82,12.0488,0.00010496
2895,21,21,0,8,72.8571,0.00105776
2896,12,12,0,24,12,2.512e-05
2897,20,20,0,8,67.15,0.00099008
2898,45,39,6,10,66.2051,0.00210288
2899,110,79,37,6,66.9114,0.00461912
2900,11,11,0,22,12,2.304e-05
2901,31,31,0,62,12.0323,7.424e-05
2902,83,83,0,166,12.0602,0.00021696
2903,55,31,32,8,77.3548,0.00164404
2904,25,15,14,8,80.6667,0.00067416
2905,27,27,0,54,12.037,6.88e-05
2906,11,11,0,22,12,2.4e-05
2907,99,65,34,8,70.5231,0.00370416
2908,18,16,2,6,82.5625,0.00083816
2909,54,54,0,108,12.0556,0.00014608
2910,17,17,0,34,12,3.552e-05
2911,84,78,6,10,74.8205,0.0044376
2912,68,68,0,136,12.0588,0.00017392
2913,46,31,18,8,56.5161,0.00166728
2914,27,27,0,54,12.037,6.848e-05
2915,24,24,0,8,55.7083,0.00123996
2916,13,13,0,26,12,2.72e-05
2917,75,49,31,10,83.1429,0.00270696
2918,68,49,27,8,79.3469,0.00273608
2919,45,45,0,90,12.0667,0.00012704
2920,31,20,11,8,77.75,0.00102028
2921,77,56,32,10,76.7857,0.00320792
2922,38,38,0,76,12.0526,9.488e-05
2923,13,13,0,26,12,2.816e-05
2924,52,52,0,104,12.0577,0.00015024
2925,111,99,12,10,82.0707,0.00576392
2926,60,44,17,8,82.3409,0.0024538
2927,86,86,0,172,12.0581,0.0002104
2928,32,27,5,8,74.5926,0.00140324
2929,180,140,42,8,72.7,0.00825328
2930,18,18,0,36,12.0556,4.016e-05
2931,40,23,26,8,67.5217,0.0012004
2932,118,118,0,236,12.0593,0.0002904
2933,19,19,0,38,12.0526,4.416e-05
2934,68,68,0,8,55.4412,0.0038832
2935,35,35,0,70,12.0286,7.296e-05
2936,133,108,30,10,72.9444,0.00634792
2937,85,85,0,170,12.0588,0.00023104
2938,242,210,40,8,75.3524,0.0125042
2939,41,30,11,8,83.5333,0.00160972
2940,159,159,0,318,12.0566,0.00038912
2941,24,24,0,48,12.0417,5.904e-05
2942,16,16,0,8,76.1875,0.00078428
2943,70,53,19,10,82.4906,0.00291496
2944,55,23,49,8,81.5652,0.00116688
2945,9,9,0,18,12,1.888e-05
2946,46,46,0,92,12.0652,0.00012464
2947,21,21,0,42,12.0476,5.12e-05
2948,22,14,8,8,81.0714,0.0006332
2949,9,9,0,18,12,1.952e-05
2950,51,27,41,8,78.2593,0.00143768
2951,45,25,37,8,75.32,0.00131844
2952,240,179,85,10,75.3296,0.0106286
2953,257,213,65,8,68.7746,0.0126625
2954,25,25,0,50,12.04,5.952e-05
2955,23,23,0,46,12.0435,5.504e-05
2956,168,168,0,336,12.0595,0.00043312
2957,160,160,0,320,12.0563,0.0003832
2958,93,64,39,8,78.3281,0.00363932
2959,77,65,12,8,79.5846,0.00371296
2960,52,52,0,104,12.0577,0.00014448
2961,50,50,0,100,12.04,0.0001144
2962,98,68,33,8,76.6176,0.00390496
2963,69,44,25,8,62.4773,0.00245264
2964,106,79,27,8,78.9873,0.00458684
2965,13,7,6,6,82.4286,0.0002788
2966,58,58,0,116,12.0517,0.000148
2967,26,26,0,52,12.0385,5.456e-05
2968,62,62,0,124,12.0645,0.00016272
2969,12,12,0,24,12,2.512e-05
2970,51,51,0,8,69.1176,0.00287532
2971,27,27,0,54,12.037,5.632e-05
2972,300,234,77,8,76.7692,0.0139706
2973,200,200,0,400,12.06,0.00051888
2974,51,42,9,8,82.2619,0.00234036
2975,31,31,0,62,12.0323,7.712e-05
2976,36,22,15,8,82.7273,0.00111696
2977,182,136,59,8,78.4706,0.00800428
2978,50,30,37,8,79.8667,0.0015852
2979,18,18,0,36,12.0556,4.144e-05
2980,33,22,11,8,81.0909,0.00112728
2981,111,111,0,222,12.0631,0.00028448
2982,28,28,0,56,12.0357,6.96e-05
2983,59,46,13,8,78.0435,0.00256108
2984,18,18,0,36,12.0556,4.08e-05
2985,212,189,23,10,80.3651,0.0111948
2986,34,34,0,68,12.0588,8.816e-05
2987,161,161,0,322,12.0621,0.00040768
2988,109,89,26,8,80.5056,0.00519296
2989,72,72,0,144,12.0556,0.00017936
2990,119,99,28,8,78.9697,0.00580992
2991,49,24,42,8,81.875,0.00124924
2992,70,70,0,140,12.0571,0.00017328
2993,17,17,0,34,12.0588,4.16e-05
2994,139,93,68,8,77.2796,0.0054396
2995,29,29,0,58,12.0345,6.656e-05
2996,89,89,0,178,12.0562,0.00023872
2997,76,70,6,10,82.9429,0.00405328
2998,58,58,0,116,12.0517,0.00014768
2999,43,30,13,8,79.7333,0.00161772
3000,25,25,0,50,12.04,6.272e-05
3001,12,12,0,8,72.5,0.00051892
3002,53,46,7,10,79.1739,0.00250008
3003,7,7,0,14,12,1.472e-05
3004,38,38,0,76,12.0526,9.2e-05
3005,15,15,0,8,73.2,0.00071288
3006,9,9,0,18,12,1.888e-05
3007,121,108,14,10,79.7315,0.006336
3008,79,79,0,158,12.0633,0.00020576
3009,159,106,64,10,73.1226,0.0061684
3010,103,103,0,206,12.0583,0.00027424
3011,135,123,13,10,77.1626,0.00717928
3012,62,44,18,10,69.1818,0.00247672
3013,63,37,36,8,80.4865,0.00203804
3014,106,106,0,212,12.066,0.00030416
3015,42,42,0,84,12.0476,0.00010928
3016,149,123,26,8,68.1707,0.00724872
3017,32,32,0,64,12.0625,8.112e-05
3018,116,116,0,232,12.069,0.00034128
3019,78,64,14,8,75.6406,0.00363792
3020,73,43,41,8,69.907,0.00239048
3021,31,16,26,8,81.1875,0.00074664
3022,50,50,0,100,12.06,0.00013392
3023,40,40,0,80,12.05,0.00010192
3024,13,13,0,26,12,3.04e-05
3025,36,23,13,8,78,0.00118968
3026,19,19,0,38,12.0526,4.704e-05
3027,203,180,29,10,78.35,0.0106162
3028,45,28,18,8,73.8571,0.00151156
3029,152,152,0,304,12.0658,0.00041552
3030,99,71,48,8,64.5634,0.00409636
3031,24,24,0,48,12.0417,6.256e-05
3032,47,47,0,94,12.0426,0.0001136
3033,12,11,1,8,84.0909,0.00048132
3034,7,7,0,14,12,1.472e-05
3035,43,31,12,8,79.0968,0.0016728
3036,26,26,0,52,12.0385,6.576e-05
3037,28,21,8,8,81.2381,0.00106872
3038,14,14,0,28,12,3.056e-05
3039,46,44,2,8,76.5455,0.00244724
3040,24,24,0,48,12.0417,5.008e-05
3041,53,44,9,10,77.7727,0.00246328
3042,57,40,27,8,58.45,0.00223168
3043,53,42,17,8,70.8571,0.00232764
3044,37,37,0,74,12.0541,9.12e-05
3045,32,32,0,64,12.0312,7.632e-05
3046,72,59,13,8,65.3898,0.00336964
3047,30,30,0,60,12.0333,7.472e-05
3048,18,12,6,8,71.8333,0.00049792
3049,44,44,0,88,12.0455,0.00011088
3050,8,8,0,16,12,1.744e-05
3051,26,22,4,8,81.5455,0.00110512
3052,80,59,32,8,54.4915,0.0033494
3053,12,12,0,24,12,2.544e-05
3054,45,45,0,90,12.0444,0.00010432
3055,186,155,40,10,68.6903,0.00913856
3056,127,127,0,254,12.063,0.0003536
3057,23,23,0,8,72.6957,0.0012116
3058,13,13,0,26,12,2.72e-05
3059,391,305,104,10,75.341,0.018238
3060,283,283,0,566,12.0671,0.0008
3061,58,39,35,10,70.2308,0.00208592
3062,91,76,21,8,75.6711,0.00438876
3063,46,40,6,10,73.175,0.00222768
3064,37,37,0,74,12.0541,9.408e-05
3065,46,32,16,8,78.3438,0.00175424
3066,71,71,0,142,12.0563,0.00018464
3067,28,28,0,56,12.0357,7.504e-05
3068,137,112,25,8,69.3393,0.006594
3069,89,70,27,8,59.6286,0.00400308
3070,108,108,0,216,12.0648,0.00031568
3071,51,51,0,102,12.0392,0.00011616
3072,24,24,0,8,81.4167,0.0012722
3073,32,18,16,8,81.7778,0.00087764
3074,13,13,0,26,12,2.72e-05
3075,16,16,0,32,12,3.92e-05
3076,44,44,0,8,66.6136,0.00246252
3077,23,23,0,46,12.0435,4.8e-05
3078,281,237,49,8,80.5485,0.0141266
3079,186,141,60,8,80.3759,0.00833124
3080,203,203,0,406,12.064,0.00053728
3081,129,129,0,258,12.062,0.00034368
3082,55,30,39,8,80.8333,0.00160248
3083,28,28,0,56,12.0357,7.664e-05
3084,38,27,11,8,81,0.00144584
3085,63,36,40,8,77.1111,0.00195508
3086,20,20,0,40,12.05,4.72e-05
3087,26,26,0,52,12.0385,5.712e-05
3088,6,6,0,8,71,0.00018208
3089,206,168,45,6,81.4405,0.00998524
3090,4,4,0,8,12,8.48e-06
3091,157,157,0,314,12.0701,0.00045152
3092,9,9,0,8,75.5556,0.00032996
3093,48,25,39,8,72.72,0.00133608
3094,6,6,0,12,12,1.264e-05
3095,23,23,0,46,12.0435,5.6e-05
3096,196,158,44,8,80.4114,0.00936292
3097,80,55,31,6,81.6182,0.00315128
3098,157,110,67,8,70.4182,0.00644492
3099,49,32,25,8,80.5625,0.00170736
3100,145,145,0,290,12.0621,0.0003904
3101,43,43,0,86,12.0465,0.00011232
3102,82,82,0,164,12.0488,0.00018864
3103,29,29,0,58,12.0345,7.456e-05
3104,53,41,12,8,83.2195,0.0022848
3105,29,29,0,58,12.0345,7.296e-05
3106,53,33,35,10,81.8485,0.00175744
3107,31,31,0,62,12.0645,8.416e-05
3108,76,53,24,10,82.5283,0.0029248
3109,45,45,0,90,12.0667,0.0001232
3110,89,52,37,10,79.1154,0.00285488
3111,26,15,17,8,72,0.00069868
3112,49,49,0,98,12.0612,0.00012832
3113,126,96,43,10,72.9792,0.0055356
3114,146,114,42,10,77.693,0.0066136
3115,12,12,0,24,12,2.672e-05
3116,314,261,58,10,74.4559,0.0155313
3117,83,83,0,166,12.0602,0.00023776
3118,120,94,42,10,71.3723,0.005438
3119,100,100,0,200,12.07,0.0002872
3120,213,213,0,426,12.061,0.00053248
3121,75,75,0,150,12.0533,0.00017888
3122,9,7,2,8,74,0.00021288
3123,5,5,0,10,12,1.12e-05
3124,67,53,16,8,78.717,0.00300024
3125,11,7,4,8,81.8571,0.00022088
3126,42,42,0,84,12.0476,0.00011184
3127,65,43,42,8,66.8837,0.0024194
3128,5,5,0,10,12,1.056e-05
3129,37,37,0,74,12.0541,9.504e-05
3130,26,26,0,52,12.0385,5.744e-05
3131,35,33,2,10,65.4545,0.0017352
3132,130,116,15,8,74.6207,0.00680724
3133,53,30,36,8,77.9,0.0015866
3134,118,70,82,8,79.3286,0.00402288
3135,129,87,61,10,75.5057,0.00497464
3136,22,22,0,44,12.0455,4.752e-05
3137,89,89,0,178,12.0562,0.00021056
3138,27,27,0,54,12.037,7.2e-05
3139,64,64,0,128,12.0625,0.00017168
3140,72,72,0,144,12.0556,0.00018544
3141,82,69,13,10,78.4203,0.00389888
3142,61,61,0,122,12.0492,0.00015904
3143,26,13,22,8,74.3077,0.00057088
3144,9,9,0,18,12,1.888e-05
3145,12,12,0,8,69.6667,0.00049404
3146,9,9,0,8,72.8889,0.0003382
3147,7,7,0,14,12,1.472e-05
3148,6,6,0,12,12,1.264e-05
3149,8,8,0,8,61.125,0.00030732
3150,5,5,0,10,12,1.056e-05
3151,189,160,32,8,75.3812,0.00949228
3152,65,47,20,10,78.3191,0.00258384
3153,82,54,38,8,77.7037,0.00304712
3154,123,123,0,246,12.0569,0.00031712
3155,43,43,0,86,12.0465,0.00011648
3156,43,43,0,86,12.0465,0.00010336
3157,30,28,2,8,79.75,0.00151716
3158,139,105,44,8,74.2857,0.00613676
3159,17,17,0,34,12,3.616e-05
3160,101,101,0,202,12.0594,0.00026176
3161,38,33,5,10,80.2424,0.00172344
3162,117,77,51,8,75.7273,0.00443764
3163,23,23,0,46,12.0435,5.184e-05
3164,74,74,0,148,12.0541,0.00019536
3165,104,80,32,8,77.9875,0.00462268
3166,78,57,21,10,79.1579,0.003208
3167,17,11,11,8,77.6364,0.00046416
3168,64,64,0,128,12.0625,0.0001704
3169,51,51,0,102,12.0588,0.00013984
3170,9,9,0,18,12,1.984e-05
3171,82,72,10,8,83.2361,0.00412672
3172,57,57,0,114,12.0526,0.00014208
3173,77,68,9,8,83.6765,0.00391556
3174,53,53,0,106,12.0566,0.0001312
3175,29,22,7,8,80.8182,0.00111916
3176,13,9,4,8,79.2222,0.00031304
3177,10,10,0,8,69.8,0.00038224
3178,13,13,0,26,12,2.752e-05
3179,7,7,0,14,12,1.536e-05
3180,48,41,7,10,78.561,0.0022088
3181,11,11,0,8,70.9091,0.00047908
3182,6,6,0,12,12,1.264e-05
3183,30,30,0,60,12.0333,6.8e-05
3184,7,7,0,14,12,1.472e-05
3185,17,17,0,8,69.2353,0.00083944
3186,22,20,2,8,82,0.00098596
3187,10,10,0,20,12,2.096e-05
3188,12,12,0,24,12,2.64e-05
3189,161,133,30,8,77.203,0.00783784
3190,105,105,0,210,12.0571,0.00027904
3191,36,27,9,8,80,0.00142312
3192,323,297,27,8,74.2828,0.0177813
3193,20,20,0,40,12.05,4.912e-05
3194,196,196,0,392,12.0561,0.00045328
3195,63,47,16,8,78.6596,0.00262128
3196,63,46,29,8,79.087,0.00255692
3197,149,120,48,10,79.4083,0.00706704
3198,38,38,0,76,12.0526,0.00010064
3199,36,36,0,72,12.0556,8.912e-05
3200,41,30,11,8,75.7333,0.00158332
3201,103,103,0,206,12.0583,0.00026496
3202,24,24,0,48,12.0417,6.064e-05
3203,43,43,0,8,82.0698,0.0023842
3204,23,23,0,46,12.0435,4.8e-05
3205,151,142,9,10,73.6761,0.00840352
3206,101,101,0,202,12.0495,0.00023072
3207,11,11,0,8,76.5455,0.00045032
3208,7,7,0,14,12,1.472e-05
3209,14,14,0,8,86.7143,0.00062496
3210,51,29,42,8,67.5517,0.0015384
3211,53,30,43,6,76.4,0.0016694
3212,8,8,0,16,12,1.68e-05
3213,27,27,0,54,12.037,7.232e-05
3214,17,17,0,34,12,3.552e-05
3215,33,30,3,10,81.5667,0.00159352
3216,78,44,50,8,67.9091,0.0024388
3217,492,432,70,10,67.5324,0.0259
3218,20,20,0,40,12.05,4.368e-05
3219,37,37,0,74,12.0541,8.704e-05
3220,311,311,0,622,12.0579,0.00073824
3221,38,33,5,8,82.8788,0.00176508
3222,91,69,28,10,81.058,0.0039804
3223,71,51,32,8,55.2549,0.00290328
3224,22,22,0,44,12.0455,5.136e-05
3225,146,124,24,8,67.7984,0.00728472
3226,61,61,0,122,12.0656,0.00016288
3227,40,40,0,80,12.05,9.456e-05
3228,104,104,0,208,12.0577,0.0002648
3229,30,20,10,8,81.3,0.00099692
3230,38,21,27,8,76.5238,0.00105348
3231,89,70,36,8,45.3714,0.004045
3232,16,16,0,32,12,3.568e-05
3233,19,19,0,38,12.0526,4.608e-05
3234,48,48,0,96,12.0417,0.00010704
3235,14,14,0,8,65.6429,0.00063352
3236,8,8,0,16,12,1.68e-05
3237,19,19,0,8,74.7368,0.00093368
3238,148,100,56,10,74.9,0.00584744
3239,11,11,0,22,12,2.304e-05
3240,82,82,0,164,12.061,0.00020464
3241,30,30,0,8,39.9667,0.00160984
3242,16,16,0,32,12,3.344e-05
3243,13,13,0,8,58.5385,0.00059116
3244,8,8,0,16,12,1.68e-05
3245,66,66,0,8,70.1515,0.00380188
3246,42,42,0,8,76.9286,0.00230716
3247,34,34,0,68,12.0294,7.088e-05
3248,22,22,0,44,12.0455,4.592e-05
3249,18,18,0,8,82.0556,0.00086288
3250,10,10,0,20,12,2.096e-05
3251,22,22,0,8,49.8182,0.00112568
3252,11,11,0,8,65.2727,0.00045652
3253,12,12,0,24,12,2.512e-05
3254,152,122,30,8,78.5984,0.00714636
3255,7,7,0,14,12,1.472e-05
3256,66,47,20,10,80.7447,0.00261352
3257,103,103,0,206,12.0583,0.00026784
3258,45,45,0,90,12.0444,0.0001152
3259,25,25,0,8,77.12,0.0012902
3260,14,14,0,28,12,2.928e-05
3261,65,44,32,10,72.4545,0.00245384
3262,42,42,0,84,12.0476,0.00010512
3263,19,14,5,8,84.5714,0.0006364
3264,42,23,25,8,76.3043,0.00118324
3265,10,10,0,20,12,2.096e-05
3266,16,16,0,32,12,3.504e-05
3267,85,70,15,10,72.8571,0.00404976
3268,108,91,17,8,68.5604,0.00530172
3269,58,58,0,116,12.0517,0.00015536
3270,62,62,0,124,12.0484,0.00015472
3271,25,25,0,8,63.28,0.00128132
3272,14,14,0,28,12,2.928e-05
3273,31,23,8,8,82.2174,0.00118356
3274,15,15,0,30,12,3.264e-05
3275,32,30,2,8,76.1,0.0016336
3276,13,9,5,8,82.5556,0.0003526
3277,81,61,28,10,74.7705,0.00343584
3278,256,196,97,8,74.6633,0.0116385
3279,18,18,0,36,12,3.984e-05
3280,7,7,0,14,12,1.6e-05
3281,58,58,0,116,12.0517,0.00015856
3282,189,189,0,378,12.0582,0.00046784
3283,37,32,5,8,78.2812,0.00175356
3284,290,244,55,10,76.3648,0.0145452
3285,20,20,0,40,12.05,4.464e-05
3286,204,204,0,408,12.0588,0.00050096
3287,37,32,5,8,77.625,0.00175964
3288,23,14,9,8,84.6429,0.00064808
3289,43,23,32,8,77.6522,0.00120616
3290,19,19,0,38,12.0526,4.064e-05
3291,11,11,0,22,12,2.336e-05
3292,20,20,0,40,12.05,4.688e-05
3293,32,32,0,8,69.4375,0.00174044
3294,17,17,0,34,12,3.552e-05
3295,80,67,13,10,81.403,0.00380984
3296,12,12,0,8,86.5833,0.00051476
3297,57,57,0,114,12.0526,0.00014976
3298,7,7,0,14,12,1.472e-05
3299,50,33,17,10,75.5758,0.00170776
3300,57,46,14,8,76.3261,0.00255296
3301,83,56,41,8,78.0357,0.00319692
3302,30,30,0,60,12.0667,8.24e-05
3303,49,49,0,98,12.0408,0.00011744
3304,19,19,0,8,72.0526,0.00092312
3305,11,11,0,22,12,2.304e-05
3306,48,48,0,8,77.3125,0.00267156
3307,25,25,0,50,12.04,5.216e-05
3308,8,8,0,8,66.25,0.0002622
3309,568,371,300,8,74.7278,0.022218
3310,78,52,31,8,79.1346,0.00297392
3311,5,5,0,10,12,1.056e-05
3312,317,317,0,634,12.0631,0.0008272
3313,54,54,0,108,12.0556,0.00014672
3314,47,30,22,8,77.0333,0.00160448
3315,25,25,0,50,12.04,6.336e-05
3316,37,30,7,8,81.1667,0.00159744
3317,50,30,34,8,73.5333,0.00162448
3318,22,22,0,44,12.0455,5.264e-05
3319,139,123,17,10,77.4553,0.0072432
3320,28,28,0,56,12.0357,7.632e-05
3321,105,105,0,210,12.0667,0.00030048
3322,54,33,32,8,75.1212,0.00181456
3323,29,29,0,58,12.0345,7.584e-05
3324,15,15,0,8,59.8,0.00069348
3325,144,113,34,8,78.5487,0.0066214
3326,9,9,0,18,12,1.888e-05
3327,5,5,0,8,79.8,7.244e-05
3328,130,106,28,10,75.9245,0.0061436
3329,90,90,0,180,12.0556,0.00024144
3330,4,4,0,8,12,8.48e-06
3331,85,85,0,170,12.0588,0.00022848
3332,100,75,25,8,69.56,0.00436004
3333,131,108,30,8,63.7778,0.00631464
3334,36,22,14,8,67.3636,0.00110696
3335,45,26,30,8,69.5,0.0013638
3336,57,57,0,114,12.0526,0.00014752
3337,101,101,0,202,12.0594,0.00025984
3338,19,19,0,38,12.0526,4.928e-05
3339,24,24,0,48,12.0417,5.872e-05
3340,52,52,0,8,71.3654,0.00291616
3341,27,27,0,54,12.037,5.632e-05
3342,25,19,6,8,84.5789,0.00092588
3343,43,30,15,8,65.3667,0.00163376
3344,13,13,0,26,12,2.816e-05
3345,26,26,0,52,12.0385,6.992e-05
3346,9,9,0,8,52,0.00035692
3347,6,6,0,12,12,1.264e-05
3348,33,29,8,8,69.7586,0.00154392
3349,17,17,0,34,12,3.776e-05
3350,86,59,48,8,78.4237,0.00334284
3351,152,122,53,8,71.0902,0.00718012
3352,55,55,0,110,12.0545,0.000144
3353,73,73,0,146,12.0548,0.00016864
3354,164,135,33,10,76.2222,0.00794152
3355,41,28,16,8,79,0.00146812
3356,125,125,0,250,12.056,0.00032
3357,23,23,0,46,12.0435,5.76e-05
3358,141,109,42,8,76.9725,0.00636448
3359,87,65,26,8,69.5077,0.00371852
3360,97,97,0,194,12.0619,0.00027392
3361,91,69,26,8,75,0.0039502
3362,46,46,0,92,12.0435,0.00011536
3363,371,324,65,8,71.4167,0.0194
3364,47,27,28,8,70.7778,0.00144884
3365,60,45,19,10,73.6444,0.00251848
3366,67,67,0,134,12.0597,0.0001872
3367,216,216,0,432,12.0556,0.0005016
3368,70,49,35,10,69.9184,0.00276296
3369,25,25,0,50,12.04,6.72e-05
3370,43,43,0,86,12.0465,0.00010304
3371,30,30,0,60,12.0333,7.088e-05
3372,22,22,0,8,67.9091,0.00112756
3373,12,12,0,24,12,2.512e-05
3374,128,110,18,8,81.9636,0.00643304
3375,86,86,0,172,12.0581,0.00022576
3376,87,56,45,8,81.9643,0.00319584
3377,51,51,0,102,12.0588,0.00013216
3378,154,128,27,8,76.3516,0.00756396
3379,92,92,0,184,12.0543,0.00022416
3380,59,54,5,8,81.5,0.00307892
3381,33,33,0,66,12.0303,7.52e-05
3382,107,78,31,8,70.3077,0.00449028
3383,26,15,12,8,75.4667,0.00069176
3384,34,27,7,8,77.5556,0.00140188
3385,76,76,0,152,12.0526,0.00020048
3386,10,10,0,20,12,2.192e-05
3387,51,32,24,8,71.8125,0.00175144
3388,17,17,0,34,12.0588,3.84e-05
3389,29,29,0,58,12.069,7.968e-05
3390,47,34,17,8,78,0.00183456
3391,28,15,13,8,77.0667,0.00071192
3392,321,270,56,8,72.1963,0.0161111
3393,22,22,0,44,12.0455,5.104e-05
3394,12,12,0,24,12,2.832e-05
3395,179,179,0,358,12.0559,0.000424
3396,28,28,0,8,75.1429,0.00148996
3397,15,15,0,30,12,3.136e-05
3398,159,132,37,8,72.3788,0.00776196
3399,42,24,29,8,74.9167,0.00125252
3400,65,46,35,10,71,0.002554
3401,14,8,9,8,69,0.00028108
3402,102,102,0,204,12.0588,0.00026416
3403,21,21,0,42,12.0476,5.408e-05
3404,44,44,0,88,12.0455,0.00011216
3405,6,6,0,12,12,1.264e-05
3406,82,65,20,10,82.0462,0.00369768
3407,315,252,84,10,71.3175,0.014986
3408,60,60,0,120,12.05,0.00015824
3409,215,215,0,430,12.0605,0.00053984
3410,170,147,29,8,71.4966,0.00870008
3411,47,47,0,94,12.0426,0.00010944
3412,38,26,13,8,72.1154,0.00136056
3413,47,28,36,8,62.9643,0.00151772
3414,113,113,0,226,12.0531,0.00027808
3415,37,22,15,8,72.8182,0.00112832
3416,20,20,0,40,12.05,5.264e-05
3417,26,26,0,52,12.0385,6.864e-05
3418,18,18,0,36,12.0556,4.208e-05
3419,22,22,0,8,52.7727,0.00111436
3420,12,12,0,24,12,2.512e-05
3421,75,55,21,8,75.6909,0.00309324
3422,815,700,131,8,73.9171,0.0421428
3423,43,43,0,86,12.0465,0.00011328
3424,538,538,0,1076,12.0613,0.00134768
3425,38,29,10,8,80.2414,0.00152644
3426,21,21,0,42,12.0476,5.024e-05
3427,16,16,0,8,65.6875,0.0007918
3428,120,107,13,10,75.1589,0.0062656
3429,9,9,0,18,12,1.888e-05
3430,99,99,0,198,12.0707,0.00029024
3431,34,19,15,8,73.4737,0.0009434
3432,14,14,0,28,12,3.088e-05
3433,11,11,0,8,70.3636,0.0004886
3434,7,7,0,14,12,1.472e-05
3435,8,8,0,8,68,0.00029624
3436,5,5,0,10,12,1.056e-05
3437,15,15,0,8,75.4,0.00069736
3438,9,9,0,18,12,1.888e-05
3439,43,31,14,8,82.1613,0.0016452
3440,101,72,41,10,76.8333,0.00411944
3441,23,23,0,46,12.0435,5.92e-05
3442,64,64,0,128,12.0625,0.00016368
3443,33,18,19,8,79.7222,0.00086348
3444,54,34,31,10,77.6765,0.00181752
3445,13,13,0,26,12,2.88e-05
3446,31,31,0,62,12.0645,8.16e-05
3447,28,25,3,8,82,0.00127884
3448,15,15,0,30,12,3.264e-05
3449,89,74,15,8,77.8243,0.00425856
3450,47,31,19,8,79.8065,0.0016426
3451,57,57,0,114,12.0526,0.00015008
3452,27,27,0,54,12.037,7.392e-05
3453,60,38,28,8,76.2895,0.0021144
3454,36,36,0,72,12.0556,9.616e-05
3455,74,67,7,10,80.6866,0.00387056
3456,44,44,0,88,12.0455,0.00010576
3457,85,64,27,10,70,0.00361616
3458,60,60,0,120,12.05,0.00015376
3459,87,61,32,8,71.1803,0.00350816
3460,26,23,3,8,78.087,0.00118272
3461,58,37,33,10,72.2162,0.0019816
3462,45,45,0,90,12.0444,0.0001152
3463,13,13,0,26,12,2.72e-05
3464,56,36,20,8,63.3333,0.00199304
3465,35,35,0,70,12.0571,9.344e-05
3466,21,16,5,8,68.625,0.00073912
3467,30,30,0,60,12.0333,7.568e-05
3468,31,26,5,8,73.5769,0.0013772
3469,10,10,0,20,12,2.16e-05
3470,125,86,53,8,71.5465,0.00499084
3471,105,79,40,10,72.5063,0.00449632
3472,54,33,36,8,66.2727,0.00179584
3473,16,16,0,32,12,3.536e-05
3474,32,29,3,8,72.6897,0.00152176
3475,78,78,0,156,12.0641,0.00021712
3476,38,27,11,8,76.1481,0.00145476
3477,66,66,0,132,12.0606,0.0001672
3478,30,30,0,60,12.0667,8.048e-05
3479,17,17,0,34,12,3.712e-05
3480,21,21,0,42,12.0476,5.248e-05
3481,48,40,8,8,72.1,0.00222568
3482,6,5,1,8,81.8,0.00012308
3483,38,22,29,8,72.5,0.00110112
3484,28,28,0,56,12.0357,6.704e-05
3485,4,4,0,8,12,8.48e-06
3486,19,19,0,38,12.0526,4.416e-05
3487,14,14,0,8,65,0.00065956
3488,8,8,0,16,12,1.68e-05
3489,90,84,6,10,65.7857,0.00485744
3490,53,53,0,106,12.0566,0.00012448
3491,80,73,7,10,76.2877,0.0041516
3492,53,30,32,8,71.9,0.0016146
3493,56,56,0,112,12.0536,0.00012784
3494,27,27,0,54,12.037,6.528e-05
3495,93,77,17,10,77.039,0.00438928
3496,21,13,8,8,76.4615,0.00058472
3497,61,61,0,122,12.0656,0.0001616
3498,10,10,0,20,12,2.192e-05
3499,52,45,7,10,69.5111,0.00244976
3500,37,37,0,74,12.0541,8.416e-05
3501,48,29,28,8,73.2069,0.001537
3502,114,89,38,10,69.3258,0.00509936
3503,76,48,37,8,72.1458,0.00271228
3504,25,25,0,50,12.04,6.4e-05
3505,74,74,0,148,12.0541,0.00018384
3506,44,44,0,88,12.0455,0.00011568
3507,34,32,2,8,79.9688,0.00174384
3508,139,113,29,8,75.3274,0.00660092
3509,18,18,0,36,12.0556,3.76e-05
3510,106,106,0,212,12.066,0.00029392
3511,17,17,0,8,76.9412,0.00080432
3512,703,502,318,8,73.502,0.0301638
3513,403,273,201,10,74.9377,0.0163106
3514,10,10,0,20,12,2.096e-05
3515,418,418,0,836,12.0646,0.00112144
3516,242,242,0,484,12.062,0.00062064
3517,53,45,8,10,77.6222,0.00244912
3518,71,59,12,8,75.6441,0.00335312
3519,34,34,0,68,12.0588,8.4e-05
3520,45,45,0,90,12.0444,0.00010976
3521,7,7,0,8,83.2857,0.00023676
3522,5,5,0,10,12,1.056e-05
3523,56,46,10,8,77.2826,0.00260256
3524,37,37,0,8,72.9459,0.00205864
3525,20,20,0,40,12.05,4.176e-05
3526,42,42,0,8,74.1905,0.00231548
3527,43,37,6,10,78.8919,0.00195488
3528,22,22,0,44,12.0455,4.592e-05
3529,29,29,0,58,12.0345,6.944e-05
3530,16,15,1,8,84.6667,0.00070732
3531,9,9,0,18,12,1.888e-05
3532,47,36,11,8,65.4167,0.00197332
3533,230,193,41,8,76.658,0.0114562
3534,24,24,0,48,12.0417,5.552e-05
3535,155,155,0,310,12.0581,0.00039808
3536,11,11,0,8,60.1818,0.00043836
3537,22,22,0,8,76.2273,0.00112684
3538,15,10,5,8,81.6,0.00042884
3539,7,7,0,14,12,1.472e-05
3540,12,12,0,24,12,2.512e-05
3541,7,7,0,14,12,1.6e-05
3542,27,25,2,8,68.56,0.00131392
3543,15,15,0,30,12,3.136e-05
3544,63,35,43,8,81.5143,0.00190544
3545,33,33,0,66,12.0606,8.576e-05
3546,68,35,52,6,73.8857,0.0019628
3547,90,57,52,6,78.0702,0.00328712
3548,30,30,0,60,12.0333,7.696e-05
3549,56,56,0,112,12.0536,0.00014896
3550,67,48,19,8,68.6458,0.00266996
3551,28,15,21,8,75.6667,0.00067588
3552,30,16,15,8,81.75,0.0007388
3553,88,63,42,8,73.2381,0.00359192
3554,53,34,19,10,69.5,0.00184096
3555,79,58,21,8,72.2759,0.00331628
3556,36,36,0,72,12.0556,9.488e-05
3557,11,11,0,22,12,2.432e-05
3558,12,12,0,24,12,2.576e-05
3559,61,61,0,122,12.0656,0.00016544
3560,32,32,0,64,12.0625,8.368e-05
3561,51,51,0,102,12.0588,0.00012672
3562,28,26,2,8,61.3077,0.00135712
3563,14,14,0,8,74,0.00064808
3564,44,33,11,8,73.2424,0.00180056
3565,14,14,0,28,12,2.992e-05
3566,8,8,0,16,12,1.68e-05
3567,27,27,0,54,12.037,6.784e-05
3568,41,29,12,8,68.8966,0.00154212
3569,24,24,0,48,12.0417,5.84e-05
3570,27,27,0,8,71.7778,0.00141852
3571,58,50,8,10,66.82,0.00274296
3572,15,15,0,30,12,3.136e-05
3573,44,44,0,88,12.0455,0.0001064
3574,373,263,157,8,78.251,0.0157041
3575,214,214,0,428,12.0654,0.00058384
3576,41,27,14,8,73.4444,0.00145212
3577,21,21,0,42,12.0476,5.088e-05
3578,46,37,9,8,74.1892,0.00205612
3579,25,25,0,50,12.04,6.144e-05
3580,10,8,2,8,77.625,0.00029112
3581,6,6,0,12,12,1.264e-05
3582,80,59,24,10,81.5424,0.00333736
3583,48,33,20,8,80.7879,0.00178936
3584,54,54,0,108,12.0556,0.0001576
3585,13,10,3,8,78.1,0.00040744
3586,29,29,0,58,12.0345,6.816e-05
3587,143,107,53,8,71.6636,0.0062738
3588,7,7,0,14,12,1.472e-05
3589,66,37,35,8,81,0.00201568
3590,78,78,0,156,12.0513,0.00019024
3591,55,31,35,8,73.4839,0.00167008
3592,24,14,14,8,71.2143,0.0006672
3593,31,31,0,62,12.0323,7.552e-05
3594,28,28,0,56,12.0357,6.832e-05
3595,9,9,0,18,12,1.888e-05
3596,83,68,15,10,83.2353,0.0039332
3597,54,38,23,8,85.0789,0.00209952
3598,58,58,0,116,12.0517,0.00014928
3599,31,31,0,62,12.0645,8.16e-05
3600,14,10,4,8,82.7,0.00039028
3601,37,37,0,74,12.0541,8.96e-05
3602,8,8,0,16,12,1.776e-05
3603,50,42,8,8,71.881,0.00234088
3604,74,59,15,8,71.9831,0.00333692
3605,57,39,22,10,56.1795,0.00210024
3606,28,28,0,56,12.0357,6.8e-05
3607,52,52,0,104,12.0577,0.00013104
3608,36,36,0,72,12.0556,8.944e-05
3609,58,33,25,8,66.1515,0.00179044
3610,29,29,0,58,12.0345,6.784e-05
3611,16,16,0,8,31.5625,0.00079052
3612,9,9,0,18,12,1.888e-05
3613,12,12,0,8,68.75,0.00053244
3614,7,7,0,14,12,1.472e-05
3615,85,70,17,8,72.4143,0.00404844
3616,57,57,0,114,12.0526,0.00013728
3617,43,43,0,8,69.5349,0.00240384
3618,23,23,0,46,12.0435,4.8e-05
3619,526,382,186,6,76.6204,0.0229549
3620,342,342,0,684,12.0643,0.00091504
3621,46,24,33,8,74.7083,0.00124148
3622,22,22,0,44,12.0455,5.296e-05
3623,48,36,12,10,76.8056,0.00192448
3624,32,18,14,8,80.1667,0.00088628
3625,29,29,0,58,12.0345,7.456e-05
3626,15,15,0,30,12,3.36e-05
3627,52,43,9,8,75.9302,0.00237516
3628,683,527,211,8,75.6281,0.0316516
3629,31,31,0,62,12.0323,7.616e-05
3630,481,481,0,962,12.0644,0.00127616
3631,55,42,13,6,80.6905,0.00237648
3632,76,48,35,8,80.2083,0.00270024
3633,123,95,34,10,74.2211,0.00552224
3634,46,46,0,92,12.0652,0.00012272
3635,89,89,0,178,12.0674,0.0002528
3636,41,31,10,8,82.8387,0.00165352
3637,25,25,0,50,12.04,6.272e-05
3638,20,18,2,8,84.1667,0.00086608
3639,128,88,51,8,79.5682,0.00512856
3640,18,10,14,8,81,0.00042688
3641,11,11,0,22,12,2.304e-05
3642,83,83,0,166,12.0602,0.0002208
3643,6,6,0,12,12,1.264e-05
3644,45,39,6,8,79.7949,0.00216928
3645,26,26,0,52,12.0385,5.968e-05
3646,51,32,23,8,80.4062,0.00170984
3647,16,16,0,8,82.6875,0.0007386
3648,26,26,0,52,12.0385,6.864e-05
3649,9,9,0,18,12,1.888e-05
3650,228,165,76,8,72.5333,0.0097938
3651,544,376,247,8,74.6622,0.0225308
3652,148,148,0,296,12.0608,0.0003752
3653,335,335,0,670,12.0627,0.00087616
3654,89,89,0,8,45.236,0.00516032
3655,46,46,0,92,12.0435,9.584e-05
3656,12,12,0,8,58.6667,0.00051976
3657,69,66,3,8,66.2576,0.00377092
3658,7,7,0,14,12,1.472e-05
3659,36,36,0,72,12.0278,7.664e-05
3660,22,22,0,8,57.6364,0.00111252
3661,117,109,9,8,76.055,0.0064148
3662,12,12,0,24,12,2.512e-05
3663,142,93,68,10,79.9355,0.00534752
3664,88,88,0,176,12.0568,0.00021072
3665,75,62,13,10,79.6613,0.0035584
3666,83,83,0,166,12.0602,0.00022912
3667,113,85,33,10,76.4706,0.00491512
3668,52,52,0,104,12.0577,0.0001384
3669,77,77,0,154,12.0649,0.00020704
3670,84,59,25,8,73,0.0033788
3671,100,76,30,8,75.2763,0.00440576
3672,47,47,0,94,12.0638,0.00012672
3673,76,76,0,152,12.0658,0.00020304
3674,32,15,28,6,78.0667,0.00078328
3675,34,26,8,8,74.4615,0.00138032
3676,10,10,0,20,12,2.128e-05
3677,18,18,0,36,12.0556,4.08e-05
3678,66,54,14,8,73.9444,0.0030728
3679,84,49,50,8,78.4694,0.00276284
3680,46,46,0,92,12.0435,0.00011184
3681,43,43,0,86,12.0465,0.00010688
3682,125,116,10,8,78.0948,0.00682904
3683,90,90,0,180,12.0556,0.00021136
3684,101,91,10,10,68.1099,0.00528288
3685,46,24,30,8,80.2917,0.00123976
3686,82,82,0,164,12.061,0.00020848
3687,21,12,9,8,83.3333,0.00053476
3688,20,20,0,40,12.05,4.752e-05
3689,10,10,0,20,12,2.32e-05
3690,86,63,28,8,72.4127,0.00360664
3691,86,66,23,8,76.7273,0.00381208
3692,51,51,0,102,12.0588,0.00013856
3693,54,54,0,108,12.0556,0.00013328
3694,29,15,17,8,75.7333,0.0007218
3695,13,13,0,26,12,2.816e-05
3696,119,86,53,8,79.7791,0.005018
3697,56,37,34,8,80.027,0.0020406
3698,22,12,15,8,78,0.00051888
3699,44,44,0,88,12.0455,0.00011088
3700,77,77,0,154,12.0519,0.00020032
3701,183,134,54,10,76.0224,0.00787792
3702,31,31,0,62,12.0323,7.168e-05
3703,50,35,22,8,79.3714,0.00190904
3704,10,10,0,20,12,2.16e-05
3705,124,124,0,248,12.0726,0.0003624
3706,77,55,31,8,79.2545,0.00309988
3707,131,96,49,8,78.1146,0.0056158
3708,41,26,19,8,78.5,0.00136632
3709,45,45,0,90,12.0667,0.00012352
3710,36,21,19,8,78.2857,0.00108388
3711,89,89,0,178,12.0562,0.00023488
3712,20,20,0,40,12.05,4.624e-05
3713,8,8,0,8,78.125,0.000256
3714,19,19,0,38,12.0526,4.672e-05
3715,5,5,0,10,12,1.056e-05
3716,120,88,44,10,81.1591,0.00504744
3717,76,76,0,152,12.0658,0.00021776
3718,52,34,32,10,79.1176,0.00186336
3719,76,53,30,8,80.8868,0.00299672
3720,32,32,0,64,12.0625,8.496e-05
3721,41,41,0,82,12.0488,0.00010336
3722,55,42,13,10,74.881,0.00230808
3723,111,81,49,8,80.1358,0.0046666
3724,37,37,0,74,12.0541,9.12e-05
3725,65,65,0,130,12.0615,0.000168
3726,87,67,22,8,80.1045,0.00384492
3727,54,33,27,8,77.9697,0.00177948
3728,53,53,0,106,12.0566,0.00014144
3729,29,29,0,58,12.0345,7.872e-05
3730,49,32,27,8,82.7188,0.00173308
3731,28,28,0,56,12.0357,7.376e-05
3732,100,77,35,8,74.7403,0.00442632
3733,53,29,37,8,79.9655,0.00153716
3734,18,9,15,6,79.2222,0.00039112
3735,741,567,246,8,77.6561,0.0340972
3736,53,36,30,10,79.9167,0.00190288
3737,56,56,0,112,12.0536,0.0001352
3738,27,27,0,54,12.037,7.232e-05
3739,7,7,0,14,12,1.472e-05
3740,493,493,0,986,12.0629,0.0012576
3741,32,32,0,64,12.0312,7.824e-05
3742,512,448,84,8,76.8839,0.0268758
3743,68,48,22,10,80.4375,0.00268832
3744,327,327,0,654,12.0581,0.0007984
3745,44,44,0,88,12.0455,0.00011472
3746,175,145,31,10,80.0207,0.00855624
3747,44,29,16,8,80.6897,0.00157692
3748,135,135,0,270,12.0593,0.0003616
3749,23,23,0,46,12.0435,5.792e-05
3750,39,20,24,8,83.15,0.00102092
3751,95,84,17,8,77.3929,0.00484996
3752,15,15,0,30,12,3.52e-05
3753,70,70,0,140,12.0571,0.00017584
3754,27,18,9,8,86.6111,0.00086632
3755,28,13,24,6,79.6923,0.00066456
3756,13,13,0,26,12,2.976e-05
3757,13,13,0,26,12,3.04e-05
3758,21,20,1,8,84.7,0.00101624
3759,12,12,0,24,12,2.512e-05
3760,55,41,19,8,79.7561,0.00225116
3761,39,24,16,8,82,0.00126772
3762,30,30,0,60,12.0333,7.568e-05
3763,19,19,0,38,12.0526,4.416e-05
3764,67,52,16,10,81.1923,0.0028608
3765,52,31,30,8,73.5806,0.00168476
3766,46,46,0,92,12.0435,0.00011728
3767,114,105,9,8,74.3524,0.00616736
3768,83,83,0,166,12.0482,0.00019392
3769,51,40,12,10,82.425,0.002188
3770,31,31,0,62,12.0323,7.488e-05
3771,104,82,32,10,82.1585,0.00467432
3772,108,81,45,6,81.8519,0.00477596
3773,30,30,0,60,12.0333,7.568e-05
3774,30,23,7,8,73.6957,0.00118816
3775,73,73,0,146,12.0548,0.000184
3776,69,69,0,138,12.058,0.00017408
3777,13,13,0,26,12,2.72e-05
3778,17,17,0,8,83.4706,0.00084612
3779,10,10,0,20,12,2.096e-05
3780,103,75,35,6,78.8533,0.00436088
3781,22,14,8,8,82.8571,0.00061908
3782,63,63,0,126,12.0635,0.00017408
3783,106,78,44,8,67.8846,0.00450292
3784,11,11,0,22,12,2.496e-05
3785,62,62,0,124,12.0645,0.00016336
3786,10,10,0,8,79.2,0.00042096
3787,72,62,10,10,82.1935,0.00351952
3788,52,24,46,8,76.25,0.00125736
3789,6,6,0,12,12,1.264e-05
3790,52,52,0,104,12.0577,0.00012432
3791,19,19,0,38,12.0526,4.352e-05
3792,44,33,11,10,84.9697,0.00175192
3793,27,27,0,54,12.037,6.848e-05
3794,38,37,1,10,80.4054,0.00195024
3795,26,26,0,52,12.0385,5.712e-05
3796,6,6,0,8,54.3333,0.00017816
3797,4,4,0,8,12,8.48e-06
3798,78,65,13,10,79.0308,0.00370048
3799,52,52,0,104,12.0577,0.00013712
3800,84,66,20,10,66.5909,0.003704
3801,46,23,40,8,82.2174,0.00117696
3802,152,100,76,8,77.49,0.00583984
3803,63,43,38,6,75.0465,0.00246672
3804,82,51,41,10,72.0588,0.00286744
3805,193,146,57,8,80.2534,0.00861112
3806,90,54,43,10,74.537,0.00304712
3807,58,58,0,116,12.0517,0.00015184
3808,15,15,0,30,12,3.264e-05
3809,98,98,0,196,12.0612,0.00025008
3810,35,35,0,70,12.0571,8.96e-05
3811,48,48,0,96,12.0625,0.00012304
3812,125,125,0,250,12.056,0.0003168
3813,51,51,0,102,12.0588,0.00013696
3814,149,108,61,8,74.8426,0.00634792
3815,24,24,0,8,68.125,0.00124
3816,89,66,28,8,73.1667,0.0037878
3817,13,13,0,26,12,2.72e-05
3818,53,53,0,106,12.0566,0.0001344
3819,74,66,8,10,78.4242,0.00371936
3820,94,70,27,10,76.8429,0.0039424
3821,31,18,22,8,84.9444,0.0009
3822,56,56,0,112,12.0536,0.00014864
3823,61,61,0,122,12.0656,0.00016672
3824,14,14,0,28,12,3.248e-05
3825,33,27,6,8,81.1111,0.00142832
3826,13,9,4,8,83.6667,0.00033632
3827,18,18,0,36,12.0556,4.144e-05
3828,28,28,0,56,12.0357,7.44e-05
3829,8,8,0,16,12,1.776e-05
3830,32,31,1,10,62.0968,0.00158384
3831,38,30,8,8,82.1667,0.001623
3832,62,42,35,8,77.1429,0.00231396
3833,19,19,0,38,12.0526,4.128e-05
3834,23,23,0,46,12.0435,5.6e-05
3835,38,38,0,76,12.0526,9.232e-05
3836,22,22,0,8,58.8182,0.0011364
3837,14,14,0,8,72.7857,0.00061932
3838,109,99,13,10,77.1818,0.00575016
3839,12,12,0,24,12,2.512e-05
3840,8,8,0,16,12,1.68e-05
3841,92,92,0,184,12.0543,0.00023056
3842,91,82,9,8,78.3902,0.00477132
3843,118,91,33,10,81.0549,0.00531144
3844,55,55,0,110,12.0545,0.0001376
3845,169,90,122,8,78.6667,0.00524296
3846,80,80,0,160,12.05,0.00019632
3847,86,86,0,172,12.0581,0.0002296
3848,161,131,30,8,82.5191,0.00774148
3849,119,119,0,238,12.0588,0.00031488
3850,177,137,57,10,80.8467,0.0080264
3851,112,112,0,224,12.0536,0.00028048
3852,98,74,24,10,79.973,0.0042376
3853,20,12,8,8,79.75,0.0004962
3854,66,66,0,132,12.0606,0.00019088
3855,13,9,4,8,78.5556,0.00032872
3856,10,10,0,20,12,2.384e-05
3857,279,208,98,8,78.1154,0.0123944
3858,7,7,0,14,12,1.472e-05
3859,170,170,0,340,12.0588,0.00043792
3860,13,13,0,8,85.5385,0.00056432
3861,97,72,43,8,81.9444,0.0041594
3862,8,8,0,16,12,1.68e-05
3863,61,61,0,122,12.0492,0.00015424
3864,41,30,11,8,84.7667,0.00162972
3865,47,26,25,8,81.1154,0.00136328
3866,23,23,0,46,12.0435,5.952e-05
3867,94,68,31,8,78.1029,0.00390108
3868,68,47,23,10,79.3404,0.00256344
3869,23,23,0,46,12.0435,6.016e-05
3870,64,64,0,128,12.0625,0.0001752
3871,43,43,0,86,12.0465,0.00011648
3872,288,216,106,8,78.838,0.0128745
3873,9,9,0,8,79.7778,0.000311
3874,175,175,0,350,12.0571,0.00043872
3875,80,62,24,10,79.3871,0.00352176
3876,6,6,0,12,12,1.264e-05
3877,57,57,0,114,12.0526,0.00014976
3878,252,158,145,8,70.1772,0.00932304
3879,58,40,29,10,69.8,0.0022288
3880,31,17,20,8,75.8824,0.00081088
3881,138,138,0,276,12.0652,0.00037072
3882,36,36,0,72,12.0556,9.712e-05
3883,86,86,0,172,12.0581,0.00022672
3884,14,14,0,28,12,3.248e-05
3885,59,40,20,8,81.85,0.00222228
3886,16,10,6,8,78.1,0.00041592
3887,42,23,28,8,68.7826,0.00120004
3888,31,31,0,62,12.0323,7.84e-05
3889,9,9,0,18,12,1.984e-05
3890,20,20,0,40,12.05,4.752e-05
3891,178,155,24,8,81.6,0.009191
3892,25,14,19,8,81,0.00066952
3893,148,148,0,296,12.0676,0.00041456
3894,11,11,0,22,12,2.528e-05
3895,93,68,33,8,79.1029,0.00388128
3896,57,57,0,114,12.0526,0.0001456
3897,90,58,47,8,82.0172,0.00328272
3898,50,50,0,100,12.06,0.00012592
3899,38,24,14,8,77.3333,0.00124036
3900,6,6,0,8,83.6667,0.00015384
3901,20,20,0,40,12.05,5.072e-05
3902,9,9,0,8,77.4444,0.00035072
3903,4,4,0,8,12,8.48e-06
3904,348,261,110,8,76.9042,0.0155726
3905,43,22,31,8,78.6364,0.00111592
3906,6,6,0,12,12,1.264e-05
3907,226,226,0,452,12.0619,0.00059888
3908,20,20,0,40,12.05,4.912e-05
3909,31,22,9,8,75.1364,0.00114072
3910,46,26,36,8,77.4231,0.0013602
3911,19,19,0,38,12.0526,4.544e-05
3912,25,25,0,50,12.04,6.112e-05
3913,233,196,38,8,76.8929,0.0116764
3914,18,12,6,8,72.6667,0.0005446
3915,147,147,0,294,12.0612,0.00036928
3916,8,8,0,16,12,1.68e-05
3917,32,23,9,8,73.3913,0.00116932
3918,15,15,0,30,12,3.264e-05
3919,29,17,14,8,55.8824,0.00082876
3920,11,11,0,22,12,2.368e-05
3921,74,41,33,8,74.5854,0.00226152
3922,52,32,20,10,61.9688,0.0017164
3923,66,39,29,8,76.6667,0.00218088
3924,34,34,0,68,12.0588,8.848e-05
3925,48,43,5,10,67.2093,0.00240496
3926,30,30,0,60,12.0333,7.248e-05
3927,33,33,0,66,12.0606,8.512e-05
3928,49,26,32,6,68.8077,0.00143736
3929,36,26,10,8,72.4615,0.00135936
3930,33,9,41,4,73.6667,0.00042768
3931,35,35,0,70,12.0571,8.32e-05
3932,25,25,0,50,12.04,6.88e-05
3933,19,19,0,38,12.0526,4.672e-05
3934,6,6,0,12,12,1.36e-05
3935,106,104,2,10,71.75,0.00609632
3936,84,84,0,168,12.0476,0.00019568
3937,22,22,0,8,26.3182,0.00110076
3938,12,12,0,24,12,2.512e-05
3939,27,27,0,8,52.6296,0.00143248
3940,15,15,0,30,12,3.136e-05
3941,37,29,8,8,82.4138,0.0015354
3942,18,18,0,36,12.0556,3.92e-05
3943,64,45,23,8,81,0.00252864
3944,35,35,0,70,12.0571,9.088e-05
3945,15,12,3,8,78.4167,0.00054356
3946,8,8,0,16,12,1.712e-05
3947,31,29,2,8,76.7931,0.00155308
3948,15,15,0,30,12,3.168e-05
3949,13,13,0,8,71.2308,0.00055652
3950,8,8,0,16,12,1.68e-05
3951,51,33,21,8,79.6061,0.00177156
3952,29,29,0,58,12.0345,7.392e-05
3953,55,43,16,10,80.7442,0.0023428
3954,56,34,31,8,82,0.00182408
3955,33,33,0,66,12.0303,7.872e-05
3956,127,100,35,8,79.25,0.00585304
3957,31,31,0,62,12.0645,7.712e-05
3958,82,82,0,164,12.0488,0.000196
3959,76,62,16,8,81.0484,0.00354864
3960,45,45,0,90,12.0444,0.00011584
3961,52,52,0,6,77,0.00296972
3962,27,27,0,54,12.037,5.632e-05
3963,51,33,20,8,73.9697,0.00178
3964,26,26,0,52,12.0385,6.512e-05
3965,324,225,132,8,76.4667,0.0134489
3966,7,7,0,8,73.5714,0.0002462
3967,73,55,18,10,79.2727,0.00303904
3968,208,208,0,416,12.0625,0.00055376
3969,5,5,0,10,12,1.056e-05
3970,52,52,0,104,12.0577,0.00012816
3971,143,106,53,8,75.2547,0.00622612
3972,201,182,24,10,78.1868,0.0107219
3973,44,26,19,8,79.3846,0.0013646
3974,91,91,0,182,12.0549,0.00023936
3975,162,162,0,324,12.0617,0.00040368
3976,21,21,0,42,12.0476,5.536e-05
3977,16,16,0,8,75.1875,0.0007594
3978,9,9,0,8,81.2222,0.00032388
3979,70,51,25,8,76.8627,0.0028774
3980,57,31,44,4,76.6129,0.00175824
3981,98,56,62,6,78.9464,0.00325028
3982,9,9,0,18,12,1.888e-05
3983,6,6,0,12,12,1.264e-05
3984,38,38,0,76,12.0526,9.712e-05
3985,16,16,0,32,12,3.344e-05
3986,45,45,0,90,12.0444,0.00010912
3987,216,190,29,8,79.8895,0.0112882
3988,180,180,0,360,12.0611,0.00046128
3989,89,81,8,10,81.1481,0.00472056
3990,73,73,0,146,12.0548,0.0001792
3991,92,68,35,8,78.0588,0.00388544
3992,65,65,0,130,12.0615,0.0001712
3993,13,13,0,8,72.2308,0.00059664
3994,8,8,0,16,12,1.68e-05
3995,58,37,29,8,79.5405,0.00202968
3996,140,90,62,4,78.9667,0.00532656
3997,29,12,22,4,80.25,0.00060912
3998,34,34,0,68,12.0588,9.36e-05
3999,77,77,0,154,12.0519,0.00018656
4000,9,9,0,18,12,2.016e-05
4001,78,57,28,8,77.4737,0.0032562
4002,44,21,36,8,76.8571,0.00107516
4003,45,45,0,90,12.0444,0.00011936
4004,82,37,60,4,78.4054,0.00212112
4005,40,20,24,4,76.9,0.00109296
4006,17,17,0,34,12.0588,3.904e-05
4007,52,34,32,10,79,0.0017916
4008,35,35,0,70,12.0571,0.00010144
4009,85,71,14,10,77.0704,0.00404792
4010,17,17,0,34,12,4e-05
4011,32,32,0,64,12.0312,8.016e-05
4012,64,64,0,128,12.0625,0.00016496
4013,90,65,25,10,76.1077,0.00367088
4014,127,103,30,8,74.7573,0.00603488
4015,57,57,0,114,12.0702,0.0001648
4016,103,85,26,10,72.6941,0.00484976
4017,81,81,0,162,12.0617,0.00020128
4018,70,70,0,140,12.0571,0.00017808
4019,15,15,0,8,82,0.00070308
4020,9,9,0,18,12,1.888e-05
4021,29,28,1,8,77.6071,0.0015058
4022,52,33,26,10,78.3636,0.00177368
4023,31,17,24,8,71.0588,0.0008064
4024,16,16,0,32,12,3.344e-05
4025,20,18,2,8,73.4444,0.00090132
4026,31,18,16,8,69.6667,0.00088036
4027,31,31,0,62,12.0645,8.16e-05
4028,10,10,0,20,12,2.096e-05
4029,17,17,0,8,78.9412,0.00079876
4030,11,11,0,22,12,2.304e-05
4031,12,12,0,24,12,2.608e-05
4032,10,10,0,20,12,2.096e-05
4033,29,29,0,8,73.4483,0.00154872
4034,16,16,0,32,12,3.344e-05
4035,18,18,0,8,71.9444,0.00087456
4036,10,10,0,20,12,2.096e-05
4037,168,136,34,8,77.5074,0.00803932
4038,114,114,0,228,12.0614,0.00029264
4039,109,88,22,8,79.75,0.00513
4040,65,46,37,6,75.4348,0.0026236
4041,40,24,27,8,84.25,0.00124664
4042,77,77,0,154,12.0649,0.0002048
4043,37,37,0,74,12.0541,9.152e-05
4044,20,20,0,40,12.05,4.688e-05
4045,36,24,12,8,77.875,0.00123512
4046,52,39,13,10,68.4872,0.0021248
4047,19,19,0,38,12.0526,4.544e-05
4048,35,35,0,70,12.0571,8.64e-05
