flow_id,tx_packets,rx_packets,lost_packets,retx_packets,mean_delay_ms,throughput_mbps
1,10959,8855,3007,4,74.3397,0.535434
2,10529,8787,2406,4,72.2084,0.531321
3,11283,9537,2324,4,73.5784,0.576681
4,10846,8830,2847,4,73.2155,0.533922
5,12371,10532,2397,4,74.0246,0.636859
6,6868,6868,0,13736,12.0619,0.0171525
7,6646,6646,0,13292,12.0608,0.0162888
8,7309,7309,0,14618,12.0607,0.017903
9,6848,6843,0,13686,12.0617,0.0170624
10,8078,8078,0,16156,12.0614,0.0200219
11,49,30,28,10,76.7667,0.00158376
12,27,27,0,54,12.037,7.168e-05
13,38,34,4,10,76.1471,0.00176992
14,29,17,16,8,77.7059,0.00084116
15,51,23,42,8,77.8261,0.00119264
16,24,24,0,48,12.0417,5.392e-05
17,12,12,0,24,12,2.608e-05
18,17,17,0,34,12,3.648e-05
19,22,22,0,8,62.6818,0.00113772
20,15,15,0,8,76.3333,0.00070272
21,12,12,0,24,12,2.512e-05
22,9,9,0,18,12,1.888e-05
23,16,16,0,8,56.75,0.0007836
24,18,18,0,8,71.2778,0.0008846
25,9,9,0,18,12,1.888e-05
26,10,10,0,20,12,2.096e-05
27,69,69,0,8,77.4928,0.00397944
28,36,36,0,72,12.0278,7.504e-05
29,8,8,0,8,70.875,0.00028748
30,5,5,0,10,12,1.056e-05
31,99,93,6,10,79.7634,0.00541328
32,68,68,0,136,12.0588,0.00016464
33,103,84,19,10,76.1667,0.00486392
34,138,121,18,8,69.8678,0.00708664
35,75,75,0,150,12.0533,0.0001904
36,88,88,0,176,12.0568,0.00021936
37,36,33,3,10,71.5758,0.00173632
38,24,24,0,48,12.0417,5.584e-05
39,29,29,0,8,73.4483,0.00153344
40,16,16,0,32,12,3.344e-05
41,12,12,0,8,33.3333,0.00050292
42,7,7,0,14,12,1.472e-05
43,30,30,0,8,55.1667,0.0016144
44,24,24,0,8,61.4167,0.00123876
45,16,16,0,32,12,3.344e-05
46,13,13,0,26,12,2.72e-05
47,13,13,0,8,33.4615,0.0005664
48,8,8,0,16,12,1.68e-05
49,59,51,8,10,74.4118,0.00281344
50,31,20,11,8,80.45,0.00099916
51,39,39,0,78,12.0513,0.0001008
52,14,14,0,28,12,3.12e-05
53,41,27,20,8,79.8889,0.00143776
54,145,117,32,10,80.1795,0.00683864
55,23,23,0,46,12.0435,5.504e-05
56,50,41,9,8,79.2683,0.00228304
57,101,101,0,202,12.0594,0.00025152
58,96,47,68,8,82.5957,0.00261724
59,33,33,0,66,12.0606,8.416e-05
60,44,44,0,88,12.0682,0.00012432
61,70,49,26,10,79.1837,0.00269624
62,118,85,46,8,73.2941,0.00496344
63,35,21,14,8,77.9048,0.00106608
64,119,80,46,8,78.0625,0.00462368
65,46,46,0,92,12.0652,0.00012464
66,72,72,0,144,12.0556,0.00017712
67,18,18,0,36,12.0556,4.144e-05
68,71,71,0,142,12.0563,0.00018016
69,10,10,0,8,76,0.00039
70,23,20,3,8,84.3,0.00097636
71,6,6,0,12,12,1.264e-05
72,43,25,23,8,76.4,0.00127912
73,12,12,0,24,12,2.704e-05
74,40,33,7,8,78.1212,0.0017834
75,22,22,0,44,12.0455,5.616e-05
76,128,108,24,10,78.8796,0.00631432
77,21,21,0,42,12.0476,4.608e-05
78,95,95,0,190,12.0526,0.00023872
79,104,83,25,8,80.241,0.00482388
80,13,9,4,8,76.1111,0.00034992
81,73,73,0,146,12.0548,0.0002
82,7,7,0,14,12,1.536e-05
83,61,45,16,8,83.4,0.00251208
84,65,42,29,10,76.4286,0.00226624
85,38,38,0,76,12.0526,0.00010224
86,128,81,66,8,76.8025,0.00469208
87,40,40,0,80,12.05,0.00011024
88,74,55,19,8,79.2909,0.003146
89,58,39,26,8,80.8205,0.00216448
90,71,71,0,142,12.0563,0.00019328
91,64,42,40,8,78.381,0.00231388
92,48,27,38,8,78.8889,0.00143004
93,47,47,0,94,12.0638,0.00012384
94,35,35,0,70,12.0571,9.632e-05
95,66,50,17,10,79.42,0.00280888
96,37,37,0,74,12.0541,9.12e-05
97,25,25,0,50,12.04,6.4e-05
98,44,44,0,88,12.0455,0.00012144
99,35,22,14,8,80.5,0.00111052
100,49,36,17,8,80.5,0.0019716
101,17,17,0,34,12,3.936e-05
102,332,282,55,10,76.6879,0.016808
103,31,31,0,62,12.0323,7.936e-05
104,223,223,0,446,12.0583,0.000536
105,71,54,20,8,79.4074,0.00308792
106,76,69,7,8,74.8406,0.0039422
107,42,42,0,84,12.0476,0.00011152
108,15,11,5,8,75.4545,0.0004612
109,56,56,0,112,12.0536,0.00012688
110,8,8,0,16,12,1.744e-05
111,18,18,0,8,73.5,0.00085936
112,10,10,0,20,12,2.096e-05
113,14,14,0,8,48.2143,0.0006656
114,37,37,0,8,59.2432,0.00204332
115,8,8,0,16,12,1.68e-05
116,20,20,0,40,12.05,4.176e-05
117,165,123,49,10,73.0244,0.00725728
118,21,21,0,8,76.0476,0.00109172
119,209,192,20,8,75.4062,0.0114164
120,107,107,0,214,12.0654,0.00028928
121,12,12,0,24,12,2.512e-05
122,135,135,0,270,12.0519,0.00031648
123,67,50,24,8,77.42,0.00281188
124,39,21,26,8,75.381,0.00104756
125,38,38,0,76,12.0526,9.68e-05
126,13,13,0,26,12,2.72e-05
127,171,149,22,8,79.1879,0.00878428
128,128,128,0,256,12.0625,0.00035856
129,646,559,114,8,77.6422,0.0336261
130,404,404,0,808,12.0569,0.00096368
131,18,18,0,8,74.7222,0.00087928
132,10,10,0,20,12,2.096e-05
133,77,57,24,10,86.2456,0.00323064
134,49,49,0,98,12.0612,0.00013568
135,80,47,41,8,81.1702,0.00266548
136,43,43,0,86,12.0465,0.00011168
137,186,163,25,10,82.6442,0.00965096
138,124,124,0,248,12.0565,0.00030736
139,274,210,91,8,75.919,0.0124817
140,162,162,0,324,12.0617,0.00040976
141,117,99,20,8,82.8081,0.00575644
142,89,89,0,178,12.0562,0.00023072
143,82,45,59,8,76.2,0.002523
144,35,35,0,70,12.0571,8.256e-05
145,24,24,0,8,75.5417,0.00122136
146,49,32,24,8,76.0938,0.00172272
147,49,30,34,8,68.2333,0.00162116
148,13,13,0,26,12,2.72e-05
149,34,34,0,8,77.1471,0.0018402
150,30,30,0,60,12.0333,7.664e-05
151,28,28,0,56,12.0357,6.544e-05
152,18,18,0,36,12,3.76e-05
153,76,73,5,8,79.7123,0.00418268
154,42,42,0,84,12.0476,9.328e-05
155,81,58,29,10,77.1724,0.00321872
156,50,50,0,100,12.06,0.00012848
157,38,38,0,8,64.1053,0.00212228
158,20,20,0,40,12.05,4.176e-05
159,37,37,0,8,72.3243,0.00204268
160,20,20,0,40,12.05,4.176e-05
161,42,34,8,8,71.5588,0.00182696
162,61,46,17,10,77,0.0025328
163,56,38,18,8,72.6316,0.00210736
164,22,22,0,44,12.0455,5.04e-05
165,15,9,9,8,81.3333,0.00034632
166,41,41,0,82,12.0488,0.00010688
167,32,32,0,64,12.0625,8.464e-05
168,43,43,0,8,73.3721,0.00242332
169,23,23,0,46,12.0435,4.8e-05
170,99,76,33,10,74.3289,0.0043328
171,56,41,16,10,79.5366,0.00225736
172,62,62,0,124,12.0484,0.00015824
173,36,36,0,72,12.0556,9.136e-05
174,91,77,14,10,83.1039,0.00436544
175,64,64,0,128,12.0625,0.00016272
176,844,719,150,10,77.5396,0.0432503
177,600,600,0,1200,12.0633,0.00156144
178,159,142,33,8,76.838,0.00837736
179,84,84,0,168,12.0476,0.00018896
180,41,41,0,8,66.7317,0.00227172
181,22,22,0,44,12.0455,4.592e-05
182,80,70,10,10,76.7571,0.00396856
183,142,124,18,8,79.6129,0.00728708
184,48,48,0,96,12.0417,0.00011984
185,87,87,0,174,12.0575,0.00021568
186,43,26,30,8,80.5385,0.00137068
187,76,55,38,6,74.2364,0.00316844
188,13,13,0,8,66.6923,0.00058424
189,24,24,0,48,12.0417,6.32e-05
190,40,40,0,80,12.05,9.424e-05
191,14,14,0,8,78.5714,0.00064488
192,8,8,0,16,12,1.68e-05
193,8,8,0,16,12,1.68e-05
194,60,51,9,10,86.2549,0.002854
195,42,42,0,84,12.0476,0.0001048
196,154,137,18,10,78.4745,0.0080932
197,165,137,38,8,76.3285,0.00807128
198,36,17,20,8,80.6471,0.0008352
199,28,15,16,8,81.2667,0.00067684
200,114,114,0,228,12.0614,0.00030224
201,123,123,0,246,12.065,0.00032448
202,14,14,0,28,12,3.152e-05
203,13,13,0,26,12,3.328e-05
204,297,229,92,8,80.6812,0.0136191
205,35,18,21,8,79.7222,0.00087148
206,67,44,40,8,77.3636,0.00243692
207,197,197,0,394,12.066,0.00052576
208,13,13,0,26,12,2.784e-05
209,41,41,0,82,12.0488,0.00010528
210,49,39,10,10,74.9744,0.00217008
211,49,28,28,8,75.4643,0.00147744
212,33,33,0,66,12.0606,8.256e-05
213,133,111,25,8,73.8919,0.00648764
214,26,26,0,52,12.0385,7.408e-05
215,103,103,0,206,12.0583,0.00025696
216,6,6,0,12,12,1.264e-05
217,27,26,1,8,72,0.00134004
218,18,16,2,8,82.1875,0.00073904
219,7,7,0,8,73,0.0002378
220,14,14,0,28,12,2.96e-05
221,9,9,0,18,12,1.952e-05
222,5,5,0,10,12,1.056e-05
223,142,124,21,8,76.4597,0.00729532
224,41,34,7,8,81.5294,0.00185616
225,84,84,0,168,12.0595,0.00020912
226,23,23,0,46,12.0435,5.472e-05
227,14,14,0,8,74.4286,0.00066064
228,8,8,0,16,12,1.68e-05
229,83,56,36,8,76.375,0.00319868
230,426,357,75,8,75.0476,0.0213859
231,52,52,0,104,12.0577,0.00013712
232,272,272,0,544,12.0588,0.00065456
233,34,31,3,8,76.129,0.0016598
234,35,25,10,8,81,0.00131536
235,53,32,39,8,79.0312,0.00174976
236,18,18,0,36,12,3.824e-05
237,19,19,0,38,12.0526,4.576e-05
238,31,31,0,62,12.0645,8.48e-05
239,35,30,5,8,83.2,0.00162096
240,20,20,0,40,12.05,4.784e-05
241,45,38,7,8,86.1579,0.0021084
242,27,27,0,54,12.037,6.368e-05
243,84,55,42,8,79.8545,0.0031436
244,48,48,0,96,12.0625,0.00012656
245,20,20,0,8,76.95,0.00097716
246,59,41,20,10,80.2195,0.00225336
247,11,11,0,22,12,2.304e-05
248,36,36,0,72,12.0556,9.136e-05
249,595,350,320,8,75.8714,0.0209667
250,58,38,25,10,77.5526,0.00202344
251,210,169,58,8,69.3669,0.00999564
252,328,328,0,656,12.0671,0.00089552
253,35,35,0,70,12.0571,9.632e-05
254,114,114,0,228,12.0526,0.0002568
255,179,138,55,10,76.4058,0.00809016
256,308,251,72,8,77.4183,0.0149777
257,124,124,0,248,12.0645,0.00032368
258,233,233,0,466,12.0644,0.00060896
259,86,74,12,8,74.7703,0.00426124
260,107,86,32,10,74.907,0.00497216
261,49,22,45,6,63.2273,0.00116856
262,21,12,9,8,83.6667,0.00052992
263,38,18,34,8,80.7778,0.00087264
264,57,57,0,114,12.0526,0.0001472
265,74,74,0,148,12.0541,0.00018384
266,15,15,0,30,12,3.2e-05
267,9,9,0,18,12,1.984e-05
268,14,14,0,28,12,3.088e-05
269,87,82,5,10,70.561,0.00473816
270,56,56,0,112,12.0536,0.00013296
271,294,245,70,8,76.9429,0.0146176
272,194,194,0,388,12.0567,0.00048112
273,14,14,0,8,75.6429,0.00062692
274,8,8,0,16,12,1.68e-05
275,93,86,7,10,78.9186,0.00492912
276,76,76,0,152,12.0526,0.00017456
277,103,65,63,10,80.9692,0.00375296
278,65,57,12,10,75.0175,0.00326896
279,56,56,0,112,12.0536,0.0001464
280,50,50,0,100,12.06,0.00012208
281,60,45,16,8,68.4,0.00251676
282,36,36,0,72,12.0556,9.104e-05
283,28,28,0,8,63.5357,0.00148708
284,15,15,0,30,12,3.136e-05
285,18,18,0,8,77.3333,0.00090704
286,92,83,10,10,80.4699,0.00474664
287,48,28,33,8,80.8929,0.00147956
288,10,10,0,20,12,2.096e-05
289,11,11,0,8,70.3636,0.00047808
290,69,69,0,138,12.0435,0.00015808
291,25,25,0,50,12.04,6.784e-05
292,7,7,0,14,12,1.472e-05
293,16,16,0,8,80.1875,0.00078028
294,9,9,0,18,12,1.888e-05
295,34,32,2,10,75.0938,0.0017168
296,70,44,34,8,79.6591,0.002451
297,21,21,0,42,12.0476,4.64e-05
298,41,41,0,82,12.0488,0.00010112
299,13,13,0,8,66.2308,0.000578
300,8,8,0,16,12,1.68e-05
301,13,11,2,8,81.3636,0.00045688
302,8,8,0,16,12,1.68e-05
303,62,45,22,10,78.4222,0.00254272
304,132,94,51,10,77.2553,0.00544744
305,13,8,9,8,71.5,0.00025516
306,74,38,54,8,63.2895,0.002067
307,42,42,0,84,12.0476,0.00011088
308,86,86,0,172,12.0581,0.00023056
309,6,6,0,12,12,1.264e-05
310,32,32,0,64,12.0625,7.824e-05
311,74,46,41,8,81.6304,0.00260396
312,219,163,66,8,72.5092,0.00966088
313,55,36,23,10,78.3611,0.00191896
314,19,11,8,8,77.7273,0.00048404
315,43,43,0,86,12.0465,0.000112
316,41,21,20,8,62.4286,0.00104136
317,135,135,0,270,12.0593,0.00034176
318,31,20,12,8,71.5,0.00102488
319,33,33,0,66,12.0606,8.992e-05
320,9,9,0,18,12,2.176e-05
321,98,76,33,8,81.9211,0.0043904
322,12,12,0,24,12,2.512e-05
323,12,12,0,24,12,2.544e-05
324,71,71,0,142,12.0563,0.000184
325,106,89,17,10,83.3258,0.00520568
326,67,67,0,134,12.0597,0.00016544
327,62,44,24,8,72,0.0024592
328,23,15,8,8,66.2,0.00070156
329,34,34,0,68,12.0588,8.752e-05
330,27,16,11,8,63.5,0.00075448
331,10,10,0,20,12,2.128e-05
332,11,11,0,22,12,2.4e-05
333,92,80,12,8,81.9125,0.00461316
334,58,58,0,116,12.0517,0.00013872
335,75,46,41,8,77.8696,0.00255088
336,42,42,0,84,12.0476,0.0001112
337,30,20,11,8,61.75,0.0009824
338,54,31,40,8,71.0323,0.00168548
339,87,58,47,8,70.5862,0.00331056
340,29,29,0,58,12.069,8.16e-05
341,49,49,0,98,12.0612,0.00012864
342,58,42,20,10,73.1667,0.00234432
343,37,37,0,74,12.0541,0.00010464
344,38,34,4,10,76,0.00185664
345,25,25,0,50,12.04,5.76e-05
346,313,266,62,8,69.6654,0.0158842
347,213,213,0,426,12.061,0.00052896
348,38,38,0,8,67.3158,0.00208896
349,20,20,0,40,12.05,4.176e-05
350,15,15,0,8,69.4,0.00069144
351,27,22,5,8,76.4091,0.00112752
352,9,9,0,18,12,1.888e-05
353,13,13,0,26,12,2.752e-05
354,48,39,9,8,72.8974,0.00212552
355,28,28,0,56,12.0357,7.184e-05
356,24,24,0,8,46.2917,0.00126268
357,24,24,0,8,67.125,0.00122428
358,13,13,0,26,12,2.72e-05
359,13,13,0,26,12,2.72e-05
360,9,9,0,8,42.7778,0.00036256
361,77,77,0,8,72.3117,0.0044278
362,6,6,0,12,12,1.264e-05
363,40,40,0,80,12.05,8.336e-05
364,34,31,3,8,74.0968,0.00165916
365,19,19,0,38,12.0526,4.064e-05
366,52,52,0,8,60.7115,0.00292076
367,27,27,0,54,12.037,5.632e-05
368,24,12,13,8,73.5,0.00054928
369,88,55,37,8,62.9091,0.00311796
370,11,11,0,22,12,2.464e-05
371,32,32,0,64,12.0312,6.704e-05
372,33,17,27,8,74.1765,0.00083928
373,11,8,3,8,65,0.00028536
374,22,22,0,8,70.1818,0.00113756
375,7,7,0,14,12,1.536e-05
376,12,12,0,24,12,2.512e-05
377,33,31,2,10,80.3226,0.00158976
378,34,24,12,8,72.8333,0.00124308
379,253,229,25,8,69.3537,0.0136382
380,20,20,0,40,12.05,4.56e-05
381,18,18,0,36,12.0556,4.304e-05
382,34,30,4,10,78.4667,0.00162216
383,162,162,0,324,12.0556,0.00038128
384,21,21,0,42,12.0476,4.608e-05
385,15,15,0,30,12,3.36e-05
386,50,40,10,8,82.625,0.00218796
387,109,97,12,10,80.9897,0.00560824
388,31,31,0,62,12.0645,7.904e-05
389,76,76,0,152,12.0526,0.00018416
390,101,82,19,8,73.2439,0.0047744
391,74,74,0,148,12.0541,0.00019376
392,34,22,13,8,79.5455,0.00113768
393,20,12,8,8,80.1667,0.00050456
394,64,47,17,8,67.0638,0.00262656
395,18,18,0,36,12.0556,4.144e-05
396,10,10,0,20,12,2.352e-05
397,36,36,0,72,12.0556,8.88e-05
398,28,28,0,8,56.7857,0.0014726
399,15,15,0,30,12,3.136e-05
400,54,47,7,10,72.3404,0.00258792
401,37,23,14,8,82.5217,0.0011826
402,35,35,0,70,12.0571,8.736e-05
403,18,18,0,36,12.0556,4.048e-05
404,8,8,0,8,47.125,0.00026456
405,5,5,0,10,12,1.056e-05
406,59,59,0,8,50.1525,0.00336908
407,31,31,0,62,12.0323,6.464e-05
408,150,148,2,8,69.2432,0.008768
409,19,19,0,8,53.4737,0.00096492
410,79,79,0,158,12.0506,0.000168
411,11,11,0,22,12,2.304e-05
412,78,60,18,8,73.1,0.00341248
413,7,7,0,8,82.2857,0.00022988
414,48,48,0,96,12.0625,0.00012752
415,5,5,0,10,12,1.056e-05
416,29,29,0,8,65.5172,0.00155164
417,165,145,29,10,76.8759,0.00851928
418,16,16,0,32,12,3.344e-05
419,101,101,0,202,12.0594,0.00025184
420,83,61,26,10,80.1639,0.00347504
421,63,41,30,10,80.6098,0.00219384
422,52,52,0,104,12.0577,0.00013776
423,121,76,51,8,77.4342,0.00440272
424,38,20,31,8,78.35,0.00102204
425,37,37,0,74,12.0541,0.0001024
426,259,152,130,10,76.9474,0.00895808
427,69,69,0,138,12.058,0.00017344
428,18,18,0,36,12.0556,4.336e-05
429,137,137,0,274,12.0657,0.0003648
430,80,57,31,8,77.9474,0.00323916
431,69,47,30,10,78.766,0.00256096
432,40,40,0,80,12.05,0.00010064
433,221,174,60,8,71.7931,0.0103444
434,64,58,6,10,76.8103,0.00322848
435,44,44,0,88,12.0682,0.00012464
436,135,135,0,270,12.0593,0.00034528
437,49,49,0,98,12.0408,0.00011072
438,75,67,11,8,73.6418,0.00384756
439,64,44,34,6,75.25,0.00252884
440,54,54,0,108,12.0556,0.00013104
441,44,44,0,88,12.0455,0.00010832
442,12,12,0,24,12,2.576e-05
443,44,36,14,8,76.1111,0.00198844
444,23,23,0,46,12.0435,5.216e-05
445,116,96,23,8,74.0208,0.00561344
446,86,61,43,6,57.2295,0.00353052
447,76,76,0,152,12.0526,0.0001992
448,35,35,0,70,12.0286,7.376e-05
449,57,50,7,10,79.7,0.0027792
450,56,36,21,10,79.5833,0.0019884
451,33,19,14,8,79.3158,0.00094504
452,70,49,28,10,73.3265,0.0027412
453,17,10,13,8,78.8,0.0003814
454,39,39,0,78,12.0513,9.6e-05
455,16,16,0,32,12,3.728e-05
456,176,146,33,10,75.3082,0.00861048
457,46,46,0,92,12.0652,0.00012272
458,8,8,0,16,12,1.776e-05
459,131,131,0,262,12.0611,0.0003392
460,211,164,55,8,71.189,0.00972844
461,24,15,9,8,81.8667,0.0006916
462,260,195,70,8,68.2462,0.0115798
463,51,27,24,8,68.8889,0.00142524
464,134,134,0,268,12.0597,0.00034192
465,11,11,0,22,12,2.464e-05
466,151,151,0,302,12.0596,0.0003728
467,85,49,37,8,75.0204,0.0027778
468,73,59,14,8,69.7458,0.00338696
469,25,25,0,50,12.04,6.944e-05
470,46,46,0,92,12.0652,0.00012048
471,47,47,0,94,12.0426,0.00011584
472,114,100,15,10,74.45,0.00583584
473,88,88,0,176,12.0682,0.00025392
474,81,61,23,8,73.6066,0.00347892
475,122,103,33,8,77.7767,0.00603984
476,76,47,46,8,67.4468,0.0026176
477,56,26,41,8,65.6154,0.00137056
478,50,50,0,100,12.06,0.00013232
479,80,80,0,160,12.05,0.00018544
480,42,42,0,84,12.0476,0.000108
481,23,23,0,46,12.0435,6.144e-05
482,60,43,34,8,66.1163,0.00238656
483,34,34,0,68,12.0588,8.368e-05
484,7,7,0,8,55.2857,0.0002018
485,5,5,0,10,12,1.056e-05
486,36,23,13,8,83.4783,0.00121224
487,95,61,52,10,78.4262,0.00347768
488,15,15,0,30,12,3.296e-05
489,52,52,0,104,12.0577,0.00013552
490,145,114,52,8,79.9649,0.00668048
491,57,33,39,8,79.2121,0.00177204
492,85,85,0,170,12.0588,0.00021536
493,29,29,0,58,12.0345,7.168e-05
494,25,25,0,8,80.96,0.00128164
495,27,16,11,8,71.0625,0.00078984
496,14,14,0,28,12,2.928e-05
497,11,11,0,22,12,2.4e-05
498,12,12,0,8,59.9167,0.00050368
499,95,59,54,10,77.8136,0.0032932
500,7,7,0,14,12,1.472e-05
501,54,54,0,108,12.0556,0.00013872
502,22,22,0,8,61.2727,0.00113312
503,12,12,0,24,12,2.512e-05
504,12,12,0,8,79.25,0.00054668
505,7,7,0,14,12,1.472e-05
506,28,27,1,8,72.8889,0.00140628
507,15,15,0,30,12,3.2e-05
508,30,27,3,8,83,0.00143132
509,17,17,0,34,12,3.744e-05
510,1092,807,412,8,75.1029,0.0485959
511,287,220,91,8,75.05,0.0131269
512,688,688,0,1376,12.064,0.00177808
513,170,130,60,8,72.0615,0.00764916
514,185,185,0,370,12.0595,0.00048128
515,94,94,0,188,12.0638,0.00023984
516,34,34,0,68,12.0588,9.456e-05
517,288,246,52,8,74.8049,0.0146855
518,204,204,0,408,12.0637,0.00054544
519,58,37,33,8,78.6757,0.00201888
520,39,23,22,8,46.6087,0.00117476
521,32,32,0,64,12.0625,8.016e-05
522,15,15,0,30,12,3.232e-05
523,381,310,88,8,74.6613,0.0185218
524,222,222,0,444,12.0631,0.00057168
525,97,81,17,8,82.5802,0.00471292
526,72,72,0,144,12.0556,0.00018928
527,31,16,17,8,79.5625,0.00073852
528,12,12,0,24,12,2.608e-05
529,86,63,29,8,57.3492,0.0035956
530,27,15,18,8,78.1333,0.00068896
531,24,14,18,8,74,0.00064956
532,107,67,41,10,72.3433,0.00379888
533,38,21,17,8,66.8571,0.00107352
534,61,61,0,122,12.0492,0.00014944
535,55,37,22,8,71.027,0.00203044
536,11,11,0,22,12,2.4e-05
537,11,11,0,22,12,2.4e-05
538,62,62,0,124,12.0484,0.00015728
539,14,14,0,28,12,3.056e-05
540,35,35,0,70,12.0571,9.504e-05
541,85,77,8,10,70.961,0.00441296
542,62,62,0,124,12.0484,0.00015056
543,69,55,14,8,72.1455,0.00313624
544,18,16,2,8,79.8125,0.0007618
545,43,43,0,86,12.0465,0.00011424
546,136,104,36,8,59.9327,0.00607336
547,10,10,0,20,12,2.096e-05
548,50,28,32,8,63.25,0.00147692
549,81,81,0,162,12.0494,0.00019968
550,26,26,0,52,12.0385,6.352e-05
551,36,36,0,8,31.3889,0.00199388
552,19,19,0,38,12.0526,3.968e-05
553,71,62,9,10,67.1129,0.0035452
554,14,14,0,8,59.6429,0.00063784
555,48,47,1,10,75.5957,0.00261096
556,50,50,0,100,12.06,0.00012976
557,8,8,0,16,12,1.68e-05
558,36,36,0,72,12.0278,7.952e-05
559,6,6,0,8,72.6667,0.0001732
560,4,4,0,8,12,8.48e-06
561,76,57,19,10,71.5965,0.00325576
562,45,45,0,90,12.0444,0.00011584
563,28,20,8,8,61.65,0.0010126
564,15,15,0,30,12,3.552e-05
565,68,61,7,8,66.8033,0.00349604
566,23,12,20,6,75.5833,0.00056956
567,48,48,0,96,12.0417,0.000116
568,8,8,0,16,12,1.68e-05
569,25,25,0,8,67.92,0.00130388
570,14,14,0,28,12,2.928e-05
571,26,26,0,8,39.6154,0.00138008
572,37,37,0,8,60.9189,0.0020052
573,33,33,0,8,71.4545,0.00181392
574,14,14,0,28,12,2.928e-05
575,20,20,0,40,12.05,4.176e-05
576,18,18,0,36,12,3.76e-05
577,264,220,51,10,74.9727,0.0130528
578,72,60,19,8,78.4833,0.00341508
579,189,189,0,378,12.0635,0.00050048
580,45,45,0,90,12.0444,0.00011328
581,86,65,29,10,76.3692,0.00365984
582,62,62,0,124,12.0645,0.000172
583,44,33,11,8,78.6061,0.00181524
584,10,10,0,8,68.7,0.00039372
585,45,36,9,8,78.6944,0.00198188
586,6,6,0,12,12,1.264e-05
587,30,20,11,8,77.9,0.00102984
588,86,64,35,8,80.1094,0.00368752
589,23,23,0,46,12.0435,5.12e-05
590,15,15,0,30,12,3.36e-05
591,53,53,0,106,12.0566,0.00012768
592,42,29,14,8,74.3103,0.00157712
593,29,22,7,8,80.2727,0.00110408
594,23,23,0,46,12.0435,5.792e-05
595,15,15,0,30,12,3.36e-05
596,56,45,19,10,72.3333,0.00250912
597,100,93,9,8,85.4839,0.0054444
598,32,32,0,64,12.0312,7.632e-05
599,174,136,50,8,77.9926,0.0080066
600,79,79,0,158,12.0506,0.00018784
601,104,104,0,208,12.0577,0.0002632
602,257,163,115,8,75.1718,0.00967244
603,155,155,0,310,12.0645,0.00042496
604,72,54,21,8,72.3333,0.0030792
605,75,57,19,10,76.1053,0.00318064
606,31,16,15,8,76.5,0.00078664
607,42,42,0,84,12.0476,0.0001112
608,52,52,0,104,12.0577,0.00014
609,12,12,0,24,12,2.64e-05
610,39,38,1,8,57.1053,0.00210144
611,41,35,10,8,72.1714,0.00189844
612,66,50,16,8,75.96,0.00284724
613,24,24,0,48,12.0417,5.52e-05
614,43,43,0,86,12.0465,0.00011328
615,128,99,29,8,64.5859,0.00576256
616,64,39,25,8,74.8205,0.00215476
617,95,95,0,190,12.0632,0.00026848
618,39,22,17,8,71.9545,0.00111864
619,33,33,0,66,12.0606,8.768e-05
620,111,72,45,10,74.7639,0.00417704
621,51,25,29,8,69.2,0.00133184
622,58,32,28,8,68.3125,0.00171424
623,20,20,0,40,12.05,4.88e-05
624,66,66,0,132,12.0606,0.00017488
625,22,22,0,44,12.0455,5.36e-05
626,23,23,0,46,12.0435,5.408e-05
627,35,35,0,8,69.9429,0.00192448
628,19,19,0,38,12.0526,3.968e-05
629,92,64,39,10,81.375,0.00368752
630,53,53,0,106,12.0566,0.00014496
631,63,53,10,10,77.0755,0.00298416
632,180,126,87,8,62.1587,0.00740908
633,46,46,0,92,12.0435,0.0001176
634,111,111,0,222,12.0541,0.00026848
635,78,57,24,8,78.3509,0.00322444
636,62,44,23,10,79.4318,0.00239336
637,50,50,0,100,12.06,0.00013296
638,38,38,0,76,12.0526,0.00010352
639,14,9,5,8,78.6667,0.00033664
640,6,6,0,12,12,1.264e-05
641,62,43,28,8,79.3953,0.002368
642,8,8,0,8,74.375,0.00030484
643,34,34,0,68,12.0588,9.104e-05
644,30,16,19,8,80,0.00075856
645,5,5,0,10,12,1.056e-05
646,15,9,6,8,74.2222,0.00036696
647,12,12,0,24,12,2.672e-05
648,8,8,0,16,12,1.712e-05
649,30,28,2,8,64.3214,0.00150388
650,72,55,19,10,80.3273,0.003132
651,17,17,0,34,12,3.616e-05
652,47,47,0,94,12.0638,0.00012384
653,27,27,0,54,12.037,6.72e-05
654,17,17,0,8,82.8235,0.00080212
655,42,24,25,8,50.0833,0.00126108
656,10,10,0,20,12,2.096e-05
657,22,22,0,44,12.0455,5.296e-05
658,26,26,0,8,57.1923,0.00138416
659,11,11,0,8,67.7273,0.00043728
660,14,14,0,28,12,2.928e-05
661,7,7,0,14,12,1.472e-05
662,53,41,12,10,74.8293,0.00220304
663,28,15,17,8,73.2667,0.00071468
664,71,44,45,4,72.8864,0.00254404
665,29,29,0,58,12.0345,6.464e-05
666,47,34,21,8,82.9706,0.00186108
667,12,12,0,24,12,2.64e-05
668,35,35,0,70,12.0571,8.928e-05
669,37,21,20,8,81.7619,0.00109044
670,28,28,0,56,12.0357,7.472e-05
671,17,17,0,34,12.0588,4.288e-05
672,24,13,16,8,73.7692,0.00060836
673,10,10,0,20,12,2.256e-05
674,61,61,0,8,64.623,0.0034962
675,20,20,0,40,12.05,4.176e-05
676,32,32,0,64,12.0312,6.672e-05
677,10,10,0,8,51,0.00039272
678,9,9,0,8,54.5556,0.00035072
679,6,6,0,12,12,1.264e-05
680,6,6,0,12,12,1.264e-05
681,8,8,0,8,65.875,0.00027232
682,5,5,0,10,12,1.056e-05
683,27,27,0,8,65.6296,0.0014536
684,31,26,5,8,71.9231,0.00135312
685,15,15,0,30,12,3.136e-05
686,17,17,0,34,12,3.776e-05
687,31,31,0,8,52.4194,0.00164348
688,17,17,0,34,12,3.552e-05
689,98,82,17,8,78.8537,0.00475864
690,59,55,4,10,77.7636,0.00307304
691,68,68,0,136,12.0588,0.0001784
692,41,41,0,82,12.0488,0.0001008
693,114,79,40,8,78.8228,0.00454552
694,75,75,0,150,12.0533,0.0001856
695,254,223,32,8,77.5695,0.0132894
696,212,184,31,8,76.7717,0.0109433
697,176,176,0,352,12.0568,0.00044112
698,51,28,36,8,80.7143,0.00146376
699,177,177,0,354,12.0621,0.00048064
700,27,27,0,54,12.037,6.336e-05
701,109,86,25,10,82.6163,0.0049412
702,13,13,0,8,70.5385,0.0005602
703,22,18,4,8,83.5556,0.00090268
704,8,8,0,16,12,1.68e-05
705,12,9,3,8,74.5556,0.00032296
706,11,11,0,22,12,2.4e-05
707,7,7,0,14,12,1.536e-05
708,12,12,0,8,72.25,0.00053464
709,120,105,15,10,83.581,0.00613672
710,7,7,0,14,12,1.472e-05
711,37,20,20,8,79.9,0.00103088
712,96,96,0,192,12.0625,0.00027152
713,15,15,0,30,12,3.296e-05
714,79,55,26,8,80.4,0.00312536
715,32,17,17,8,78.7059,0.0008312
716,45,45,0,90,12.0667,0.00012128
717,12,12,0,24,12,2.64e-05
718,58,43,15,8,85.7907,0.00241404
719,81,72,9,6,85.5,0.0041792
720,35,35,0,70,12.0571,9.408e-05
721,52,52,0,104,12.0577,0.0001256
722,56,55,1,10,80.5091,0.00308376
723,44,44,0,88,12.0455,9.744e-05
724,84,60,24,8,69.7,0.00340436
725,61,39,22,8,71.1026,0.00215016
726,49,49,0,98,12.0612,0.0001328
727,47,27,20,8,66.7778,0.00140352
728,32,32,0,64,12.0625,8.72e-05
729,25,25,0,50,12.04,6.784e-05
730,7,7,0,8,73.2857,0.0002122
731,5,5,0,10,12,1.056e-05
732,73,54,19,8,60.8704,0.00305828
733,37,28,9,8,70.25,0.0014648
734,282,266,16,10,74.8571,0.015817
735,49,40,9,10,67.35,0.00222128
736,42,42,0,84,12.0476,0.00011056
737,20,20,0,40,12.05,5.04e-05
738,177,177,0,354,12.0565,0.00041568
739,14,10,4,8,73.6,0.00042272
740,33,33,0,66,12.0606,8.192e-05
741,8,8,0,16,12,1.776e-05
742,284,222,88,8,80.4279,0.0132412
743,200,200,0,400,12.06,0.0005128
744,100,90,10,10,82.4333,0.00525984
745,71,71,0,142,12.0563,0.00018048
746,86,84,2,8,77.5714,0.00488912
747,20,13,7,8,63.3077,0.00060736
748,70,70,0,140,12.0429,0.00015792
749,8,8,0,16,12,1.712e-05
750,64,45,26,10,68.6222,0.0025044
751,43,43,0,86,12.0465,0.00010528
752,49,27,34,8,80.1111,0.0014366
753,75,75,0,150,12.0667,0.0002112
754,25,25,0,50,12.04,6.464e-05
755,33,26,11,8,81.8077,0.0013954
756,16,16,0,32,12,3.6e-05
757,69,54,15,10,78.037,0.00306712
758,37,23,22,8,83.3478,0.001172
759,46,46,0,92,12.0652,0.00011984
760,14,14,0,28,12,2.928e-05
761,21,21,0,8,65.9048,0.0010766
762,22,22,0,8,79.7273,0.00113412
763,46,29,17,10,53.6552,0.00150048
764,12,12,0,24,12,2.512e-05
765,12,12,0,24,12,2.512e-05
766,28,28,0,56,12.0357,7.248e-05
767,10,10,0,8,47,0.00041992
768,6,6,0,12,12,1.264e-05
769,48,45,3,8,70.4889,0.00250396
770,18,18,0,8,74.1111,0.00087064
771,25,25,0,50,12.04,5.28e-05
772,10,10,0,20,12,2.096e-05
773,54,40,17,8,83.8,0.0022402
774,81,67,15,10,82.0896,0.00381608
775,33,33,0,66,12.0606,8.832e-05
776,129,110,19,8,81.8818,0.00645084
777,23,14,10,8,82.2143,0.00064604
778,61,61,0,122,12.0492,0.00015456
779,86,86,0,172,12.0581,0.00021744
780,10,10,0,20,12,2.16e-05
781,127,80,62,8,76.0375,0.0046084
782,73,73,0,146,12.0548,0.0001936
783,80,61,24,10,83.3934,0.0034216
784,56,56,0,112,12.0536,0.00015376
785,41,27,22,8,80.1481,0.00141728
786,76,57,29,10,80.5965,0.00323184
787,7,7,0,8,80.1429,0.00023412
788,22,22,0,44,12.0455,5.136e-05
789,53,53,0,106,12.0566,0.00013888
790,21,16,5,8,81.4375,0.000771
791,5,5,0,10,12,1.056e-05
792,52,41,11,10,80.5854,0.00222928
793,11,11,0,22,12,2.368e-05
794,60,40,28,8,80.125,0.00222328
795,35,35,0,70,12.0571,8.128e-05
796,19,18,1,8,81.8889,0.00090288
797,33,33,0,66,12.0606,8.352e-05
798,11,11,0,22,12,2.304e-05
799,177,155,26,8,78.8,0.00919396
800,68,61,7,10,81.5082,0.0034008
801,71,57,23,8,85.0877,0.0032424
802,104,104,0,208,12.0577,0.0002472
803,53,53,0,106,12.0566,0.00012
804,43,43,0,86,12.0465,0.00011008
805,86,62,37,10,78.3548,0.0034928
806,49,49,0,98,12.0612,0.00012896
807,110,80,36,8,75.5625,0.00462224
808,41,23,31,8,69.1304,0.00118436
809,68,68,0,136,12.0588,0.00017744
810,65,47,33,10,76.7021,0.00266088
811,20,20,0,40,12.05,4.592e-05
812,296,214,116,6,79.4299,0.012801
813,45,45,0,90,12.0444,0.00011776
814,164,164,0,328,12.061,0.000412
815,100,78,23,8,82.2436,0.00451244
816,171,149,32,8,70.9866,0.0088234
817,82,67,16,10,76.2537,0.00377464
818,120,120,0,240,12.0583,0.0002984
819,60,60,0,120,12.0667,0.00016592
820,108,71,47,8,69.6338,0.00407432
821,62,44,18,10,66.9318,0.0023944
822,39,28,11,8,75.8214,0.00146712
823,67,67,0,134,12.0597,0.00017344
824,42,42,0,84,12.0476,0.00010928
825,22,22,0,44,12.0455,5.488e-05
826,126,117,9,8,78.6068,0.00686168
827,86,86,0,172,12.0581,0.00021552
828,48,31,23,10,58.3226,0.00169616
829,29,29,0,58,12.0345,7.328e-05
830,26,23,3,8,83.3043,0.00119372
831,13,13,0,26,12,2.72e-05
832,12,12,0,8,45.6667,0.00053976
833,19,19,0,8,78.5789,0.00092712
834,283,245,56,8,72.9265,0.0146065
835,7,7,0,14,12,1.472e-05
836,11,10,1,8,81.2,0.00041584
837,11,11,0,22,12,2.304e-05
838,181,181,0,362,12.0552,0.00043296
839,7,7,0,14,12,1.472e-05
840,21,21,0,8,56,0.0010776
841,60,46,15,8,76.7391,0.00256664
842,12,12,0,24,12,2.512e-05
843,44,22,24,8,76.1818,0.00110364
844,35,35,0,70,12.0571,9.184e-05
845,18,18,0,36,12.0556,4.08e-05
846,17,17,0,8,72,0.00081952
847,10,10,0,20,12,2.096e-05
848,6,6,0,8,65.3333,0.00015532
849,4,4,0,8,12,8.48e-06
850,10,10,0,8,83.6,0.00039468
851,6,6,0,12,12,1.264e-05
852,2098,1861,294,10,75.1483,0.112266
853,40,20,25,8,71,0.00103136
854,1368,1368,0,2736,12.0607,0.00335984
855,103,79,26,8,84.5949,0.00455688
856,13,13,0,26,12,2.72e-05
857,71,71,0,142,12.0563,0.0001936
858,16,10,6,8,81.9,0.00039172
859,237,157,107,8,74.828,0.00930504
860,29,16,23,8,80.25,0.00074048
861,8,8,0,16,12,1.776e-05
862,52,42,10,8,81.619,0.00235156
863,141,141,0,282,12.0567,0.00036192
864,10,10,0,20,12,2.16e-05
865,35,35,0,70,12.0571,9.408e-05
866,25,17,8,6,84.7647,0.00085284
867,163,116,78,8,77.7672,0.00678812
868,33,18,18,8,77.2222,0.0008794
869,12,12,0,24,12,2.576e-05
870,81,81,0,162,12.0494,0.00019104
871,22,22,0,8,81.2727,0.00112752
872,13,13,0,26,12,2.976e-05
873,12,12,0,8,85.3333,0.00050632
874,19,12,13,8,80.8333,0.00050112
875,12,12,0,24,12,2.512e-05
876,7,7,0,14,12,1.472e-05
877,16,16,0,8,71.75,0.00076484
878,9,9,0,18,12,1.984e-05
879,355,298,63,10,74.7181,0.0177946
880,53,35,18,8,72.5429,0.00192776
881,9,9,0,18,12,1.888e-05
882,47,30,17,10,67.3,0.00159112
883,264,264,0,528,12.0606,0.00066992
884,30,30,0,60,12.0333,7.152e-05
885,83,58,30,8,71.5517,0.0033038
886,28,28,0,56,12.0357,7.056e-05
887,34,34,0,8,64.7941,0.00183224
888,18,18,0,36,12,3.76e-05
889,20,20,0,8,64.3,0.00099952
890,11,11,0,22,12,2.304e-05
891,70,70,0,140,12.0571,0.000196
892,51,26,35,8,75.8077,0.00139392
893,58,37,27,10,77.8919,0.00201384
894,24,24,0,48,12.0417,5.872e-05
895,93,70,25,8,75.3429,0.0040102
896,33,33,0,66,12.0606,8.96e-05
897,62,36,26,8,80,0.00195736
898,55,55,0,110,12.0545,0.00014208
899,47,27,27,8,76.6667,0.00141664
900,35,35,0,70,12.0571,8.704e-05
901,59,39,34,10,77.8462,0.0021772
902,25,25,0,50,12.04,7.072e-05
903,110,88,23,10,75.4091,0.00503584
904,15,9,6,8,74.2222,0.0003164
905,36,36,0,72,12.0556,9.968e-05
906,70,70,0,140,12.0571,0.0001704
907,7,7,0,14,12,1.664e-05
908,71,63,8,10,80.873,0.0036172
909,51,51,0,102,12.0588,0.00013056
910,42,30,15,8,75.6667,0.00163296
911,25,25,0,50,12.04,6.304e-05
912,49,42,7,8,79.3571,0.00232736
913,25,17,8,8,82.9412,0.00081404
914,29,29,0,58,12.0345,7.2e-05
915,11,11,0,22,12,2.304e-05
916,15,15,0,8,67.6,0.00070676
917,53,45,8,10,77.4889,0.00247912
918,9,9,0,18,12,1.888e-05
919,38,38,0,76,12.0526,9.264e-05
920,23,23,0,8,70.6522,0.00120132
921,78,67,11,8,77.1194,0.00382784
922,13,13,0,26,12,2.72e-05
923,53,53,0,106,12.0566,0.00012288
924,138,107,53,8,69.8598,0.00627104
925,140,110,47,8,75.9636,0.0064226
926,197,157,51,10,76.3631,0.00920888
927,66,66,0,132,12.0455,0.00015344
928,74,74,0,148,12.0541,0.00016464
929,16,14,2,8,76.4286,0.00066452
930,140,140,0,280,12.0643,0.00038736
931,155,109,69,8,73.3486,0.00638816
932,9,9,0,18,12,1.888e-05
933,32,26,6,8,75.1154,0.00139408
934,99,99,0,198,12.0606,0.00024864
935,18,18,0,36,12.0556,4.176e-05
936,7,7,0,8,75.7143,0.00019876
937,28,21,9,8,78.0952,0.00107544
938,34,18,16,8,75.7778,0.00090812
939,47,27,33,8,76.5185,0.00141848
940,5,5,0,10,12,1.056e-05
941,12,12,0,24,12,2.512e-05
942,14,8,6,8,65.625,0.00025672
943,15,15,0,30,12,3.52e-05
944,35,31,4,8,74.2258,0.00167084
945,24,24,0,48,12.0417,6.096e-05
946,16,16,0,8,78.5625,0.00074492
947,22,15,7,8,76,0.00071764
948,22,12,13,8,69.4167,0.0005326
949,18,18,0,36,12,3.76e-05
950,9,9,0,18,12,1.888e-05
951,10,10,0,20,12,2.16e-05
952,10,10,0,20,12,2.256e-05
953,51,27,41,8,75.8889,0.00140868
954,30,30,0,8,54.6,0.00162376
955,100,81,23,10,80.7284,0.00466128
956,16,16,0,32,12,3.344e-05
957,65,65,0,130,12.0615,0.00017568
958,128,113,15,10,76.6018,0.00664264
959,89,89,0,178,12.0562,0.00022176
960,14,14,0,8,79.7143,0.00065028
961,8,8,0,16,12,1.68e-05
962,54,54,0,108,12.0556,0.00015344
963,26,25,1,8,67.12,0.0013048
964,72,50,27,10,74.44,0.00276744
965,14,14,0,28,12,2.928e-05
966,110,90,20,10,70.3,0.00521272
967,39,20,23,8,80.05,0.00099484
968,45,45,0,90,12.0667,0.00012512
969,76,76,0,152,12.0658,0.00020336
970,18,18,0,36,12.0556,4.944e-05
971,28,28,0,8,61.7857,0.0015032
972,9,9,0,8,67.4444,0.00034552
973,49,27,34,8,74.4815,0.00142412
974,15,15,0,30,12,3.136e-05
975,6,6,0,12,12,1.264e-05
976,35,28,7,8,73.4643,0.0015086
977,25,25,0,50,12.04,5.952e-05
978,19,19,0,38,12.0526,4.256e-05
979,55,46,9,8,73.7174,0.00256616
980,32,32,0,64,12.0312,8.016e-05
981,46,24,22,8,79.2917,0.00124488
982,25,15,10,8,79.2667,0.000722
983,21,21,0,42,12.0476,5.664e-05
984,11,11,0,22,12,2.368e-05
985,69,69,0,8,74.3478,0.00397464
986,36,36,0,72,12.0556,7.504e-05
987,48,46,2,10,76.4565,0.00257144
988,35,35,0,70,12.0286,7.776e-05
989,64,45,19,6,74.2667,0.00255904
990,93,75,20,8,78.8533,0.00435128
991,41,41,0,82,12.0488,0.00010272
992,123,102,23,8,69.4118,0.00594316
993,63,63,0,126,12.0476,0.00015648
994,19,19,0,8,63.3684,0.000959
995,64,64,0,128,12.0469,0.00015024
996,102,96,6,10,74.2396,0.0055752
997,11,11,0,22,12,2.304e-05
998,69,69,0,138,12.058,0.00017184
999,51,31,29,10,74.3226,0.00166616
1000,29,29,0,58,12.0345,7.744e-05
1001,91,60,41,8,79.05,0.00344772
1002,8,8,0,8,57.25,0.00029856
1003,6,6,0,8,65.3333,0.00018552
1004,5,5,0,10,12,1.056e-05
1005,4,4,0,8,12,8.48e-06
1006,60,46,17,8,80.1087,0.00255788
1007,37,37,0,74,12.0541,9.536e-05
1008,56,37,20,8,79,0.00203588
1009,48,30,18,8,75.1,0.00166472
1010,30,30,0,60,12.0333,7.856e-05
1011,36,36,0,72,12.0556,8.912e-05
1012,55,44,18,8,76.3864,0.00247744
1013,106,75,49,10,80.0667,0.00430144
1014,32,32,0,64,12.0625,8.016e-05
1015,64,53,11,8,77.2075,0.00298288
1016,70,70,0,140,12.0571,0.00019184
1017,38,25,13,8,80.88,0.00130112
1018,42,42,0,84,12.0476,0.00010224
1019,19,19,0,38,12.0526,4.672e-05
1020,63,40,38,8,75.925,0.00222932
1021,38,38,0,76,12.0526,0.0001032
1022,5,5,0,10,12,1.056e-05
1023,64,44,26,10,80.9545,0.00248224
1024,32,16,16,8,83.75,0.0007882
1025,42,42,0,84,12.0476,0.00010832
1026,25,25,0,50,12.04,6.592e-05
1027,12,12,0,24,12,2.608e-05
1028,91,80,11,10,76.2875,0.00462152
1029,51,32,21,8,85.4062,0.00174104
1030,60,60,0,120,12.05,0.0001528
1031,25,25,0,50,12.04,6.72e-05
1032,206,175,37,10,75.6629,0.0103478
1033,28,22,6,8,79.9545,0.00113864
1034,135,135,0,270,12.0593,0.00034624
1035,114,74,56,8,78.7838,0.00424592
1036,13,13,0,26,12,2.784e-05
1037,98,84,14,10,73.7381,0.00489608
1038,64,64,0,128,12.0469,0.00015664
1039,64,64,0,128,12.0625,0.00016624
1040,65,47,18,8,70.9362,0.00265492
1041,37,37,0,74,12.0541,9.088e-05
1042,40,24,17,8,85.375,0.001219
1043,39,20,19,8,71.65,0.00100304
1044,18,18,0,36,12.0556,4.368e-05
1045,18,18,0,36,12.0556,4.688e-05
1046,134,122,12,10,77.9344,0.00719096
1047,92,92,0,184,12.0652,0.00024848
1048,16,9,7,8,86.4444,0.00035464
1049,7,7,0,14,12,1.568e-05
1050,32,21,11,8,82.2857,0.00108504
1051,15,15,0,30,12,3.52e-05
1052,46,46,0,8,51.9348,0.0025532
1053,24,24,0,48,12.0417,5.008e-05
1054,40,40,0,8,64.525,0.00221184
1055,61,58,3,10,77.931,0.00321784
1056,21,21,0,42,12.0476,4.384e-05
1057,47,47,0,94,12.0426,0.00011008
1058,54,54,0,108,12.0556,0.00014416
1059,153,117,53,10,78.8718,0.00685232
1060,100,100,0,200,12.06,0.0002424
1061,55,55,0,8,67.6727,0.0031396
1062,29,29,0,58,12.0345,6.048e-05
1063,15,15,0,8,62.6667,0.00069548
1064,33,33,0,8,75.1515,0.0018002
1065,9,9,0,18,12,1.888e-05
1066,18,18,0,36,12,3.76e-05
1067,109,82,29,8,78.0366,0.00478128
1068,70,54,19,10,82.5556,0.00303496
1069,72,72,0,144,12.0556,0.000196
1070,21,13,14,8,82.8462,0.00057372
1071,49,49,0,98,12.0612,0.00013088
1072,10,10,0,20,12,2.192e-05
1073,14,14,0,8,77,0.00066072
1074,99,84,15,10,80.119,0.00484536
1075,8,8,0,16,12,1.68e-05
1076,11,8,3,8,78.875,0.00030324
1077,78,78,0,156,12.0513,0.00019344
1078,6,6,0,12,12,1.296e-05
1079,49,36,15,8,81.5833,0.00199456
1080,26,26,0,52,12.0385,6.384e-05
1081,52,42,10,8,72.7381,0.00234796
1082,43,24,34,8,79.7083,0.00124312
1083,30,30,0,60,12.0333,7.44e-05
1084,27,20,7,8,77,0.00099048
1085,22,22,0,44,12.0455,5.904e-05
1086,15,15,0,30,12,3.424e-05
1087,18,18,0,8,62,0.00087088
1088,10,10,0,20,12,2.096e-05
1089,26,26,0,8,74.3846,0.00139388
1090,5,5,0,8,80.2,8.876e-05
1091,14,14,0,28,12,2.928e-05
1092,4,4,0,8,12,8.48e-06
1093,68,47,31,8,72.4043,0.00266264
1094,45,45,0,90,12.0444,0.00011104
1095,43,26,18,8,78.0385,0.00137504
1096,22,22,0,44,12.0455,5.168e-05
1097,10,10,0,8,71.3,0.00042892
1098,35,30,5,8,79.4667,0.00162192
1099,100,80,31,8,70.475,0.00465156
1100,6,6,0,12,12,1.264e-05
1101,19,19,0,38,12.0526,4.448e-05
1102,51,35,29,8,73.8,0.00191716
1103,43,28,26,8,71,0.0014864
1104,71,71,0,142,12.0563,0.00017216
1105,17,17,0,8,68.8235,0.00080528
1106,30,30,0,60,12.0333,7.12e-05
1107,24,24,0,48,12.0417,6.256e-05
1108,10,10,0,20,12,2.096e-05
1109,153,133,25,8,67.4211,0.0078652
1110,33,25,8,8,79.92,0.001333
1111,376,308,91,8,72.5065,0.0184025
1112,88,88,0,176,12.0568,0.00021648
1113,17,17,0,34,12,3.84e-05
1114,230,230,0,460,12.0565,0.00054832
1115,26,26,0,8,66.8846,0.00135192
1116,14,14,0,28,12,2.928e-05
1117,23,23,0,8,59.3913,0.00119492
1118,13,13,0,26,12,2.72e-05
1119,84,63,27,10,81.2857,0.00353432
1120,16,12,4,8,79.75,0.00052448
1121,51,34,28,8,79.8235,0.00185564
1122,53,53,0,106,12.0566,0.00014432
1123,8,8,0,16,12,1.68e-05
1124,31,18,22,8,69,0.00089268
1125,30,30,0,60,12.0333,7.664e-05
1126,11,11,0,22,12,2.304e-05
1127,116,98,18,8,81.4286,0.00570468
1128,77,77,0,154,12.0649,0.00020704
1129,104,82,27,8,72.5244,0.00476424
1130,25,14,11,8,72.5,0.000655
1131,61,61,0,122,12.0656,0.00016032
1132,10,10,0,20,12,2.256e-05
1133,10,10,0,8,75.6,0.00039064
1134,6,6,0,12,12,1.264e-05
1135,9,9,0,8,60,0.00031092
1136,13,13,0,8,69.8462,0.00058312
1137,6,6,0,12,12,1.264e-05
1138,8,8,0,16,12,1.68e-05
1139,53,53,0,8,70.9811,0.00297584
1140,28,28,0,56,12.0357,5.84e-05
1141,64,58,6,10,82.569,0.0032424
1142,111,97,14,10,74.8247,0.0056492
1143,50,50,0,100,12.06,0.00012016
1144,76,76,0,152,12.0526,0.0001928
1145,138,131,7,8,74.8779,0.00772064
1146,21,21,0,8,72,0.00107832
1147,100,100,0,200,12.05,0.00023536
1148,25,15,10,8,85.8,0.000718
1149,12,12,0,24,12,2.512e-05
1150,22,22,0,8,78,0.00110484
1151,10,10,0,20,12,2.256e-05
1152,43,35,8,10,79.3429,0.00185528
1153,22,13,15,8,83.0769,0.00059784
1154,25,14,20,8,82.9286,0.00061732
1155,12,12,0,24,12,2.512e-05
1156,28,28,0,56,12.0357,6.928e-05
1157,8,8,0,16,12,1.68e-05
1158,10,10,0,20,12,2.256e-05
1159,75,74,1,8,65.9459,0.00428824
1160,190,173,17,10,73.6185,0.010278
1161,35,23,13,8,81.2609,0.00119176
1162,128,128,0,256,12.0625,0.00032816
1163,15,15,0,30,12,3.264e-05
1164,17,17,0,8,51.7647,0.00083924
1165,82,73,9,10,75.1507,0.00414752
1166,10,10,0,20,12,2.096e-05
1167,52,52,0,104,12.0577,0.00012784
1168,107,107,0,8,78.0093,0.00629176
1169,7,7,0,8,74.5714,0.0002182
1170,55,55,0,110,12.0545,0.00011456
1171,5,5,0,10,12,1.056e-05
1172,18,17,1,8,81.0588,0.00082248
1173,10,10,0,20,12,2.096e-05
1174,239,204,38,10,74.7157,0.0120996
1175,24,24,0,8,48.625,0.00123216
1176,8,8,0,8,66.625,0.00028944
1177,172,172,0,344,12.064,0.00047792
1178,14,14,0,28,12,2.928e-05
1179,5,5,0,10,12,1.056e-05
1180,6,5,1,8,86.8,0.00011464
1181,99,60,49,8,71.6833,0.00342132
1182,4,4,0,8,12,8.48e-06
1183,54,54,0,108,12.0556,0.0001416
1184,361,251,128,8,76.1952,0.0149478
1185,25,14,11,8,72.2143,0.00066772
1186,221,221,0,442,12.0633,0.00056512
1187,10,10,0,20,12,2.128e-05
1188,79,64,15,10,79.7656,0.00365816
1189,59,59,0,118,12.0508,0.00015232
1190,54,39,19,10,78.7436,0.00210152
1191,224,192,50,8,71.75,0.0114328
1192,35,35,0,70,12.0571,9.024e-05
1193,158,158,0,316,12.057,0.00038256
1194,145,123,25,10,77.6585,0.00722472
1195,203,173,36,8,74.6358,0.0102705
1196,103,103,0,206,12.0583,0.000264
1197,136,136,0,272,12.0588,0.00034352
1198,32,23,9,8,76.4348,0.00118368
1199,89,64,37,10,75.375,0.00359528
1200,15,15,0,30,12,3.264e-05
1201,60,60,0,120,12.0667,0.0001672
1202,86,59,27,8,72.7966,0.003374
1203,35,20,22,8,71.95,0.00100044
1204,65,44,41,6,66.75,0.00248696
1205,77,43,44,8,73.9302,0.00237956
1206,47,47,0,94,12.0638,0.00012288
1207,18,18,0,36,12.0556,4.336e-05
1208,34,34,0,68,12.0588,8.176e-05
1209,39,39,0,78,12.0513,9.952e-05
1210,167,145,22,10,75.0759,0.00847992
1211,102,102,0,204,12.0588,0.00026032
1212,38,38,0,76,12.0526,7.92e-05
1213,50,50,0,8,71.32,0.00280652
1214,26,26,0,52,12.0385,5.424e-05
1215,11,11,0,8,66.8182,0.00045848
1216,7,7,0,14,12,1.472e-05
1217,110,85,30,8,61.3765,0.0049396
1218,43,34,15,8,58.9118,0.0018472
1219,22,15,7,8,78.0667,0.00072088
1220,68,68,0,136,12.0588,0.0001784
1221,23,23,0,46,12.0435,5.248e-05
1222,11,11,0,22,12,2.432e-05
1223,40,25,15,8,81.28,0.00131536
1224,21,21,0,42,12.0476,5.024e-05
1225,73,63,10,8,65.7937,0.00359292
1226,48,48,0,96,12.0417,0.00011792
1227,29,29,0,8,66.3793,0.00156116
1228,16,16,0,32,12,3.344e-05
1229,53,39,14,8,78.8462,0.0021762
1230,30,30,0,60,12.0333,7.6e-05
1231,36,25,11,8,76.76,0.00132352
1232,85,43,57,8,76.1395,0.00236788
1233,20,20,0,40,12.05,4.976e-05
1234,7,6,1,8,85.8333,0.00018504
1235,40,40,0,80,12.05,0.00010544
1236,116,102,14,8,72.5294,0.00595852
1237,53,40,19,8,74.7,0.00222436
1238,73,73,0,146,12.0548,0.00018656
1239,28,28,0,56,12.0357,7.088e-05
1240,72,53,36,8,69.8491,0.00298176
1241,41,41,0,82,12.0488,0.00010144
1242,196,171,31,10,78.0819,0.0100684
1243,12,12,0,8,80.5833,0.00053788
1244,130,130,0,260,12.0615,0.00032368
1245,7,7,0,14,12,1.472e-05
1246,59,52,7,10,73.4231,0.0029004
1247,19,19,0,8,74.3158,0.0009322
1248,35,35,0,70,12.0571,8.32e-05
1249,11,11,0,22,12,2.304e-05
1250,85,69,18,6,80.3188,0.00399772
1251,140,116,26,8,74.5431,0.006795
1252,41,20,38,6,72.45,0.00106748
1253,84,54,49,6,75.5741,0.00311924
1254,51,51,0,102,12.0588,0.00013536
1255,90,90,0,180,12.0556,0.00022384
1256,13,13,0,26,12,2.736e-05
1257,46,46,0,92,12.0435,0.0001128
1258,167,107,68,8,75.6916,0.00629276
1259,17,17,0,8,70.7647,0.00082972
1260,30,14,23,8,74.6429,0.00064032
1261,90,90,0,180,12.0556,0.00022288
1262,10,10,0,20,12,2.096e-05
1263,9,9,0,18,12,1.984e-05
1264,90,70,21,10,70.2143,0.00404904
1265,43,33,10,8,66.6667,0.00180412
1266,22,14,8,8,64.5714,0.00067092
1267,58,58,0,116,12.0517,0.00015408
1268,22,22,0,44,12.0455,5.008e-05
1269,9,9,0,18,12,1.952e-05
1270,238,201,44,8,77.5323,0.0119555
1271,155,155,0,310,12.0581,0.00038176
1272,8,8,0,8,84,0.00028228
1273,5,5,0,10,12,1.056e-05
1274,125,105,25,10,78.819,0.00616272
1275,50,26,44,8,80.0769,0.00137968
1276,81,81,0,162,12.0617,0.00021312
1277,191,120,106,8,75.6583,0.0070498
1278,82,50,40,8,75.62,0.0027952
1279,24,24,0,48,12.0417,5.712e-05
1280,117,117,0,234,12.0598,0.00030208
1281,45,45,0,90,12.0444,0.00011648
1282,336,255,106,8,75.4863,0.0152295
1283,103,58,73,8,71.7241,0.0032948
1284,204,204,0,408,12.0588,0.00052016
1285,52,52,0,104,12.0577,0.00013456
1286,118,96,22,6,68.875,0.00563628
1287,38,21,28,8,83,0.00108336
1288,27,15,19,8,72.0667,0.00068564
1289,72,72,0,144,12.0556,0.00017456
1290,19,19,0,38,12.0526,4.48e-05
1291,9,9,0,18,12,1.888e-05
1292,17,17,0,8,57.5294,0.00085068
1293,10,10,0,20,12,2.096e-05
1294,44,33,11,8,81.6364,0.00177604
1295,216,177,57,8,75.5876,0.0104791
1296,27,27,0,54,12.037,6.784e-05
1297,134,134,0,268,12.0522,0.00031696
1298,30,25,6,8,82,0.00128752
1299,18,12,6,8,84.9167,0.00050704
1300,47,27,32,8,78.3333,0.00145468
1301,113,77,54,8,84.1818,0.004429
1302,16,16,0,32,12,3.728e-05
1303,9,9,0,18,12,2.016e-05
1304,25,25,0,50,12.04,6.944e-05
1305,65,65,0,130,12.0462,0.00015584
1306,20,19,1,8,84.2632,0.00095672
1307,192,134,82,8,77.306,0.0079246
1308,159,121,58,8,74.4463,0.0071008
1309,11,11,0,22,12,2.304e-05
1310,4,4,0,8,12,8.48e-06
1311,127,127,0,254,12.0551,0.0003168
1312,313,275,41,10,78.3236,0.0163419
1313,105,105,0,210,12.0571,0.0002672
1314,230,230,0,460,12.0652,0.00060432
1315,118,94,24,8,72.8617,0.00549944
1316,240,167,109,8,76.1437,0.00987248
1317,97,72,43,8,75.2361,0.00412172
1318,45,27,18,8,73.6296,0.00141492
1319,67,67,0,134,12.0597,0.00017216
1320,130,130,0,260,12.0538,0.00031664
1321,53,53,0,106,12.0566,0.00013472
1322,147,130,23,8,71.1769,0.00765564
1323,25,25,0,50,12.04,6.592e-05
1324,78,78,0,156,12.0513,0.00017456
1325,30,28,2,8,67.0714,0.00150532
1326,17,17,0,34,12,3.616e-05
1327,30,19,12,8,78.2632,0.00095704
1328,14,14,0,28,12,3.184e-05
1329,133,116,19,8,79.9052,0.00682184
1330,58,37,35,8,77.1892,0.00201708
1331,98,98,0,196,12.0612,0.00026096
1332,33,33,0,66,12.0606,8.224e-05
1333,48,35,13,6,84,0.00198512
1334,16,9,10,8,78.3333,0.0003622
1335,217,108,143,8,76.8056,0.00633784
1336,37,37,0,74,12.0541,9.184e-05
1337,106,106,0,212,12.066,0.00029456
1338,54,34,25,10,77.1765,0.00177352
1339,188,144,65,6,77.5417,0.00853372
1340,161,115,75,8,75.8783,0.00676668
1341,31,31,0,62,12.0645,8.384e-05
1342,100,100,0,200,12.05,0.00023984
1343,96,96,0,192,12.0625,0.00024368
1344,41,38,3,10,76.3158,0.0020452
1345,45,23,31,8,79.0435,0.00118324
1346,84,69,17,10,83.9565,0.003956
1347,26,26,0,52,12.0385,5.936e-05
1348,22,22,0,44,12.0455,5.36e-05
1349,65,54,11,8,83.2778,0.00303416
1350,47,36,11,8,76.6667,0.00196844
1351,46,46,0,92,12.0652,0.00012464
1352,30,30,0,60,12.0333,7.6e-05
1353,40,33,7,8,80.7879,0.00181088
1354,23,23,0,46,12.0435,5.12e-05
1355,11,10,1,8,85.4,0.00039132
1356,72,55,17,10,72.0182,0.00304576
1357,7,7,0,14,12,1.472e-05
1358,46,46,0,92,12.0435,0.00010544
1359,71,44,34,8,74.9773,0.0024778
1360,34,19,16,8,79.1579,0.0009478
1361,36,18,18,8,80.3333,0.00090476
1362,42,42,0,84,12.0476,0.00011376
1363,18,18,0,36,12.0556,4.336e-05
1364,16,16,0,32,12,3.824e-05
1365,12,12,0,8,72.1667,0.00050516
1366,94,65,45,10,78.2308,0.00371912
1367,7,7,0,14,12,1.472e-05
1368,130,103,28,10,75.4369,0.00595032
1369,53,53,0,106,12.0566,0.00014176
1370,96,96,0,192,12.0625,0.0002824
1371,65,35,46,8,77,0.0019078
1372,28,14,24,8,70.7143,0.00061944
1373,12,12,0,8,75.5833,0.00050692
1374,33,33,0,66,12.0606,8.096e-05
1375,9,9,0,18,12,1.888e-05
1376,7,7,0,14,12,1.472e-05
1377,27,27,0,8,64.8148,0.00143924
1378,15,15,0,30,12,3.136e-05
1379,16,16,0,6,49.9375,0.00079236
1380,24,24,0,8,64.5417,0.00124896
1381,9,9,0,18,12,1.888e-05
1382,13,13,0,26,12,2.72e-05
1383,83,43,67,8,73.3256,0.002402
1384,35,35,0,70,12.0571,8.352e-05
1385,19,19,0,8,59.8947,0.00096332
1386,159,129,38,8,81.2713,0.007579
1387,11,11,0,22,12,2.304e-05
1388,112,112,0,224,12.0625,0.00031472
1389,33,17,28,6,84.2353,0.00088732
1390,10,10,0,20,12,2.096e-05
1391,21,21,0,8,82.0476,0.00108496
1392,12,12,0,24,12,2.512e-05
1393,305,186,149,10,80.0806,0.0110609
1394,164,164,0,328,12.0671,0.00044624
1395,118,76,61,8,77.5921,0.00437332
1396,50,24,50,6,75.2083,0.00132228
1397,41,19,24,8,80.4737,0.00095468
1398,36,19,21,8,72.8421,0.00095196
1399,71,71,0,142,12.0563,0.00017984
1400,23,23,0,46,12.0435,6.336e-05
1401,16,16,0,32,12,3.568e-05
1402,442,283,219,8,77.8551,0.0169376
1403,51,32,27,10,74.5938,0.00172456
1404,267,267,0,534,12.0674,0.0007328
1405,36,19,30,8,76.2105,0.0009706
1406,30,30,0,60,12.0667,7.92e-05
1407,6,6,0,12,12,1.264e-05
1408,18,18,0,36,12.0556,4.368e-05
1409,63,63,0,126,12.0476,0.00015648
1410,547,459,126,8,76.8214,0.0275657
1411,331,331,0,662,12.0574,0.00079168
1412,21,17,4,8,87.5882,0.00080724
1413,11,11,0,22,12,2.304e-05
1414,70,47,23,8,75.5745,0.00265528
1415,41,23,30,8,82.0435,0.00116328
1416,53,34,37,10,80.1176,0.00178592
1417,68,40,48,8,80.55,0.00223216
1418,38,38,0,76,12.0526,9.904e-05
1419,20,20,0,40,12.05,4.816e-05
1420,32,32,0,64,12.0625,8.528e-05
1421,36,36,0,72,12.0556,8.976e-05
1422,14,10,4,8,82.7,0.00038624
1423,8,8,0,16,12,1.936e-05
1424,11,11,0,8,58.2727,0.00045092
1425,15,15,0,8,80.7333,0.00068536
1426,7,7,0,14,12,1.472e-05
1427,9,9,0,18,12,1.888e-05
1428,20,20,0,8,77.1,0.0010078
1429,11,11,0,22,12,2.304e-05
1430,38,22,22,8,69.3636,0.00111264
1431,42,27,17,6,81.6667,0.00145764
1432,19,19,0,38,12.0526,4.48e-05
1433,23,23,0,46,12.0435,5.792e-05
1434,8,8,0,8,86.75,0.00027552
1435,5,5,0,10,12,1.056e-05
1436,67,43,27,10,80.186,0.00232792
1437,57,30,37,8,83.0333,0.00159376
1438,39,39,0,78,12.0513,0.00010304
1439,28,28,0,56,12.0357,7.248e-05
1440,30,22,8,8,82.4545,0.00110216
1441,52,33,19,10,62.5455,0.00174208
1442,47,29,18,8,63.4483,0.00156548
1443,26,15,11,8,83.8667,0.0007314
1444,14,14,0,28,12,3.088e-05
1445,17,17,0,34,12.0588,4.32e-05
1446,31,31,0,62,12.0323,7.872e-05
1447,27,27,0,54,12.037,7.072e-05
1448,11,11,0,22,12,2.432e-05
1449,23,23,0,8,51.6087,0.00118592
1450,13,13,0,26,12,2.72e-05
1451,27,27,0,8,55.7037,0.00140948
1452,15,15,0,30,12,3.136e-05
1453,81,59,22,8,68.0339,0.00334144
1454,98,74,24,8,75.2703,0.004272
1455,23,16,7,8,84.0625,0.00078072
1456,45,45,0,90,12.0444,0.00012096
1457,59,59,0,118,12.0508,0.0001552
1458,10,10,0,20,12,2.096e-05
1459,20,20,0,8,74.4,0.0010106
1460,38,30,9,8,80.7333,0.00163448
1461,11,11,0,22,12,2.304e-05
1462,13,13,0,8,80,0.00055308
1463,22,22,0,44,12.0455,5.168e-05
1464,8,8,0,16,12,1.68e-05
1465,19,19,0,8,76.4737,0.0009254
1466,56,42,14,8,80.9762,0.00231388
1467,58,47,13,10,80.2979,0.00257832
1468,11,11,0,22,12,2.304e-05
1469,57,50,7,10,82.22,0.00282592
1470,31,31,0,62,12.0323,8.032e-05
1471,41,41,0,82,12.0488,0.00010112
1472,42,42,0,84,12.0476,9.552e-05
1473,12,12,0,8,80.25,0.00050448
1474,7,7,0,14,12,1.472e-05
1475,17,17,0,8,68,0.00082056
1476,265,224,58,10,77.5625,0.0133375
1477,21,11,12,8,84.6364,0.00045244
1478,10,10,0,20,12,2.096e-05
1479,203,203,0,406,12.064,0.00053344
1480,134,96,50,10,76.0729,0.00553936
1481,8,8,0,16,12,1.68e-05
1482,7,7,0,8,80.1429,0.00020756
1483,84,84,0,168,12.0595,0.00023056
1484,318,214,152,8,76.0981,0.0127464
1485,5,5,0,10,12,1.056e-05
1486,197,197,0,394,12.0609,0.00051712
1487,16,16,0,8,67.0625,0.0007466
1488,155,129,28,8,76.845,0.00757828
1489,9,9,0,18,12,1.888e-05
1490,116,116,0,232,12.0603,0.00031504
1491,60,48,12,10,78.9375,0.00272088
1492,302,196,144,8,77.8827,0.0116575
1493,41,41,0,82,12.0488,0.0001104
1494,181,181,0,362,12.0663,0.00049408
1495,23,18,5,8,85.5,0.00087596
1496,11,11,0,22,12,2.304e-05
1497,7,7,0,8,62.5714,0.0002316
1498,15,15,0,8,63.8,0.00068472
1499,5,5,0,10,12,1.056e-05
1500,9,9,0,18,12,1.888e-05
1501,37,32,5,8,74.25,0.0017212
1502,21,21,0,42,12.0476,4.608e-05
1503,84,70,14,10,79.0571,0.00398472
1504,54,54,0,108,12.0556,0.00014192
1505,139,113,32,10,78.8761,0.00664032
1506,90,90,0,180,12.0556,0.0002424
1507,171,114,80,10,78.8684,0.00671232
1508,111,111,0,222,12.0631,0.00028416
1509,59,34,29,8,81.9706,0.00187392
1510,17,12,9,8,81.75,0.00052204
1511,29,29,0,58,12.0345,7.68e-05
1512,128,94,48,8,77.8085,0.00545376
1513,8,8,0,16,12,1.712e-05
1514,110,73,38,8,77.411,0.00419692
1515,66,66,0,132,12.0606,0.00017968
1516,58,58,0,8,74.1207,0.0033046
1517,30,30,0,60,12.0333,6.256e-05
1518,140,109,35,10,77.4954,0.00635152
1519,52,29,25,8,81.9655,0.00152392
1520,230,156,109,10,80.9167,0.00916672
1521,95,95,0,190,12.0632,0.00026688
1522,54,36,18,10,78.1389,0.00192032
1523,23,23,0,46,12.0435,6.016e-05
1524,145,145,0,290,12.0621,0.00038784
1525,78,52,26,8,80.4231,0.0029666
1526,179,149,40,8,79.4698,0.00877896
1527,33,33,0,66,12.0606,9.376e-05
1528,73,55,20,8,80.7818,0.00314712
1529,41,41,0,82,12.0488,0.000104
1530,112,112,0,224,12.0536,0.00027408
1531,44,44,0,88,12.0455,0.00011664
1532,326,200,155,8,79.61,0.0118904
1533,97,64,46,10,78.0469,0.00364968
1534,190,190,0,380,12.0632,0.00049712
1535,57,57,0,114,12.0526,0.0001424
1536,13,13,0,8,84.0769,0.00060164
1537,32,17,15,8,74.2353,0.0008346
1538,8,8,0,8,77.75,0.00027916
1539,8,8,0,16,12,1.68e-05
1540,14,14,0,28,12,3.152e-05
1541,5,5,0,10,12,1.056e-05
1542,57,49,8,8,72.8571,0.00273032
1543,74,60,15,8,78.7667,0.00344372
1544,32,32,0,64,12.0312,7.632e-05
1545,46,46,0,92,12.0652,0.00012368
1546,43,37,6,10,81.1351,0.00202128
1547,29,29,0,58,12.0345,6.976e-05
1548,41,27,14,8,80.1111,0.00144128
1549,21,21,0,42,12.0476,5.44e-05
1550,101,71,39,8,74.6479,0.0041022
1551,79,73,6,8,80.2466,0.00418856
1552,146,116,44,8,76.4138,0.00682932
1553,58,58,0,116,12.0517,0.00014768
1554,62,62,0,124,12.0484,0.00014992
1555,105,105,0,210,12.0571,0.00026816
1556,30,22,9,8,82.3636,0.00111092
1557,13,13,0,26,12,2.72e-05
1558,50,38,12,8,81.7368,0.002114
1559,40,25,21,8,78.6,0.00128896
1560,64,42,40,8,80.2619,0.0023354
1561,27,27,0,54,12.037,6.816e-05
1562,22,22,0,44,12.0455,5.616e-05
1563,36,36,0,72,12.0556,9.36e-05
1564,47,40,7,10,75.05,0.00219904
1565,136,96,64,8,77.5938,0.00557328
1566,18,12,6,8,81,0.00049924
1567,29,29,0,58,12.0345,6.912e-05
1568,87,87,0,174,12.0575,0.00021664
1569,8,8,0,16,12,1.68e-05
1570,86,58,31,8,81.3448,0.00329932
1571,13,13,0,8,82.1538,0.00056296
1572,47,47,0,94,12.0638,0.00012672
1573,8,8,0,16,12,1.68e-05
1574,150,112,51,8,66.8304,0.00658952
1575,88,88,0,176,12.0568,0.00023408
1576,109,90,21,8,73.0222,0.00523268
1577,67,67,0,134,12.0597,0.00017344
1578,105,83,34,8,77.6024,0.0048106
1579,16,14,2,8,79.9286,0.00062628
1580,65,65,0,130,12.0462,0.00015264
1581,43,23,25,8,78,0.00119192
1582,70,34,58,8,79.5294,0.0018368
1583,17,17,0,34,12.0588,3.808e-05
1584,22,22,0,44,12.0455,4.624e-05
1585,82,57,31,8,79.0877,0.00324828
1586,210,161,66,8,79.0186,0.00955448
1587,87,49,68,8,80.551,0.00274084
1588,43,43,0,86,12.0465,0.0001152
1589,148,148,0,296,12.0608,0.00037328
1590,47,47,0,94,12.0638,0.00013024
1591,45,29,21,8,82.3103,0.0015394
1592,120,83,45,8,80.7108,0.00479972
1593,99,67,40,10,80.8358,0.0037732
1594,26,26,0,52,12.0385,6.672e-05
1595,75,75,0,150,12.0533,0.00019872
1596,47,33,17,8,84.303,0.00181168
1597,60,60,0,120,12.0667,0.00016496
1598,29,29,0,58,12.0345,7.648e-05
1599,224,174,53,8,77.8333,0.0103254
1600,159,159,0,318,12.0629,0.00043136
1601,43,27,24,8,76.7407,0.00141584
1602,33,21,12,8,75.1429,0.0010646
1603,23,23,0,46,12.0435,5.728e-05
1604,15,15,0,30,12,3.328e-05
1605,66,49,18,8,80,0.00274832
1606,159,101,77,10,74.3663,0.00590096
1607,77,50,46,8,78.6,0.00284808
1608,40,40,0,80,12.05,0.00010064
1609,96,96,0,192,12.0625,0.00025872
1610,42,42,0,84,12.0476,0.00010192
1611,177,146,35,6,79.0479,0.00868128
1612,143,119,26,8,79.4958,0.00696596
1613,148,148,0,296,12.0608,0.00039888
1614,110,110,0,220,12.0636,0.00028368
1615,106,69,53,8,82.0435,0.00396224
1616,195,136,76,10,77.9412,0.00801064
1617,86,69,25,10,78.971,0.0039636
1618,114,114,0,228,12.0614,0.0002952
1619,63,63,0,126,12.0635,0.00016448
1620,53,38,15,10,84.8684,0.00203064
1621,34,34,0,68,12.0588,8.72e-05
1622,65,44,25,6,77.8864,0.00248564
1623,45,26,35,8,76.8846,0.00138324
1624,40,40,0,80,12.05,0.00011312
1625,19,14,5,6,85.3571,0.00067152
1626,23,23,0,46,12.0435,6.4e-05
1627,165,126,53,8,76.4524,0.00740404
1628,10,10,0,20,12,2.096e-05
1629,120,120,0,240,12.0583,0.00030928
1630,137,91,59,8,76.978,0.00529096
1631,145,106,43,8,77.7075,0.00617752
1632,79,79,0,158,12.0633,0.0002176
1633,108,80,37,10,77.4,0.00456984
1634,94,94,0,188,12.0638,0.00025232
1635,132,77,72,8,80.5584,0.00444808
1636,18,10,9,8,78.4,0.00037448
1637,19,14,5,8,76.4286,0.00061544
1638,77,77,0,154,12.0519,0.00019968
1639,91,58,37,8,80.7069,0.0033028
1640,67,67,0,134,12.0597,0.000176
1641,8,8,0,16,12,1.872e-05
1642,22,17,5,8,79.2353,0.00085204
1643,10,10,0,20,12,2.288e-05
1644,52,52,0,104,12.0577,0.00013872
1645,11,11,0,22,12,2.464e-05
1646,87,50,41,8,76.52,0.00284072
1647,45,45,0,90,12.0444,0.00011584
1648,95,95,0,190,12.0632,0.00024736
1649,14,14,0,8,79.5714,0.00064132
1650,8,8,0,16,12,1.68e-05
1651,144,118,29,8,75.8729,0.00695268
1652,21,13,8,8,71.6154,0.00056136
1653,90,90,0,180,12.0556,0.000228
1654,9,9,0,18,12,1.888e-05
1655,24,24,0,8,75.3333,0.00127196
1656,10,10,0,20,12,2.192e-05
1657,13,13,0,26,12,2.72e-05
1658,23,23,0,8,65.6087,0.001158
1659,13,13,0,26,12,2.72e-05
1660,265,192,99,8,76.5677,0.0113793
1661,218,186,37,8,76.5645,0.0110316
1662,173,173,0,346,12.0636,0.00046336
1663,147,147,0,294,12.0544,0.00036128
1664,49,30,21,8,79.4,0.0016246
1665,25,25,0,50,12.04,6.432e-05
1666,16,10,6,8,79.2,0.00038172
1667,61,41,32,8,75.9756,0.00229256
1668,8,8,0,16,12,1.776e-05
1669,39,24,17,8,72.7917,0.0012558
1670,33,33,0,66,12.0606,8.736e-05
1671,21,21,0,42,12.0476,5.056e-05
1672,86,59,27,8,71.9831,0.0033506
1673,48,28,20,8,70.3214,0.001468
1674,47,47,0,94,12.0638,0.00012704
1675,26,13,17,8,80.9231,0.00057844
1676,26,26,0,52,12.0385,6.864e-05
1677,9,9,0,18,12,1.952e-05
1678,8,8,0,8,49.5,0.00027804
1679,5,5,0,10,12,1.056e-05
1680,30,30,0,8,75.1,0.0016038
1681,16,16,0,32,12,3.344e-05
1682,71,55,16,10,76.9455,0.00304904
1683,49,49,0,98,12.0612,0.00012832
1684,35,27,8,8,83.2222,0.0014422
1685,168,111,76,8,79.0721,0.00648996
1686,19,19,0,38,12.0526,4.512e-05
1687,58,58,0,116,12.0517,0.0001528
1688,97,97,0,194,12.0515,0.00023872
1689,142,107,36,10,79.1776,0.006204
1690,93,93,0,186,12.0645,0.00026464
1691,226,176,56,10,77.0511,0.0104513
1692,157,157,0,314,12.0637,0.00042528
1693,10,10,0,8,73,0.00040424
1694,6,6,0,12,12,1.264e-05
1695,26,15,11,8,76.8,0.0006808
1696,96,76,28,8,77.5658,0.00438744
1697,13,13,0,26,12,3.04e-05
1698,71,71,0,142,12.0563,0.00018304
1699,46,29,30,10,74.5172,0.00147232
1700,28,28,0,56,12.0357,7.44e-05
1701,18,18,0,8,77.8333,0.00087392
1702,49,32,21,8,78.4688,0.00171988
1703,28,14,24,6,81.6429,0.00072516
1704,181,125,95,8,79.168,0.0073538
1705,10,10,0,20,12,2.096e-05
1706,28,28,0,56,12.0357,7.408e-05
1707,10,10,0,20,12,2.16e-05
1708,117,117,0,234,12.0598,0.00031488
1709,48,42,8,8,77.5476,0.00233372
1710,84,62,36,8,78.2742,0.00353336
1711,24,24,0,48,12.0417,5.264e-05
1712,57,57,0,114,12.0526,0.00014144
1713,37,36,1,8,77.9444,0.00198444
1714,22,14,8,8,85.3571,0.00066068
1715,20,20,0,40,12.05,4.176e-05
1716,109,88,24,8,80.2159,0.00510552
1717,9,9,0,18,12,1.888e-05
1718,37,23,16,8,83.087,0.0011884
1719,81,81,0,162,12.0617,0.00021568
1720,17,17,0,34,12,3.808e-05
1721,114,86,31,10,81,0.00491648
1722,39,22,25,8,77.4545,0.00112904
1723,78,78,0,156,12.0641,0.00022512
1724,15,15,0,30,12,3.264e-05
1725,48,26,31,8,72.0769,0.00137412
1726,17,9,14,6,76.1111,0.00042412
1727,91,75,26,6,81.96,0.00440512
1728,103,65,60,8,78.7846,0.0037458
1729,24,24,0,48,12.0417,6.416e-05
1730,6,6,0,12,12,1.264e-05
1731,165,127,49,8,79.7874,0.00749248
1732,78,78,0,156,12.0513,0.00019088
1733,58,58,0,116,12.0517,0.00015856
1734,118,118,0,236,12.0678,0.00033712
1735,91,67,39,10,81.6418,0.00379552
1736,71,51,33,8,77.4118,0.00289092
1737,54,41,20,10,81.7805,0.00230176
1738,65,65,0,130,12.0615,0.00016928
1739,33,33,0,66,12.0606,8.544e-05
1740,91,77,14,10,78.7792,0.0043804
1741,155,119,44,8,79.2857,0.00700956
1742,59,59,0,118,12.0508,0.00015616
1743,105,105,0,210,12.0571,0.00027552
1744,43,29,14,8,76.3448,0.00156476
1745,24,24,0,48,12.0417,6.352e-05
1746,51,40,11,8,75.65,0.00222364
1747,29,29,0,58,12.0345,6.88e-05
1748,77,61,16,8,75.2131,0.00347916
1749,47,47,0,94,12.0638,0.00012384
1750,13,13,0,8,78.2308,0.00061072
1751,20,10,12,8,84.9,0.00038444
1752,8,8,0,16,12,1.68e-05
1753,25,19,6,8,74.0526,0.00096676
1754,7,7,0,14,12,1.472e-05
1755,14,14,0,28,12,3.088e-05
1756,19,19,0,8,74.1053,0.00093588
1757,36,23,19,8,79.8261,0.0012112
1758,41,28,22,8,66.7143,0.0014676
1759,35,29,6,8,81.5862,0.00157628
1760,11,11,0,22,12,2.304e-05
1761,66,57,10,10,75.7193,0.0032684
1762,18,18,0,36,12.0556,3.952e-05
1763,50,50,0,100,12.04,0.00011408
1764,173,148,28,8,78.6216,0.00877548
1765,113,113,0,226,12.0619,0.00029504
1766,25,19,6,8,72.4737,0.00094316
1767,12,12,0,24,12,2.576e-05
1768,44,36,8,8,71.6944,0.0019862
1769,81,56,42,10,70.8571,0.00311128
1770,24,24,0,48,12.0417,5.616e-05
1771,49,33,16,10,81.3636,0.0018028
1772,51,51,0,102,12.0588,0.0001248
1773,31,31,0,62,12.0323,7.712e-05
1774,10,10,0,8,80.8,0.00042336
1775,6,6,0,12,12,1.264e-05
1776,146,121,27,8,70.0744,0.00713192
1777,112,112,0,224,12.0625,0.00029008
1778,17,17,0,8,71.8235,0.00083564
1779,32,26,6,8,78.9231,0.00136644
1780,21,13,8,8,74.3846,0.00056312
1781,10,10,0,20,12,2.096e-05
1782,55,35,20,10,71.1714,0.00185424
1783,17,17,0,34,12,3.808e-05
1784,40,22,19,8,77.5455,0.00110216
1785,11,11,0,22,12,2.56e-05
1786,33,33,0,66,12.0606,8.64e-05
1787,41,41,0,8,66.8293,0.00225832
1788,22,22,0,44,12.0455,4.592e-05
1789,28,28,0,8,79.7143,0.00148292
1790,868,728,180,8,74.739,0.0438242
1791,93,83,11,8,74.3253,0.00479104
1792,15,15,0,30,12,3.136e-05
1793,548,548,0,1096,12.062,0.00137456
1794,70,70,0,140,12.0571,0.0001688
1795,72,66,6,10,75.8636,0.00375264
1796,209,155,75,8,74.3097,0.00917628
1797,9,6,5,8,56.3333,0.00017088
1798,51,51,0,102,12.0588,0.00012512
1799,143,143,0,286,12.0629,0.0003696
1800,81,68,13,10,78.7941,0.00383416
1801,40,40,0,80,12.05,0.0001032
1802,4,4,0,8,12,8.48e-06
1803,40,22,28,8,76.3182,0.00110336
1804,55,55,0,110,12.0545,0.00013664
1805,15,15,0,30,12,3.296e-05
1806,108,99,11,10,85.1818,0.00579384
1807,77,77,0,154,12.0519,0.00019328
1808,54,31,37,8,78.3871,0.00169484
1809,28,28,0,56,12.0357,7.728e-05
1810,75,60,20,8,69.5833,0.00341392
1811,84,62,28,10,73.2419,0.00353656
1812,44,44,0,88,12.0455,0.00010832
1813,10,10,0,8,72.2,0.00042256
1814,24,24,0,8,78.4167,0.00122068
1815,48,48,0,96,12.0625,0.000124
1816,6,6,0,12,12,1.264e-05
1817,13,13,0,26,12,2.72e-05
1818,82,62,31,10,64.4677,0.00346176
1819,49,49,0,98,12.0612,0.00012448
1820,40,40,0,8,42.875,0.00220672
1821,21,21,0,42,12.0476,4.384e-05
1822,12,12,0,8,56.5,0.00052624
1823,7,7,0,14,12,1.472e-05
1824,21,21,0,8,68.1429,0.00108152
1825,45,25,35,8,69.64,0.0013232
1826,82,55,28,8,74.0909,0.0031488
1827,12,12,0,24,12,2.512e-05
1828,14,14,0,28,12,2.928e-05
1829,22,22,0,44,12.0455,5.104e-05
1830,23,23,0,46,12.0435,6.112e-05
1831,46,46,0,92,12.0435,0.00011792
1832,21,21,0,8,55.2857,0.001045
1833,12,12,0,24,12,2.512e-05
1834,44,44,0,8,70.8409,0.00245516
1835,10,10,0,8,76.6,0.00039628
1836,23,23,0,46,12.0435,4.8e-05
1837,6,6,0,12,12,1.264e-05
1838,58,47,11,10,82.0851,0.00266456
1839,35,35,0,70,12.0571,9.056e-05
1840,216,162,68,10,79.4321,0.00951376
1841,140,140,0,280,12.0571,0.00035728
1842,34,19,27,8,63.4737,0.00091908
1843,36,27,9,8,82.4444,0.00140124
1844,20,20,0,40,12.05,4.816e-05
1845,14,14,0,28,12,2.96e-05
1846,29,29,0,8,80.069,0.00154576
1847,16,16,0,32,12,3.344e-05
1848,89,78,11,10,82.5769,0.00451816
1849,68,68,0,136,12.0588,0.00017168
1850,73,51,34,10,81.6667,0.00285608
1851,11,11,0,8,79,0.00044192
1852,48,48,0,96,12.0625,0.00013104
1853,7,7,0,14,12,1.472e-05
1854,12,12,0,8,67.75,0.000529
1855,692,383,501,8,75.0966,0.0229554
1856,7,7,0,14,12,1.472e-05
1857,368,368,0,736,12.0652,0.00098704
1858,60,40,29,10,84.35,0.00215112
1859,96,73,41,8,52.5205,0.00419576
1860,38,38,0,76,12.0526,0.0001016
1861,40,33,7,8,80.5455,0.00176896
1862,48,48,0,96,12.0417,0.00011376
1863,55,34,27,8,81.9118,0.00185812
1864,82,51,48,8,63.0588,0.002908
1865,25,25,0,50,12.04,6.368e-05
1866,362,272,139,8,72.1471,0.0162457
1867,30,30,0,60,12.0667,8.112e-05
1868,36,36,0,72,12.0556,8.496e-05
1869,224,224,0,448,12.0625,0.00057424
1870,58,43,15,8,82.5814,0.00241324
1871,57,34,30,8,76.5294,0.00182608
1872,36,36,0,72,12.0556,9.808e-05
1873,222,178,48,8,71.1348,0.010567
1874,31,31,0,62,12.0645,8.768e-05
1875,146,146,0,292,12.0548,0.00036272
1876,188,136,62,8,76.5074,0.0080004
1877,21,12,14,8,78.0833,0.00053336
1878,55,28,45,8,66.8214,0.00147808
1879,101,101,0,202,12.0594,0.00026432
1880,11,11,0,22,12,2.528e-05
1881,26,26,0,52,12.0385,7.056e-05
1882,50,33,29,6,73.1515,0.0018204
1883,37,21,27,8,76.2857,0.00107448
1884,29,29,0,58,12.0345,7.424e-05
1885,19,19,0,38,12.0526,4.544e-05
1886,36,32,4,8,72.0312,0.0017344
1887,33,26,7,8,81.1538,0.00135956
1888,20,20,0,40,12.05,4.4e-05
1889,17,17,0,34,12,3.904e-05
1890,82,74,11,10,77.4865,0.00419352
1891,47,47,0,94,12.0426,0.00011072
1892,105,79,27,8,76.6835,0.00455992
1893,73,57,16,8,73.3509,0.00326932
1894,122,98,25,8,73.8163,0.00571668
1895,67,67,0,134,12.0597,0.0001744
1896,49,49,0,98,12.0408,0.00011904
1897,93,93,0,186,12.0538,0.00022944
1898,17,17,0,8,80.7647,0.00080976
1899,76,56,28,8,72.4821,0.00318872
1900,10,10,0,20,12,2.096e-05
1901,48,48,0,96,12.0625,0.00012912
1902,130,97,43,10,77.3505,0.00562296
1903,61,38,39,8,52.5789,0.00207076
1904,85,85,0,170,12.0706,0.00024352
1905,32,32,0,64,12.0312,7.536e-05
1906,171,144,27,10,81.5,0.00849456
1907,119,119,0,238,12.0588,0.0003104
1908,44,32,13,8,79.7812,0.00173536
1909,45,32,21,8,79.0625,0.00173812
1910,30,15,23,8,72.2,0.00069096
1911,23,23,0,46,12.0435,5.728e-05
1912,28,28,0,56,12.0357,7.472e-05
1913,49,37,12,10,78.7568,0.00205216
1914,13,13,0,26,12,2.816e-05
1915,163,114,60,10,76.3596,0.00660832
1916,113,84,29,8,71.8571,0.00486656
1917,28,28,0,56,12.0357,6.896e-05
1918,108,108,0,216,12.0648,0.0002936
1919,72,42,35,8,70.4524,0.00231684
1920,26,14,12,8,74.7857,0.0006604
1921,37,37,0,74,12.0541,9.728e-05
1922,12,12,0,24,12,2.864e-05
1923,53,32,39,10,77.1875,0.00167376
1924,11,11,0,8,54.6364,0.000468
1925,71,65,6,8,71.7385,0.00375424
1926,30,21,9,8,83.0952,0.00104768
1927,7,7,0,14,12,1.472e-05
1928,40,40,0,80,12.05,9.296e-05
1929,12,12,0,24,12,2.544e-05
1930,25,22,3,8,81.2273,0.001154
1931,13,13,0,26,12,2.72e-05
1932,61,61,0,8,63.7869,0.00349096
1933,28,18,11,8,83.5556,0.00090456
1934,32,32,0,64,12.0312,6.672e-05
1935,12,12,0,24,12,2.736e-05
1936,17,17,0,8,53.7059,0.00084836
1937,69,69,0,8,65.3333,0.00394776
1938,10,10,0,20,12,2.096e-05
1939,36,36,0,72,12.0278,7.504e-05
1940,8,8,0,8,47.375,0.00030396
1941,5,5,0,10,12,1.056e-05
1942,11,11,0,8,63.2727,0.00043992
1943,7,7,0,14,12,1.472e-05
1944,31,17,14,8,69.9412,0.00083804
1945,13,9,4,8,75.3333,0.00034332
1946,51,36,15,8,75.0833,0.00199272
1947,24,15,9,8,70.6667,0.00071436
1948,12,12,0,24,12,2.64e-05
1949,8,8,0,16,12,1.776e-05
1950,740,629,125,10,78.0254,0.0377669
1951,32,32,0,64,12.0625,8.208e-05
1952,12,12,0,24,12,2.8e-05
1953,507,507,0,1014,12.0611,0.00128576
1954,10,10,0,8,82.5,0.00042736
1955,6,6,0,12,12,1.264e-05
1956,39,38,1,8,75.5,0.002065
1957,16,16,0,8,62.5,0.00077272
1958,159,133,33,8,77.7143,0.00783932
1959,20,20,0,40,12.05,4.208e-05
1960,9,9,0,18,12,1.888e-05
1961,37,21,17,8,76.7143,0.0010888
1962,97,97,0,194,12.0515,0.00023872
1963,281,231,54,8,77.303,0.0137559
1964,17,17,0,34,12.0588,3.968e-05
1965,9,9,0,8,79.5556,0.00031424
1966,41,31,11,8,83.8387,0.0016818
1967,195,195,0,390,12.0615,0.00049504
1968,6,6,0,12,12,1.264e-05
1969,112,88,31,10,80.2955,0.00513472
1970,23,23,0,46,12.0435,5.856e-05
1971,47,40,7,8,81.7,0.00220084
1972,74,74,0,148,12.0541,0.00018576
1973,31,31,0,62,12.0323,7.68e-05
1974,37,22,26,8,80.3182,0.0011522
1975,90,65,33,10,71.4462,0.00366816
1976,15,15,0,30,12,3.168e-05
1977,53,53,0,106,12.0566,0.00013216
1978,42,29,13,8,79.2759,0.00156436
1979,24,15,9,8,76.0667,0.00069168
1980,21,21,0,42,12.0476,4.832e-05
1981,13,13,0,26,12,3.136e-05
1982,9,9,0,8,55.2222,0.00034888
1983,36,35,1,10,69.8,0.00184472
1984,240,183,63,8,75.2077,0.0108607
1985,6,6,0,12,12,1.264e-05
1986,21,21,0,42,12.0476,4.544e-05
1987,167,167,0,334,12.0659,0.00044192
1988,82,49,38,8,74.4082,0.00277588
1989,42,30,12,8,75.4333,0.0016308
1990,39,39,0,78,12.0513,9.28e-05
1991,25,25,0,50,12.04,6.304e-05
1992,80,80,0,160,12.0625,0.00020048
1993,19,19,0,8,73.3158,0.00096392
1994,93,79,14,10,79.1392,0.00450936
1995,71,57,17,8,80.5439,0.00321964
1996,11,11,0,22,12,2.304e-05
1997,73,73,0,146,12.0548,0.00019648
1998,43,43,0,86,12.0465,0.00010432
1999,30,30,0,60,12.0667,8.144e-05
2000,29,22,7,8,82.0455,0.00112368
2001,14,14,0,28,12,3.024e-05
2002,18,16,2,8,84,0.00077792
2003,81,71,14,8,72.7183,0.0040878
2004,10,10,0,20,12,2.096e-05
2005,52,52,0,104,12.0577,0.0001256
2006,10,10,0,8,71.1,0.00042288
2007,6,6,0,12,12,1.264e-05
2008,113,79,45,8,78.8734,0.00456952
2009,131,106,44,8,71.6132,0.0061898
2010,65,65,0,130,12.0615,0.00017472
2011,106,65,60,8,75.6615,0.00373728
2012,82,82,0,164,12.0488,0.0001912
2013,62,62,0,124,12.0645,0.00017232
2014,212,190,25,8,73.9737,0.0113008
2015,174,174,0,348,12.069,0.000508
2016,169,97,109,8,73.3918,0.00567008
2017,104,80,33,10,77.7,0.00465864
2018,81,81,0,162,12.0617,0.0002112
2019,60,37,37,8,68.8919,0.00200584
2020,70,70,0,140,12.0571,0.00016976
2021,22,22,0,44,12.0455,4.688e-05
2022,8,8,0,8,51,0.00027348
2023,5,5,0,10,12,1.056e-05
2024,49,40,9,8,83.375,0.00219812
2025,32,32,0,64,12.0312,7.632e-05
2026,24,19,5,8,81.1579,0.00096944
2027,232,197,41,8,63.1117,0.0117139
2028,54,31,35,8,62.9032,0.0016478
2029,12,12,0,24,12,2.64e-05
2030,141,141,0,282,12.0567,0.0003376
2031,30,30,0,60,12.0667,8.368e-05
2032,58,43,15,8,76.0465,0.00240096
2033,77,55,31,8,63.2727,0.00310748
2034,32,32,0,64,12.0312,7.824e-05
2035,40,40,0,80,12.05,9.488e-05
2036,255,220,39,8,79.4227,0.0130992
2037,161,161,0,322,12.0621,0.0004144
2038,26,15,21,8,55,0.00069232
2039,11,11,0,22,12,2.464e-05
2040,18,18,0,36,12.0556,4.272e-05
2041,45,35,10,8,76.6286,0.00193356
2042,37,21,24,8,46.0476,0.00103692
2043,29,29,0,58,12.0345,7.328e-05
2044,13,13,0,26,12,2.784e-05
2045,96,87,9,10,75.6322,0.00506912
2046,62,62,0,124,12.0484,0.00015312
2047,53,37,25,8,75.1622,0.0020452
2048,55,33,39,10,65.6667,0.00172864
2049,128,102,43,6,64.0196,0.0060318
2050,31,31,0,62,12.0645,7.936e-05
2051,31,31,0,62,12.0323,7.84e-05
2052,70,70,0,140,12.0571,0.00016176
2053,26,21,5,8,78.381,0.00103812
2054,84,74,10,10,79.4054,0.0042332
2055,13,13,0,26,12,2.848e-05
2056,65,65,0,130,12.0462,0.00015456
2057,45,34,11,10,71.7941,0.00181616
2058,28,28,0,56,12.0357,7.088e-05
2059,27,27,0,8,57.4815,0.00142636
2060,15,15,0,30,12,3.136e-05
2061,63,62,1,10,71.5161,0.00349312
2062,37,37,0,74,12.027,7.968e-05
2063,27,27,0,8,78.6667,0.00142616
2064,15,15,0,30,12,3.136e-05
2065,106,77,29,8,71.7143,0.00446036
2066,13,13,0,8,76.4615,0.00056532
2067,50,35,15,8,77.1429,0.00193652
2068,411,294,172,8,70.6395,0.0175655
2069,62,62,0,124,12.0645,0.00016048
2070,8,8,0,16,12,1.68e-05
2071,30,30,0,60,12.0333,7.888e-05
2072,40,32,13,8,59.5938,0.00173056
2073,246,246,0,492,12.061,0.00062448
2074,18,18,0,36,12,3.76e-05
2075,49,43,6,10,82,0.00242008
2076,55,54,1,8,82.8333,0.00304552
2077,35,35,0,70,12.0571,8.384e-05
2078,28,28,0,56,12.0357,5.904e-05
2079,69,69,0,8,69.2609,0.00396136
2080,70,50,28,8,51.12,0.00283748
2081,36,36,0,72,12.0278,7.504e-05
2082,57,45,12,10,47.1778,0.00250704
2083,38,38,0,76,12.0526,0.00010096
2084,85,67,36,8,23.6269,0.0038558
2085,40,40,0,80,12.05,9.968e-05
2086,47,47,0,94,12.0426,0.00011232
2087,102,81,21,10,84.1111,0.0046852
2088,33,33,0,8,25.7273,0.00176272
2089,18,18,0,36,12.0556,3.76e-05
2090,30,30,0,8,25.4667,0.00158664
2091,16,16,0,32,12,3.344e-05
2092,36,36,0,8,24.8889,0.00199056
2093,19,19,0,38,12.0526,3.968e-05
2094,17,17,0,8,23.7059,0.00084484
2095,10,10,0,20,12,2.096e-05
2096,544,414,162,8,73.9469,0.0248573
2097,29,28,1,8,61.2857,0.0014778
2098,362,362,0,724,12.0635,0.00095728
2099,16,16,0,32,12,3.344e-05
2100,53,37,17,8,78.3514,0.0020302
2101,27,27,0,54,12.037,6.752e-05
2102,206,178,35,10,74.4438,0.0105629
2103,140,140,0,280,12.0571,0.00034352
2104,127,97,48,8,80.6392,0.00565616
2105,75,75,0,150,12.0533,0.0001904
2106,86,75,11,10,83.6533,0.0043104
2107,61,61,0,122,12.0492,0.00015776
2108,21,18,3,8,86.1111,0.0008592
2109,51,29,22,10,73.9655,0.001468
2110,11,11,0,22,12,2.4e-05
2111,15,15,0,8,66.8,0.00068136
2112,75,62,13,8,76.2419,0.00353772
2113,27,27,0,54,12.037,7.52e-05
2114,9,9,0,18,12,1.888e-05
2115,50,50,0,100,12.06,0.00012208
2116,63,50,13,8,74.6,0.00283
2117,38,38,0,76,12.0526,0.0001
2118,11,9,2,8,86.7778,0.0003678
2119,46,24,23,8,75.875,0.00121956
2120,6,6,0,12,12,1.264e-05
2121,22,22,0,44,12.0455,5.84e-05
2122,36,36,0,8,63.1111,0.00194944
2123,40,39,1,10,72.2564,0.00208104
2124,19,19,0,38,12.0526,3.968e-05
2125,28,28,0,56,12.0357,6.16e-05
2126,25,24,1,8,54.125,0.00122956
2127,89,85,4,8,79.3647,0.00490996
2128,14,14,0,28,12,2.928e-05
2129,72,72,0,144,12.0556,0.00016432
2130,9,9,0,8,74.4444,0.00034472
2131,6,6,0,12,12,1.264e-05
2132,204,173,39,8,80.1214,0.0102542
2133,137,137,0,274,12.0584,0.00035008
2134,33,26,7,8,82.5,0.00139016
2135,71,52,26,10,80.5192,0.00287296
2136,18,18,0,36,12.0556,4.24e-05
2137,48,46,2,6,78.7391,0.00262212
2138,32,32,0,64,12.0312,6.768e-05
2139,16,16,0,8,71.375,0.00078784
2140,176,157,22,8,80.1911,0.00931032
2141,87,50,45,8,81.42,0.00283188
2142,9,9,0,18,12,1.888e-05
2143,140,140,0,280,12.0571,0.00036272
2144,42,42,0,84,12.0476,0.00010864
2145,61,43,25,8,79.3953,0.00242376
2146,156,102,73,8,77.3039,0.00596604
2147,40,40,0,80,12.05,0.00010576
2148,92,92,0,184,12.0652,0.00025584
2149,71,71,0,142,12.0563,0.0001856
2150,69,48,33,8,75.7708,0.00269976
2151,38,38,0,76,12.0526,9.328e-05
2152,38,30,8,8,84.2667,0.00163224
2153,22,22,0,44,12.0455,5.456e-05
2154,68,50,26,8,82,0.0028434
2155,38,38,0,76,12.0526,0.0001
2156,33,25,8,8,83.48,0.0012958
2157,18,18,0,36,12.0556,4.208e-05
2158,30,29,1,8,77,0.00156852
2159,11,11,0,8,86.8182,0.00044664
2160,17,17,0,34,12,3.68e-05
2161,7,7,0,14,12,1.472e-05
2162,208,177,39,10,75.7175,0.0104301
2163,165,165,0,330,12.0667,0.0004576
2164,26,15,18,8,76.6667,0.00073136
2165,12,12,0,24,12,2.672e-05
2166,60,49,11,8,76.0612,0.00273404
2167,34,34,0,68,12.0588,8.176e-05
2168,19,19,0,8,79.5789,0.00096864
2169,11,11,0,22,12,2.304e-05
2170,152,121,37,10,80.5207,0.0070548
2171,20,20,0,8,64.4,0.00100388
2172,106,106,0,212,12.0566,0.00026608
2173,11,11,0,22,12,2.304e-05
2174,23,23,0,8,79.0435,0.001213
2175,13,13,0,26,12,2.72e-05
2176,405,363,49,8,78.3747,0.0217695
2177,286,286,0,572,12.0594,0.00070064
2178,73,52,27,8,82.9038,0.00295964
2179,47,47,0,94,12.0638,0.00013056
2180,23,18,5,8,82.3889,0.0008628
2181,56,33,39,8,81.4242,0.00179852
2182,73,40,43,8,82.775,0.00220964
2183,11,11,0,22,12,2.4e-05
2184,29,29,0,58,12.0345,7.36e-05
2185,36,36,0,72,12.0556,8.944e-05
2186,223,158,77,10,80.1709,0.00936776
2187,84,48,54,8,81.9167,0.00269972
2188,142,142,0,284,12.0634,0.0003704
2189,40,40,0,80,12.05,9.744e-05
2190,50,50,0,100,12.06,0.00013008
2191,77,57,21,8,79.193,0.00325316
2192,76,51,43,8,77.2157,0.00288624
2193,59,37,33,10,77.3514,0.00196128
2194,52,52,0,104,12.0577,0.000148
2195,31,31,0,62,12.0323,7.296e-05
2196,35,35,0,70,12.0571,9.056e-05
2197,39,18,31,8,77.8889,0.00089596
2198,19,15,4,8,80.6,0.00070652
2199,16,16,0,32,12,3.952e-05
2200,136,118,22,8,80.6356,0.00694484
2201,80,54,27,8,78.0741,0.00305368
2202,10,10,0,20,12,2.096e-05
2203,99,99,0,198,12.0606,0.00024416
2204,53,53,0,106,12.0566,0.00015168
2205,37,33,4,8,83.1515,0.0018172
2206,21,21,0,42,12.0476,4.8e-05
2207,58,38,23,8,82.3684,0.00206908
2208,35,35,0,70,12.0571,9.504e-05
2209,59,36,36,8,76.6111,0.00198068
2210,230,185,67,10,75.4324,0.0109373
2211,35,35,0,70,12.0571,9.28e-05
2212,67,45,27,10,75.4,0.00246768
2213,137,137,0,274,12.0584,0.0003264
2214,89,68,21,8,76.2353,0.00388072
2215,194,143,64,8,76.6434,0.00843324
2216,120,93,27,8,75.957,0.005401
2217,43,43,0,86,12.0465,0.00011456
2218,61,61,0,122,12.0492,0.00015584
2219,132,132,0,264,12.0606,0.00034576
2220,79,79,0,158,12.0506,0.000192
2221,14,14,0,8,57.2857,0.00065616
2222,8,8,0,16,12,1.68e-05
2223,31,16,15,8,77.1875,0.00077004
2224,148,99,67,10,76.4545,0.00576376
2225,12,12,0,24,12,2.672e-05
2226,49,40,9,8,82.575,0.00221512
2227,88,88,0,176,12.0568,0.0002296
2228,75,62,13,8,84.3871,0.00355804
2229,31,31,0,62,12.0323,7.936e-05
2230,52,52,0,104,12.0577,0.00013552
2231,16,11,5,8,81.8182,0.000462
2232,210,180,34,8,77.6889,0.0107065
2233,8,8,0,16,12,1.776e-05
2234,31,21,10,8,80.9524,0.0010702
2235,138,138,0,276,12.058,0.00032656
2236,27,24,3,8,76.4583,0.00125084
2237,15,15,0,30,12,3.296e-05
2238,14,14,0,28,12,3.024e-05
2239,46,28,23,8,81.2143,0.00147596
2240,25,25,0,50,12.04,6.784e-05
2241,13,7,10,6,70.4286,0.00027436
2242,5,5,0,10,12,1.056e-05
2243,51,31,35,10,79.6129,0.00159528
2244,105,88,27,10,79.3068,0.00504776
2245,29,29,0,58,12.069,8.128e-05
2246,84,84,0,168,12.0595,0.00020368
2247,5,5,0,8,79.2,0.0001042
2248,4,4,0,8,12,8.48e-06
2249,37,31,6,8,78.2258,0.00168232
2250,19,19,0,38,12.0526,4.064e-05
2251,28,28,0,8,76.3929,0.00148432
2252,15,15,0,30,12,3.136e-05
2253,31,31,0,8,65.8387,0.00169688
2254,17,17,0,34,12,3.552e-05
2255,39,32,9,8,77.125,0.00175444
2256,8,6,3,8,77.1667,0.0001834
2257,20,20,0,40,12.05,4.432e-05
2258,13,9,4,8,73.8889,0.00034924
2259,5,5,0,10,12,1.056e-05
2260,8,8,0,16,12,1.776e-05
2261,174,143,42,10,75,0.00838568
2262,111,111,0,222,12.0631,0.0002944
2263,129,113,17,10,76.7168,0.00657672
2264,92,92,0,184,12.0543,0.00022768
2265,20,12,9,8,76.1667,0.000534
2266,21,17,5,8,81.0588,0.00081308
2267,9,9,0,18,12,1.984e-05
2268,10,10,0,20,12,2.096e-05
2269,349,294,65,8,74.6633,0.0175601
2270,10,7,3,8,75,0.00021224
2271,243,243,0,486,12.0658,0.00066912
2272,121,80,67,4,73.35,0.00472136
2273,144,117,36,8,75.3248,0.00687744
2274,275,209,84,8,75.8756,0.0124592
2275,5,5,0,10,12,1.152e-05
2276,85,85,0,170,12.0588,0.00021408
2277,98,98,0,196,12.051,0.00023536
2278,174,174,0,348,12.0575,0.00042
2279,10,10,0,8,67.9,0.000379
2280,6,6,0,12,12,1.264e-05
2281,44,23,21,8,79.3478,0.00119528
2282,36,18,18,8,73.1111,0.00086484
2283,15,10,6,8,78.1,0.00042428
2284,20,20,0,40,12.05,4.816e-05
2285,11,11,0,22,12,2.304e-05
2286,9,9,0,18,12,2.016e-05
2287,95,78,22,10,76.1795,0.00447376
2288,60,46,15,8,80.8913,0.0026038
2289,76,58,23,10,78.2931,0.0032376
2290,95,55,61,8,82.1091,0.0031296
2291,62,62,0,124,12.0645,0.00016432
2292,36,36,0,72,12.0556,9.712e-05
2293,53,53,0,106,12.0566,0.00013792
2294,44,44,0,88,12.0455,0.0001128
2295,23,16,7,8,77.9375,0.00078748
2296,186,154,45,8,75.7987,0.00910632
2297,10,10,0,20,12,2.096e-05
2298,125,125,0,250,12.056,0.00030048
2299,29,29,0,8,80.4483,0.00153192
2300,16,16,0,32,12,3.344e-05
2301,10,10,0,8,86.8,0.00038332
2302,6,6,0,12,12,1.264e-05
2303,52,52,0,8,80.9038,0.00291904
2304,10,10,0,8,71.5,0.00040828
2305,7,7,0,8,69.5714,0.00022892
2306,27,27,0,54,12.037,5.632e-05
2307,6,6,0,12,12,1.264e-05
2308,5,5,0,10,12,1.056e-05
2309,113,102,16,8,69.7549,0.00593732
2310,56,56,0,112,12.0536,0.00012144
2311,44,24,31,8,73.9167,0.00121848
2312,22,22,0,44,12.0455,5.36e-05
2313,25,25,0,8,64.88,0.00128924
2314,14,14,0,28,12,2.928e-05
2315,91,69,23,6,81.7681,0.00399776
2316,66,66,0,132,12.0606,0.00017424
2317,116,84,50,8,82.5238,0.0048508
2318,75,75,0,150,12.0533,0.00020128
2319,58,37,28,10,81.6486,0.00195896
2320,85,60,41,10,81.3,0.00337376
2321,34,34,0,68,12.0588,9.36e-05
2322,100,68,42,10,77.8382,0.00385888
2323,46,26,31,8,83.1538,0.00137096
2324,53,53,0,106,12.0566,0.00014688
2325,88,68,36,8,77.1471,0.00391832
2326,59,59,0,118,12.0508,0.00015264
2327,23,23,0,46,12.0435,6.304e-05
2328,55,55,0,110,12.0545,0.00014112
2329,45,32,13,8,80.5938,0.00174
2330,66,46,29,8,79.6957,0.00255708
2331,28,28,0,56,12.0357,7.248e-05
2332,403,331,79,8,73.9305,0.0198126
2333,43,43,0,86,12.0465,0.00010912
2334,27,15,14,8,76.3333,0.0007302
2335,278,278,0,556,12.0612,0.00068496
2336,9,9,0,18,12,1.888e-05
2337,77,54,32,8,77.7037,0.00305144
2338,50,50,0,100,12.06,0.00013872
2339,68,46,22,8,80.4348,0.00257808
2340,40,22,22,8,81.3636,0.00115388
2341,52,32,22,8,79.3438,0.00174332
2342,35,35,0,70,12.0571,9.248e-05
2343,12,8,4,8,75.75,0.00026176
2344,20,20,0,40,12.05,5.008e-05
2345,30,30,0,60,12.0667,8.464e-05
2346,17,17,0,8,70.9412,0.000824
2347,6,6,0,12,12,1.392e-05
2348,344,227,191,8,75.8987,0.0134995
2349,10,10,0,20,12,2.096e-05
2350,90,65,30,8,81.0154,0.00373748
2351,19,12,10,8,78.5,0.00049328
2352,218,218,0,436,12.0642,0.00056816
2353,53,53,0,106,12.0566,0.00014048
2354,53,30,38,8,82.1,0.0015906
2355,49,28,39,8,70.9643,0.0015126
2356,9,9,0,18,12,1.984e-05
2357,89,67,25,8,78.8507,0.00384424
2358,29,20,9,8,79.4,0.00098996
2359,197,167,34,8,79.1078,0.00992112
2360,28,28,0,56,12.0357,6.544e-05
2361,15,15,0,30,12,3.136e-05
2362,15,15,0,30,12,3.424e-05
2363,150,150,0,300,12.06,0.00036816
2364,211,172,56,10,79.314,0.010125
2365,95,58,61,8,81.7069,0.00332636
2366,144,144,0,288,12.0556,0.000356
2367,52,52,0,104,12.0577,0.00013584
2368,30,25,5,8,80.52,0.00128736
2369,63,42,32,8,78.8333,0.00235248
2370,16,16,0,32,12,3.632e-05
2371,34,34,0,68,12.0588,8.08e-05
2372,27,27,0,8,70.6667,0.00143944
2373,15,15,0,30,12,3.136e-05
2374,42,24,32,8,74.625,0.00127308
2375,100,78,23,8,81.0385,0.00453308
2376,22,22,0,44,12.0455,5.264e-05
2377,67,67,0,134,12.0597,0.00016704
2378,9,9,0,8,78.7778,0.00036044
2379,23,18,5,8,84.6667,0.00087852
2380,6,6,0,12,12,1.264e-05
2381,13,13,0,26,12,2.848e-05
2382,11,11,0,8,75.8182,0.00046084
2383,7,7,0,14,12,1.472e-05
2384,18,18,0,8,70.9444,0.00088052
2385,10,10,0,20,12,2.096e-05
2386,187,120,104,8,75.5917,0.0070636
2387,113,113,0,226,12.0619,0.00029888
2388,153,91,91,8,81.7143,0.00529844
2389,83,83,0,166,12.0602,0.00022624
2390,29,17,13,8,63.2941,0.00081428
2391,58,41,26,10,77.5854,0.00230048
2392,11,11,0,22,12,2.336e-05
2393,37,37,0,74,12.0541,0.00010464
2394,155,131,25,10,83.1985,0.007722
2395,97,97,0,194,12.0515,0.00023616
2396,12,8,7,8,76,0.00027684
2397,6,6,0,12,12,1.264e-05
2398,121,104,19,10,77.0673,0.0060328
2399,99,99,0,198,12.0606,0.00027136
2400,65,51,18,8,64.5882,0.00290116
2401,40,40,0,80,12.05,9.776e-05
2402,99,84,15,10,75.9048,0.00480856
2403,32,26,6,8,81.7308,0.0013718
2404,161,133,38,8,70.7218,0.00789336
2405,71,71,0,142,12.0563,0.00020032
2406,17,17,0,34,12,3.808e-05
2407,103,103,0,206,12.0583,0.0002432
2408,36,20,18,8,82.55,0.00100744
2409,56,56,0,112,12.0536,0.00015248
2410,17,17,0,34,12.0588,4.256e-05
2411,80,66,16,8,79.3182,0.00377008
2412,49,32,22,8,70.5625,0.00173192
2413,51,51,0,102,12.0588,0.00012288
2414,30,30,0,60,12.0333,7.728e-05
2415,11,11,0,8,80.1818,0.00043932
2416,88,55,52,6,70.1091,0.00315852
2417,7,7,0,14,12,1.472e-05
2418,53,53,0,106,12.0566,0.00012256
2419,16,16,0,8,61,0.0007744
2420,12,12,0,8,71.0833,0.00051804
2421,9,9,0,18,12,1.888e-05
2422,7,7,0,14,12,1.472e-05
2423,20,20,0,8,68.65,0.00099688
2424,11,11,0,22,12,2.304e-05
2425,128,101,37,10,77.4752,0.00586704
2426,36,19,20,8,82.5789,0.00094584
2427,86,86,0,172,12.0581,0.000236
2428,114,87,39,8,72.8276,0.00503836
2429,16,16,0,32,12,3.664e-05
2430,75,75,0,150,12.0533,0.00018624
2431,41,20,30,8,76,0.0010036
2432,200,155,62,8,67.2387,0.00919244
2433,16,16,0,32,12,3.632e-05
2434,129,129,0,258,12.0543,0.00031424
2435,108,89,23,8,77.0787,0.00515708
2436,66,66,0,132,12.0606,0.00017168
2437,29,16,13,8,81.1875,0.00079208
2438,6,5,1,8,76,0.0001138
2439,12,12,0,24,12,2.704e-05
2440,4,4,0,8,12,8.48e-06
2441,7,7,0,8,39.7143,0.00020688
2442,5,5,0,10,12,1.056e-05
2443,45,24,31,8,78.8333,0.0012222
2444,22,22,0,44,12.0455,5.328e-05
2445,115,94,21,10,75.1915,0.00539896
2446,60,39,29,8,71.9487,0.0021338
2447,82,82,0,164,12.061,0.00023504
2448,32,32,0,64,12.0625,8.24e-05
2449,109,79,45,8,77.2785,0.00459612
2450,66,66,0,132,12.0455,0.00015664
2451,69,67,2,8,69.3433,0.00383804
2452,13,12,1,8,81.1667,0.00051864
2453,36,36,0,72,12.0278,7.568e-05
2454,72,67,5,8,61.3582,0.00385728
2455,48,48,0,96,12.0417,0.000116
2456,55,55,0,8,59.0545,0.00314048
2457,29,29,0,58,12.0345,6.048e-05
2458,120,96,28,8,77.5417,0.0055892
2459,77,77,0,154,12.0649,0.0002064
2460,126,109,22,10,82.0367,0.00632496
2461,100,100,0,200,12.06,0.00025232
2462,208,190,21,10,80.4368,0.0112882
2463,144,144,0,288,12.0556,0.00035152
2464,19,13,6,8,88,0.00059188
2465,10,10,0,20,12,2.192e-05
2466,131,108,31,8,78.5278,0.00633224
2467,32,15,27,8,77.9333,0.00070864
2468,54,31,37,8,70.3548,0.00167492
2469,99,99,0,198,12.0606,0.00025408
2470,10,10,0,20,12,2.096e-05
2471,28,28,0,56,12.0357,6.992e-05
2472,50,41,9,8,83.3171,0.00229692
2473,33,33,0,66,12.0303,7.904e-05
2474,210,194,18,8,70.732,0.011502
2475,170,170,0,340,12.0588,0.00041456
2476,70,52,19,10,80.9231,0.00287136
2477,49,49,0,98,12.0612,0.00012672
2478,340,277,77,10,74.7292,0.0165346
2479,17,13,4,8,82.1538,0.00056084
2480,226,226,0,452,12.0619,0.00060016
2481,9,9,0,18,12,2.016e-05
2482,36,27,9,8,71.7778,0.00144332
2483,20,20,0,40,12.05,4.816e-05
2484,30,30,0,8,50.6333,0.00160148
2485,16,16,0,32,12,3.344e-05
2486,52,48,4,10,75.1875,0.0026336
2487,38,38,0,76,12.0526,8.528e-05
2488,12,12,0,8,73.5833,0.0005196
2489,7,7,0,14,12,1.472e-05
2490,49,49,0,8,77.2449,0.00278192
2491,26,26,0,52,12.0385,5.424e-05
2492,123,112,14,8,72.2321,0.00659628
2493,62,62,0,124,12.0484,0.00013776
2494,366,325,48,8,74.7754,0.019467
2495,20,14,6,8,76.2857,0.00065856
2496,108,81,45,8,76.5556,0.00466916
2497,290,290,0,580,12.0655,0.00076912
2498,9,9,0,18,12,1.888e-05
2499,67,67,0,134,12.0448,0.00015872
2500,164,134,35,10,75.2537,0.0078424
2501,157,119,54,8,73.1681,0.00698604
2502,108,108,0,216,12.0556,0.00027792
2503,100,100,0,200,12.06,0.00025872
2504,7,7,0,14,12,1.472e-05
2505,18,15,5,8,80.2667,0.00068224
2506,16,10,6,8,78.6,0.00040292
2507,9,9,0,18,12,1.888e-05
2508,7,7,0,14,12,1.472e-05
2509,47,47,0,8,73.0638,0.00264472
2510,25,25,0,50,12.04,5.216e-05
2511,73,67,6,10,71.4925,0.00383104
2512,59,59,0,118,12.0508,0.00014272
2513,78,75,4,8,72.4533,0.00430296
2514,43,43,0,86,12.0465,9.536e-05
2515,72,47,30,8,76.4894,0.00260924
2516,42,42,0,84,12.0476,0.00011344
2517,57,43,14,8,73.6512,0.0024114
2518,290,232,92,8,78.2586,0.0138152
2519,90,80,10,8,82.375,0.00463648
2520,31,31,0,62,12.0323,7.776e-05
2521,65,65,0,130,12.0615,0.00016288
2522,301,207,131,8,77.7971,0.012323
2523,32,23,9,8,78.3478,0.00116708
2524,13,13,0,26,12,2.752e-05
2525,300,269,34,8,77.5204,0.0160778
2526,199,199,0,398,12.0603,0.00048768
2527,13,13,0,8,66.6154,0.00055704
2528,262,233,32,10,79.1845,0.0138482
2529,151,121,34,8,80.4793,0.00711908
2530,8,8,0,16,12,1.68e-05
2531,169,169,0,338,12.0592,0.00041504
2532,99,99,0,198,12.0606,0.00025632
2533,159,134,30,8,76.6493,0.00789704
2534,105,105,0,210,12.0571,0.00026304
2535,73,57,16,8,83.4912,0.00322144
2536,47,47,0,94,12.0426,0.00011616
2537,48,34,14,8,78.9118,0.00182372
2538,103,82,32,8,76.7439,0.00474768
2539,27,27,0,54,12.037,6.848e-05
2540,65,65,0,130,12.0462,0.00015648
2541,25,25,0,8,77.4,0.0013202
2542,14,14,0,28,12,2.928e-05
2543,90,90,0,8,79.3222,0.00521804
2544,46,46,0,92,12.0435,9.584e-05
2545,24,24,0,8,50.1667,0.00124172
2546,70,66,4,10,78.303,0.00380288
2547,13,13,0,26,12,2.72e-05
2548,38,38,0,76,12.0526,8.144e-05
2549,31,30,1,8,80.3667,0.00163216
2550,406,339,79,10,74.6549,0.0202158
2551,17,17,0,34,12,3.552e-05
2552,23,19,4,8,79.4211,0.00091908
2553,149,135,22,10,77.837,0.00794128
2554,270,270,0,540,12.063,0.00068208
2555,19,16,3,8,82.875,0.00077604
2556,12,12,0,24,12,2.64e-05
2557,128,128,0,256,12.0547,0.00031696
2558,10,10,0,20,12,2.096e-05
2559,56,43,13,8,82.6279,0.00240224
2560,34,34,0,68,12.0588,8.912e-05
2561,13,13,0,8,76.7692,0.00057564
2562,8,8,0,16,12,1.68e-05
2563,184,184,0,368,12.0598,0.00047152
2564,55,43,12,10,80.814,0.00242248
2565,332,240,132,10,77.1125,0.0142292
2566,38,38,0,76,12.0526,9.392e-05
2567,186,186,0,372,12.0645,0.00049232
2568,208,208,0,416,12.0577,0.00051376
2569,13,13,0,8,87.2308,0.00056892
2570,8,8,0,16,12,1.68e-05
2571,45,25,30,8,78.08,0.00132352
2572,78,61,27,10,71.918,0.00341856
2573,121,83,53,10,74.4337,0.00478184
2574,31,16,21,8,76.375,0.00074428
2575,23,23,0,46,12.0435,6.08e-05
2576,86,62,24,10,79.3226,0.00346768
2577,59,59,0,118,12.0508,0.00016128
2578,80,80,0,160,12.0625,0.00020208
2579,61,35,36,8,71.6571,0.00190592
2580,13,13,0,26,12,2.848e-05
2581,12,12,0,8,83.25,0.0004924
2582,53,53,0,106,12.0566,0.00013824
2583,7,7,0,14,12,1.472e-05
2584,27,26,1,8,78.7308,0.00139632
2585,207,145,89,8,74.1655,0.0085792
2586,44,28,32,8,60.8214,0.00150728
2587,26,12,14,8,78.1667,0.00050628
2588,15,15,0,30,12,3.232e-05
2589,134,134,0,268,12.0597,0.00034128
2590,25,25,0,50,12.04,6.688e-05
2591,10,10,0,20,12,2.352e-05
2592,16,16,0,8,57.75,0.00073696
2593,9,9,0,18,12,1.888e-05
2594,49,49,0,8,62.5102,0.00274104
2595,26,26,0,52,12.0385,5.424e-05
2596,344,298,52,8,74.7617,0.0178075
2597,86,62,28,8,75.6774,0.00356196
2598,250,250,0,500,12.064,0.00065232
2599,50,50,0,100,12.06,0.00013712
2600,50,23,41,8,74.6522,0.00116772
2601,16,16,0,32,12,3.472e-05
2602,29,19,10,8,81.3684,0.00091668
2603,14,9,9,8,82.5556,0.00034448
2604,23,17,6,10,79.7059,0.000774
2605,12,12,0,24,12,2.544e-05
2606,7,7,0,14,12,1.6e-05
2607,10,9,1,8,60.5556,0.00031744
2608,45,39,6,8,77.6923,0.00214484
2609,15,15,0,30,12,3.392e-05
2610,25,25,0,50,12.04,5.76e-05
2611,191,161,31,10,74.2857,0.0094992
2612,50,24,28,8,72.7083,0.00124216
2613,142,142,0,284,12.0563,0.0003512
2614,74,53,29,10,71.4717,0.00296448
2615,22,22,0,44,12.0455,5.808e-05
2616,50,50,0,100,12.06,0.0001224
2617,74,65,9,10,80.9692,0.0037276
2618,50,50,0,100,12.06,0.00012368
2619,92,73,19,8,75.274,0.0042052
2620,65,65,0,130,12.0615,0.00018624
2621,40,24,17,8,76.5833,0.00126036
2622,20,20,0,40,12.05,5.072e-05
2623,98,81,19,8,78.037,0.00470908
2624,61,61,0,122,12.0492,0.00015424
2625,69,48,32,8,77.25,0.00267204
2626,70,46,39,8,72.3478,0.00259888
2627,37,37,0,74,12.0541,8.864e-05
2628,45,45,0,90,12.0444,0.0001136
2629,40,33,10,8,77,0.00178768
2630,21,21,0,42,12.0476,4.608e-05
2631,100,78,27,8,80.0641,0.00448856
2632,74,74,0,148,12.0541,0.00018768
2633,81,60,30,10,78.4667,0.00334024
2634,58,31,42,8,79.3871,0.00169128
2635,147,114,47,10,79.1842,0.0067092
2636,28,14,21,6,72.1429,0.00067136
2637,49,49,0,98,12.0612,0.000136
2638,27,27,0,54,12.037,6.752e-05
2639,104,104,0,208,12.0577,0.00026128
2640,9,9,0,18,12,1.888e-05
2641,186,140,55,8,76.9857,0.00826916
2642,101,78,27,10,77.8077,0.00447072
2643,216,167,63,8,73.2754,0.00989692
2644,128,128,0,256,12.0625,0.00034128
2645,69,69,0,138,12.058,0.00018464
2646,134,134,0,268,12.0597,0.00033488
2647,60,42,18,10,77.9762,0.00227888
2648,30,30,0,60,12.0333,7.536e-05
2649,77,61,17,10,77.7377,0.00346208
2650,77,54,39,8,76.7963,0.00306052
2651,39,39,0,78,12.0513,0.00010496
2652,52,52,0,104,12.0577,0.0001352
2653,39,39,0,78,12.0513,9.76e-05
2654,60,42,18,8,77.1905,0.00232648
2655,89,66,29,8,80.8485,0.00380616
2656,46,26,36,8,77.7308,0.00138916
2657,36,36,0,72,12.0556,9.872e-05
2658,176,127,52,10,76.6772,0.00748928
2659,54,54,0,108,12.0556,0.00013648
2660,24,24,0,48,12.0417,6.512e-05
2661,117,117,0,234,12.0598,0.00029728
2662,61,43,18,8,82.2558,0.00237624
2663,77,53,24,10,78.2264,0.00301416
2664,37,37,0,74,12.0541,0.0001024
2665,45,45,0,90,12.0667,0.00012416
2666,15,15,0,8,76.9333,0.00068832
2667,23,19,4,8,84.5789,0.00094896
2668,9,9,0,18,12,1.888e-05
2669,69,49,24,8,75.8163,0.00277344
2670,13,13,0,26,12,2.816e-05
2671,41,41,0,82,12.0488,9.376e-05
2672,37,37,0,8,75.3243,0.00205356
2673,6,6,0,12,12,1.264e-05
2674,20,20,0,40,12.05,4.176e-05
2675,104,82,24,10,72.2561,0.0047224
2676,142,103,56,8,71.9806,0.00602796
2677,97,62,35,6,72.9194,0.00357456
2678,65,65,0,130,12.0615,0.00017408
2679,83,83,0,166,12.0602,0.00021696
2680,102,71,46,8,78,0.00410508
2681,53,53,0,106,12.0566,0.00013472
2682,8,8,0,8,77.625,0.00025044
2683,5,5,0,10,12,1.056e-05
2684,9,6,3,8,80.8333,0.00014408
2685,123,77,51,8,62.3636,0.00442852
2686,152,107,47,8,80.6262,0.00629372
2687,4,4,0,8,12,8.8e-06
2688,75,75,0,150,12.0667,0.00020704
2689,85,85,0,170,12.0588,0.00021888
2690,90,75,15,8,76.8533,0.00430268
2691,55,55,0,110,12.0545,0.00014176
2692,159,124,51,10,78.9355,0.00723128
2693,9,9,0,8,81.1111,0.00034228
2694,109,109,0,218,12.055,0.00026496
2695,108,91,19,8,79.2857,0.0053154
2696,6,6,0,12,12,1.264e-05
2697,69,69,0,138,12.058,0.00017824
2698,45,26,35,8,79.0385,0.0013816
2699,24,24,0,48,12.0417,6.32e-05
2700,28,28,0,8,78.2143,0.00147952
2701,15,15,0,30,12,3.136e-05
2702,78,55,30,8,71.3455,0.00310536
2703,200,131,89,6,77.4122,0.00777332
2704,42,42,0,84,12.0476,0.00011152
2705,120,120,0,240,12.0583,0.00030288
2706,45,23,27,8,81.9565,0.00116712
2707,54,31,37,8,78.7419,0.001655
2708,17,17,0,34,12,3.712e-05
2709,37,34,3,8,74.6471,0.00186812
2710,28,28,0,56,12.0357,7.184e-05
2711,30,16,17,8,75.625,0.00075852
2712,22,22,0,44,12.0455,4.912e-05
2713,14,14,0,28,12,3.44e-05
2714,38,32,6,8,65.7812,0.0017266
2715,52,41,13,10,82.4634,0.00228088
2716,18,18,0,36,12,3.76e-05
2717,34,34,0,68,12.0588,8.912e-05
2718,232,172,62,8,78.6802,0.010206
2719,146,146,0,292,12.0616,0.00037968
2720,35,18,23,8,79,0.00089252
2721,98,65,41,8,71.3692,0.00371472
2722,78,48,38,8,77.75,0.00272332
2723,15,15,0,30,12,3.456e-05
2724,59,59,0,118,12.0508,0.00014464
2725,38,38,0,76,12.0526,8.72e-05
2726,77,60,20,8,82.45,0.00339964
2727,362,306,72,8,76.5686,0.0182911
2728,31,31,0,8,73.6774,0.0016958
2729,232,232,0,464,12.0603,0.00057584
2730,17,17,0,34,12,3.552e-05
2731,36,30,6,8,80.8,0.00160588
2732,32,22,15,8,80.5455,0.0011094
2733,22,22,0,44,12.0455,5.232e-05
2734,24,23,1,8,81.2609,0.001211
2735,13,13,0,26,12,2.72e-05
2736,13,13,0,26,12,2.72e-05
2737,115,79,46,8,74.8608,0.00459248
2738,51,37,17,10,80.1351,0.0019612
2739,44,22,32,8,82.5909,0.00110804
2740,81,42,58,8,80.4762,0.00236424
2741,67,67,0,134,12.0597,0.00018912
2742,30,30,0,60,12.0333,7.664e-05
2743,337,269,95,8,78.4275,0.0160435
2744,19,19,0,38,12.0526,4.544e-05
2745,40,40,0,80,12.05,0.0001112
2746,104,75,43,8,80.8933,0.004322
2747,214,214,0,428,12.0561,0.000516
2748,71,71,0,142,12.0704,0.00020704
2749,14,9,7,8,79,0.00033508
2750,6,6,0,12,12,1.264e-05
2751,61,34,27,8,78.5,0.0018234
2752,67,67,0,134,12.0597,0.00017376
2753,32,32,0,64,12.0625,8.176e-05
2754,138,108,40,10,80.6481,0.00627184
2755,78,50,37,8,78.56,0.00279264
2756,96,96,0,192,12.0625,0.0002632
2757,83,63,27,8,82.3968,0.00362308
2758,49,49,0,98,12.0612,0.00012352
2759,62,62,0,124,12.0484,0.00015472
2760,61,40,27,8,82.4,0.00219796
2761,37,37,0,74,12.0541,8.992e-05
2762,77,63,14,8,81.6825,0.0036332
2763,48,48,0,96,12.0625,0.00012464
2764,67,51,17,8,78.0588,0.0028966
2765,14,10,4,8,85.7,0.00042664
2766,39,39,0,78,12.0513,0.00010304
2767,7,7,0,14,12,1.504e-05
2768,63,50,16,10,77.68,0.00282592
2769,76,39,54,8,79.4615,0.00213908
2770,40,40,0,80,12.05,0.0001048
2771,33,33,0,66,12.0606,8.192e-05
2772,142,116,37,10,79.0259,0.00681376
2773,98,98,0,196,12.0612,0.00027408
2774,41,28,17,8,79.6071,0.00147996
2775,316,257,88,10,77.2374,0.015289
2776,166,107,97,8,79.0093,0.00627336
2777,23,23,0,46,12.0435,5.728e-05
2778,220,220,0,440,12.0591,0.0005592
2779,75,75,0,150,12.0533,0.0001776
2780,106,62,71,8,77.8226,0.00352128
2781,64,45,22,8,79.4667,0.00254108
2782,323,227,134,8,78.8634,0.0135362
2783,59,59,0,118,12.0678,0.00016224
2784,39,39,0,78,12.0513,0.00010496
2785,222,222,0,444,12.0676,0.00060784
2786,124,87,58,8,81.7241,0.00508336
2787,132,85,62,8,77.8824,0.00493356
2788,54,54,0,108,12.0556,0.00013488
2789,75,75,0,150,12.0533,0.00018816
2790,72,72,0,144,12.0556,0.00018768
2791,30,15,24,8,67.5333,0.00072036
2792,8,6,2,8,76.5,0.00017972
2793,11,11,0,22,12,2.464e-05
2794,496,343,227,8,76.723,0.0205184
2795,5,5,0,10,12,1.056e-05
2796,68,49,19,8,79.4694,0.00278636
2797,304,304,0,608,12.0625,0.000772
2798,125,100,44,8,78.87,0.0058302
2799,42,42,0,84,12.0476,0.00011216
2800,67,67,0,134,12.0597,0.00016448
2801,107,72,60,6,76.5694,0.00422028
2802,11,11,0,8,79.1818,0.00047652
2803,7,7,0,14,12,1.472e-05
2804,9,9,0,8,60.7778,0.00034052
2805,6,6,0,12,12,1.264e-05
2806,30,20,10,8,83.5,0.00102852
2807,13,13,0,26,12,2.72e-05
2808,41,35,6,10,83,0.00183208
2809,27,27,0,54,12.037,6.048e-05
2810,31,31,0,8,78.9032,0.00164332
2811,17,17,0,34,12,3.552e-05
2812,39,18,34,8,76.9444,0.0008724
2813,40,35,6,8,71.9714,0.00192264
2814,269,224,53,10,77.4643,0.0133417
2815,20,20,0,40,12.05,4.272e-05
2816,206,206,0,412,12.068,0.00056656
2817,63,39,24,8,74.6667,0.00213576
2818,141,93,63,8,69.0323,0.00541836
2819,66,44,24,8,73.5227,0.0024582
2820,32,32,0,64,12.0312,7.6e-05
2821,65,65,0,130,12.0462,0.00015264
2822,41,41,0,82,12.0488,0.00010624
2823,14,14,0,8,49.4286,0.00062228
2824,8,8,0,16,12,1.68e-05
2825,76,43,46,8,81.8837,0.0023956
2826,58,38,38,8,78.7105,0.00207828
2827,210,160,74,8,70.65,0.00947592
2828,44,23,33,8,76.2609,0.00119476
2829,37,37,0,74,12.0541,0.0001008
2830,34,34,0,68,12.0588,8.56e-05
2831,145,145,0,290,12.0552,0.00036064
2832,14,14,0,28,12,2.928e-05
2833,70,38,36,8,79.4211,0.00206556
2834,34,34,0,68,12.0588,8.784e-05
2835,81,43,55,8,80.1395,0.00239424
2836,41,41,0,82,12.0488,0.00011072
2837,113,95,21,10,82.2737,0.00555808
2838,90,90,0,180,12.0556,0.0002376
2839,7,7,0,8,85.5714,0.00020968
2840,80,54,33,8,80.4259,0.0030898
2841,5,5,0,10,12,1.056e-05
2842,52,52,0,104,12.0577,0.0001512
2843,44,26,24,8,80.1923,0.00138
2844,235,161,102,8,78.6522,0.00953452
2845,139,139,0,278,12.0576,0.0003488
2846,43,26,21,8,81.6154,0.0013622
2847,22,22,0,44,12.0455,5.84e-05
2848,22,22,0,8,79.3636,0.00110112
2849,12,12,0,24,12,2.512e-05
2850,86,64,31,8,72.4844,0.00367664
2851,31,24,7,8,83.2083,0.00125276
2852,52,52,0,104,12.0577,0.0001432
2853,16,16,0,32,12,3.664e-05
2854,22,12,10,6,80.9167,0.00058068
2855,41,27,15,8,69.1111,0.00143092
2856,39,39,0,8,67.8718,0.00215848
2857,21,21,0,42,12.0476,4.384e-05
2858,120,83,55,8,75.2892,0.00481772
2859,51,37,19,8,79.2162,0.0020164
2860,41,33,8,8,78.2727,0.00179016
2861,71,71,0,142,12.0704,0.00020288
2862,29,29,0,58,12.0345,7.072e-05
2863,39,19,30,8,65.7895,0.00092636
2864,26,26,0,52,12.0385,6.416e-05
2865,27,27,0,8,76.4074,0.0014332
2866,67,67,0,134,12.0597,0.00017344
2867,18,18,0,36,12.0556,4.56e-05
2868,22,21,1,8,77.6667,0.0010774
2869,15,15,0,30,12,3.136e-05
2870,25,25,0,8,80.4,0.00133468
2871,172,115,82,8,77.2261,0.00677536
2872,12,12,0,24,12,2.512e-05
2873,23,23,0,8,70.913,0.00118104
2874,14,14,0,28,12,2.928e-05
2875,109,109,0,218,12.0642,0.00029056
2876,13,12,1,8,81.25,0.00051528
2877,13,13,0,26,12,2.72e-05
2878,280,256,24,8,75.3086,0.01526
2879,8,8,0,16,12,1.68e-05
2880,54,47,8,10,73.3191,0.00258352
2881,44,35,15,8,65.0857,0.00190908
2882,233,233,0,466,12.0601,0.0005808
2883,34,34,0,68,12.0588,8.08e-05
2884,22,22,0,44,12.0455,4.784e-05
2885,66,55,13,8,80.2727,0.00309736
2886,9,9,0,8,77.6667,0.00031812
2887,37,37,0,74,12.0541,9.088e-05
2888,6,6,0,12,12,1.264e-05
2889,114,78,37,8,82.2692,0.00453508
2890,79,65,17,8,78.0769,0.003749
2891,44,24,34,8,81.0417,0.00126584
2892,69,69,0,138,12.058,0.00017888
2893,50,50,0,100,12.06,0.00012912
2894,22,22,0,44,12.0455,5.84e-05
2895,35,29,6,8,84.3793,0.00153592
2896,14,14,0,28,12,3.152e-05
2897,21,21,0,42,12.0476,5.056e-05
2898,39,39,0,8,77.2051,0.00215048
2899,21,21,0,42,12.0476,4.384e-05
2900,115,84,32,10,72.9643,0.00484368
2901,51,27,40,8,73.7778,0.00145464
2902,240,203,56,10,79.5616,0.0120504
2903,32,19,13,8,80,0.00096116
2904,95,70,25,8,78.9143,0.00402756
2905,72,40,37,8,78.75,0.00220232
2906,71,71,0,142,12.0563,0.00019296
2907,19,19,0,38,12.0526,4.128e-05
2908,175,175,0,350,12.0629,0.00045536
2909,13,13,0,26,12,2.816e-05
2910,59,59,0,118,12.0508,0.0001504
2911,37,37,0,74,12.0541,9.376e-05
2912,19,16,3,8,60.875,0.00075856
2913,12,12,0,8,63.1667,0.0005218
2914,10,10,0,20,12,2.096e-05
2915,7,7,0,14,12,1.472e-05
2916,36,33,3,8,80.6061,0.00181688
2917,21,21,0,42,12.0476,4.832e-05
2918,9,9,0,8,68.4444,0.00033036
2919,6,6,0,12,12,1.264e-05
2920,75,52,28,10,82.5962,0.00291352
2921,44,44,0,88,12.0682,0.00012336
2922,167,144,27,8,76.1042,0.00849872
2923,110,110,0,220,12.0545,0.00027696
2924,21,21,0,42,12.0476,5.28e-05
2925,8,8,0,8,78.75,0.00028856
2926,83,73,11,10,80.3151,0.00415728
2927,25,15,12,8,73.6,0.00071332
2928,5,5,0,10,12,1.056e-05
2929,63,63,0,126,12.0635,0.00016448
2930,13,13,0,26,12,3.04e-05
2931,94,80,16,10,70.45,0.00464192
2932,74,74,0,148,12.0541,0.00017744
2933,16,16,0,8,73.5625,0.00076576
2934,9,9,0,18,12,1.888e-05
2935,19,19,0,38,12.0526,4.16e-05
2936,22,22,0,44,12.0455,5.456e-05
2937,47,30,17,8,70.4667,0.00160032
2938,70,46,32,10,72.7826,0.00252064
2939,27,27,0,54,12.037,7.2e-05
2940,14,14,0,8,62.8571,0.000659
2941,42,42,0,84,12.0476,0.00010832
2942,8,8,0,16,12,1.68e-05
2943,72,53,23,8,70.717,0.00301408
2944,301,268,36,8,74.959,0.0160143
2945,41,41,0,82,12.0488,0.00010592
2946,200,200,0,400,12.06,0.00049648
2947,55,37,28,8,76.3243,0.00201692
2948,33,33,0,66,12.0303,7.648e-05
2949,22,22,0,8,77.8636,0.00111668
2950,12,12,0,24,12,2.512e-05
2951,40,30,10,8,84.2,0.00159096
2952,23,23,0,46,12.0435,5.344e-05
2953,46,39,10,10,80.2051,0.00208472
2954,15,13,2,8,84.1538,0.00055884
2955,304,247,71,8,74.2348,0.0147347
2956,28,28,0,56,12.0357,6.608e-05
2957,9,9,0,18,12,1.888e-05
2958,550,428,143,8,76.1192,0.0256821
2959,40,24,22,8,79.125,0.00122828
2960,189,189,0,378,12.0582,0.000472
2961,15,10,7,8,78.3,0.0004208
2962,8,8,0,8,77.25,0.00025668
2963,344,344,0,688,12.061,0.0008696
2964,58,35,33,8,77.3143,0.00193744
2965,22,22,0,44,12.0455,5.872e-05
2966,7,7,0,14,12,1.472e-05
2967,52,32,34,10,80.4375,0.00164576
2968,5,5,0,10,12,1.056e-05
2969,32,32,0,64,12.0625,8.4e-05
2970,29,29,0,58,12.0345,7.84e-05
2971,86,64,27,10,76.6719,0.0036292
2972,31,19,14,8,77.5263,0.0009196
2973,57,57,0,114,12.0702,0.0001648
2974,59,41,27,10,74.9756,0.00221072
2975,17,17,0,34,12.0588,4e-05
2976,38,38,0,76,12.0526,0.00010224
2977,46,34,16,8,75.0294,0.0018302
2978,67,49,22,8,73.3265,0.00276992
2979,43,27,29,8,80.3704,0.00142612
2980,28,28,0,56,12.0357,6.864e-05
2981,41,41,0,82,12.0488,0.00010464
2982,24,24,0,48,12.0417,6.32e-05
2983,119,108,12,8,80.75,0.00634092
2984,61,61,0,122,12.0492,0.00013376
2985,64,54,10,8,79.2037,0.00307208
2986,46,46,0,92,12.0435,0.00011536
2987,13,13,0,8,37,0.00060492
2988,65,56,9,10,65.6429,0.00311696
2989,35,33,2,8,69,0.0017814
2990,8,8,0,16,12,1.68e-05
2991,38,38,0,76,12.0526,9.04e-05
2992,19,19,0,38,12.0526,3.968e-05
2993,22,18,4,6,82.6667,0.00093136
2994,183,118,116,8,72.6017,0.00692096
2995,19,19,0,38,12.0526,3.968e-05
2996,107,107,0,214,12.0654,0.00028256
2997,9,9,0,8,66.3333,0.00031936
2998,12,12,0,8,73.1667,0.00054452
2999,6,6,0,12,12,1.264e-05
3000,76,56,21,6,68.0893,0.00325392
3001,7,7,0,14,12,1.472e-05
3002,29,21,8,8,76.3333,0.00108616
3003,66,41,41,8,69.6829,0.00225496
3004,157,95,96,8,72.0211,0.00552216
3005,58,58,0,116,12.0517,0.00014384
3006,42,21,28,8,71.5714,0.00106128
3007,13,13,0,26,12,2.816e-05
3008,33,33,0,66,12.0303,7.776e-05
3009,94,94,0,188,12.0638,0.00024528
3010,18,18,0,36,12.0556,4.272e-05
3011,88,62,31,8,74.629,0.00353504
3012,50,50,0,100,12.06,0.0001336
3013,108,88,27,10,77.7841,0.0051056
3014,80,80,0,160,12.0625,0.00022384
3015,109,86,28,8,79.1512,0.0050048
3016,25,20,5,8,80.75,0.00103116
3017,77,77,0,154,12.0649,0.00021728
3018,37,21,28,8,83.6667,0.00104148
3019,12,12,0,24,12,2.512e-05
3020,19,19,0,38,12.0526,4.448e-05
3021,90,65,34,8,73.0462,0.00371
3022,109,84,31,10,76.4048,0.00488232
3023,53,53,0,106,12.0566,0.00014432
3024,100,71,49,6,74.3803,0.00414268
3025,71,71,0,142,12.0563,0.0001776
3026,56,56,0,112,12.0536,0.00013104
3027,52,38,14,10,70.5263,0.00205416
3028,33,20,13,8,81.8,0.00101332
3029,141,111,40,10,76.4414,0.00647168
3030,35,29,6,8,78.5172,0.0015776
3031,82,60,31,10,76.0167,0.00341352
3032,36,21,29,8,68.8571,0.00103824
3033,97,97,0,194,12.0619,0.00026304
3034,18,18,0,36,12,3.952e-05
3035,54,54,0,108,12.0556,0.0001368
3036,19,19,0,38,12.0526,4.48e-05
3037,36,31,5,8,75.129,0.00164636
3038,190,134,69,10,77.0149,0.00786056
3039,19,19,0,38,12.0526,4.416e-05
3040,26,21,5,8,74.0476,0.0010504
3041,120,120,0,240,12.0583,0.0003176
3042,18,14,4,8,79,0.00062596
3043,12,12,0,24,12,2.608e-05
3044,9,9,0,18,12,1.888e-05
3045,10,10,0,8,73.1,0.0003806
3046,46,34,13,8,70.1765,0.00184208
3047,6,6,0,12,12,1.264e-05
3048,28,28,0,56,12.0357,6.704e-05
3049,26,25,1,8,58.88,0.001299
3050,211,196,19,8,77.5561,0.0116724
3051,45,26,28,6,81.9615,0.00141816
3052,14,14,0,28,12,2.928e-05
3053,20,11,9,6,71.4545,0.00051844
3054,152,152,0,304,12.0592,0.00037712
3055,33,33,0,66,12.0606,8.48e-05
3056,17,17,0,34,12.0588,3.68e-05
3057,67,60,7,8,83.8333,0.0034408
3058,755,625,152,8,74.6368,0.0375897
3059,46,46,0,92,12.0435,0.00011152
3060,482,482,0,964,12.0602,0.00119952
3061,13,13,0,8,69.3846,0.00057468
3062,8,8,0,16,12,1.68e-05
3063,31,24,7,8,81.5,0.00122756
3064,85,62,38,8,71.1613,0.00351676
3065,96,74,24,8,73.1351,0.0042758
3066,17,17,0,34,12,4e-05
3067,12,8,4,8,65.5,0.000289
3068,47,47,0,94,12.0638,0.0001232
3069,70,70,0,140,12.0571,0.00017968
3070,6,6,0,12,12,1.392e-05
3071,64,44,37,8,73.5455,0.00247724
3072,78,46,50,8,72.6304,0.0025622
3073,41,41,0,82,12.0488,0.00010688
3074,30,30,0,60,12.0333,6.64e-05
3075,27,27,0,8,79.2963,0.00141524
3076,15,15,0,30,12,3.136e-05
3077,141,108,37,10,76.5,0.006276
3078,65,45,21,10,79.2667,0.00249904
3079,94,94,0,188,12.0638,0.00026544
3080,40,40,0,80,12.05,0.00011312
3081,81,60,33,8,72.6667,0.00345316
3082,22,14,15,8,71.3571,0.0006448
3083,43,43,0,86,12.0465,0.00010624
3084,97,74,23,10,75.3784,0.00429592
3085,11,11,0,22,12,2.464e-05
3086,65,65,0,130,12.0615,0.00018208
3087,89,70,21,8,71.5,0.00402772
3088,17,17,0,8,73.7647,0.00082064
3089,50,50,0,100,12.04,0.00011888
3090,10,10,0,20,12,2.096e-05
3091,43,23,34,8,70.7391,0.00116356
3092,35,33,2,10,80.8182,0.00174216
3093,20,20,0,40,12.05,4.624e-05
3094,16,14,3,8,86.4286,0.000618
3095,157,103,76,8,68.9515,0.00600976
3096,22,22,0,44,12.0455,5.04e-05
3097,7,7,0,8,80.7143,0.00023076
3098,8,8,0,16,12,1.712e-05
3099,90,90,0,180,12.0556,0.00022224
3100,5,5,0,10,12,1.056e-05
3101,34,34,0,68,12.0588,8.464e-05
3102,13,13,0,26,12,2.72e-05
3103,23,23,0,8,73.5652,0.00118792
3104,13,13,0,26,12,2.72e-05
3105,16,16,0,8,56.375,0.00079048
3106,63,61,2,10,71.6721,0.0035032
3107,9,9,0,18,12,1.888e-05
3108,33,19,15,8,79.2105,0.00094496
3109,85,60,26,8,78.65,0.00343236
3110,50,50,0,100,12.04,0.00011664
3111,17,17,0,34,12.0588,3.936e-05
3112,56,56,0,112,12.0536,0.00014576
3113,17,17,0,8,63.8235,0.00082792
3114,10,10,0,20,12,2.096e-05
3115,14,14,0,8,69.8571,0.00061992
3116,8,8,0,16,12,1.68e-05
3117,142,120,23,8,76.7917,0.00704172
3118,136,104,48,8,76.2788,0.00606612
3119,92,92,0,184,12.0652,0.00024624
3120,76,76,0,152,12.0526,0.00018064
3121,23,17,6,8,77.3529,0.00080696
3122,36,22,14,8,79.5455,0.00109996
3123,11,11,0,22,12,2.4e-05
3124,197,175,26,8,77.7314,0.0103847
3125,16,16,0,32,12,3.6e-05
3126,25,24,1,8,48.9167,0.00122784
3127,125,125,0,250,12.056,0.00030656
3128,59,41,23,10,84.1707,0.00225536
3129,35,35,0,70,12.0571,9.28e-05
3130,108,84,24,8,78.3214,0.00486496
3131,147,119,45,8,69.1765,0.006976
3132,32,19,20,8,75.7368,0.00096368
3133,78,78,0,156,12.0641,0.00021968
3134,94,94,0,188,12.0532,0.00023408
3135,269,245,36,8,74.1673,0.0146088
3136,16,16,0,32,12,3.824e-05
3137,26,24,2,8,77.9167,0.0012434
3138,13,13,0,26,12,2.784e-05
3139,16,16,0,8,73.625,0.00077492
3140,72,55,17,8,79.7818,0.00313736
3141,9,9,0,18,12,1.888e-05
3142,46,30,16,8,80.8333,0.00162408
3143,45,45,0,90,12.0444,0.0001184
3144,26,26,0,52,12.0385,6.736e-05
3145,124,94,36,6,77.9362,0.0055098
3146,39,25,14,8,67.56,0.001324
3147,85,85,0,170,12.0588,0.00023072
3148,20,20,0,40,12.05,4.912e-05
3149,30,29,2,8,74.6897,0.00156104
3150,53,39,21,10,79.3846,0.00208952
3151,15,15,0,30,12,3.168e-05
3152,35,35,0,70,12.0571,8.128e-05
3153,32,26,6,8,81.1538,0.00135612
3154,17,17,0,34,12,3.776e-05
3155,26,24,2,8,77.8333,0.0012326
3156,65,45,25,10,74.8444,0.00243224
3157,51,35,16,8,66.9143,0.00192352
3158,13,13,0,26,12,2.784e-05
3159,42,42,0,84,12.0476,0.00011312
3160,29,29,0,58,12.0345,7.968e-05
3161,171,117,77,8,70.4017,0.00685164
3162,13,13,0,8,37.3846,0.00055432
3163,107,107,0,214,12.0561,0.00027552
3164,9,9,0,8,63,0.0003306
3165,8,8,0,16,12,1.68e-05
3166,6,6,0,12,12,1.264e-05
3167,40,32,8,8,72.5,0.00175588
3168,23,23,0,46,12.0435,5.536e-05
3169,69,56,13,8,72.5357,0.00316052
3170,44,44,0,88,12.0455,0.00011824
3171,61,56,8,10,74.6071,0.00319576
3172,47,47,0,94,12.0426,0.0001056
3173,24,24,0,8,67.3333,0.00125972
3174,13,13,0,26,12,2.72e-05
3175,215,199,22,10,71.0503,0.0118475
3176,151,151,0,302,12.0596,0.00037888
3177,55,48,7,10,77.8542,0.002622
3178,35,20,20,8,71.1,0.00100744
3179,38,38,0,76,12.0526,9.008e-05
3180,13,13,0,26,12,2.816e-05
3181,31,17,22,8,72.8235,0.00079524
3182,95,69,44,10,77.9275,0.0038988
3183,10,10,0,20,12,2.096e-05
3184,49,49,0,98,12.0408,0.00012
3185,13,13,0,26,12,2.72e-05
3186,129,103,30,10,64.5631,0.00594224
3187,85,85,0,170,12.0588,0.00022464
3188,44,42,2,8,77.0952,0.00231484
3189,23,23,0,46,12.0435,4.896e-05
3190,61,44,20,6,68.4091,0.0025126
3191,69,60,15,8,61.0833,0.00343064
3192,40,40,0,80,12.05,9.776e-05
3193,47,47,0,94,12.0426,0.00010688
3194,147,147,0,294,12.0544,0.00033504
3195,74,74,0,8,68.0676,0.00426432
3196,38,38,0,76,12.0526,7.92e-05
3197,83,81,2,8,81.1605,0.00468236
3198,70,70,0,140,12.0571,0.00016464
3199,158,141,19,8,74.078,0.00831164
3200,104,104,0,208,12.0577,0.00024944
3201,51,34,18,8,74.8824,0.0018374
3202,47,29,26,10,61.8966,0.00153008
3203,26,26,0,52,12.0385,6.608e-05
3204,28,28,0,56,12.0357,7.056e-05
3205,45,45,0,8,65.6222,0.00249972
3206,24,24,0,48,12.0417,5.008e-05
3207,145,135,12,10,73.3481,0.00798832
3208,102,102,0,204,12.0588,0.00025072
3209,234,220,14,10,74.8727,0.0130235
3210,104,78,43,8,82.2051,0.00451708
3211,146,146,0,292,12.0548,0.00032976
3212,67,67,0,134,12.0597,0.00016096
3213,64,56,8,10,81.9286,0.0031592
3214,237,200,56,8,76.505,0.0119052
3215,48,48,0,96,12.0417,0.00010928
3216,140,140,0,280,12.0571,0.00033328
3217,15,15,0,8,79.2,0.00069016
3218,9,9,0,18,12,1.888e-05
3219,11,11,0,8,53.5455,0.00043688
3220,7,7,0,14,12,1.472e-05
3221,62,50,12,8,71.72,0.00280704
3222,115,97,25,8,81.4536,0.00568144
3223,47,32,23,8,82.0312,0.00172156
3224,38,38,0,76,12.0526,9.936e-05
3225,70,70,0,140,12.0571,0.00016432
3226,27,27,0,54,12.037,6.72e-05
3227,64,42,24,10,79.8571,0.00226792
3228,52,35,21,8,82.5143,0.00192844
3229,33,33,0,66,12.0606,8.032e-05
3230,44,30,25,8,83.4333,0.00160092
3231,30,30,0,60,12.0333,8.048e-05
3232,26,26,0,52,12.0385,6.352e-05
3233,155,140,16,10,77.1857,0.0082592
3234,117,81,41,8,75.8395,0.00466872
3235,23,16,7,8,77.375,0.00077684
3236,100,100,0,200,12.06,0.00024272
3237,12,12,0,24,12,2.8e-05
3238,110,94,22,8,78.883,0.00549688
3239,49,33,23,8,80.6061,0.00176972
3240,49,26,41,6,72.0769,0.001418
3241,72,72,0,144,12.0556,0.00018448
3242,29,29,0,58,12.0345,7.456e-05
3243,18,18,0,36,12.0556,3.92e-05
3244,109,94,15,10,76.7553,0.00545712
3245,72,72,0,144,12.0556,0.00018416
3246,72,63,10,8,79.2063,0.00362592
3247,42,21,36,6,75.4286,0.00112236
3248,51,51,0,102,12.0588,0.00012288
3249,14,14,0,28,12,3.024e-05
3250,13,13,0,8,67.1538,0.00055912
3251,17,17,0,8,74.5882,0.00084388
3252,22,16,6,8,82.4375,0.00076868
3253,8,8,0,16,12,1.68e-05
3254,12,11,1,8,85.3636,0.00044888
3255,10,10,0,20,12,2.096e-05
3256,10,10,0,8,69.2,0.00039228
3257,10,10,0,20,12,2.096e-05
3258,7,7,0,14,12,1.472e-05
3259,6,6,0,12,12,1.264e-05
3260,31,31,0,8,63.8387,0.00164292
3261,17,17,0,34,12.0588,3.552e-05
3262,67,49,23,8,71.449,0.00273592
3263,13,13,0,8,76.6923,0.00056872
3264,54,43,11,8,78.2791,0.00242
3265,37,37,0,74,12.0541,9.024e-05
3266,8,8,0,16,12,1.68e-05
3267,145,112,36,8,79.5714,0.006561
3268,34,34,0,68,12.0588,9.04e-05
3269,164,147,18,8,78.7891,0.0086822
3270,53,35,30,8,80.6,0.00194104
3271,101,101,0,202,12.0693,0.00029184
3272,114,114,0,228,12.0614,0.00028496
3273,30,30,0,60,12.0333,7.856e-05
3274,6,6,0,8,77.5,0.00014816
3275,23,23,0,8,79.3478,0.00119896
3276,4,4,0,8,12,8.48e-06
3277,13,13,0,26,12,2.72e-05
3278,146,117,41,10,79.0171,0.0068484
3279,205,174,37,8,78.3506,0.0104035
3280,105,105,0,210,12.0667,0.00028672
3281,131,131,0,262,12.0534,0.00031872
3282,53,41,12,8,83.8049,0.00228292
3283,29,29,0,58,12.0345,7.104e-05
3284,49,39,10,8,82.641,0.00217672
3285,14,10,4,8,80.6,0.000386
3286,32,32,0,64,12.0625,7.792e-05
3287,11,11,0,8,77.9091,0.00048132
3288,7,7,0,14,12,1.472e-05
3289,7,7,0,14,12,1.472e-05
3290,12,12,0,8,84.25,0.00054292
3291,7,7,0,14,12,1.472e-05
3292,49,34,16,8,83.9706,0.00183844
3293,28,28,0,56,12.0357,7.696e-05
3294,35,29,6,10,81.6207,0.0015024
3295,21,21,0,42,12.0476,4.832e-05
3296,127,116,11,8,77.9138,0.00682976
3297,10,10,0,8,76.7,0.00041232
3298,153,121,33,8,77.9835,0.00712892
3299,80,80,0,160,12.0625,0.00020112
3300,100,100,0,200,12.06,0.00025936
3301,6,6,0,12,12,1.264e-05
3302,83,83,0,166,12.0602,0.00020576
3303,46,31,18,8,79.3226,0.00165428
3304,11,7,4,8,77.4286,0.00019512
3305,27,27,0,54,12.037,7.552e-05
3306,5,5,0,10,12,1.056e-05
3307,11,11,0,8,76.1818,0.00048772
3308,75,60,15,8,77.4333,0.00341708
3309,7,7,0,14,12,1.472e-05
3310,159,127,44,10,80.6457,0.00743432
3311,47,47,0,94,12.0426,0.0001184
3312,99,99,0,198,12.0505,0.00024064
3313,9,9,0,8,73.7778,0.00031584
3314,80,73,7,8,77.3562,0.0041898
3315,10,9,1,8,84.2222,0.0003616
3316,6,6,0,12,12,1.264e-05
3317,60,60,0,120,12.05,0.00013584
3318,42,30,13,8,78.3,0.0016296
3319,6,6,0,12,12,1.264e-05
3320,23,23,0,46,12.0435,6.08e-05
3321,70,65,5,10,76.6308,0.00366368
3322,28,21,7,8,83.5714,0.0010404
3323,104,83,35,10,74.1205,0.0047576
3324,121,97,39,8,73.5361,0.00564896
3325,56,56,0,112,12.0536,0.00012592
3326,15,15,0,30,12,3.424e-05
3327,79,79,0,158,12.0506,0.00019808
3328,200,170,36,8,71.5294,0.0100646
3329,33,22,13,8,82.5455,0.00114624
3330,124,124,0,248,12.0565,0.00032112
3331,15,15,0,30,12,3.296e-05
3332,32,32,0,8,61.2188,0.0017196
3333,17,17,0,34,12,3.552e-05
3334,202,169,40,8,76.8698,0.0100327
3335,79,52,31,10,78.4423,0.00291216
3336,157,157,0,314,12.0701,0.0004512
3337,60,39,29,8,76.7692,0.00215976
3338,46,46,0,92,12.0652,0.00013168
3339,86,54,55,10,80.2037,0.00297936
3340,51,29,30,8,74.8966,0.00154836
3341,37,37,0,74,12.0541,9.696e-05
3342,51,51,0,102,12.0588,0.00013728
3343,24,24,0,48,12.0417,5.52e-05
3344,45,34,11,6,75.5882,0.00191512
3345,137,90,68,8,76.5111,0.00521008
3346,32,32,0,64,12.0312,7.792e-05
3347,76,76,0,152,12.0526,0.00018928
3348,191,160,38,10,80.0375,0.0094684
3349,19,16,3,8,82.5,0.00073636
3350,128,128,0,256,12.0625,0.00034288
3351,50,32,30,10,80.5625,0.00172456
3352,72,52,35,8,74.4423,0.00296844
3353,10,10,0,20,12,2.192e-05
3354,29,29,0,58,12.0345,7.904e-05
3355,27,27,0,54,12.037,5.632e-05
3356,38,34,8,8,78.6176,0.00186912
3357,34,20,17,8,80.9,0.0010082
3358,22,22,0,44,12.0455,5.104e-05
3359,85,52,48,8,78.9808,0.00296204
3360,175,159,16,8,80.5031,0.00941004
3361,12,12,0,24,12,2.576e-05
3362,27,18,9,8,84.3889,0.00088836
3363,44,44,0,88,12.0455,0.00011152
3364,136,136,0,272,12.0588,0.00036048
3365,12,12,0,24,12,2.576e-05
3366,52,37,17,8,79.5135,0.0020458
3367,63,39,28,8,77.1795,0.00216196
3368,27,27,0,54,12.037,6.304e-05
3369,115,100,15,10,74.08,0.005788
3370,37,37,0,74,12.0541,8.992e-05
3371,93,93,0,186,12.0645,0.00026688
3372,102,81,31,8,73.7901,0.00470952
3373,34,18,24,8,73.4444,0.0008814
3374,66,66,0,132,12.0606,0.0001608
3375,16,16,0,32,12,3.92e-05
3376,21,14,8,8,80.2143,0.00063504
3377,10,10,0,20,12,2.192e-05
3378,79,67,12,10,76.3881,0.00376432
3379,50,50,0,100,12.06,0.00012848
3380,90,51,56,8,73.4902,0.002908
3381,47,47,0,94,12.0426,0.00011488
3382,67,55,12,8,74.3636,0.00314636
3383,137,96,60,8,69.3542,0.00557852
3384,39,39,0,78,12.0513,9.856e-05
3385,287,246,42,8,69.7033,0.0146578
3386,92,92,0,184,12.0543,0.00023984
3387,177,177,0,354,12.0565,0.00041696
3388,64,64,0,128,12.0469,0.00015664
3389,26,25,1,8,79.28,0.0012814
3390,29,17,17,8,60.2353,0.00081392
3391,14,14,0,28,12,2.992e-05
3392,12,12,0,24,12,2.608e-05
3393,105,87,19,8,75.0575,0.00503836
3394,55,32,31,8,72.125,0.00174408
3395,66,66,0,132,12.0606,0.00016656
3396,30,30,0,60,12.0333,7.44e-05
3397,18,18,0,8,67.8889,0.00089332
3398,10,10,0,20,12,2.096e-05
3399,58,37,21,8,78.5676,0.00201756
3400,197,177,21,10,68.3333,0.0104242
3401,188,152,39,10,72.6711,0.00895664
3402,31,31,0,62,12.0645,8.416e-05
3403,141,141,0,282,12.0567,0.00035072
3404,137,137,0,274,12.0584,0.00033536
3405,30,22,8,8,80.2727,0.0011518
3406,14,14,0,28,12,3.024e-05
3407,123,112,11,8,80.3214,0.00655592
3408,77,77,0,154,12.0519,0.00019488
3409,224,194,41,8,72.5,0.0115235
3410,24,17,7,8,78.1765,0.00084704
3411,65,47,30,8,51.1915,0.00261556
3412,58,34,37,8,68.1765,0.00184968
3413,138,138,0,276,12.058,0.0003208
3414,10,10,0,20,12,2.096e-05
3415,36,36,0,72,12.0556,8.784e-05
3416,31,31,0,62,12.0323,7.424e-05
3417,19,19,0,8,79.2105,0.00092016
3418,11,11,0,22,12,2.304e-05
3419,67,53,17,8,77.6792,0.00301268
3420,39,39,0,78,12.0513,0.00010176
3421,86,57,30,8,77.0877,0.003261
3422,51,51,0,102,12.0588,0.00013728
3423,59,44,20,10,75.5,0.00244328
3424,31,21,11,8,74.0476,0.00104436
3425,38,38,0,76,12.0526,0.00010256
3426,40,26,21,8,75.8462,0.00136928
3427,13,13,0,26,12,2.784e-05
3428,21,21,0,42,12.0476,4.896e-05
3429,8,8,0,8,67.625,0.000295
3430,5,5,0,10,12,1.056e-05
3431,13,13,0,8,54.0769,0.0005824
3432,8,8,0,16,12,1.68e-05
3433,72,55,17,8,79.1091,0.0031066
3434,175,142,43,8,71.0634,0.00838888
3435,40,22,23,8,77.7273,0.00112748
3436,46,46,0,92,12.0652,0.00012624
3437,120,120,0,240,12.0583,0.0002968
3438,14,14,0,28,12,2.992e-05
3439,78,78,0,8,78.859,0.00452988
3440,40,40,0,80,12.05,8.336e-05
3441,39,35,7,8,69.1429,0.0019354
3442,95,74,26,10,64.0135,0.00428544
3443,21,21,0,42,12.0476,4.704e-05
3444,60,60,0,120,12.05,0.0001544
3445,42,30,12,8,65.9,0.0015902
3446,25,25,0,50,12.04,6.24e-05
3447,39,39,0,8,72.4615,0.0021676
3448,8,8,0,8,72.75,0.00028376
3449,20,20,0,8,70.45,0.00103212
3450,21,21,0,42,12.0476,4.384e-05
3451,5,5,0,10,12,1.056e-05
3452,11,11,0,22,12,2.304e-05
3453,115,92,23,8,77.25,0.00538856
3454,19,19,0,8,65.4211,0.00094348
3455,41,31,10,8,67.7097,0.00165528
3456,72,72,0,144,12.0556,0.00018576
3457,11,11,0,22,12,2.304e-05
3458,79,59,30,10,74.7458,0.00333472
3459,25,25,0,50,12.04,6.208e-05
3460,57,57,0,114,12.0526,0.00014624
3461,63,44,19,8,81.6136,0.00246164
3462,45,26,20,8,68.3077,0.00138764
3463,34,34,0,68,12.0588,8.4e-05
3464,23,23,0,46,12.0435,5.92e-05
3465,141,129,15,10,75.0465,0.00761136
3466,98,98,0,196,12.0612,0.0002456
3467,51,39,12,8,82.5128,0.00217204
3468,33,33,0,66,12.0606,9.152e-05
3469,123,105,21,8,75.3143,0.00615016
3470,85,60,36,8,79.5667,0.00342384
3471,86,86,0,172,12.0581,0.0002168
3472,162,140,26,10,78.9929,0.0082708
3473,59,59,0,118,12.0508,0.00015392
3474,129,129,0,258,12.062,0.00034688
3475,83,64,20,10,76.6562,0.003596
3476,145,112,53,8,77.9821,0.00658384
3477,54,36,29,8,67.9722,0.00199768
3478,54,54,0,108,12.0556,0.0001448
3479,53,36,34,8,73.8333,0.00194676
3480,109,109,0,218,12.055,0.00027424
3481,31,31,0,62,12.0323,7.68e-05
3482,31,31,0,62,12.0645,7.872e-05
3483,85,77,9,8,74.6234,0.0044814
3484,27,15,18,8,82.9333,0.00069448
3485,58,58,0,116,12.0517,0.00014256
3486,12,12,0,24,12,2.64e-05
3487,85,85,0,8,72.3059,0.00492556
3488,49,29,27,8,66.5172,0.00157284
3489,44,44,0,88,12.0455,9.168e-05
3490,27,27,0,54,12.037,7.136e-05
3491,36,24,13,8,78.8333,0.00125
3492,19,19,0,38,12.0526,4.576e-05
3493,14,14,0,8,71.7143,0.0006344
3494,48,36,12,8,78.75,0.00199692
3495,125,98,44,8,76.3469,0.0057356
3496,158,121,37,8,79.7438,0.00710512
3497,8,8,0,16,12,1.68e-05
3498,29,15,22,8,56.9333,0.00071216
3499,30,30,0,60,12.0667,8.112e-05
3500,70,70,0,140,12.0571,0.00016432
3501,94,94,0,188,12.0532,0.00023568
3502,97,65,45,8,73.8923,0.00374432
3503,12,12,0,24,12,2.672e-05
3504,60,60,0,120,12.05,0.00015792
3505,24,19,5,8,84.3158,0.00095652
3506,176,165,11,10,76.2061,0.00973008
3507,135,96,66,8,53.6875,0.00560108
3508,106,106,0,212,12.0566,0.0002408
3509,62,50,12,10,88.34,0.00279944
3510,73,73,0,146,12.0548,0.00018368
3511,43,26,31,8,76.7308,0.00134436
3512,43,43,0,86,12.0465,0.00011264
3513,24,24,0,48,12.0417,6.384e-05
3514,15,14,1,8,85.8571,0.00062384
3515,9,9,0,18,12,1.888e-05
3516,29,27,2,8,81.963,0.00142416
3517,16,16,0,32,12,3.504e-05
3518,69,49,30,8,64.0816,0.0027422
3519,36,36,0,72,12.0556,8.816e-05
3520,51,23,28,8,79.6957,0.00117228
3521,70,54,16,8,79.0185,0.00306804
3522,21,21,0,42,12.0476,4.992e-05
3523,87,58,34,10,77.569,0.00327464
3524,45,45,0,90,12.0667,0.00012192
3525,48,48,0,96,12.0625,0.00013232
3526,24,23,1,6,74.3043,0.00123628
3527,81,68,13,10,68.7206,0.00392784
3528,20,20,0,40,12.05,4.176e-05
3529,61,61,0,122,12.0656,0.00016544
3530,43,36,10,8,69.4167,0.00197512
3531,25,18,7,8,80.8333,0.00090388
3532,70,52,35,8,53.0577,0.0029496
3533,287,241,66,8,70.6058,0.0143506
3534,24,24,0,48,12.0417,5.456e-05
3535,33,19,17,8,66.4211,0.00093572
3536,11,11,0,22,12,2.304e-05
3537,40,40,0,80,12.05,9.776e-05
3538,6,6,0,8,58.6667,0.00018424
3539,193,193,0,386,12.057,0.000472
3540,13,13,0,26,12,2.816e-05
3541,4,4,0,8,12,8.48e-06
3542,24,24,0,8,48.25,0.00123448
3543,13,13,0,26,12,2.72e-05
3544,30,16,22,8,76.375,0.00074984
3545,12,12,0,24,12,2.672e-05
3546,90,63,42,10,75.9841,0.003548
3547,62,44,30,6,71.0455,0.00248608
3548,12,8,4,8,81.25,0.0002704
3549,53,53,0,106,12.0566,0.00013408
3550,40,40,0,80,12.05,0.00010896
3551,7,7,0,14,12,1.536e-05
3552,32,32,0,8,61.8125,0.00171588
3553,17,17,0,34,12,3.552e-05
3554,530,430,139,10,74.3884,0.025778
3555,355,355,0,710,12.062,0.00088448
3556,29,18,11,8,79.7222,0.00088916
3557,13,13,0,26,12,2.816e-05
3558,14,14,0,28,12,3.216e-05
3559,45,41,4,8,75.3902,0.00228788
3560,323,294,35,6,73.466,0.0176053
3561,24,24,0,48,12.0417,5.264e-05
3562,243,243,0,486,12.0617,0.00062048
3563,119,81,46,8,77.037,0.00470084
3564,100,68,32,8,77.3824,0.00387932
3565,66,66,0,132,12.0606,0.00018448
3566,61,61,0,122,12.0656,0.00016864
3567,142,98,70,10,75.0306,0.00574024
3568,94,94,0,188,12.0532,0.0002344
3569,100,87,13,8,71.8621,0.00508408
3570,16,13,3,8,80.2308,0.00060212
3571,66,42,24,8,73.5714,0.0023606
3572,54,28,26,8,78.9643,0.001466
3573,104,72,49,8,82.4306,0.0041274
3574,73,73,0,146,12.0548,0.00017888
3575,9,9,0,18,12,1.888e-05
3576,37,37,0,74,12.0541,9.536e-05
3577,26,26,0,52,12.0385,6.608e-05
3578,64,50,18,8,74,0.00282016
3579,56,56,0,112,12.0536,0.00013264
3580,38,38,0,76,12.0526,9.904e-05
3581,20,18,2,8,83.8889,0.0009024
3582,68,48,26,8,70.5833,0.00271988
3583,10,10,0,20,12,2.128e-05
3584,37,37,0,74,12.0541,8.672e-05
3585,27,27,0,8,70.1111,0.00140748
3586,15,15,0,30,12,3.136e-05
3587,25,25,0,8,63.12,0.00133408
3588,14,14,0,28,12,2.928e-05
3589,12,12,0,8,40.9167,0.00053132
3590,7,7,0,14,12,1.472e-05
3591,71,55,28,8,69.3273,0.0031138
3592,45,24,36,8,82.0417,0.00122296
3593,40,40,0,80,12.05,9.744e-05
3594,15,15,0,30,12,3.2e-05
3595,82,63,25,8,79.1905,0.0035796
3596,171,148,36,8,53.8581,0.0087254
3597,51,51,0,102,12.0588,0.00013984
3598,87,87,0,174,12.046,0.00019296
3599,35,25,10,8,66.92,0.001308
3600,125,101,40,8,69.0297,0.00591852
3601,34,24,12,8,64.75,0.00122204
3602,18,18,0,36,12.0556,4.304e-05
3603,84,84,0,168,12.0595,0.00021008
3604,18,18,0,36,12.0556,4.4e-05
3605,62,57,5,8,70.386,0.00322644
3606,36,33,3,10,77.2424,0.00179376
3607,32,32,0,64,12.0312,6.768e-05
3608,23,23,0,46,12.0435,5.12e-05
3609,71,65,6,10,69.9846,0.00370104
3610,55,55,0,110,12.0545,0.00012384
3611,10,10,0,8,58.1,0.00040336
3612,46,36,14,8,71.9444,0.00199716
3613,6,6,0,12,12,1.264e-05
3614,24,24,0,48,12.0417,5.584e-05
3615,44,22,33,8,66.7727,0.0011304
3616,26,22,4,8,75.0909,0.00115288
3617,18,18,0,36,12.0556,4.336e-05
3618,14,14,0,28,12,2.928e-05
3619,108,80,40,10,72.975,0.00455976
3620,27,16,16,8,82.0625,0.0007402
3621,66,66,0,132,12.0606,0.00017776
3622,43,27,22,8,62.2222,0.00141516
3623,11,11,0,22,12,2.4e-05
3624,19,19,0,8,71.8947,0.0009428
3625,24,24,0,48,12.0417,6.512e-05
3626,11,11,0,22,12,2.304e-05
3627,30,30,0,8,39.5333,0.00159688
3628,10,10,0,8,44.8,0.00041004
3629,16,16,0,32,12,3.344e-05
3630,6,6,0,12,12,1.264e-05
3631,9,9,0,8,57.6667,0.0003578
3632,6,6,0,12,12,1.264e-05
3633,92,78,16,8,80.6154,0.0044896
3634,54,54,0,108,12.0556,0.0001368
3635,32,24,8,8,70.25,0.00125476
3636,105,77,35,10,78.987,0.0044532
3637,51,44,7,10,78.0455,0.00239832
3638,17,17,0,34,12,3.904e-05
3639,65,65,0,130,12.0615,0.00016544
3640,36,36,0,72,12.0556,8.72e-05
3641,81,64,31,10,78.9531,0.00363296
3642,59,59,0,118,12.0678,0.00016736
3643,57,36,37,6,33.8889,0.00205488
3644,20,20,0,40,12.05,4.176e-05
3645,58,58,0,8,70.6552,0.00332044
3646,30,30,0,60,12.0333,6.256e-05
3647,75,70,5,10,67.7143,0.00396904
3648,62,62,0,124,12.0484,0.00014
3649,39,39,0,8,76.1282,0.0021258
3650,15,15,0,8,75,0.0007104
3651,21,21,0,42,12.0476,4.384e-05
3652,40,40,0,8,70.6,0.00224016
3653,9,9,0,18,12,1.888e-05
3654,22,20,2,8,81,0.00102464
3655,20,19,1,8,82.7895,0.00092324
3656,21,21,0,42,12.0476,4.384e-05
3657,12,12,0,24,12,2.512e-05
3658,10,10,0,20,12,2.128e-05
3659,21,21,0,8,32.7619,0.0010456
3660,12,12,0,24,12,2.512e-05
3661,14,14,0,8,38.5,0.00061884
3662,8,8,0,16,12,1.68e-05
3663,17,17,0,8,56.4706,0.00082364
3664,10,10,0,20,12,2.096e-05
3665,87,80,7,10,82.925,0.0046392
3666,65,65,0,130,12.0615,0.0001648
3667,56,48,8,10,83.3125,0.00271488
3668,38,38,0,76,12.0526,9.616e-05
3669,277,248,32,10,77.3831,0.0147886
3670,204,204,0,408,12.0588,0.00050384
3671,59,42,17,10,81.5952,0.00231408
3672,35,35,0,70,12.0571,9.184e-05
3673,20,20,0,8,81.2,0.0010192
3674,23,14,13,8,86.1429,0.00066856
3675,38,25,14,8,83.04,0.00132772
3676,11,11,0,22,12,2.304e-05
3677,16,16,0,8,71.0625,0.00078372
3678,11,11,0,22,12,2.368e-05
3679,20,20,0,40,12.05,4.944e-05
3680,9,9,0,18,12,1.888e-05
3681,61,50,13,8,79.6,0.0028266
3682,35,35,0,70,12.0571,8.8e-05
3683,66,47,21,10,83.6596,0.00264656
3684,8,8,0,8,78.375,0.00026316
3685,52,35,32,10,81.4857,0.0019308
3686,43,43,0,86,12.0465,0.00011232
3687,43,36,7,10,82.3056,0.00194232
3688,5,5,0,10,12,1.056e-05
3689,31,31,0,62,12.0323,7.808e-05
3690,27,27,0,54,12.037,6.4e-05
3691,43,31,12,8,79.6129,0.00166564
3692,102,77,38,10,77.8961,0.0044256
3693,26,26,0,52,12.0385,6.512e-05
3694,80,79,1,10,78.3797,0.00457112
3695,70,70,0,140,12.0571,0.00017648
3696,68,68,0,136,12.0441,0.00015152
3697,17,17,0,8,75.8235,0.00083088
3698,42,30,12,8,79.5333,0.00158444
3699,18,11,12,8,78,0.00046116
3700,97,76,21,8,74.3289,0.00441428
3701,10,10,0,20,12,2.096e-05
3702,81,70,13,8,74.8429,0.004057
3703,24,24,0,48,12.0417,6e-05
3704,9,9,0,18,12,2.016e-05
3705,73,73,0,146,12.0548,0.00019904
3706,59,59,0,118,12.0508,0.0001376
3707,94,75,19,8,76.6533,0.00434008
3708,56,56,0,112,12.0536,0.0001384
3709,118,100,21,8,77.25,0.0058262
3710,40,27,16,8,68.8148,0.00143416
3711,96,96,0,192,12.0625,0.00025744
3712,22,22,0,44,12.0455,5.264e-05
3713,19,19,0,8,61.6842,0.00096348
3714,35,30,5,8,78,0.00158932
3715,11,11,0,22,12,2.304e-05
3716,21,21,0,42,12.0476,4.736e-05
3717,40,32,8,8,83,0.00174048
3718,25,25,0,50,12.04,6.112e-05
3719,117,110,7,10,77.9909,0.00638096
3720,86,86,0,172,12.0581,0.00021552
3721,14,14,0,8,75.9286,0.00062644
3722,166,142,26,10,78.3451,0.00834208
3723,8,8,0,16,12,1.68e-05
3724,64,45,26,8,77.0889,0.00249192
3725,125,125,0,250,12.064,0.00036096
3726,103,68,50,10,75.7647,0.00391064
3727,33,33,0,66,12.0606,8.32e-05
3728,48,25,37,8,76.56,0.00128152
3729,104,87,20,10,79.2069,0.00500872
3730,92,54,53,8,77.2222,0.00308344
3731,62,62,0,124,12.0484,0.00016016
3732,23,23,0,46,12.0435,6.272e-05
3733,74,74,0,148,12.0541,0.00017616
3734,49,49,0,98,12.0612,0.00012672
3735,104,84,23,10,81.7381,0.00480872
3736,75,75,0,150,12.0667,0.00020768
3737,41,20,32,8,79.55,0.00099004
3738,19,17,2,8,78.8235,0.00081784
3739,14,14,0,28,12,3.216e-05
3740,81,66,15,8,68.1212,0.00376504
3741,46,29,29,10,71,0.00150856
3742,11,11,0,22,12,2.304e-05
3743,47,47,0,94,12.0426,0.00011392
3744,28,28,0,56,12.0357,7.248e-05
3745,7,7,0,8,66.5714,0.00022152
3746,32,25,7,8,78.76,0.00133
3747,142,116,31,8,72.3017,0.00680152
3748,5,5,0,10,12,1.056e-05
3749,87,67,28,8,65.1791,0.00383384
3750,16,16,0,32,12,3.472e-05
3751,84,84,0,168,12.0595,0.00021232
3752,54,54,0,108,12.0556,0.00013104
3753,29,29,0,8,65.7931,0.00156056
3754,16,16,0,32,12,3.344e-05
3755,18,18,0,8,64.5,0.00091168
3756,39,27,16,8,77.1481,0.00144932
3757,67,56,16,10,74.3571,0.003126
3758,10,10,0,20,12,2.096e-05
3759,21,21,0,42,12.0476,4.928e-05
3760,47,47,0,94,12.0426,0.0001136
3761,19,19,0,8,59.8421,0.00094744
3762,11,11,0,22,12,2.304e-05
3763,44,26,18,8,75.1538,0.00137948
3764,23,23,0,46,12.0435,6.464e-05
3765,143,121,22,8,73.1405,0.00712236
3766,93,93,0,186,12.0645,0.0002448
3767,18,18,0,8,75.3333,0.00085928
3768,10,10,0,20,12,2.096e-05
3769,220,183,43,8,77.4973,0.0108788
3770,172,134,42,8,79.6716,0.00787576
3771,164,164,0,328,12.0671,0.00045104
3772,119,119,0,238,12.0672,0.00032576
3773,20,13,7,8,78.3077,0.0006102
3774,131,91,46,8,78.8791,0.00531636
3775,9,9,0,18,12,1.888e-05
3776,105,77,38,8,80.8312,0.00447096
3777,109,62,72,8,80.1452,0.00352684
3778,80,80,0,160,12.0625,0.00022736
3779,74,74,0,148,12.0676,0.00020752
3780,60,60,0,120,12.05,0.00015504
3781,50,32,22,8,80.8125,0.0017234
3782,30,30,0,60,12.0667,8.24e-05
3783,59,32,40,8,82.0938,0.00174528
3784,30,30,0,60,12.0333,7.792e-05
3785,33,25,8,8,82.8,0.00129904
3786,18,18,0,36,12.0556,4.208e-05
3787,13,13,0,8,68.9231,0.00057476
3788,43,36,7,8,76.1944,0.00199852
3789,8,8,0,16,12,1.68e-05
3790,52,35,24,10,78.9143,0.00188264
3791,24,24,0,48,12.0417,5.552e-05
3792,32,32,0,64,12.0625,8.848e-05
3793,30,28,2,8,79.9643,0.00150392
3794,59,48,11,10,76.5,0.00269456
3795,16,16,0,32,12,3.472e-05
3796,41,41,0,82,12.0488,0.0001008
3797,14,14,0,8,78.4286,0.00062008
3798,8,8,0,16,12,1.68e-05
3799,75,58,19,8,77.6724,0.00330736
3800,44,44,0,88,12.0455,0.00011376
3801,15,15,0,8,65.8,0.00069312
3802,43,24,19,8,78.75,0.00123544
3803,91,50,59,8,76.72,0.00284512
3804,9,9,0,18,12,1.888e-05
3805,21,21,0,42,12.0476,5.088e-05
3806,48,48,0,96,12.0625,0.00012624
3807,416,349,79,10,77.2693,0.0208186
3808,22,21,1,8,82.6667,0.00104092
3809,262,262,0,524,12.0611,0.00065744
3810,160,131,32,10,82.374,0.0076712
3811,11,11,0,22,12,2.336e-05
3812,105,105,0,210,12.0571,0.00025184
3813,315,241,109,8,76.9834,0.0143863
3814,204,204,0,408,12.0637,0.00052688
3815,66,48,18,8,82.6667,0.00271024
3816,41,41,0,82,12.0488,0.00010656
3817,32,21,14,8,84.2381,0.00105192
3818,334,213,189,8,77.8967,0.0127012
3819,14,14,0,28,12,3.152e-05
3820,192,192,0,384,12.0625,0.00050832
3821,107,93,16,10,80.2151,0.00540144
3822,71,71,0,142,12.0563,0.00018784
3823,131,115,16,10,79.087,0.0067332
3824,85,85,0,170,12.0588,0.00021664
3825,189,154,50,8,79.6429,0.0091146
3826,57,31,43,8,82.8387,0.0016628
3827,45,26,36,6,83.0769,0.00143568
3828,142,142,0,284,12.0563,0.00034288
3829,29,29,0,58,12.0345,6.72e-05
3830,25,25,0,50,12.04,6.656e-05
3831,73,44,35,8,82.1591,0.00243612
3832,83,55,40,8,75.6909,0.00310632
3833,41,27,15,8,78.1852,0.00142424
3834,38,38,0,76,12.0526,0.0001016
3835,22,22,0,44,12.0455,5.52e-05
3836,265,191,84,8,79.7016,0.0113224
3837,100,89,11,10,78.7528,0.00519312
3838,173,173,0,346,12.0636,0.00046432
3839,72,72,0,144,12.0556,0.00018896
3840,57,37,30,10,83.0811,0.00195248
3841,300,232,93,8,73.694,0.0138203
3842,88,68,29,8,83.0735,0.00391792
3843,35,35,0,70,12.0571,0.00010112
3844,187,187,0,374,12.0588,0.0004784
3845,64,64,0,128,12.0469,0.00015504
3846,238,171,91,8,81.3977,0.0101389
3847,156,156,0,312,12.0641,0.00040752
3848,91,74,17,8,81.5541,0.0042974
3849,47,26,30,8,74.6923,0.0013904
3850,71,71,0,142,12.0563,0.00017856
3851,102,55,61,8,80.4727,0.00309356
3852,14,11,3,8,77.5455,0.00046128
3853,15,15,0,30,12,3.136e-05
3854,50,50,0,100,12.06,0.00012912
3855,13,13,0,8,73.4615,0.00055948
3856,7,7,0,14,12,1.472e-05
3857,402,327,97,8,78.4067,0.019589
3858,8,8,0,16,12,1.68e-05
3859,55,29,30,8,79.4138,0.0015586
3860,297,297,0,594,12.064,0.00076896
3861,25,25,0,50,12.04,6.336e-05
3862,91,72,21,10,83.3333,0.00411448
3863,65,65,0,130,12.0615,0.0001888
3864,71,46,32,8,71.6087,0.00257124
3865,56,31,44,8,80.1613,0.00165252
3866,35,35,0,70,12.0571,8.352e-05
3867,29,29,0,58,12.069,8.128e-05
3868,76,57,33,10,79.1579,0.00316592
3869,55,55,0,110,12.0545,0.00013824
3870,152,108,70,10,80.4444,0.00627848
3871,78,57,35,8,77.3158,0.00322696
3872,100,100,0,200,12.06,0.00025328
3873,30,30,0,60,12.0333,6.256e-05
3874,19,19,0,8,72.3684,0.00095636
3875,46,36,10,10,83.1944,0.00196192
3876,43,23,35,8,63.4348,0.00119548
3877,11,11,0,22,12,2.304e-05
3878,29,29,0,58,12.0345,7.232e-05
3879,20,20,0,40,12.05,4.784e-05
3880,148,93,76,8,79.5806,0.0054432
3881,79,79,0,158,12.0506,0.00019584
3882,17,17,0,8,74,0.00083556
3883,10,10,0,20,12,2.096e-05
3884,170,128,52,8,77.2578,0.00751432
3885,75,62,20,8,70.6613,0.0035218
3886,118,118,0,236,12.0593,0.00029392
3887,45,45,0,90,12.0444,0.00010784
3888,46,24,22,8,79.7917,0.00127188
3889,93,66,37,8,63.6515,0.0038108
3890,21,21,0,42,12.0476,5.44e-05
3891,38,38,0,76,12.0526,8.112e-05
3892,40,40,0,80,12.05,8.912e-05
3893,12,12,0,8,65.1667,0.000538
3894,149,124,34,10,79.5403,0.00731944
3895,60,34,35,8,82.3824,0.00185348
3896,7,7,0,14,12,1.472e-05
3897,112,112,0,224,12.0625,0.00030096
3898,80,66,20,10,80.1364,0.00376536
3899,32,32,0,64,12.0312,7.92e-05
3900,59,59,0,118,12.0508,0.00014688
3901,309,204,165,6,81.6324,0.0121758
3902,27,15,12,8,71.2667,0.00068252
3903,197,197,0,394,12.0609,0.00051776
3904,12,12,0,24,12,2.64e-05
3905,64,50,14,8,84.1,0.00281996
3906,41,41,0,82,12.0488,0.00010848
3907,16,12,4,8,84.25,0.00052712
3908,51,30,33,8,76.2,0.00163644
3909,8,8,0,16,12,1.68e-05
3910,28,28,0,56,12.0357,7.408e-05
3911,98,94,4,10,82.6809,0.00546888
3912,84,84,0,168,12.0476,0.00019216
3913,169,92,86,4,76.4239,0.00544752
3914,63,45,19,8,83.8444,0.00250808
3915,64,44,37,8,81.7727,0.0024724
3916,81,81,0,162,12.0617,0.00020736
3917,59,29,39,8,76.7241,0.00152276
3918,43,43,0,86,12.0465,0.00011168
3919,35,35,0,70,12.0571,9.152e-05
3920,230,163,99,8,74.6503,0.00963288
3921,27,27,0,54,12.037,7.104e-05
3922,147,147,0,294,12.0612,0.00039744
3923,13,8,5,8,70.75,0.00029284
3924,53,36,24,8,64.3611,0.00194964
3925,6,6,0,12,12,1.264e-05
3926,31,31,0,62,12.0645,8e-05
3927,88,72,19,8,73.5278,0.00413904
3928,101,79,28,8,79.0759,0.00456416
3929,57,57,0,114,12.0526,0.00014752
3930,47,29,29,8,75.1379,0.0015382
3931,73,73,0,146,12.0548,0.0001888
3932,60,40,26,8,60.525,0.00221044
3933,27,27,0,54,12.037,7.36e-05
3934,33,33,0,66,12.0606,8.704e-05
3935,60,44,17,10,79.2273,0.00238344
3936,39,39,0,78,12.0513,0.00010368
3937,87,63,24,8,77.8571,0.00360968
3938,54,54,0,108,12.0556,0.00015152
3939,23,20,3,8,77.75,0.00101468
3940,24,14,14,8,76.7857,0.00064416
3941,77,53,31,8,76.7736,0.00298576
3942,12,12,0,24,12,2.608e-05
3943,47,47,0,94,12.0638,0.0001296
3944,52,22,49,6,77.1818,0.00118204
3945,16,16,0,32,12,3.536e-05
3946,17,17,0,8,45.8824,0.00083916
3947,10,10,0,20,12,2.096e-05
3948,53,44,9,10,71.7045,0.00238208
3949,287,243,57,8,74.1728,0.0144806
3950,37,37,0,74,12.0541,9.12e-05
3951,185,185,0,370,12.0595,0.00045056
3952,47,30,19,8,72.4333,0.00162752
3953,26,26,0,52,12.0385,6.576e-05
3954,132,101,34,10,74.6634,0.00584424
3955,89,89,0,178,12.0562,0.0002416
3956,75,56,20,10,79.5714,0.00311872
3957,58,37,39,8,72.3514,0.00203024
3958,46,46,0,92,12.0652,0.0001208
3959,31,31,0,62,12.0645,8.384e-05
3960,158,143,22,10,76.3986,0.00846616
3961,30,19,13,8,81.4737,0.00091684
3962,191,143,65,10,79.3357,0.00837816
3963,137,137,0,274,12.0584,0.00033536
3964,13,13,0,26,12,2.816e-05
3965,215,190,26,8,75.4632,0.0113004
3966,130,130,0,260,12.0615,0.00033648
3967,62,44,31,8,72.5455,0.00246816
3968,120,86,51,8,77.8837,0.004995
3969,71,49,37,6,75.2449,0.00282804
3970,141,141,0,282,12.0567,0.00034464
3971,35,35,0,70,12.0571,8.224e-05
3972,66,66,0,132,12.0455,0.0001576
3973,27,27,0,54,12.037,5.648e-05
3974,9,7,2,8,84,0.00022936
3975,5,5,0,10,12,1.12e-05
3976,13,13,0,8,81.7692,0.00059984
3977,8,8,0,16,12,1.68e-05
3978,13,13,0,8,80.5385,0.00057172
3979,21,14,11,8,80.6429,0.00066948
3980,13,13,0,8,76.2308,0.00057296
3981,8,8,0,16,12,1.68e-05
3982,9,9,0,18,12,1.888e-05
3983,8,8,0,16,12,1.68e-05
3984,41,41,0,8,68.0976,0.00228268
3985,22,22,0,44,12.0455,4.592e-05
3986,28,24,4,8,81.4583,0.0012386
3987,14,14,0,28,12,3.056e-05
3988,21,21,0,8,60.5714,0.0010896
3989,51,51,0,6,72.549,0.00290936
3990,81,42,53,6,80.6667,0.00238268
3991,238,193,66,6,78.0207,0.0115213
3992,12,12,0,24,12,2.512e-05
3993,27,27,0,54,12.037,5.632e-05
3994,37,37,0,74,12.0541,9.376e-05
3995,173,173,0,346,12.0578,0.00042208
3996,31,20,11,8,85.25,0.00098936
3997,71,39,42,8,81.4872,0.00216188
3998,15,15,0,30,12,3.36e-05
3999,35,35,0,70,12.0571,9.248e-05
4000,76,55,27,10,80.8,0.0031304
4001,89,51,67,8,78.5882,0.0028696
4002,52,52,0,104,12.0577,0.00014416
4003,78,57,24,8,80.6667,0.0032642
4004,48,48,0,96,12.0625,0.00012656
4005,38,21,29,8,79.381,0.00108812
4006,54,54,0,108,12.0556,0.0001576
4007,11,11,0,22,12,2.464e-05
4008,19,19,0,38,12.0526,4.608e-05
4009,54,47,7,10,81.617,0.00265088
4010,145,121,24,8,78.6942,0.00712888
4011,38,38,0,76,12.0526,9.648e-05
4012,92,92,0,184,12.0543,0.00023024
4013,37,26,11,8,82.5385,0.00135768
4014,30,17,20,8,81.8824,0.00079496
4015,19,19,0,38,12.0526,4.608e-05
4016,12,12,0,24,12,2.64e-05
4017,76,67,9,8,81.4179,0.00383764
4018,43,43,0,86,12.0465,0.00010496
4019,27,27,0,8,72.3704,0.00141724
4020,15,15,0,30,12,3.136e-05
4021,45,32,13,8,83.4375,0.00173484
4022,61,35,38,4,77.4571,0.00200016
4023,27,27,0,54,12.037,6.688e-05
4024,34,34,0,68,12.0588,8.272e-05
4025,67,49,24,8,78.6327,0.0027756
4026,50,29,37,6,72.7931,0.00161112
4027,38,38,0,76,12.0526,9.488e-05
4028,16,16,0,32,12,3.344e-05
