flow_id,tx_packets,rx_packets,lost_packets,retx_packets,mean_delay_ms,throughput_mbps
1,9639,8025,2211,4,74.0295,0.485235
2,10156,8513,2221,4,74.4371,0.51475
3,10187,8393,2563,4,73.7532,0.507492
4,11289,9048,3197,4,75.7089,0.547106
5,9991,7784,3234,4,74.6268,0.47066
6,6304,6304,0,12608,12.0619,0.0157339
7,6509,6506,0,13012,12.061,0.0160142
8,6554,6554,0,13108,12.0618,0.0163688
9,7332,7332,0,14664,12.0622,0.0184091
10,6290,6290,0,12580,12.0631,0.0160501
11,29,19,10,8,76.2632,0.00093636
12,232,172,102,8,67.1512,0.0102114
13,12,12,0,24,12,2.512e-05
14,133,133,0,266,12.0602,0.00032992
15,219,201,18,8,75.5771,0.0119263
16,68,45,33,8,69.6222,0.00252836
17,148,148,0,296,12.0541,0.00035984
18,35,35,0,70,12.0571,8e-05
19,20,15,5,8,79.2667,0.0006902
20,115,88,37,10,73.5,0.00503592
21,53,32,38,8,74.0625,0.00174992
22,9,9,0,18,12,1.888e-05
23,81,81,0,162,12.0617,0.00020544
24,29,29,0,58,12.0345,7.136e-05
25,26,22,5,8,79.5909,0.00110992
26,38,18,33,8,83.2778,0.00089236
27,13,13,0,26,12,2.816e-05
28,14,14,0,28,12,2.992e-05
29,36,36,0,8,71.2222,0.00196456
30,35,21,19,8,77.5714,0.00104532
31,99,79,28,10,71.443,0.0045228
32,19,19,0,38,12.0526,3.968e-05
33,14,14,0,28,12,2.96e-05
34,75,75,0,150,12.0533,0.00018816
35,49,49,0,8,72.551,0.002737
36,26,26,0,52,12.0385,5.424e-05
37,92,71,24,10,75.5634,0.00410768
38,52,40,13,8,76.7,0.0021876
39,62,62,0,124,12.0645,0.00017552
40,30,30,0,60,12.0333,7.6e-05
41,64,42,22,8,72.6905,0.0023158
42,39,26,14,8,71.5385,0.00137344
43,121,95,28,8,69.9368,0.005547
44,34,34,0,68,12.0588,8.752e-05
45,22,22,0,44,12.0455,5.648e-05
46,71,71,0,142,12.0563,0.00017472
47,49,49,0,8,66.449,0.00276316
48,26,26,0,52,12.0385,5.424e-05
49,21,21,0,8,80.5238,0.00105248
50,12,12,0,24,12,2.512e-05
51,41,41,0,8,62.7317,0.00225252
52,22,22,0,44,12.0455,4.592e-05
53,81,61,22,8,74.6721,0.00346624
54,61,48,20,10,77.9375,0.00263336
55,71,53,25,10,76.4717,0.00295016
56,97,76,28,10,77.7895,0.00432656
57,46,46,0,92,12.0435,0.00011728
58,42,42,0,84,12.0476,0.000108
59,46,46,0,92,12.0652,0.00011952
60,57,57,0,114,12.0526,0.00014304
61,103,77,37,8,76.039,0.0044236
62,37,34,3,10,81.3235,0.00181344
63,64,64,0,128,12.0625,0.00017008
64,24,24,0,48,12.0417,5.616e-05
65,11,11,0,8,79.4545,0.00044876
66,73,52,27,8,83.5962,0.00292828
67,7,7,0,14,12,1.472e-05
68,26,18,8,8,81.4444,0.00086552
69,44,44,0,88,12.0682,0.00012432
70,66,47,27,10,65.7447,0.00263048
71,14,14,0,28,12,3.344e-05
72,20,17,3,8,75.9412,0.000824
73,44,44,0,88,12.0455,0.0001144
74,58,44,16,10,77.9773,0.00241224
75,119,97,39,6,74.5464,0.005745
76,10,10,0,20,12,2.096e-05
77,39,39,0,78,12.0513,0.00010784
78,66,66,0,132,12.0455,0.00015152
79,75,56,22,10,71.2321,0.0031264
80,21,16,5,8,75.875,0.00076548
81,45,45,0,90,12.0444,0.00011712
82,10,10,0,20,12,2.096e-05
83,30,30,0,8,49.9667,0.00163868
84,16,16,0,32,12,3.344e-05
85,18,18,0,8,45.2778,0.00087832
86,12,12,0,8,62.1667,0.00053172
87,10,10,0,20,12,2.096e-05
88,24,24,0,8,61.4167,0.00127052
89,7,7,0,14,12,1.472e-05
90,13,13,0,26,12,2.72e-05
91,423,375,55,8,73.7333,0.0225027
92,260,260,0,520,12.0577,0.00063152
93,97,78,19,8,70.3077,0.00450188
94,171,128,61,10,76.4141,0.00749696
95,11,11,0,8,75.3636,0.00046876
96,67,67,0,134,12.0448,0.00015872
97,99,99,0,198,12.0606,0.0002432
98,7,7,0,14,12,1.472e-05
99,36,32,4,10,58.3125,0.00175016
100,28,26,2,8,72.3462,0.00134888
101,75,68,7,8,74.5294,0.00391636
102,21,21,0,42,12.0476,4.608e-05
103,14,14,0,28,12,2.992e-05
104,11,11,0,8,76.9091,0.0004668
105,55,55,0,110,12.0545,0.00013312
106,7,7,0,14,12,1.472e-05
107,47,47,0,8,76.2979,0.00262224
108,25,25,0,50,12.04,5.216e-05
109,224,203,27,10,77.6207,0.0119991
110,149,149,0,298,12.0604,0.00037152
111,63,41,35,8,83.878,0.00224728
112,33,33,0,66,12.0303,7.744e-05
113,53,33,27,10,76.3333,0.00181392
114,88,78,17,8,81.0128,0.00451288
115,31,31,0,62,12.0645,8.608e-05
116,61,61,0,122,12.0492,0.00015168
117,39,26,18,8,74.4231,0.001375
118,55,38,29,8,63.3684,0.00211432
119,55,35,36,8,78.4286,0.00189148
120,21,21,0,42,12.0476,5.184e-05
121,18,18,0,8,76.3333,0.0009066
122,32,32,0,64,12.0625,8.144e-05
123,30,30,0,60,12.0333,7.504e-05
124,10,10,0,20,12,2.096e-05
125,18,18,0,8,61.7778,0.00085936
126,10,10,0,20,12,2.096e-05
127,324,310,15,8,75.9968,0.0185279
128,212,212,0,424,12.0566,0.0005016
129,65,54,11,10,77.3889,0.00305872
130,40,21,29,6,73,0.00114804
131,45,45,0,90,12.0444,0.00011616
132,22,22,0,44,12.0455,4.656e-05
133,12,12,0,8,76.3333,0.00053816
134,7,7,0,14,12,1.472e-05
135,38,34,4,8,76.6765,0.00186172
136,22,22,0,44,12.0455,5.104e-05
137,110,101,9,8,84.3663,0.00591212
138,78,78,0,156,12.0513,0.00019024
139,53,41,12,10,86.3171,0.00229352
140,34,34,0,68,12.0588,8.784e-05
141,9,9,0,8,88.3333,0.00034624
142,6,6,0,12,12,1.264e-05
143,75,67,8,8,74.1194,0.0038506
144,52,52,0,104,12.0577,0.00012688
145,31,31,0,8,77.1613,0.001644
146,10,10,0,8,77.3,0.00038384
147,17,17,0,34,12,3.552e-05
148,13,13,0,6,75.5385,0.00061088
149,6,6,0,12,12,1.264e-05
150,28,28,0,8,71.8571,0.00150128
151,8,8,0,16,12,1.68e-05
152,59,44,22,10,75.2727,0.002442
153,62,43,24,10,73,0.0023672
154,15,15,0,30,12,3.136e-05
155,38,38,0,76,12.0526,9.776e-05
156,38,38,0,76,12.0526,9.52e-05
157,31,27,4,8,78.2593,0.0014534
158,49,23,40,8,73.7391,0.00120676
159,17,17,0,34,12,3.776e-05
160,92,71,28,6,76.0704,0.00412916
161,17,17,0,34,12,3.936e-05
162,28,14,23,8,72.6429,0.00063864
163,58,58,0,116,12.0517,0.00013584
164,127,117,10,8,66.1453,0.00689272
165,10,10,0,20,12,2.224e-05
166,67,67,0,134,12.0448,0.00015232
167,38,24,18,8,63.7083,0.00126528
168,312,272,52,8,75.4596,0.0162276
169,12,12,0,8,74.1667,0.00054424
170,24,22,2,8,69.5909,0.00110076
171,307,270,49,8,74.8037,0.0161158
172,17,17,0,34,12,3.776e-05
173,70,50,36,8,76.82,0.00279548
174,195,195,0,390,12.0564,0.00046464
175,7,7,0,14,12,1.472e-05
176,153,106,52,8,74.8396,0.00621836
177,12,12,0,24,12,2.576e-05
178,201,201,0,402,12.0547,0.00047968
179,40,40,0,80,12.05,0.0001032
180,95,95,0,190,12.0632,0.00026048
181,17,11,6,8,84.9091,0.00047276
182,129,85,72,8,78.2941,0.004908
183,8,8,0,16,12,1.744e-05
184,75,75,0,150,12.0533,0.0001968
185,77,57,20,10,77.7719,0.00319744
186,117,75,52,8,75.9733,0.00433116
187,435,382,68,8,73.623,0.0229138
188,49,49,0,98,12.0612,0.00012832
189,36,19,32,8,78.5263,0.00095472
190,71,71,0,142,12.0563,0.0001808
191,344,344,0,688,12.061,0.00088016
192,17,17,0,34,12.0588,4.192e-05
193,78,66,12,8,78.5758,0.00380092
194,206,155,80,8,76.6968,0.0091974
195,62,41,38,8,72.3415,0.00226844
196,55,55,0,110,12.0545,0.00013856
197,130,130,0,260,12.0615,0.00032336
198,36,36,0,72,12.0556,9.168e-05
199,54,35,27,8,69.6286,0.00191088
200,32,32,0,64,12.0625,8.272e-05
201,9,9,0,8,52.8889,0.00033336
202,6,6,0,12,12,1.264e-05
203,55,44,12,8,74.1364,0.00245132
204,95,80,15,10,84.65,0.00460712
205,32,32,0,64,12.0312,7.856e-05
206,74,74,0,148,12.0541,0.00019376
207,49,38,11,8,83.7105,0.00210608
208,63,34,44,8,48.9412,0.00186728
209,46,27,33,8,76.963,0.00143948
210,31,31,0,62,12.0645,8.224e-05
211,21,21,0,42,12.0476,4.512e-05
212,25,25,0,50,12.04,7.136e-05
213,33,33,0,8,80.2727,0.00179096
214,18,18,0,36,12.0556,3.76e-05
215,100,71,39,10,75.2113,0.00410752
216,43,26,25,8,79.6923,0.00137536
217,136,114,32,8,77.2281,0.00670856
218,59,59,0,118,12.0678,0.00016256
219,24,24,0,48,12.0417,6.032e-05
220,101,101,0,202,12.0594,0.000264
221,78,55,33,8,77.4545,0.00313224
222,73,57,25,8,75.8947,0.00321844
223,209,182,36,8,74.0275,0.0108314
224,43,43,0,86,12.0465,0.00010688
225,41,41,0,82,12.0488,9.952e-05
226,142,142,0,284,12.0563,0.00035248
227,29,23,6,8,82.3913,0.00115828
228,15,15,0,30,12,3.488e-05
229,41,40,1,8,81.5,0.00218684
230,21,21,0,42,12.0476,4.416e-05
231,32,26,6,8,81.9231,0.00137936
232,17,17,0,34,12,3.776e-05
233,33,29,4,8,79.2069,0.00153796
234,19,19,0,38,12.0526,4.256e-05
235,50,38,13,8,72.5263,0.00212164
236,69,52,23,8,72.2692,0.00293488
237,29,29,0,58,12.0345,7.232e-05
238,43,43,0,86,12.0465,0.00011776
239,50,32,28,8,72.5,0.00175708
240,87,72,15,10,71.1111,0.00408424
241,29,29,0,58,12.0345,6.976e-05
242,68,68,0,136,12.0588,0.0001688
243,76,56,24,8,70.75,0.00319144
244,40,33,9,10,79.3939,0.00181856
245,44,44,0,88,12.0455,0.00011664
246,24,24,0,48,12.0417,5.52e-05
247,25,25,0,8,70.6,0.001329
248,14,14,0,28,12,2.928e-05
249,38,38,0,8,69.7632,0.00209488
250,20,20,0,40,12.05,4.176e-05
251,18,16,2,8,78.5625,0.00078384
252,42,25,23,8,79.04,0.00128672
253,10,10,0,20,12,2.096e-05
254,51,39,12,8,72.8974,0.00212548
255,23,23,0,46,12.0435,6.016e-05
256,53,45,8,10,80.4,0.002504
257,20,12,15,8,65.6667,0.00050036
258,81,63,35,8,71.8571,0.00358624
259,29,29,0,58,12.0345,7.296e-05
260,38,38,0,76,12.0526,9.296e-05
261,8,8,0,16,12,1.68e-05
262,45,45,0,90,12.0444,0.00010816
263,11,11,0,8,79.7273,0.00045228
264,67,45,33,8,78.5333,0.00249972
265,7,7,0,14,12,1.472e-05
266,40,33,7,10,76.5152,0.00177224
267,36,36,0,72,12.0556,9.712e-05
268,55,40,23,8,80.375,0.00223076
269,45,25,35,8,63.84,0.00129544
270,22,22,0,44,12.0455,4.912e-05
271,34,34,0,68,12.0588,8.496e-05
272,14,14,0,28,12,2.928e-05
273,43,36,7,8,77.1667,0.00195956
274,87,72,18,8,78.2222,0.00417356
275,24,24,0,48,12.0417,5.552e-05
276,59,59,0,118,12.0508,0.00015104
277,75,72,3,10,73.7778,0.00408376
278,62,62,0,124,12.0484,0.00013872
279,53,53,0,8,78.2264,0.00299784
280,28,28,0,56,12.0357,5.84e-05
281,68,68,0,8,41.8824,0.00390884
282,35,35,0,70,12.0286,7.296e-05
283,35,35,0,8,42.8571,0.00191768
284,60,60,0,8,60.6667,0.00345216
285,20,20,0,40,12.05,4.176e-05
286,31,31,0,62,12.0323,6.464e-05
287,57,57,0,8,62.4737,0.0032604
288,30,30,0,60,12.0333,6.256e-05
289,21,21,0,8,76.381,0.00103824
290,12,12,0,24,12,2.512e-05
291,15,15,0,8,57.4,0.00068708
292,33,33,0,8,74.2727,0.0018094
293,9,9,0,18,12,1.888e-05
294,18,18,0,36,12.0556,3.76e-05
295,34,31,3,8,75.2258,0.00165564
296,50,28,30,8,85,0.00147308
297,188,139,80,8,77.7194,0.00821928
298,156,101,80,8,74.901,0.0059082
299,19,19,0,38,12.0526,4.32e-05
300,27,27,0,54,12.037,7.2e-05
301,122,122,0,244,12.0574,0.0003016
302,86,86,0,172,12.0581,0.0002088
303,144,118,36,8,82.8136,0.0069512
304,109,109,0,218,12.0642,0.00029504
305,204,137,85,10,78.6277,0.00803712
306,326,241,129,10,73.5394,0.0142846
307,98,70,35,10,80.0857,0.00399872
308,131,131,0,262,12.0611,0.0003552
309,51,24,38,8,76.125,0.00122464
310,217,217,0,434,12.0645,0.000568
311,77,55,32,8,75.2182,0.0031312
312,45,21,41,8,80.6667,0.00105736
313,262,199,87,8,77.7136,0.0118296
314,63,63,0,126,12.0635,0.00016768
315,132,101,37,8,81.0693,0.005897
316,116,87,47,8,81.0805,0.00505532
317,22,22,0,44,12.0455,5.52e-05
318,46,46,0,92,12.0435,0.0001144
319,19,19,0,38,12.0526,4.8e-05
320,170,170,0,340,12.0588,0.0004232
321,89,89,0,178,12.0562,0.00022912
322,70,70,0,140,12.0571,0.00017168
323,9,9,0,8,76.1111,0.00033912
324,6,6,0,12,12,1.264e-05
325,32,19,15,8,81.3158,0.00091976
326,47,26,39,8,82.8846,0.00136972
327,15,8,9,8,85.5,0.00036232
328,17,17,0,34,12.0588,4.032e-05
329,24,24,0,48,12.0417,5.68e-05
330,154,129,30,8,81.8295,0.00760672
331,82,59,27,8,82.6271,0.0033886
332,55,34,35,8,82.1176,0.00187088
333,6,6,0,12,12,1.328e-05
334,122,122,0,244,12.0656,0.0003384
335,53,53,0,106,12.0566,0.00015232
336,32,32,0,64,12.0625,8.656e-05
337,100,71,45,8,77.9155,0.00406172
338,41,25,19,8,82.68,0.00128228
339,59,59,0,118,12.0508,0.00015328
340,22,22,0,44,12.0455,5.84e-05
341,42,26,20,8,80.9231,0.0013824
342,20,20,0,40,12.05,5.296e-05
343,11,10,1,8,83.2,0.00037928
344,73,48,26,10,77.2708,0.00271888
345,6,6,0,12,12,1.296e-05
346,41,41,0,82,12.0488,0.00011168
347,69,60,9,8,72.95,0.00341692
348,59,40,19,8,74.3,0.00219816
349,53,53,0,106,12.0566,0.00012992
350,35,35,0,70,12.0571,9.248e-05
351,63,53,10,10,73.9057,0.00298216
352,73,57,16,10,77.9825,0.00319472
353,8,8,0,8,82.625,0.00026624
354,47,47,0,94,12.0426,0.0001184
355,50,50,0,100,12.06,0.00013136
356,5,5,0,10,12,1.056e-05
357,18,18,0,8,73.4444,0.00090612
358,61,48,17,8,76.4167,0.00272436
359,10,10,0,20,12,2.096e-05
360,42,42,0,84,12.0476,0.00010672
361,26,26,0,8,72.3462,0.00134228
362,12,12,0,8,69,0.00049984
363,14,14,0,28,12,2.928e-05
364,7,7,0,14,12,1.472e-05
365,17,17,0,8,69.0588,0.00080908
366,10,10,0,20,12,2.096e-05
367,33,29,8,8,56.4138,0.00155848
368,25,25,0,8,74.04,0.00129844
369,101,81,24,8,73.7531,0.00470992
370,17,17,0,34,12,3.776e-05
371,28,19,17,8,67.9474,0.00097184
372,14,14,0,28,12,2.928e-05
373,67,67,0,134,12.0597,0.00017248
374,14,14,0,28,12,3.152e-05
375,171,130,48,8,75.7615,0.00768072
376,43,32,11,8,79.4375,0.00171064
377,118,118,0,236,12.0678,0.00034512
378,25,25,0,50,12.04,6.528e-05
379,199,157,52,8,80.293,0.0093072
380,47,33,15,8,82.7576,0.0017722
381,133,133,0,266,12.0677,0.00036832
382,111,70,64,10,75.8429,0.00400152
383,24,24,0,48,12.0417,5.872e-05
384,69,54,15,8,84.7222,0.00304704
385,66,66,0,132,12.0606,0.0001752
386,44,44,0,88,12.0455,0.000116
387,91,80,12,10,82.2875,0.00455736
388,71,71,0,142,12.0563,0.00017632
389,72,56,21,8,62.2321,0.0031966
390,86,53,48,8,74.9057,0.00301296
391,63,33,51,8,74.0303,0.00180668
392,40,40,0,80,12.05,9.68e-05
393,48,48,0,96,12.0417,0.00011632
394,31,31,0,62,12.0645,8.544e-05
395,40,34,11,8,73.7941,0.00187496
396,24,18,8,8,85.6667,0.00091188
397,257,200,77,8,76.01,0.0118844
398,22,22,0,44,12.0455,5.168e-05
399,135,97,51,8,72.9794,0.005648
400,12,12,0,24,12,2.704e-05
401,182,182,0,364,12.0604,0.00046448
402,87,87,0,174,12.0575,0.00023008
403,162,143,25,8,77.9371,0.00843824
404,132,132,0,264,12.0606,0.00035792
405,22,19,3,8,83.7895,0.00097224
406,12,12,0,24,12,2.576e-05
407,17,17,0,8,70.7059,0.0008074
408,61,44,25,10,77.3182,0.00240936
409,146,96,81,8,76.1042,0.00561116
410,10,10,0,20,12,2.096e-05
411,40,40,0,80,12.05,0.00010288
412,89,89,0,178,12.0562,0.00022496
413,218,158,83,8,68.557,0.009353
414,153,129,24,10,81.9535,0.00758
415,35,19,18,8,75.3684,0.00093444
416,116,116,0,232,12.0603,0.00030224
417,17,17,0,34,12.0588,4.096e-05
418,73,61,13,10,83.0328,0.00341232
419,54,54,0,108,12.0556,0.0001384
420,29,16,13,8,75.4375,0.0007638
421,19,15,5,8,78.9333,0.00071004
422,17,10,12,8,71,0.0003726
423,11,11,0,22,12,2.368e-05
424,34,24,10,8,81.375,0.00126612
425,9,9,0,18,12,1.888e-05
426,9,9,0,18,12,2.048e-05
427,53,29,44,8,75.6207,0.00157604
428,18,18,0,36,12.0556,4.4e-05
429,27,27,0,54,12.037,6.72e-05
430,31,16,15,8,82.3125,0.00074092
431,61,56,5,8,73.7321,0.00318308
432,107,92,15,10,81.25,0.00535128
433,32,32,0,64,12.0312,6.96e-05
434,77,77,0,154,12.0519,0.000192
435,169,138,36,10,71.1884,0.00805952
436,44,33,11,8,76.7273,0.0017782
437,128,109,19,10,72.5596,0.00633168
438,105,105,0,210,12.0571,0.00026944
439,23,23,0,46,12.0435,5.76e-05
440,104,104,0,208,12.0577,0.00025936
441,89,54,35,8,79.1111,0.0030778
442,15,12,3,8,75.1667,0.00052612
443,42,42,0,84,12.0476,0.0001032
444,10,10,0,20,12,2.352e-05
445,17,17,0,8,68.1176,0.00084972
446,55,39,16,8,63.0256,0.00217284
447,123,90,34,8,71.6444,0.00523992
448,10,10,0,20,12,2.096e-05
449,33,33,0,66,12.0303,7.648e-05
450,74,74,0,148,12.0541,0.00019312
451,27,24,3,8,78.5417,0.001224
452,111,81,30,10,81.4321,0.00467672
453,74,45,31,8,73.7778,0.00250856
454,14,14,0,28,12,3.024e-05
455,63,63,0,126,12.0476,0.00015712
456,43,43,0,86,12.0465,0.0001136
457,60,47,14,8,82.6596,0.00266084
458,37,37,0,74,12.0541,9.184e-05
459,66,48,18,8,72.3958,0.00271492
460,24,12,18,8,66.0833,0.00054424
461,37,37,0,74,12.0541,9.408e-05
462,11,11,0,8,73.4545,0.00045856
463,8,8,0,16,12,1.68e-05
464,7,7,0,14,12,1.472e-05
465,130,102,29,10,77.1863,0.00596024
466,78,59,33,8,60.7458,0.00338008
467,88,88,0,176,12.0682,0.00024528
468,43,43,0,86,12.0465,0.0001072
469,8,8,0,8,60.125,0.00026744
470,5,5,0,10,12,1.056e-05
471,123,123,0,246,12.0569,0.00030496
472,96,72,25,8,79.0278,0.0041474
473,59,59,0,118,12.0678,0.0001584
474,95,59,54,6,76.322,0.00341232
475,48,48,0,96,12.0417,0.00011856
476,144,103,56,8,73.6602,0.00600768
477,1347,952,586,8,78.6113,0.0573607
478,91,91,0,182,12.0659,0.00025184
479,50,29,34,8,79.1724,0.00157808
480,139,103,54,8,75.5049,0.00601376
481,814,814,0,1628,12.0639,0.00211184
482,27,27,0,54,12.037,7.648e-05
483,89,89,0,178,12.0562,0.00021248
484,80,72,8,8,80.6944,0.0041556
485,14,14,0,28,12,3.376e-05
486,58,58,0,116,12.0517,0.00013168
487,85,78,7,10,78.9872,0.0044548
488,45,26,31,8,74.6154,0.00134632
489,70,70,0,140,12.0571,0.00017616
490,24,24,0,48,12.0417,6.48e-05
491,20,19,1,8,83.8947,0.00096992
492,17,11,6,8,80.9091,0.00048248
493,11,11,0,22,12,2.304e-05
494,8,8,0,16,12,1.744e-05
495,26,15,11,8,76.5333,0.00070356
496,35,16,19,6,68.5625,0.00080572
497,11,11,0,22,12,2.496e-05
498,22,22,0,44,12.0455,5.136e-05
499,42,36,6,8,58.5556,0.00198368
500,23,23,0,46,12.0435,5.312e-05
501,131,116,21,10,79.7069,0.00675128
502,85,85,0,170,12.0588,0.00021344
503,122,100,22,8,78.99,0.00582964
504,209,154,82,8,72.7208,0.00908444
505,34,18,30,8,76.2222,0.00087572
506,64,32,54,8,76.8125,0.00170808
507,81,81,0,162,12.0617,0.00020704
508,120,120,0,240,12.0583,0.00028688
509,34,19,18,8,78.8947,0.0009328
510,12,12,0,24,12,2.64e-05
511,23,23,0,46,12.0435,5.056e-05
512,13,13,0,26,12,2.784e-05
513,30,18,13,8,81.1667,0.00087116
514,15,15,0,30,12,3.584e-05
515,80,70,10,8,76.6286,0.00405468
516,52,52,0,104,12.0385,0.00011888
517,106,71,39,8,76.9437,0.00407676
518,61,61,0,122,12.0656,0.00017504
519,97,76,23,10,80.7895,0.00439208
520,71,71,0,142,12.0563,0.00019648
521,65,54,11,10,84.5741,0.00301736
522,47,47,0,94,12.0426,0.00011936
523,37,35,2,10,63.7143,0.00193792
524,97,80,19,10,65.425,0.00465776
525,44,23,38,8,74.6087,0.00118
526,248,208,59,8,67.9519,0.012366
527,55,33,37,8,67.1515,0.00177988
528,98,75,38,8,72.04,0.00436384
529,48,34,14,8,68.1176,0.00184088
530,75,75,0,150,12.0533,0.00020192
531,15,15,0,30,12,3.2e-05
532,145,145,0,290,12.0552,0.0003424
533,29,29,0,58,12.0345,7.744e-05
534,59,59,0,118,12.0508,0.0001392
535,27,27,0,54,12.037,7.136e-05
536,6,6,0,8,71.6667,0.0001664
537,4,4,0,8,12,8.48e-06
538,14,10,4,8,79.6,0.00042044
539,7,7,0,14,12,1.504e-05
540,91,73,20,10,75.7397,0.00419632
541,63,63,0,126,12.0635,0.00016224
542,28,26,2,8,82,0.0013446
543,15,15,0,30,12,3.264e-05
544,43,35,8,8,78.1714,0.00193232
545,179,120,67,8,77.5583,0.00707064
546,72,52,38,6,75.4615,0.0029968
547,25,25,0,50,12.04,5.792e-05
548,108,108,0,216,12.0648,0.00029296
549,47,47,0,94,12.0426,0.00011648
550,18,18,0,8,76.6667,0.00090968
551,10,10,0,20,12,2.096e-05
552,58,49,9,10,76.3469,0.00274888
553,499,442,64,8,76.8507,0.026528
554,42,42,0,84,12.0476,9.616e-05
555,12,12,0,8,77.25,0.000541
556,344,344,0,688,12.0581,0.00082736
557,7,7,0,14,12,1.472e-05
558,16,16,0,8,72.125,0.00078572
559,83,75,8,10,79.4933,0.00429096
560,70,55,15,10,78.9636,0.00308696
561,9,9,0,18,12,1.888e-05
562,67,67,0,134,12.0448,0.00015776
563,48,48,0,96,12.0625,0.0001272
564,16,13,3,8,83.1538,0.00059824
565,8,8,0,16,12,1.68e-05
566,48,40,13,8,55.55,0.00218656
567,19,19,0,8,54.0526,0.0009608
568,122,105,17,8,70.5048,0.00613128
569,28,28,0,56,12.0357,6.704e-05
570,11,11,0,22,12,2.304e-05
571,76,76,0,152,12.0526,0.0001832
572,18,18,0,8,72.9444,0.0008738
573,10,10,0,20,12,2.096e-05
574,49,25,24,8,68.4,0.00131508
575,84,60,25,10,71.3167,0.00334296
576,18,18,0,36,12.0556,4.144e-05
577,52,52,0,104,12.0577,0.00013552
578,10,10,0,8,48.2,0.00039612
579,6,6,0,12,12,1.264e-05
580,23,23,0,46,12.0435,5.024e-05
581,74,57,19,8,80.6316,0.0032636
582,43,43,0,86,12.0465,0.00011104
583,17,17,0,8,81.7647,0.00080032
584,131,113,22,10,81.2566,0.00655888
585,10,10,0,20,12,2.096e-05
586,41,30,11,8,80.8333,0.00162144
587,103,103,0,206,12.0583,0.00026528
588,12,12,0,8,84.3333,0.00052492
589,21,21,0,42,12.0476,5.216e-05
590,143,120,30,10,75.8083,0.00701064
591,7,7,0,14,12,1.472e-05
592,106,106,0,212,12.0566,0.00027312
593,113,87,31,8,70.9195,0.0050688
594,71,71,0,142,12.0563,0.00017408
595,16,10,6,8,76.3,0.0004276
596,9,9,0,18,12,1.984e-05
597,32,31,1,10,70.3871,0.0016076
598,33,29,4,8,68.7586,0.0015624
599,141,112,40,10,78.1786,0.00657768
600,19,19,0,38,12.0526,4.128e-05
601,18,18,0,36,12.0556,4.08e-05
602,101,101,0,202,12.0594,0.00025568
603,39,33,6,8,65.6061,0.00177944
604,31,31,0,8,72,0.00168736
605,21,21,0,42,12.0476,4.8e-05
606,17,17,0,34,12,3.552e-05
607,115,102,13,8,68.6078,0.00595936
608,78,78,0,156,12.0513,0.00019696
609,33,29,4,8,73.4828,0.00153436
610,17,17,0,34,12,3.776e-05
611,121,111,10,10,79.5135,0.00653072
612,55,45,10,10,82.3778,0.0024352
613,88,88,0,176,12.0568,0.00022672
614,38,38,0,76,12.0526,9.424e-05
615,38,34,4,10,75.4412,0.00180008
616,24,24,0,48,12.0417,5.392e-05
617,39,35,4,8,60.1143,0.0019336
618,52,50,2,8,74.6,0.00284404
619,21,21,0,42,12.0476,4.704e-05
620,28,28,0,56,12.0357,6.064e-05
621,75,51,36,8,75.0392,0.00289964
622,45,45,0,90,12.0444,0.00012096
623,19,13,6,8,83.1538,0.00057484
624,10,10,0,8,60.9,0.00037396
625,6,6,0,12,12,1.264e-05
626,30,28,3,8,64.4643,0.00151004
627,17,17,0,34,12,3.616e-05
628,31,17,16,8,77.3529,0.00080284
629,12,12,0,24,12,2.64e-05
630,72,63,9,8,82.1746,0.00362196
631,10,10,0,8,80,0.00038984
632,52,52,0,104,12.0577,0.00012592
633,6,6,0,12,12,1.264e-05
634,50,40,10,8,77.925,0.00220556
635,29,29,0,58,12.0345,6.912e-05
636,21,18,3,8,82,0.00087856
637,11,11,0,22,12,2.304e-05
638,70,54,25,8,80.463,0.00305344
639,57,39,22,10,79.3077,0.00209296
640,42,42,0,84,12.0476,0.00011216
641,59,32,42,8,76.9375,0.00172948
642,36,36,0,72,12.0556,0.0001
643,23,23,0,46,12.0435,5.408e-05
644,59,40,29,8,80.225,0.0022162
645,32,18,17,8,77.8889,0.00087984
646,162,121,51,10,80.157,0.00708824
647,233,161,87,8,79.8075,0.00954128
648,37,37,0,74,12.0541,0.00010336
649,16,16,0,32,12,3.952e-05
650,234,194,55,8,81.2268,0.0115522
651,109,109,0,218,12.0642,0.0002912
652,145,145,0,290,12.0621,0.00037664
653,150,150,0,300,12.06,0.00038608
654,14,8,8,8,80.375,0.00030308
655,26,15,15,8,66.5333,0.00071672
656,11,11,0,8,77,0.00043744
657,170,136,38,10,78.1176,0.00802928
658,190,115,96,8,75.7478,0.00672892
659,6,6,0,12,12,1.392e-05
660,10,10,0,20,12,2.128e-05
661,7,7,0,14,12,1.472e-05
662,12,12,0,8,78.1667,0.00054988
663,7,7,0,14,12,1.472e-05
664,56,45,11,10,80.2,0.00246896
665,16,11,5,8,80.9091,0.00044704
666,91,72,29,8,75.9028,0.00415448
667,32,32,0,64,12.0312,7.216e-05
668,35,28,7,8,77.9643,0.00151376
669,8,8,0,16,12,1.712e-05
670,59,59,0,118,12.0508,0.00015392
671,19,15,4,8,79.8,0.00068148
672,22,22,0,44,12.0455,5.36e-05
673,10,10,0,20,12,2.224e-05
674,34,22,12,8,83.5909,0.00112164
675,14,14,0,28,12,2.928e-05
676,78,58,20,10,82.6207,0.00329168
677,54,54,0,108,12.0556,0.00014128
678,74,54,29,8,79.5185,0.003089
679,96,74,31,8,79.0946,0.00427372
680,79,45,50,8,81.9333,0.00248964
681,242,166,113,8,78.0783,0.0098506
682,49,49,0,98,12.0612,0.00012832
683,54,54,0,108,12.0556,0.00013904
684,40,40,0,80,12.05,0.0001016
685,43,22,24,8,80.7727,0.00111084
686,183,124,97,8,80.9516,0.007273
687,149,149,0,298,12.0671,0.00042144
688,20,20,0,40,12.05,4.688e-05
689,113,113,0,226,12.0619,0.00029216
690,106,72,40,8,74.6528,0.00416556
691,62,62,0,124,12.0484,0.00015408
692,54,32,24,8,74.25,0.00170428
693,68,51,17,8,77.5686,0.0028872
694,94,69,36,10,73.5072,0.0038824
695,42,42,0,84,12.0476,0.00011504
696,8,8,0,16,12,1.68e-05
697,61,61,0,122,12.0492,0.00015712
698,52,39,13,8,80.6667,0.00215684
699,166,112,65,8,79.6607,0.0065828
700,28,28,0,56,12.0357,6.992e-05
701,101,101,0,202,12.0594,0.00026432
702,105,76,42,8,70.8684,0.00439548
703,85,63,35,8,71.8889,0.00360528
704,53,53,0,106,12.0377,0.00012064
705,47,38,9,10,65.0526,0.00201592
706,14,9,9,8,83,0.00035796
707,51,30,22,8,64.7333,0.00163076
708,59,59,0,118,12.0508,0.00013856
709,23,14,9,8,75.6429,0.0006352
710,31,31,0,62,12.0323,7.744e-05
711,6,6,0,12,12,1.264e-05
712,28,28,0,56,12.0357,7.44e-05
713,12,12,0,24,12,2.8e-05
714,32,32,0,8,57.2188,0.00174964
715,7,7,0,8,62.4286,0.0002136
716,17,17,0,34,12,3.552e-05
717,5,5,0,10,12,1.056e-05
718,98,84,14,8,74.381,0.0048534
719,76,76,0,152,12.0526,0.00020144
720,36,21,17,8,79.9524,0.0010938
721,83,48,53,8,78.0208,0.00272556
722,89,49,58,8,74.6327,0.00273804
723,18,18,0,36,12.0556,4.496e-05
724,43,43,0,86,12.0465,0.0001168
725,47,47,0,94,12.0638,0.00013088
726,110,110,0,220,12.0636,0.00028656
727,107,107,0,214,12.0561,0.00027648
728,57,38,19,8,78.8947,0.00207932
729,48,29,30,10,75.931,0.0014744
730,31,31,0,62,12.0645,8.576e-05
731,79,51,34,8,74.3137,0.00288816
732,409,323,108,6,75.6904,0.0193598
733,168,138,31,8,77.3913,0.00812588
734,32,16,16,8,79.6875,0.00077316
735,64,44,26,10,75.1136,0.00247632
736,28,28,0,56,12.0357,6.544e-05
737,45,45,0,90,12.0444,0.00012128
738,19,14,5,8,60.8571,0.00061744
739,272,272,0,544,12.0625,0.00071056
740,101,101,0,202,12.0594,0.00025536
741,13,13,0,26,12,2.944e-05
742,42,42,0,84,12.0476,0.00010256
743,15,15,0,8,65.4,0.00069456
744,9,9,0,18,12,1.984e-05
745,9,9,0,18,12,1.888e-05
746,95,68,39,10,83,0.00387376
747,61,61,0,122,12.0656,0.00017632
748,56,42,17,10,77.3333,0.0022964
749,149,111,43,10,77.3694,0.00651224
750,37,37,0,74,12.0541,9.504e-05
751,97,97,0,194,12.0619,0.00025248
752,14,14,0,8,69.3571,0.00065668
753,43,38,5,8,76.5,0.0020678
754,177,139,46,8,79.1799,0.0081938
755,9,9,0,8,82.1111,0.0003666
756,8,8,0,16,12,1.68e-05
757,6,6,0,12,12,1.264e-05
758,55,35,21,8,73.1429,0.00189392
759,58,36,22,10,82.3056,0.00195168
760,11,11,0,8,55.6364,0.00048972
761,33,33,0,66,12.0606,9.024e-05
762,56,41,22,8,70.5366,0.00229664
763,34,34,0,68,12.0588,8.688e-05
764,28,28,0,56,12.0357,7.632e-05
765,7,7,0,14,12,1.472e-05
766,18,17,1,8,82.1765,0.00083756
767,29,21,8,8,83.4762,0.00106584
768,29,29,0,58,12.0345,6.912e-05
769,10,10,0,20,12,2.096e-05
770,15,15,0,30,12,3.296e-05
771,53,40,15,8,69.2,0.00218748
772,28,23,5,8,83.6087,0.0012146
773,62,42,28,10,75,0.0022888
774,26,14,16,8,81.3571,0.00061988
775,28,28,0,56,12.0357,6.448e-05
776,13,13,0,26,12,2.752e-05
777,39,39,0,78,12.0513,0.00010592
778,10,10,0,20,12,2.16e-05
779,19,19,0,8,54.7895,0.00095984
780,137,115,22,10,77.4,0.00675096
781,21,16,5,8,80.6875,0.00075852
782,11,11,0,22,12,2.304e-05
783,91,91,0,182,12.0549,0.00022336
784,26,20,6,8,74.2,0.00099324
785,40,25,22,8,77.52,0.00133476
786,10,10,0,20,12,2.096e-05
787,12,12,0,24,12,2.512e-05
788,21,21,0,42,12.0476,5.216e-05
789,71,51,29,8,74.6275,0.00285764
790,39,39,0,78,12.0513,9.632e-05
791,11,11,0,8,77.3636,0.00047472
792,7,7,0,14,12,1.472e-05
793,275,245,30,8,80.0245,0.0146406
794,188,188,0,376,12.0585,0.00045904
795,60,42,27,10,83.1429,0.00226328
796,31,18,25,8,78.1667,0.00090864
797,38,38,0,76,12.0526,0.00010192
798,13,13,0,26,12,2.88e-05
799,136,119,17,8,79.3025,0.00699044
800,20,13,7,8,82.3846,0.00056608
801,111,111,0,222,12.0631,0.00029248
802,11,11,0,22,12,2.688e-05
803,132,100,32,10,78.33,0.00585888
804,92,92,0,184,12.0652,0.00024496
805,13,13,0,8,77.8462,0.00058948
806,106,78,38,10,76.3077,0.00446184
807,35,22,13,8,82.8182,0.00111008
808,8,8,0,16,12,1.68e-05
809,73,73,0,146,12.0548,0.00018656
810,19,19,0,38,12.0526,4.832e-05
811,13,13,0,8,60.0769,0.00057296
812,28,28,0,8,71.8571,0.00146992
813,8,8,0,16,12,1.68e-05
814,15,15,0,30,12,3.136e-05
815,88,76,12,8,82.2632,0.00436752
816,50,50,0,100,12.06,0.00012048
817,41,28,14,8,83.4643,0.00146036
818,23,23,0,46,12.0435,5.728e-05
819,62,49,13,8,84.3673,0.0027694
820,42,42,0,84,12.0476,0.00011056
821,52,39,13,6,83.2821,0.00218364
822,20,13,7,8,73.6154,0.00057708
823,32,32,0,64,12.0625,8.656e-05
824,10,10,0,20,12,2.256e-05
825,134,94,62,6,76.1383,0.00551104
826,22,22,0,44,12.0455,4.848e-05
827,119,119,0,238,12.0588,0.00031712
828,72,72,0,144,12.0556,0.00018608
829,68,49,21,10,77.2041,0.00270664
830,46,46,0,92,12.0652,0.00012656
831,77,60,17,8,80.9667,0.00340124
832,45,24,31,8,75.4583,0.00126112
833,42,22,26,8,74.4091,0.00110484
834,49,49,0,98,12.0612,0.00013152
835,22,22,0,44,12.0455,5.712e-05
836,15,15,0,30,12,3.264e-05
837,109,98,11,8,71.449,0.00573044
838,78,78,0,156,12.0513,0.000188
839,97,66,43,8,73.8182,0.00379272
840,84,60,24,10,74.9,0.0033768
841,16,11,5,8,79.5455,0.00045068
842,55,55,0,110,12.0545,0.00014048
843,53,53,0,106,12.0566,0.00013312
844,8,8,0,16,12,1.84e-05
845,8,8,0,8,61.25,0.00025232
846,5,5,0,10,12,1.056e-05
847,13,13,0,8,74,0.00060148
848,67,65,2,8,75.1692,0.00372084
849,8,8,0,16,12,1.68e-05
850,35,35,0,70,12.0286,7.296e-05
851,36,19,17,8,76.5789,0.00095524
852,17,17,0,34,12,3.84e-05
853,32,31,1,8,61.7742,0.00165848
854,160,149,11,10,80.1409,0.00872632
855,17,17,0,34,12,3.552e-05
856,110,110,0,220,12.0545,0.00026256
857,173,139,36,10,73.8129,0.00822184
858,109,109,0,218,12.055,0.00027136
859,46,34,15,8,79.2059,0.00183876
860,27,27,0,54,12.037,6.592e-05
861,71,58,13,8,81.4655,0.00332844
862,83,50,44,8,79.14,0.00282372
863,77,48,45,8,79.8958,0.00270116
864,62,34,47,8,78.8824,0.00186724
865,45,45,0,90,12.0444,0.0001104
866,37,37,0,74,12.0541,8.896e-05
867,30,30,0,60,12.0333,6.96e-05
868,430,378,75,8,74.6005,0.0226492
869,282,282,0,564,12.0603,0.00068816
870,37,28,9,8,80.8571,0.00150092
871,65,41,34,8,78.9268,0.0022954
872,20,20,0,40,12.05,4.784e-05
873,35,35,0,70,12.0571,8.8e-05
874,34,18,22,8,77.4444,0.00088976
875,16,16,0,32,12,3.952e-05
876,86,83,3,10,76.7831,0.00483888
877,52,52,0,104,12.0385,0.0001192
878,21,13,8,8,80.5385,0.00056648
879,10,10,0,20,12,2.192e-05
880,94,67,38,8,70.3284,0.00386404
881,141,109,34,8,75.4128,0.00640776
882,47,29,24,10,70.7931,0.00146904
883,55,55,0,110,12.0545,0.00014752
884,101,101,0,202,12.0594,0.00027712
885,54,37,17,8,68.7027,0.00203884
886,28,28,0,56,12.0357,6.736e-05
887,31,31,0,62,12.0323,7.744e-05
888,12,12,0,8,63.1667,0.00053992
889,53,45,8,8,77.4,0.00252428
890,7,7,0,14,12,1.472e-05
891,34,34,0,68,12.0588,8.144e-05
892,28,26,4,8,68.3077,0.0013518
893,14,14,0,28,12,2.992e-05
894,119,91,31,8,76.6264,0.005334
895,68,49,30,10,78.3061,0.00276696
896,81,60,24,10,77.05,0.00336928
897,90,90,0,180,12.0556,0.00024048
898,50,35,20,8,74.8286,0.00189284
899,46,46,0,92,12.0652,0.00012464
900,56,56,0,112,12.0536,0.00015344
901,33,20,16,8,79.95,0.00101008
902,32,32,0,64,12.0625,8.368e-05
903,15,15,0,30,12,3.296e-05
904,72,58,15,8,73.9828,0.00331004
905,24,12,12,6,81.8333,0.00059552
906,24,12,15,8,79.3333,0.0005366
907,43,43,0,86,12.0465,0.00011232
908,17,17,0,34,12,3.584e-05
909,145,130,15,8,71.9231,0.00767496
910,10,10,0,20,12,2.224e-05
911,55,43,12,10,75.3256,0.00241616
912,79,79,0,158,12.0506,0.0001824
913,38,38,0,76,12.0526,9.232e-05
914,47,45,2,8,79.4,0.00254584
915,13,13,0,8,75.2308,0.00056348
916,25,25,0,50,12.04,5.216e-05
917,8,8,0,16,12,1.68e-05
918,22,19,3,8,83.9474,0.00096024
919,12,12,0,24,12,2.512e-05
920,98,70,39,8,76,0.00404116
921,559,387,200,8,79.3618,0.0232063
922,58,58,0,116,12.0517,0.0001608
923,375,375,0,750,12.072,0.0010944
924,49,24,40,8,80.1667,0.00126168
925,39,23,16,8,85.3043,0.00118824
926,19,19,0,38,12.0526,4.192e-05
927,17,11,6,8,74,0.00048552
928,18,18,0,36,12.0556,4.336e-05
929,41,41,0,82,12.0488,0.00010176
930,8,8,0,16,12,1.68e-05
931,105,80,27,10,80.05,0.00464376
932,23,12,11,8,79.9167,0.000531
933,88,67,27,8,74.3134,0.00386348
934,69,69,0,138,12.058,0.00017568
935,10,10,0,20,12,2.288e-05
936,262,243,24,10,74.8313,0.0144982
937,56,49,7,10,71.6122,0.00277808
938,191,191,0,382,12.0628,0.00048576
939,33,33,0,66,12.0303,7.648e-05
940,11,11,0,8,63.1818,0.00045504
941,7,7,0,14,12,1.472e-05
942,187,142,54,8,79.0423,0.00841092
943,137,118,19,8,82.2627,0.00692976
944,225,169,84,6,74.0473,0.0100923
945,128,128,0,256,12.0625,0.00034544
946,99,99,0,198,12.0606,0.00025024
947,133,133,0,266,12.0526,0.00031616
948,59,43,16,8,85.3953,0.00238456
949,26,16,14,8,81.75,0.00073792
950,35,35,0,70,12.0571,9.504e-05
951,12,12,0,24,12,2.704e-05
952,61,43,23,8,80.814,0.00240076
953,40,40,0,80,12.05,0.00010288
954,66,52,14,10,76.3846,0.00294864
955,47,47,0,94,12.0426,0.00012032
956,236,197,43,8,75.198,0.0116943
957,149,149,0,298,12.0537,0.00035488
958,75,53,28,10,76.1887,0.0029416
959,308,248,98,6,76.129,0.0148664
960,48,48,0,96,12.0625,0.00012176
961,211,211,0,422,12.0616,0.0005296
962,156,115,56,8,75.1043,0.00673504
963,16,16,0,8,64.3125,0.00077308
964,9,9,0,18,12,1.888e-05
965,40,32,12,8,64.0312,0.00172456
966,62,58,4,8,80.5862,0.00329544
967,20,20,0,40,12.05,4.464e-05
968,54,35,34,6,78.9714,0.00194088
969,47,47,0,94,12.0426,0.00010496
970,33,33,0,66,12.0606,8.928e-05
971,37,27,10,8,83.963,0.00144584
972,41,22,26,8,81.2273,0.00109744
973,41,22,26,8,77.3636,0.0011086
974,21,21,0,42,12.0476,5.088e-05
975,147,130,17,10,77.5,0.00760952
976,19,19,0,38,12.0526,4.544e-05
977,16,16,0,32,12,3.504e-05
978,119,119,0,238,12.0588,0.00031232
979,42,23,32,8,82.6087,0.001161
980,9,9,0,8,77.5556,0.00034816
981,16,16,0,32,12,3.504e-05
982,21,16,5,8,80.8125,0.00079184
983,6,6,0,12,12,1.264e-05
984,10,10,0,20,12,2.096e-05
985,80,60,20,6,74,0.00347304
986,56,56,0,112,12.0536,0.00014576
987,38,24,17,8,78.875,0.0012552
988,9,5,6,6,84.4,0.00015656
989,18,18,0,36,12.0556,4.592e-05
990,4,4,0,8,12,8.48e-06
991,13,13,0,8,73.7692,0.00055436
992,57,53,4,10,80.3019,0.00300832
993,8,8,0,16,12,1.68e-05
994,44,44,0,88,12.0455,0.0001048
995,91,62,41,8,78.5323,0.00353656
996,50,50,0,100,12.06,0.00013648
997,61,61,0,122,12.0656,0.00016416
998,24,24,0,8,68.5,0.00126224
999,42,22,24,8,74.4091,0.00114572
1000,13,13,0,26,12,2.72e-05
1001,21,21,0,42,12.0476,5.28e-05
1002,99,75,32,10,78.56,0.00425816
1003,62,62,0,124,12.0645,0.00016656
1004,275,239,42,8,76.5481,0.0142249
1005,54,35,29,10,76.5714,0.00185672
1006,190,190,0,380,12.0579,0.00048016
1007,33,33,0,66,12.0606,8.576e-05
1008,27,14,15,8,80,0.00066456
1009,62,59,3,10,82.1864,0.0032868
1010,12,12,0,24,12,2.576e-05
1011,51,51,0,102,12.0392,0.00012032
1012,117,81,47,8,70.321,0.0047144
1013,7,7,0,8,62.1429,0.00024744
1014,68,68,0,136,12.0588,0.00017008
1015,5,5,0,10,12,1.056e-05
1016,87,63,31,8,68.5556,0.00362116
1017,28,22,6,8,82.4091,0.001102
1018,51,51,0,102,12.0588,0.0001392
1019,14,14,0,28,12,3.12e-05
1020,12,12,0,8,66.4167,0.00054936
1021,7,7,0,14,12,1.472e-05
1022,116,90,26,8,78.7778,0.0052248
1023,82,82,0,164,12.061,0.00023536
1024,17,11,8,8,73.9091,0.00044424
1025,108,108,0,216,12.0556,0.000268
1026,95,77,19,10,81.8442,0.00447808
1027,9,9,0,18,12,2.016e-05
1028,72,72,0,144,12.0556,0.00019472
1029,70,46,28,8,75.7826,0.0025602
1030,19,10,14,8,74.7,0.00039344
1031,44,44,0,88,12.0682,0.00012624
1032,7,7,0,14,12,1.472e-05
1033,34,31,3,8,83.5161,0.00166504
1034,20,20,0,40,12.05,4.496e-05
1035,47,38,9,8,82.1842,0.00207912
1036,27,27,0,54,12.037,6.432e-05
1037,22,22,0,8,74.5455,0.00113132
1038,12,12,0,24,12,2.512e-05
1039,18,18,0,8,57.2778,0.0008946
1040,10,10,0,20,12,2.096e-05
1041,29,29,0,8,68.0345,0.00152132
1042,16,16,0,32,12,3.344e-05
1043,58,41,17,8,70.9024,0.00228616
1044,135,111,24,8,79.5676,0.00652768
1045,6,6,0,8,72.6667,0.00017036
1046,1017,801,279,8,77.2996,0.0482272
1047,29,29,0,58,12.0345,7.008e-05
1048,74,74,0,148,12.0541,0.00018128
1049,23,11,12,6,72.4545,0.00052692
1050,4,4,0,8,12,8.48e-06
1051,617,617,0,1234,12.06,0.00150368
1052,61,53,11,10,80.9623,0.002968
1053,29,20,9,8,70.1,0.0009888
1054,14,14,0,28,12,2.928e-05
1055,20,13,7,8,79.3077,0.00060148
1056,46,46,0,92,12.0435,0.0001112
1057,14,14,0,28,12,2.992e-05
1058,9,9,0,18,12,1.984e-05
1059,13,13,0,8,79.4615,0.00060772
1060,285,191,146,8,78.4974,0.0113246
1061,8,8,0,16,12,1.68e-05
1062,183,183,0,366,12.0601,0.00045856
1063,28,15,23,8,78.1333,0.00069512
1064,9,9,0,18,12,1.888e-05
1065,293,244,55,10,78.2746,0.0145358
1066,105,80,37,8,79.275,0.00462104
1067,74,47,46,8,72.1064,0.00262856
1068,223,223,0,446,12.0628,0.00058112
1069,59,59,0,118,12.0508,0.000144
1070,36,36,0,72,12.0556,8.944e-05
1071,162,124,46,8,76.6371,0.00728592
1072,23,12,15,8,74.6667,0.00050596
1073,143,122,22,8,74.8525,0.00715636
1074,110,110,0,220,12.0636,0.00030288
1075,11,11,0,22,12,2.464e-05
1076,118,118,0,236,12.0593,0.00030608
1077,76,56,23,8,78.9107,0.00315936
1078,36,23,13,8,85.6087,0.00117608
1079,44,44,0,88,12.0455,0.00011664
1080,41,23,29,8,65.8261,0.00120956
1081,16,16,0,32,12,3.632e-05
1082,42,22,28,8,81.5909,0.00114904
1083,48,39,9,10,74.8205,0.00210288
1084,27,15,13,8,67.2,0.00070408
1085,99,56,53,8,70.5179,0.00320428
1086,20,20,0,40,12.05,4.688e-05
1087,18,18,0,36,12.0556,4.08e-05
1088,27,22,5,8,70.7727,0.00111696
1089,33,33,0,66,12.0606,8.224e-05
1090,13,13,0,26,12,3.072e-05
1091,51,51,0,102,12.0588,0.0001392
1092,19,16,3,8,83.4375,0.0007686
1093,13,13,0,26,12,2.816e-05
1094,18,15,3,8,81.9333,0.00071736
1095,10,10,0,20,12,2.192e-05
1096,9,9,0,18,12,1.888e-05
1097,116,93,31,8,70.6237,0.00539492
1098,33,24,9,8,84.75,0.00123084
1099,69,69,0,138,12.058,0.0001808
1100,17,17,0,34,12,4e-05
1101,103,81,36,10,63.9753,0.00468728
1102,32,26,6,8,79.6923,0.00136868
1103,176,116,78,8,77.2328,0.00682488
1104,14,9,9,8,78.2222,0.00035632
1105,66,66,0,132,12.0606,0.00017072
1106,16,16,0,32,12,3.664e-05
1107,106,106,0,212,12.066,0.00028496
1108,8,8,0,16,12,1.808e-05
1109,80,63,17,10,82.2222,0.00357552
1110,190,134,78,10,78.1194,0.00787704
1111,25,24,1,8,71.25,0.0012482
1112,14,14,0,28,12,2.928e-05
1113,146,121,32,8,81.0165,0.00709204
1114,60,52,8,10,82,0.00293456
1115,92,92,0,184,12.0543,0.00023728
1116,44,44,0,88,12.0455,0.00011088
1117,73,59,14,10,84.9492,0.00337816
1118,53,53,0,106,12.0566,0.00012864
1119,27,16,11,8,85.4375,0.00075924
1120,260,242,20,8,79.876,0.0144476
1121,12,12,0,24,12,2.704e-05
1122,170,170,0,340,12.0588,0.00040816
1123,8,8,0,8,72.625,0.00030712
1124,5,5,0,10,12,1.056e-05
1125,22,22,0,8,77.9545,0.00113208
1126,12,12,0,24,12,2.512e-05
1127,115,96,21,8,79.6979,0.0056044
1128,76,76,0,152,12.0526,0.00019632
1129,437,340,129,8,72.5765,0.0203714
1130,273,273,0,546,12.0586,0.00067904
1131,49,42,7,10,78.2619,0.00228016
1132,34,34,0,68,12.0588,8.208e-05
1133,12,12,0,8,67.6667,0.0005062
1134,15,15,0,8,77.1333,0.00071084
1135,7,7,0,14,12,1.472e-05
1136,36,29,7,8,85.069,0.00156876
1137,9,9,0,18,12,1.888e-05
1138,21,21,0,42,12.0476,5.12e-05
1139,80,61,23,10,77.2623,0.00345496
1140,51,51,0,102,12.0588,0.00013248
1141,90,89,1,8,70.4157,0.00516624
1142,69,69,0,138,12.0435,0.00015648
1143,54,43,11,8,71.4419,0.0023706
1144,73,65,8,8,61.0615,0.003732
1145,24,24,0,48,12.0417,5.008e-05
1146,49,49,0,98,12.0612,0.00011936
1147,46,40,6,8,65.325,0.00218896
1148,36,33,3,10,70.3939,0.0017728
1149,113,92,30,8,74.8043,0.00534552
1150,26,26,0,52,12.0385,6.192e-05
1151,23,23,0,46,12.0435,5.12e-05
1152,67,67,0,134,12.0448,0.00015744
1153,235,207,31,8,75.6763,0.0123422
1154,163,163,0,326,12.0613,0.00042656
1155,15,15,0,8,68.1333,0.00071216
1156,41,21,22,8,76.1905,0.00104096
1157,9,9,0,18,12,1.888e-05
1158,15,15,0,30,12,3.392e-05
1159,56,56,0,112,12.0536,0.00015184
1160,111,111,0,222,12.0541,0.00027968
1161,406,254,230,8,74.8425,0.0151834
1162,58,28,43,8,77.3214,0.00147512
1163,54,25,30,8,78.08,0.00131024
1164,206,206,0,412,12.0583,0.00050416
1165,39,18,26,8,75.5556,0.00088444
1166,27,27,0,54,12.037,7.072e-05
1167,23,23,0,46,12.0435,6.08e-05
1168,66,58,8,10,74,0.00330944
1169,15,15,0,30,12,3.328e-05
1170,47,47,0,94,12.0426,0.0001056
1171,10,10,0,8,75.3,0.0004
1172,134,122,12,8,75.041,0.00717488
1173,6,6,0,12,12,1.264e-05
1174,79,79,0,158,12.0506,0.00018464
1175,108,89,22,10,74.7528,0.00517984
1176,59,59,0,118,12.0508,0.00013984
1177,27,25,2,8,81.28,0.00129548
1178,19,19,0,8,61.2105,0.00093864
1179,11,11,0,22,12,2.304e-05
1180,28,24,4,8,82.4167,0.0012716
1181,14,14,0,28,12,3.024e-05
1182,40,36,5,10,73.1389,0.00199272
1183,100,79,23,10,76.0127,0.0044932
1184,23,23,0,46,12.0435,5.056e-05
1185,72,72,0,144,12.0556,0.00018608
1186,82,47,48,8,71.1702,0.00265424
1187,39,39,0,78,12.0513,9.92e-05
1188,44,44,0,8,64.25,0.00245052
1189,23,23,0,46,12.0435,4.8e-05
1190,44,26,26,8,79.0385,0.00134452
1191,24,24,0,48,12.0417,6.416e-05
1192,21,21,0,8,76.7619,0.0010846
1193,61,43,18,10,76.0233,0.00234408
1194,23,14,11,8,79.0714,0.00065672
1195,29,16,13,8,77.5625,0.00074268
1196,12,12,0,24,12,2.512e-05
1197,40,40,0,80,12.05,0.00010928
1198,11,11,0,22,12,2.464e-05
1199,14,14,0,28,12,3.696e-05
1200,478,370,125,8,78.6919,0.022195
1201,293,293,0,586,12.0648,0.00077376
1202,105,80,41,8,79.125,0.00461324
1203,28,17,11,8,75.5294,0.00080296
1204,32,19,24,8,79.8421,0.00093424
1205,61,61,0,122,12.0492,0.00014784
1206,12,12,0,24,12,2.64e-05
1207,14,14,0,28,12,3.12e-05
1208,66,46,20,8,76.7609,0.00255932
1209,38,38,0,76,12.0526,0.0001048
1210,94,66,28,8,80.6515,0.00380904
1211,203,169,35,10,79.5562,0.0100238
1212,156,112,53,10,73.6518,0.00658688
1213,144,100,58,8,74.56,0.00584028
1214,60,60,0,120,12.05,0.0001544
1215,156,156,0,312,12.0577,0.00038896
1216,80,80,0,160,12.05,0.00018416
1217,88,88,0,176,12.0568,0.0002296
1218,18,18,0,8,57.5,0.00091272
1219,37,37,0,6,74.8919,0.00206248
1220,10,10,0,20,12,2.096e-05
1221,20,20,0,40,12.05,4.176e-05
1222,92,69,36,8,75.4783,0.0039708
1223,42,23,28,8,73,0.0012142
1224,56,56,0,112,12.0536,0.00013328
1225,15,15,0,30,12,3.232e-05
1226,167,135,42,8,79.2148,0.00793796
1227,121,121,0,242,12.0579,0.00030816
1228,61,44,17,10,78.7727,0.0024524
1229,87,52,35,8,81.4423,0.00292496
1230,29,17,12,8,73.8235,0.00080584
1231,41,41,0,82,12.0488,0.00010528
1232,48,48,0,96,12.0625,0.00012496
1233,15,15,0,30,12,3.68e-05
1234,88,66,27,8,76.3788,0.00380588
1235,6,6,0,8,74.5,0.0001666
1236,55,42,13,8,80.0238,0.00232756
1237,40,20,27,8,74.7,0.0010128
1238,53,53,0,106,12.0566,0.00014432
1239,4,4,0,8,12,8.48e-06
1240,33,33,0,66,12.0606,8.448e-05
1241,16,16,0,32,12,3.696e-05
1242,363,312,63,10,75.5449,0.0186439
1243,105,64,56,8,75.4062,0.003661
1244,260,260,0,520,12.0615,0.00065808
1245,55,55,0,110,12.0545,0.00013696
1246,14,14,0,28,12,2.928e-05
1247,343,287,67,10,77.7213,0.01708
1248,178,95,115,8,78.1263,0.00553292
1249,252,252,0,504,12.0635,0.0006696
1250,86,86,0,172,12.0581,0.00021584
1251,490,315,241,8,77.3238,0.018865
1252,278,278,0,556,12.0612,0.00072624
1253,242,202,51,8,75.4356,0.0120244
1254,26,13,15,8,69.8462,0.00059544
1255,156,156,0,312,12.0577,0.00038256
1256,10,10,0,20,12,2.288e-05
1257,44,24,29,8,83.2083,0.00123064
1258,138,109,37,10,78.8716,0.00633312
1259,22,22,0,44,12.0455,5.264e-05
1260,100,100,0,200,12.06,0.00026448
1261,69,42,44,8,77.381,0.00236112
1262,8,8,0,8,83.625,0.00027948
1263,38,38,0,76,12.0526,8.912e-05
1264,5,5,0,10,12,1.056e-05
1265,55,32,33,8,74.8438,0.00170636
1266,28,28,0,56,12.0357,7.28e-05
1267,60,41,20,10,69.0732,0.00230296
1268,39,39,0,78,12.0513,0.000104
1269,137,109,46,8,71.6514,0.00638268
1270,199,155,63,10,78.7742,0.00918824
1271,83,83,0,166,12.0602,0.00020512
1272,123,123,0,246,12.0569,0.00030592
1273,65,46,29,10,73.2826,0.0025236
1274,78,56,29,8,67.2679,0.0031978
1275,250,217,39,10,72.4194,0.0128762
1276,18,11,7,8,54.4545,0.00044592
1277,57,36,38,8,76.5833,0.0019794
1278,44,44,0,88,12.0455,0.00011664
1279,156,156,0,312,12.0577,0.00040048
1280,9,9,0,18,12,2.016e-05
1281,32,32,0,64,12.0625,8.08e-05
1282,34,18,23,8,83.7778,0.00089332
1283,115,89,41,8,73.8876,0.0051756
1284,210,144,85,10,75.7153,0.00842976
1285,11,11,0,22,12,2.4e-05
1286,60,60,0,120,12.05,0.00014448
1287,133,133,0,266,12.0602,0.00034528
1288,23,23,0,8,72.6087,0.00119444
1289,51,33,18,8,68.1818,0.00180092
1290,49,26,24,8,77.7692,0.00137236
1291,13,13,0,26,12,2.72e-05
1292,30,30,0,60,12.0667,8.432e-05
1293,47,25,24,8,73,0.00131076
1294,15,15,0,30,12,3.136e-05
1295,23,23,0,46,12.0435,5.824e-05
1296,41,32,9,8,76.75,0.00174092
1297,34,19,15,8,77.0526,0.00096328
1298,112,86,45,8,74.9419,0.00502272
1299,20,20,0,40,12.05,4.336e-05
1300,14,14,0,28,12,3.088e-05
1301,74,74,0,148,12.0541,0.00018768
1302,16,16,0,8,40.5625,0.00078036
1303,9,9,0,18,12,1.888e-05
1304,60,55,5,10,81.9273,0.00308448
1305,41,41,0,82,12.0488,0.00010176
1306,189,105,107,8,78.5524,0.00612608
1307,35,17,26,8,78.5882,0.00084516
1308,98,98,0,196,12.0612,0.00027472
1309,11,11,0,8,76,0.00045744
1310,14,14,0,28,12,3.056e-05
1311,98,70,33,8,82.7143,0.004046
1312,25,14,16,8,81.4286,0.00063224
1313,7,7,0,14,12,1.472e-05
1314,62,62,0,124,12.0645,0.00017744
1315,20,13,7,8,77.6923,0.00060536
1316,11,11,0,22,12,2.592e-05
1317,56,40,23,10,82.325,0.00216544
1318,9,9,0,18,12,1.888e-05
1319,35,35,0,70,12.0571,8.96e-05
1320,14,14,0,8,75.9286,0.00062856
1321,57,34,31,8,82.1471,0.0018238
1322,8,8,0,16,12,1.68e-05
1323,32,32,0,64,12.0625,9.264e-05
1324,10,10,0,8,86.1,0.00039748
1325,6,6,0,12,12,1.264e-05
1326,100,77,25,8,80.2208,0.0044674
1327,219,147,96,8,78.7279,0.00867308
1328,69,69,0,138,12.058,0.0001872
1329,140,140,0,280,12.0643,0.00039856
1330,86,66,29,8,78.6667,0.00379412
1331,63,63,0,126,12.0476,0.00015232
1332,48,25,40,8,79.48,0.0013248
1333,55,29,33,8,79.5517,0.0015412
1334,322,258,78,8,79.438,0.015393
1335,27,27,0,54,12.037,7.36e-05
1336,212,212,0,424,12.0613,0.00053488
1337,86,63,23,10,80.9524,0.00352952
1338,40,20,36,8,82.2,0.00098664
1339,57,57,0,114,12.0702,0.00016256
1340,571,388,251,6,76.4021,0.0233347
1341,14,14,0,28,12,3.184e-05
1342,70,41,45,8,76.1463,0.00229332
1343,35,25,10,6,79.24,0.00137216
1344,348,348,0,696,12.0632,0.0009016
1345,78,48,42,8,74.6875,0.00267376
1346,25,25,0,50,12.04,5.856e-05
1347,34,24,10,8,71.4583,0.0012194
1348,43,43,0,86,12.0465,0.0001104
1349,17,17,0,34,12.0588,4.032e-05
1350,10,10,0,8,65.8,0.00037216
1351,44,44,0,88,12.0455,0.00012112
1352,44,35,9,8,78.6,0.0019358
1353,27,15,13,8,80.4667,0.00069076
1354,6,6,0,12,12,1.264e-05
1355,27,27,0,54,12.037,6.976e-05
1356,12,12,0,24,12,2.864e-05
1357,27,21,6,8,84.5714,0.00106936
1358,13,13,0,26,12,2.784e-05
1359,19,19,0,8,71.8947,0.0009402
1360,11,11,0,22,12,2.304e-05
1361,140,105,46,10,78.5714,0.00607648
1362,93,93,0,186,12.0645,0.00026176
1363,66,38,41,8,78.5263,0.00206508
1364,34,34,0,68,12.0588,8.464e-05
1365,107,74,35,10,78.8378,0.00426464
1366,63,63,0,126,12.0635,0.00017408
1367,15,11,5,8,70.4545,0.00046668
1368,80,67,13,10,80.8358,0.0038352
1369,102,64,63,8,77.8906,0.00368372
1370,142,92,85,8,76.5435,0.00534168
1371,8,8,0,16,12,1.68e-05
1372,61,61,0,122,12.0492,0.00015456
1373,58,58,0,116,12.0517,0.00014192
1374,84,84,0,168,12.0595,0.0002072
1375,184,149,52,8,77.7651,0.00880744
1376,136,136,0,272,12.0588,0.00033936
1377,5,5,0,8,78.8,0.00011048
1378,139,104,44,10,81.1538,0.00600336
1379,24,20,4,8,82.45,0.00101852
1380,27,15,14,8,67.3333,0.00070644
1381,4,4,0,8,12,8.48e-06
1382,91,91,0,182,12.0659,0.00024128
1383,12,12,0,24,12,2.576e-05
1384,22,22,0,8,69.6818,0.00112232
1385,11,11,0,22,12,2.368e-05
1386,65,50,18,8,81.56,0.00281352
1387,12,12,0,24,12,2.512e-05
1388,42,42,0,84,12.0476,0.00010448
1389,111,91,23,8,78.0879,0.00529108
1390,264,184,121,8,79.8533,0.0109135
1391,114,71,65,6,78.1268,0.00413784
1392,73,73,0,146,12.0548,0.00018464
1393,5,5,0,8,75.8,9.096e-05
1394,167,167,0,334,12.0599,0.0004384
1395,69,69,0,138,12.058,0.00017568
1396,4,4,0,8,12,8.48e-06
1397,121,82,63,10,75.5854,0.00474264
1398,216,142,129,8,79.9437,0.0084114
1399,83,63,30,8,78.7619,0.00359512
1400,76,76,0,152,12.0658,0.00021136
1401,140,140,0,280,12.0643,0.00038768
1402,58,58,0,116,12.069,0.00016688
1403,62,31,47,8,77.3226,0.00168052
1404,77,47,41,8,74.4681,0.00260964
1405,23,23,0,46,12.0435,6.016e-05
1406,42,25,33,8,79.4,0.00127952
1407,30,30,0,60,12.0667,7.952e-05
1408,43,26,17,8,75.3077,0.00134948
1409,39,39,0,78,12.0513,9.152e-05
1410,42,36,6,10,65.5833,0.00197904
1411,22,22,0,44,12.0455,5.904e-05
1412,95,76,24,8,82.3816,0.00440184
1413,22,22,0,44,12.0455,5.68e-05
1414,32,25,7,8,81.96,0.00130268
1415,254,204,74,8,75.4657,0.0121587
1416,17,17,0,34,12,4e-05
1417,173,173,0,346,12.0578,0.0004288
1418,38,38,0,76,12.0526,0.00010096
1419,345,268,91,8,77.1716,0.0159863
1420,236,236,0,472,12.0593,0.00060496
1421,82,65,17,10,81.8615,0.00371208
1422,56,56,0,112,12.0536,0.00014192
1423,201,133,111,6,80.2707,0.00791988
1424,115,115,0,230,12.0609,0.00030272
1425,264,196,93,8,75.199,0.0116422
1426,49,24,41,8,78.125,0.00126672
1427,243,170,99,6,77.2118,0.010109
1428,179,179,0,358,12.067,0.00051008
1429,135,93,62,8,67.5269,0.00540624
1430,15,15,0,30,12,3.328e-05
1431,9,8,1,8,75.125,0.00029692
1432,147,147,0,294,12.0612,0.00039392
1433,94,94,0,188,12.0638,0.00023856
1434,21,21,0,8,77.5238,0.00108992
1435,36,18,20,8,76.8889,0.00086944
1436,12,12,0,24,12,2.512e-05
1437,16,16,0,32,12.0625,4.08e-05
1438,20,20,0,8,56.1,0.0010184
1439,11,11,0,22,12,2.304e-05
1440,49,36,14,8,68.7222,0.00194864
1441,192,129,83,8,78.3566,0.00762248
1442,21,21,0,42,12.0476,4.384e-05
1443,124,124,0,248,12.0645,0.00034192
1444,448,279,242,8,79.6667,0.0166555
1445,263,263,0,526,12.0684,0.0007328
1446,32,17,16,8,84,0.00080512
1447,11,11,0,22,12,2.4e-05
1448,58,35,35,10,76.4857,0.0018468
1449,90,59,48,8,74.6271,0.00335136
1450,31,31,0,62,12.0645,8.32e-05
1451,52,52,0,104,12.0577,0.00012944
1452,263,209,61,8,73.1148,0.0124451
1453,61,39,40,8,75.6154,0.0021654
1454,27,12,23,8,80.5,0.00051748
1455,188,188,0,376,12.0638,0.00049808
1456,37,37,0,74,12.0541,9.664e-05
1457,10,10,0,20,12,2.128e-05
1458,71,48,34,8,73.8125,0.00272064
1459,115,73,54,10,75.2877,0.00422488
1460,46,46,0,92,12.0435,0.00011632
1461,68,68,0,136,12.0588,0.00017584
1462,25,25,0,50,12.04,5.728e-05
1463,58,58,0,116,12.0517,0.00014416
1464,88,55,43,6,78.8364,0.00319288
1465,41,23,24,8,78.913,0.00118084
1466,54,54,0,108,12.0556,0.00014096
1467,54,41,13,8,82.8049,0.00226208
1468,20,20,0,40,12.05,4.784e-05
1469,33,33,0,66,12.0606,8.384e-05
1470,153,110,73,8,76.2727,0.0064534
1471,81,81,0,162,12.0494,0.00019584
1472,215,145,89,8,78.331,0.0085506
1473,135,135,0,270,12.0667,0.00037824
1474,59,45,23,8,71.8222,0.00251
1475,22,18,4,8,82.2222,0.0008784
1476,147,90,88,8,78.9444,0.00524532
1477,137,87,74,8,78.3448,0.00514008
1478,33,33,0,66,12.0606,8.576e-05
1479,11,11,0,22,12,2.304e-05
1480,80,80,0,160,12.0625,0.00020976
1481,80,80,0,160,12.0625,0.00020304
1482,36,26,10,8,80.5,0.00136272
1483,218,133,105,8,78.5113,0.00786756
1484,45,27,18,8,79.3333,0.00141656
1485,18,18,0,36,12.0556,4.112e-05
1486,11,11,0,8,63,0.00044376
1487,128,128,0,256,12.0625,0.00034544
1488,25,25,0,50,12.04,5.984e-05
1489,61,48,17,8,76.7292,0.0026874
1490,7,7,0,14,12,1.472e-05
1491,66,45,26,8,79.3333,0.00251504
1492,40,40,0,80,12.05,9.68e-05
1493,42,42,0,84,12.0476,0.00011632
1494,44,42,2,8,79.0714,0.00232348
1495,23,23,0,46,12.0435,4.896e-05
1496,75,54,21,8,77.2037,0.00307688
1497,356,260,129,10,78.3115,0.0154734
1498,150,129,24,8,79.3178,0.00758732
1499,102,55,64,8,78.2909,0.00311036
1500,45,45,0,90,12.0667,0.00012128
1501,247,247,0,494,12.0648,0.00066112
1502,5,5,0,10,12,1.056e-05
1503,106,106,0,212,12.0566,0.00026896
1504,53,53,0,106,12.0566,0.00013952
1505,20,16,4,8,83.375,0.00077428
1506,11,11,0,22,12,2.464e-05
1507,46,42,4,10,77.5714,0.0023268
1508,43,22,29,8,79.5909,0.00113896
1509,32,32,0,64,12.0312,7.184e-05
1510,19,19,0,38,12.0526,4.512e-05
1511,106,83,34,10,81.1205,0.00476888
1512,73,73,0,146,12.0548,0.00018496
1513,59,41,24,8,82.8049,0.00226848
1514,33,33,0,66,12.0606,8.896e-05
1515,102,72,33,8,79.5556,0.00416732
1516,65,65,0,130,12.0615,0.000184
1517,163,111,65,10,80.7748,0.00644224
1518,100,100,0,200,12.06,0.00024912
1519,81,50,44,8,81.2,0.00284812
1520,324,214,160,8,77.7617,0.0127408
1521,46,46,0,92,12.0435,0.00012112
1522,120,76,57,8,80.5132,0.00437148
1523,191,191,0,382,12.0628,0.00049888
1524,33,19,25,8,80.7368,0.0009608
1525,73,73,0,146,12.0548,0.00018432
1526,125,91,44,8,79.1758,0.00528076
1527,12,12,0,24,12,2.512e-05
1528,157,119,42,8,79.084,0.0069734
1529,57,37,20,10,78.2162,0.00195464
1530,75,75,0,150,12.0533,0.00019776
1531,113,113,0,226,12.0619,0.00030016
1532,34,34,0,68,12.0588,9.584e-05
1533,34,29,5,8,81.5172,0.00154268
1534,16,14,2,8,80.8571,0.00066748
1535,96,64,50,10,83.9219,0.00359632
1536,20,20,0,40,12.05,4.496e-05
1537,19,14,5,8,78.1429,0.00066784
1538,9,9,0,18,12,1.888e-05
1539,52,52,0,104,12.0577,0.00013264
1540,214,139,87,8,75.777,0.00822124
1541,75,49,42,8,74.9184,0.00274076
1542,9,9,0,18,12,1.888e-05
1543,47,29,26,10,75.2414,0.0015196
1544,134,134,0,268,12.0597,0.00034256
1545,36,36,0,72,12.0556,8.144e-05
1546,27,27,0,54,12.037,6.656e-05
1547,48,26,31,8,78.3462,0.00139604
1548,49,22,43,8,79.2727,0.00113032
1549,7,6,1,8,78.8333,0.00016384
1550,13,8,9,8,77,0.00029524
1551,21,21,0,42,12.0476,5.248e-05
1552,18,18,0,36,12.0556,4.304e-05
1553,5,5,0,10,12,1.056e-05
1554,6,6,0,12,12,1.36e-05
1555,270,219,59,8,77.9909,0.0130666
1556,39,22,22,8,64.8182,0.00112468
1557,189,189,0,378,12.0635,0.0005152
1558,14,14,0,28,12,2.992e-05
1559,13,9,4,8,72,0.00035744
1560,7,7,0,14,12,1.6e-05
1561,42,20,26,8,78.05,0.00100952
1562,40,20,25,8,77.95,0.00102296
1563,16,16,0,32,12,3.536e-05
1564,15,15,0,30,12,3.264e-05
1565,15,10,5,8,83.3,0.00042036
1566,12,9,3,8,73.6667,0.00033004
1567,51,39,12,8,80.4359,0.00214368
1568,8,8,0,16,12,1.936e-05
1569,6,6,0,12,12,1.264e-05
1570,31,31,0,62,12.0323,8e-05
1571,48,21,34,8,78.8095,0.0010456
1572,86,50,63,8,73.2,0.00280432
1573,19,19,0,38,12.0526,4.864e-05
1574,42,42,0,84,12.0476,0.00010384
1575,27,16,11,8,77.8125,0.00076984
1576,12,12,0,24,12,2.544e-05
1577,17,10,10,8,76.6,0.00039516
1578,53,23,44,8,78.4348,0.00119632
1579,9,9,0,18,12,1.952e-05
1580,21,15,8,8,82.4,0.00068732
1581,18,18,0,36,12.0556,3.92e-05
1582,32,23,9,8,84.3478,0.00118628
1583,11,11,0,22,12,2.368e-05
1584,16,16,0,32,12,3.536e-05
1585,42,22,31,8,80,0.0011478
1586,19,19,0,38,12.0526,4.8e-05
1587,11,11,0,8,70.4545,0.00046388
1588,79,67,13,10,79.597,0.00384272
1589,7,7,0,14,12,1.472e-05
1590,58,58,0,116,12.0517,0.00014896
1591,123,72,88,8,78.4028,0.00413572
1592,44,31,18,8,74.0968,0.00166008
1593,59,59,0,118,12.0508,0.00014528
1594,27,27,0,54,12.037,7.232e-05
1595,57,29,32,8,77.1379,0.00156568
1596,27,27,0,54,12.037,6.752e-05
1597,274,211,87,8,77.0995,0.0125696
1598,78,66,15,8,78.3182,0.00377564
1599,172,172,0,344,12.064,0.00045552
1600,14,7,7,8,79.2857,0.00022048
1601,57,57,0,114,12.0526,0.00014208
1602,58,39,26,8,83.3333,0.00216168
1603,6,6,0,12,12,1.264e-05
1604,75,46,45,8,83.2609,0.00256928
1605,55,29,39,10,82.1034,0.00149376
1606,60,33,38,8,78.0606,0.00181608
1607,74,43,48,6,78.3256,0.0024274
1608,32,32,0,64,12.0312,7.728e-05
1609,62,39,29,10,80.6923,0.00208352
1610,44,44,0,88,12.0455,0.0001208
1611,116,97,19,10,82.2268,0.00566872
1612,27,27,0,54,12.037,7.712e-05
1613,29,29,0,58,12.0345,7.552e-05
1614,38,38,0,76,12.0526,9.072e-05
1615,36,36,0,72,12.0556,0.0001048
1616,27,15,12,8,80.0667,0.00070176
1617,84,69,15,8,77.8116,0.00396068
1618,12,12,0,24,12,2.64e-05
1619,61,61,0,122,12.0492,0.0001536
1620,111,74,45,8,74.6622,0.00425988
1621,73,42,34,8,78.0952,0.00234304
1622,56,56,0,112,12.0536,0.00014288
1623,126,83,49,8,73.3373,0.00483808
1624,35,35,0,70,12.0571,9.152e-05
1625,78,78,0,156,12.0641,0.00021136
1626,70,45,25,8,72.1556,0.0024938
1627,37,19,18,8,73.2632,0.00095324
1628,86,65,22,8,79.6154,0.00374976
1629,84,64,20,10,80.4844,0.0036908
1630,35,35,0,70,12.0571,8.864e-05
1631,6,6,0,8,58.6667,0.00018004
1632,16,16,0,32,12,3.504e-05
1633,60,60,0,120,12.05,0.00015888
1634,13,13,0,8,71.0769,0.00057952
1635,61,61,0,122,12.0492,0.0001472
1636,4,4,0,8,12,8.48e-06
1637,8,8,0,16,12,1.68e-05
1638,29,14,23,8,79.1429,0.0006522
1639,19,12,7,8,68.0833,0.00049956
1640,113,66,67,8,77.6364,0.00379092
1641,10,10,0,20,12,2.096e-05
1642,9,9,0,18,12,1.984e-05
1643,62,62,0,124,12.0645,0.00016336
1644,8,8,0,8,84.375,0.00028288
1645,243,175,86,8,67.7886,0.0103718
1646,61,35,33,8,73.7143,0.00189696
1647,5,5,0,10,12,1.056e-05
1648,144,144,0,288,12.0625,0.0003688
1649,202,140,66,10,74.5214,0.008222
1650,32,32,0,64,12.0625,8.56e-05
1651,116,116,0,232,12.069,0.00032688
1652,13,9,4,8,83.6667,0.00031784
1653,60,38,22,8,69.7105,0.00207796
1654,36,17,20,8,75.9412,0.0008428
1655,7,7,0,14,12,1.472e-05
1656,34,34,0,68,12.0588,8.912e-05
1657,180,139,52,10,65.5396,0.00816664
1658,15,15,0,30,12,3.488e-05
1659,46,38,13,8,74.9211,0.00212032
1660,118,118,0,236,12.0593,0.000308
1661,27,27,0,54,12.037,6.688e-05
1662,17,11,6,8,72.8182,0.00045628
1663,9,9,0,18,12,1.984e-05
1664,36,24,13,8,82.625,0.00124268
1665,170,121,58,8,76.7934,0.00712848
1666,19,19,0,38,12.0526,4.608e-05
1667,95,95,0,190,12.0632,0.0002464
1668,72,58,14,8,67.069,0.0033098
1669,70,51,20,8,77.4902,0.00286256
1670,43,43,0,86,12.0465,0.00011168
1671,47,47,0,94,12.0426,0.00011648
1672,37,34,3,8,68.7647,0.00183876
1673,20,20,0,40,12.05,4.432e-05
1674,22,16,7,8,77.1875,0.0007738
1675,72,59,15,10,78.4915,0.00336616
1676,10,10,0,20,12,2.096e-05
1677,52,52,0,104,12.0577,0.00012688
1678,80,59,21,8,77.4068,0.00338996
1679,43,43,0,86,12.0465,0.00011328
1680,78,78,0,156,12.0641,0.00020464
1681,13,13,0,8,78.8462,0.00058796
1682,8,8,0,16,12,1.68e-05
1683,33,33,0,8,80.8485,0.00180136
1684,18,18,0,36,12,3.76e-05
1685,248,209,59,10,73.3206,0.0124588
1686,62,34,47,8,62.4706,0.0018354
1687,158,158,0,316,12.057,0.00039472
1688,23,23,0,46,12.0435,5.12e-05
1689,84,65,25,8,82.8,0.00374424
1690,52,52,0,104,12.0577,0.00013296
1691,65,44,30,8,71.8182,0.00245992
1692,35,35,0,70,12.0571,8.992e-05
1693,8,8,0,8,71.5,0.000307
1694,24,20,4,8,80.95,0.00100944
1695,5,5,0,10,12,1.056e-05
1696,12,12,0,24,12,2.512e-05
1697,28,27,2,8,73.963,0.00144444
1698,15,15,0,30,12,3.2e-05
1699,24,23,1,8,74.8261,0.00120484
1700,80,60,20,8,71.7667,0.00340196
1701,13,13,0,26,12,2.72e-05
1702,56,56,0,112,12.0536,0.00013872
1703,19,19,0,8,46,0.00096472
1704,56,55,1,6,64.2364,0.00320668
1705,11,11,0,22,12,2.304e-05
1706,36,36,0,72,12.0278,7.504e-05
1707,14,14,0,8,77.7857,0.00064272
1708,38,22,21,8,47.9091,0.00114092
1709,8,8,0,16,12,1.68e-05
1710,19,19,0,38,12.0526,4.416e-05
1711,82,67,16,8,72.9851,0.00382328
1712,25,16,11,8,68.75,0.00077128
1713,24,13,17,8,82.3846,0.00058436
1714,61,61,0,122,12.0492,0.00015552
1715,11,11,0,22,12,2.304e-05
1716,8,8,0,16,12,1.68e-05
1717,42,42,0,8,63.5714,0.0023274
1718,22,22,0,44,12.0455,4.592e-05
1719,112,92,25,10,56.2609,0.00535288
1720,62,62,0,124,12.0484,0.0001496
1721,40,39,1,10,63.9744,0.00217128
1722,354,254,148,8,68.7638,0.0151463
1723,34,18,29,8,68.3889,0.00090744
1724,28,28,0,56,12.0357,6.16e-05
1725,201,201,0,402,12.0547,0.00047968
1726,14,14,0,28,12,3.216e-05
1727,45,36,9,8,67.5833,0.00198628
1728,105,76,29,10,75,0.00436784
1729,53,33,20,10,75.1212,0.00174424
1730,63,63,0,126,12.0635,0.00017664
1731,31,31,0,62,12.0645,8.672e-05
1732,78,61,17,10,80.8525,0.00342056
1733,54,54,0,108,12.0556,0.00013776
1734,144,124,25,8,73.6694,0.00727268
1735,7,7,0,8,77.7143,0.00023084
1736,91,91,0,182,12.0549,0.00021856
1737,5,5,0,10,12,1.056e-05
1738,34,34,0,8,80.7059,0.0018684
1739,18,18,0,36,12,3.76e-05
1740,14,12,2,8,82.1667,0.00055024
1741,46,39,7,10,65.4359,0.00212256
1742,8,8,0,16,12,1.68e-05
1743,32,32,0,64,12.0312,7.728e-05
1744,52,49,3,8,68.9184,0.00273404
1745,17,17,0,8,69.7059,0.00082188
1746,27,27,0,54,12.037,5.824e-05
1747,10,10,0,20,12,2.096e-05
1748,176,149,29,10,75.4564,0.00879464
1749,18,18,0,8,56,0.00090216
1750,125,125,0,250,12.064,0.00034528
1751,10,10,0,20,12,2.096e-05
1752,168,127,54,8,73.9213,0.0074828
1753,117,117,0,234,12.0684,0.0003296
1754,23,16,7,8,72.75,0.00077648
1755,34,19,21,8,74.2632,0.00094496
1756,133,113,33,10,73.8142,0.00658064
1757,10,10,0,20,12,2.16e-05
1758,11,11,0,22,12,2.336e-05
1759,76,76,0,152,12.0526,0.0001752
1760,61,52,9,10,75.3269,0.00289688
1761,101,64,52,8,67.5156,0.00369252
1762,45,45,0,90,12.0444,0.00011008
1763,44,44,0,88,12.0455,0.00010352
1764,29,29,0,8,76.4828,0.00156464
1765,15,15,0,8,78.5333,0.00068956
1766,16,16,0,32,12,3.344e-05
1767,9,9,0,18,12,1.888e-05
1768,30,30,0,8,49.0333,0.00159572
1769,16,16,0,32,12,3.344e-05
1770,24,24,0,8,56.7083,0.00125552
1771,13,13,0,26,12,2.72e-05
1772,713,645,80,10,74.6636,0.0387702
1773,447,447,0,894,12.0582,0.0010832
1774,69,57,12,6,81.2456,0.00329008
1775,46,46,0,92,12.0435,0.0001112
1776,39,19,27,8,76.8947,0.00096556
1777,46,34,12,8,82,0.00188028
1778,16,16,0,32,12,3.504e-05
1779,27,27,0,54,12.037,6.592e-05
1780,136,97,52,10,73.0825,0.0056252
1781,85,85,0,170,12.0706,0.0002432
1782,30,23,7,8,80.1304,0.00116596
1783,754,593,228,10,74.312,0.0355917
1784,14,14,0,28,12,2.992e-05
1785,509,509,0,1018,12.0629,0.00132576
1786,191,163,41,8,79.2761,0.00965712
1787,21,21,0,42,12.0476,4.48e-05
1788,127,127,0,254,12.0551,0.00030976
1789,52,45,7,10,79.0667,0.00252344
1790,36,36,0,72,12.0556,8.976e-05
1791,88,69,21,8,80.4928,0.00397864
1792,54,54,0,108,12.0556,0.00014384
1793,106,79,37,8,79.2658,0.004555
1794,67,67,0,134,12.0597,0.00018944
1795,68,47,39,10,67.2979,0.00261888
1796,44,44,0,88,12.0455,0.00010864
1797,235,171,87,8,79.269,0.0101099
1798,45,37,8,10,82.1892,0.00201128
1799,155,155,0,310,12.0645,0.00042752
1800,30,30,0,60,12.0333,7.344e-05
1801,47,37,10,10,80.4324,0.00199184
1802,36,21,20,8,70.7143,0.00106484
1803,68,48,20,8,76.2292,0.00272104
1804,74,58,16,10,80.2241,0.00326176
1805,26,26,0,52,12.0385,6.192e-05
1806,19,19,0,38,12.0526,4.672e-05
1807,37,37,0,74,12.0541,9.632e-05
1808,54,54,0,108,12.0556,0.00013232
1809,15,15,0,8,69.6667,0.00072108
1810,9,9,0,18,12,1.888e-05
1811,51,34,18,8,85.5882,0.0018436
1812,29,29,0,58,12.0345,7.488e-05
1813,106,84,27,10,77.6905,0.00479888
1814,72,72,0,144,12.0556,0.00018832
1815,81,71,10,6,83.169,0.00417572
1816,61,61,0,122,12.0492,0.00014656
1817,97,58,47,8,76.9828,0.00332984
1818,54,54,0,108,12.0556,0.00014416
1819,26,20,7,8,82.5,0.00099404
1820,61,44,21,8,68.2727,0.00242968
1821,13,13,0,26,12,2.848e-05
1822,39,39,0,78,12.0513,0.00010016
1823,24,24,0,8,60.6667,0.00126504
1824,20,20,0,8,74.95,0.00098372
1825,99,77,25,8,73.2468,0.00442852
1826,13,13,0,26,12,2.72e-05
1827,11,11,0,22,12,2.304e-05
1828,69,69,0,138,12.058,0.00018656
1829,53,42,11,8,68.1429,0.00234956
1830,14,14,0,8,80.8571,0.00065868
1831,105,79,37,10,72.6076,0.0045064
1832,49,28,36,8,76.3571,0.00150512
1833,28,28,0,56,12.0357,6.448e-05
1834,8,8,0,16,12,1.68e-05
1835,69,69,0,138,12.058,0.00017792
1836,26,26,0,52,12.0385,6.224e-05
1837,127,120,7,8,77.7667,0.0070432
1838,88,88,0,176,12.0568,0.00021936
1839,70,55,23,10,83.5636,0.00312208
1840,47,47,0,94,12.0426,0.00010976
1841,130,102,31,10,77.3922,0.00596728
1842,148,105,48,8,77.4381,0.00612152
1843,476,245,367,10,77.6898,0.0145961
1844,87,87,0,174,12.0575,0.00023616
1845,96,96,0,192,12.0625,0.000268
1846,9,9,0,8,75.8889,0.0003378
1847,237,237,0,474,12.0633,0.00062976
1848,25,16,9,8,80.5625,0.0007566
1849,6,6,0,12,12,1.264e-05
1850,12,12,0,24,12,2.544e-05
1851,52,37,19,8,72.3243,0.00203072
1852,74,44,47,8,77.6818,0.00246952
1853,73,37,49,8,77.973,0.00201076
1854,118,92,26,8,74.0326,0.0053882
1855,31,31,0,62,12.0323,7.904e-05
1856,40,40,0,80,12.05,9.712e-05
1857,35,35,0,70,12.0571,9.664e-05
1858,78,78,0,156,12.0513,0.00019248
1859,19,19,0,8,54.5263,0.00094728
1860,142,139,5,8,81.5396,0.00820512
1861,11,11,0,22,12,2.304e-05
1862,81,81,0,162,12.0494,0.00017632
1863,42,21,25,8,80.5238,0.00105228
1864,50,33,32,8,76.7576,0.00176364
1865,49,28,25,8,76.2143,0.00150928
1866,15,15,0,30,12,3.456e-05
1867,29,29,0,58,12.0345,6.944e-05
1868,22,22,0,8,75.4545,0.00109728
1869,25,25,0,50,12.04,6.272e-05
1870,38,24,15,8,80.2083,0.0012272
1871,45,33,13,6,71.1212,0.00185124
1872,12,12,0,24,12,2.512e-05
1873,45,22,38,8,78.1364,0.00111328
1874,18,18,0,36,12.0556,4.432e-05
1875,35,35,0,70,12.0571,8.672e-05
1876,19,19,0,38,12.0526,4.608e-05
1877,65,49,17,8,77.6327,0.0027704
1878,183,104,118,6,76.0673,0.00611456
1879,37,37,0,74,12.0541,9.664e-05
1880,95,95,0,190,12.0632,0.00024448
1881,23,22,1,8,82.1364,0.0011234
1882,348,263,124,8,76.2586,0.015676
1883,13,13,0,26,12,2.72e-05
1884,29,22,7,8,78,0.001121
1885,226,226,0,452,12.0619,0.00057936
1886,14,14,0,28,12,2.928e-05
1887,46,29,19,8,77.4138,0.00154472
1888,110,89,27,10,73.8764,0.00510592
1889,112,78,49,8,77,0.00451612
1890,24,24,0,48,12.0417,5.872e-05
1891,83,83,0,166,12.0602,0.0002224
1892,67,67,0,134,12.0597,0.00016992
1893,56,36,20,8,75.75,0.00196628
1894,34,34,0,68,12.0588,9.04e-05
1895,12,12,0,8,64.4167,0.00051828
1896,7,7,0,14,12,1.472e-05
1897,46,22,33,8,72.5909,0.00113796
1898,27,13,18,8,76.0769,0.00056584
1899,19,19,0,38,12.0526,4.64e-05
1900,11,11,0,22,12,2.464e-05
1901,126,100,27,10,76.34,0.00584848
1902,84,84,0,168,12.0595,0.0002328
1903,69,46,34,8,78.2391,0.0025726
1904,114,74,44,8,77.0405,0.00427652
1905,38,38,0,76,12.0526,0.00010544
1906,224,172,71,6,76.0581,0.010269
1907,69,69,0,138,12.058,0.00019744
1908,127,127,0,254,12.0551,0.00031232
1909,56,42,14,10,80.5238,0.00233312
1910,296,228,72,8,77.8596,0.013591
1911,37,37,0,74,12.0541,9.632e-05
1912,199,199,0,398,12.0603,0.00052288
1913,204,172,32,10,69.3314,0.0101729
1914,159,159,0,318,12.0629,0.00043776
1915,231,186,50,8,67.0269,0.0110255
1916,176,176,0,352,12.0625,0.0004824
1917,17,17,0,8,67.2353,0.00082744
1918,29,26,3,8,74.0769,0.00138228
1919,24,14,10,8,80.7143,0.00063352
1920,10,10,0,20,12,2.096e-05
1921,16,16,0,32,12,3.536e-05
1922,12,12,0,24,12,2.896e-05
1923,51,51,0,8,50.8039,0.00287868
1924,27,27,0,54,12.037,5.632e-05
1925,42,36,6,8,72.5278,0.00198712
1926,1057,876,230,6,78.0468,0.0528051
1927,46,23,42,6,83.2174,0.00126432
1928,376,295,102,4,78.6441,0.017757
1929,22,22,0,44,12.0455,5.008e-05
1930,721,721,0,1442,12.0624,0.00184832
1931,17,17,0,34,12,3.712e-05
1932,237,237,0,474,12.0591,0.00057824
1933,58,47,11,8,79.6383,0.0026592
1934,35,35,0,70,12.0571,9.152e-05
1935,42,25,19,8,80.88,0.00130032
1936,20,20,0,40,12.05,4.976e-05
1937,97,73,35,8,80,0.00422796
1938,288,218,75,8,80.8807,0.0129664
1939,66,66,0,132,12.0606,0.00019024
1940,199,199,0,398,12.0603,0.00052
1941,58,44,23,8,81.1136,0.00246964
1942,174,128,47,10,74.2578,0.00749024
1943,101,77,24,8,79.1039,0.00446276
1944,35,35,0,70,12.0571,8.96e-05
1945,107,107,0,214,12.0561,0.000272
1946,73,73,0,146,12.0548,0.00018624
1947,138,107,42,10,83.2243,0.00625408
1948,89,89,0,178,12.0674,0.00024896
1949,151,89,84,10,79.0112,0.005176
1950,82,82,0,164,12.061,0.0002184
1951,61,51,10,8,80.3137,0.00287316
1952,43,43,0,86,12.0465,0.00011488
1953,110,90,20,8,79.5,0.00522088
1954,64,64,0,128,12.0469,0.00016144
1955,78,59,20,10,82.4915,0.00337784
1956,55,55,0,110,12.0545,0.00014624
1957,5,5,0,8,86,0.00011544
1958,4,4,0,8,12,8.48e-06
1959,30,21,9,8,71.619,0.00105872
1960,15,15,0,30,12,3.424e-05
1961,38,38,0,8,78.2895,0.0020678
1962,20,20,0,40,12.05,4.176e-05
1963,29,27,2,8,67.7407,0.00144064
1964,74,66,9,10,78.2879,0.00371216
1965,15,15,0,30,12,3.2e-05
1966,59,59,0,118,12.0508,0.00014272
1967,329,236,132,8,78.0636,0.0140492
1968,213,213,0,426,12.0657,0.00058176
1969,124,98,36,8,78.8367,0.00572048
1970,32,18,15,8,83,0.00086084
1971,58,40,33,10,73.2,0.00218744
1972,86,86,0,172,12.0581,0.00023248
1973,13,13,0,26,12,2.944e-05
1974,37,37,0,74,12.0541,9.696e-05
1975,190,110,114,8,77.7545,0.00642808
1976,40,27,14,8,78.2963,0.0014186
1977,23,13,10,8,78,0.00058272
1978,21,21,0,42,12.0476,5.088e-05
1979,313,184,181,10,77.5978,0.0109298
1980,8,8,0,16,12,1.68e-05
1981,180,180,0,360,12.0611,0.00047536
1982,6,6,0,8,70.3333,0.00014188
1983,26,18,10,8,79.2222,0.00089244
1984,24,16,9,8,79.1875,0.00077152
1985,115,96,27,10,71.6458,0.00556896
1986,50,25,37,8,72.88,0.00128088
1987,4,4,0,8,12,8.48e-06
1988,11,11,0,22,12,2.304e-05
1989,11,11,0,22,12,2.368e-05
1990,82,82,0,164,12.061,0.00020944
1991,23,23,0,46,12.0435,5.6e-05
1992,104,78,32,8,81.5513,0.00454168
1993,67,67,0,134,12.0597,0.00018656
1994,385,278,121,8,78.3417,0.0166183
1995,25,15,17,8,84.2,0.00068184
1996,247,247,0,494,12.0648,0.00067072
1997,11,11,0,22,12,2.432e-05
1998,160,115,64,10,80.1652,0.00669528
1999,103,103,0,206,12.0583,0.0002496
2000,7,7,0,8,78.1429,0.00020732
2001,49,27,27,8,79.9259,0.00140476
2002,106,85,21,8,81.3529,0.00495628
2003,170,108,84,10,75.537,0.00628128
2004,5,5,0,10,12,1.056e-05
2005,23,23,0,46,12.0435,5.664e-05
2006,81,81,0,162,12.0617,0.00022976
2007,94,94,0,188,12.0638,0.00024624
2008,64,53,11,10,80.2642,0.00292704
2009,45,45,0,90,12.0444,0.0001072
2010,201,175,33,8,81.4686,0.010408
2011,136,136,0,272,12.0588,0.00032336
2012,75,45,42,8,74.5778,0.00252176
2013,34,19,26,8,73,0.00094904
2014,38,38,0,76,12.0526,9.616e-05
2015,14,14,0,28,12,3.088e-05
2016,89,66,34,8,76.6364,0.00380792
2017,120,80,47,8,75.9125,0.0046578
2018,55,31,29,8,76.2903,0.0016768
2019,60,60,0,120,12.0667,0.00016528
2020,71,71,0,142,12.0563,0.00018784
2021,28,28,0,56,12.0357,7.408e-05
2022,88,59,33,8,76.322,0.00339124
2023,56,56,0,112,12.0536,0.00014128
2024,80,59,28,8,75.339,0.00335836
2025,73,50,28,10,78.44,0.00283288
2026,47,47,0,94,12.0638,0.00012864
2027,9,6,4,8,65.8333,0.00014928
2028,44,44,0,88,12.0455,0.00012016
2029,5,5,0,10,12,1.056e-05
2030,93,68,26,8,77.4853,0.00389468
2031,65,45,30,8,77.1556,0.00251136
2032,10,8,2,8,78.75,0.00026948
2033,61,61,0,122,12.0656,0.00016832
2034,42,42,0,84,12.0476,0.00011536
2035,16,15,1,8,73.6,0.00071676
2036,74,52,30,8,75.9038,0.00294396
2037,6,6,0,12,12,1.264e-05
2038,132,100,41,8,77.9,0.00583228
2039,49,49,0,98,12.0612,0.00012096
2040,91,91,0,182,12.0659,0.00025696
2041,225,150,110,8,74.72,0.0088492
2042,241,163,103,10,77.2331,0.00957808
2043,94,94,0,188,12.0638,0.00025808
2044,21,13,8,8,78.8462,0.00056992
2045,139,139,0,278,12.0647,0.00037472
2046,33,20,15,8,74.75,0.00101988
2047,144,144,0,288,12.0625,0.00038032
2048,11,11,0,22,12,2.72e-05
2049,209,172,48,10,76.8779,0.0101724
2050,13,13,0,26,12,2.784e-05
2051,121,80,59,8,81.825,0.00462352
2052,161,161,0,322,12.0621,0.00041568
2053,71,71,0,142,12.0563,0.00019072
2054,9,9,0,8,83,0.00033484
2055,106,63,69,8,77.2222,0.00361128
2056,6,6,0,12,12,1.264e-05
2057,55,55,0,110,12.0545,0.00013472
2058,41,25,24,8,76.32,0.00128164
2059,21,21,0,42,12.0476,5.248e-05
2060,46,27,21,8,81.7037,0.0014038
2061,115,78,61,8,78.2308,0.00452468
2062,37,19,32,8,80.8421,0.00096708
2063,116,66,72,6,77.2879,0.00381648
2064,111,64,71,8,74.6875,0.00368312
2065,20,20,0,40,12.05,4.464e-05
2066,63,63,0,126,12.0635,0.0001584
2067,18,18,0,36,12.0556,4.432e-05
2068,59,59,0,118,12.0508,0.00015904
2069,32,23,9,8,66.3913,0.00120468
2070,57,57,0,114,12.0526,0.00014496
2071,35,25,12,8,79.96,0.00132496
2072,14,14,0,28,12,2.992e-05
2073,17,17,0,34,12,3.872e-05
2074,363,263,130,8,73.6236,0.0156886
2075,60,33,45,6,74.8485,0.00185184
2076,255,167,106,8,80.1677,0.00988152
2077,219,219,0,438,12.0594,0.00055456
2078,22,22,0,44,12.0455,4.752e-05
2079,101,52,80,10,74.3269,0.00289728
2080,23,10,24,6,79,0.00045992
2081,49,26,40,8,76.5385,0.00139188
2082,152,152,0,304,12.0592,0.00039952
2083,44,44,0,88,12.0455,0.00010768
2084,7,7,0,14,12,1.472e-05
2085,24,24,0,48,12.0417,6.096e-05
2086,48,39,9,10,80.6154,0.0020828
2087,32,32,0,64,12.0312,7.376e-05
2088,110,72,43,6,79.4861,0.004236
2089,51,28,33,8,78,0.00150164
2090,71,71,0,142,12.0563,0.00018784
2091,27,27,0,54,12.037,7.392e-05
2092,94,59,44,10,77.661,0.00336152
2093,64,39,38,8,73.1795,0.00214788
2094,54,54,0,108,12.0556,0.00013648
2095,144,106,43,8,76.6509,0.00619484
2096,35,35,0,70,12.0571,9.376e-05
2097,85,49,60,8,71,0.00277316
2098,6,6,0,8,68.6667,0.00015676
2099,44,44,0,88,12.0455,0.00011184
2100,264,185,133,8,79.4108,0.0109644
2101,79,58,23,10,79.7931,0.00326448
2102,31,18,13,8,76.2778,0.00090384
2103,4,4,0,8,12,8.48e-06
2104,119,69,69,8,78.6377,0.003964
2105,155,155,0,310,12.0581,0.00038464
2106,12,12,0,24,12,2.608e-05
2107,59,59,0,118,12.0508,0.00015264
2108,20,20,0,8,52.65,0.00102776
2109,11,11,0,22,12,2.304e-05
2110,165,145,21,8,78.0414,0.00858424
2111,21,21,0,8,58.2857,0.00105644
2112,12,12,0,24,12,2.512e-05
2113,9,9,0,18,12,1.888e-05
2114,67,61,6,8,69.4754,0.00345784
2115,37,37,0,74,12.0541,8.576e-05
2116,48,22,27,8,74,0.00112472
2117,20,20,0,40,12.05,5.008e-05
2118,22,13,9,8,79,0.000606
2119,12,7,5,8,71,0.00023604
2120,10,10,0,20,12,2.224e-05
2121,7,7,0,8,82.4286,0.0001934
2122,96,64,50,6,77.6875,0.00373168
2123,5,5,0,10,12,1.056e-05
2124,54,54,0,108,12.0556,0.00014384
2125,20,20,0,8,77.7,0.0010274
2126,104,88,16,10,77.4318,0.00504816
2127,11,11,0,22,12,2.304e-05
2128,74,54,22,8,75.5556,0.00303784
2129,67,67,0,134,12.0597,0.00016512
2130,36,19,25,8,80,0.00093784
2131,44,44,0,88,12.0455,0.00011888
2132,17,17,0,34,12.0588,4.352e-05
2133,14,14,0,8,72.3571,0.00063404
2134,8,8,0,16,12,1.68e-05
2135,15,11,4,8,84,0.00047516
2136,7,7,0,14,12,1.504e-05
2137,62,53,9,8,74.7925,0.00297324
2138,36,36,0,72,12.0556,8.88e-05
2139,164,102,99,8,77.1078,0.00594752
2140,37,15,31,6,75.5333,0.00077752
2141,96,96,0,192,12.0625,0.00026128
2142,21,21,0,42,12.0476,4.512e-05
2143,12,12,0,8,68.25,0.0005372
2144,8,8,0,8,79.75,0.00026516
2145,7,7,0,14,12,1.472e-05
2146,5,5,0,10,12,1.056e-05
2147,28,16,13,8,82.0625,0.00073644
2148,28,27,1,8,74.8519,0.00144068
2149,13,10,3,8,85.2,0.00039136
2150,15,15,0,30,12,3.2e-05
2151,45,27,18,8,79.8519,0.00142568
2152,7,7,0,14,12,1.472e-05
2153,57,37,26,10,80.2973,0.00201048
2154,24,24,0,48,12.0417,6.384e-05
2155,34,34,0,68,12.0588,9.104e-05
2156,64,43,30,8,79.3721,0.00241764
2157,98,63,49,6,80.6825,0.00363476
2158,33,16,29,8,77.875,0.00076364
2159,38,38,0,76,12.0526,0.00010064
2160,60,60,0,120,12.05,0.00015344
2161,101,101,0,202,12.0693,0.00028768
2162,15,15,0,30,12,3.584e-05
2163,53,53,0,106,12.0566,0.00014528
2164,43,27,16,8,80.2963,0.001439
2165,447,348,151,10,75.6925,0.0208699
2166,23,23,0,46,12.0435,5.92e-05
2167,304,304,0,608,12.0592,0.00075472
2168,90,64,36,8,77.8594,0.0036436
2169,108,108,0,216,12.0648,0.00028752
2170,50,50,0,100,12.06,0.00012976
2171,91,70,27,8,76.7143,0.00403916
2172,68,68,0,136,12.0588,0.00017936
2173,65,48,20,10,78.6875,0.00266392
2174,41,41,0,82,12.0488,0.00011168
2175,45,25,27,8,80.24,0.00131764
2176,21,21,0,42,12.0476,5.152e-05
2177,51,31,24,8,72.7742,0.00168036
2178,31,16,17,8,74.625,0.0007916
2179,28,28,0,56,12.0357,7.824e-05
2180,15,15,0,30,12,3.52e-05
2181,43,39,4,10,74.5385,0.00209832
2182,5,5,0,10,12,1.056e-05
2183,31,31,0,62,12.0323,6.976e-05
2184,23,23,0,8,56.4348,0.0011578
2185,13,13,0,26,12,2.72e-05
2186,69,50,26,8,80.32,0.0028378
2187,39,39,0,78,12.0513,0.00010464
2188,30,16,26,6,79.5,0.00080248
2189,74,56,22,8,72.9286,0.00316584
2190,171,124,61,8,74.1935,0.00731504
2191,14,14,0,28,12,3.248e-05
2192,9,9,0,8,72.7778,0.00031456
2193,49,49,0,98,12.0612,0.00013024
2194,118,118,0,236,12.0678,0.00033232
2195,114,89,34,8,79.6404,0.00520356
2196,6,6,0,12,12,1.264e-05
2197,54,39,30,10,73.7436,0.00209824
2198,92,65,44,10,78.5385,0.00368016
2199,103,80,36,10,78.3125,0.00461664
2200,33,33,0,8,73.303,0.0017984
2201,35,35,0,70,12.0571,8.896e-05
2202,55,55,0,110,12.0545,0.00013664
2203,66,66,0,132,12.0606,0.00017296
2204,18,18,0,36,12,3.76e-05
2205,29,22,7,8,75.8182,0.00112604
2206,53,46,7,10,80.7391,0.00260264
2207,14,14,0,28,12,2.928e-05
2208,37,37,0,74,12.0541,9.696e-05
2209,38,31,7,8,73.8065,0.00166988
2210,22,16,6,8,84,0.0007606
2211,66,39,37,8,76.4872,0.00215604
2212,41,22,20,8,80.5,0.00113188
2213,19,19,0,38,12.0526,4.192e-05
2214,10,10,0,20,12,2.096e-05
2215,37,37,0,74,12.0541,9.504e-05
2216,14,14,0,28,12,2.96e-05
2217,82,74,8,8,72.4189,0.00429072
2218,48,48,0,96,12.0417,0.00011184
2219,12,12,0,24,12,2.64e-05
2220,163,138,26,10,70.8841,0.00807688
2221,120,120,0,240,12.0667,0.00032432
2222,15,15,0,8,61.3333,0.00071956
2223,64,55,9,10,78.3273,0.00305008
2224,9,9,0,18,12,1.888e-05
2225,88,66,23,10,75.6515,0.00381024
2226,41,41,0,82,12.0488,0.00010272
2227,33,19,26,8,61.1579,0.00093676
2228,60,60,0,120,12.0667,0.00016816
2229,65,56,9,10,80.9286,0.003098
2230,14,14,0,28,12,3.12e-05
2231,150,99,67,6,77.5354,0.0058372
2232,48,48,0,96,12.0417,0.00011728
2233,91,91,0,182,12.0549,0.00022432
2234,31,19,17,8,77.6316,0.00096556
2235,40,34,6,8,81.4706,0.00185176
2236,17,17,0,34,12.0588,4.128e-05
2237,21,12,9,8,78.5,0.00050268
2238,25,25,0,50,12.04,6.176e-05
2239,43,31,16,8,79.7097,0.00168668
2240,9,9,0,18,12,1.984e-05
2241,26,26,0,52,12.0385,6.512e-05
2242,599,472,171,8,78.2903,0.028319
2243,117,74,71,10,80.3514,0.00426728
2244,399,399,0,798,12.0627,0.00102752
2245,61,61,0,122,12.0492,0.00014912
2246,12,8,6,8,83.375,0.0002728
2247,55,43,13,10,78.8837,0.00238616
2248,6,6,0,12,12,1.264e-05
2249,38,38,0,76,12.0526,9.68e-05
2250,24,20,4,8,82.9,0.00100612
2251,12,12,0,24,12,2.512e-05
2252,22,14,8,8,79.8571,0.00066012
2253,83,78,5,10,78.2949,0.00448032
2254,26,21,5,8,79.619,0.00107348
2255,11,11,0,22,12,2.432e-05
2256,67,67,0,134,12.0597,0.00016448
2257,12,12,0,24,12,2.512e-05
2258,35,27,8,8,70.6667,0.00145692
2259,37,27,10,8,68.2222,0.0014096
2260,20,20,0,40,12.05,4.784e-05
2261,21,21,0,42,12.0476,5.088e-05
2262,58,45,13,8,75.3556,0.00253684
2263,34,34,0,68,12.0294,7.664e-05
2264,28,28,0,8,70.5357,0.00151092
2265,92,77,16,10,72.6623,0.00436752
2266,15,15,0,30,12,3.136e-05
2267,62,62,0,124,12.0484,0.00015536
2268,62,49,14,8,77.9796,0.00276304
2269,170,138,42,10,76.9203,0.0081596
2270,37,37,0,74,12.0541,9.632e-05
2271,130,130,0,260,12.0615,0.0003496
2272,68,54,23,8,79.1296,0.00304688
2273,65,42,43,10,79.3095,0.00226728
2274,47,47,0,94,12.0426,0.00011424
2275,74,74,0,148,12.0541,0.00018352
2276,39,39,0,78,12.0513,0.00010592
2277,35,21,16,8,78.7619,0.00105312
2278,17,17,0,34,12,3.936e-05
2279,82,72,10,8,80.5556,0.00417792
2280,37,20,28,8,77.35,0.00101696
2281,42,29,15,8,79.6207,0.00153164
2282,55,55,0,110,12.0545,0.00013984
2283,15,15,0,30,12,3.328e-05
2284,216,175,49,8,76.1829,0.0103922
2285,23,23,0,46,12.0435,5.888e-05
2286,40,31,11,8,80.5484,0.0016982
2287,131,131,0,262,12.0534,0.00031776
2288,91,69,28,8,76.0725,0.00397576
2289,22,22,0,44,12.0455,5.552e-05
2290,9,6,3,6,76.3333,0.0002192
2291,65,65,0,130,12.0615,0.00018272
2292,13,13,0,26,12,2.72e-05
2293,32,30,2,8,71.7,0.00161692
2294,25,18,7,8,85.6111,0.00086712
2295,18,18,0,36,12,3.952e-05
2296,11,11,0,22,12,2.304e-05
2297,62,51,11,10,81.0196,0.00282976
2298,55,36,31,8,81.1389,0.00198072
2299,44,44,0,88,12.0455,0.00011728
2300,30,30,0,60,12.0333,7.728e-05
2301,93,78,16,8,78.9615,0.00451652
2302,61,61,0,122,12.0492,0.00015712
2303,23,18,6,8,80.6667,0.00086776
2304,12,12,0,24,12,2.512e-05
2305,11,11,0,8,71.8182,0.0004354
2306,7,7,0,14,12,1.472e-05
2307,250,169,128,10,75.213,0.00998648
2308,95,78,18,10,78.6923,0.00449896
2309,160,160,0,320,12.0625,0.00044176
2310,85,51,56,8,79.5098,0.0028994
2311,73,73,0,146,12.0548,0.00018016
2312,73,53,32,10,78.8868,0.00297928
2313,29,14,21,8,80.6429,0.00065476
2314,47,47,0,94,12.0426,0.00011776
2315,42,26,22,8,79.0385,0.0013608
2316,47,47,0,94,12.0638,0.00012512
2317,11,11,0,22,12,2.336e-05
2318,77,53,33,6,74.2075,0.00303016
2319,45,26,31,8,78.3846,0.001391
2320,22,22,0,44,12.0455,5.808e-05
2321,69,40,37,8,77.875,0.00219776
2322,51,51,0,102,12.0588,0.00014112
2323,24,24,0,48,12.0417,5.84e-05
2324,32,32,0,64,12.0625,8.336e-05
2325,6,6,0,8,71.1667,0.0001558
2326,51,51,0,8,74.0196,0.00285392
2327,4,4,0,8,12,8.48e-06
2328,27,27,0,54,12.037,5.632e-05
2329,49,37,12,8,79.1892,0.00206216
2330,32,32,0,64,12.0625,8.112e-05
2331,123,95,31,8,83.8632,0.0055468
2332,82,82,0,164,12.061,0.00022064
2333,69,46,30,8,79.0435,0.00255272
2334,20,17,3,8,79.3529,0.00083032
2335,42,42,0,84,12.0714,0.00012112
2336,10,10,0,20,12,2.096e-05
2337,13,13,0,8,75.3846,0.00058292
2338,98,72,29,8,79.3333,0.00417036
2339,8,8,0,16,12,1.68e-05
2340,64,64,0,128,12.0625,0.00018032
2341,131,88,59,8,74.4545,0.0051362
2342,38,33,5,8,63.4848,0.00180016
2343,78,78,0,156,12.0641,0.00020528
2344,79,73,6,8,81.9315,0.00423328
2345,18,18,0,36,12,3.792e-05
2346,63,63,0,126,12.0476,0.0001488
2347,106,93,13,8,79.129,0.00542164
2348,57,42,18,8,74.1429,0.00233408
2349,75,75,0,150,12.0533,0.00018752
2350,12,8,4,8,78.25,0.00026772
2351,72,53,22,8,77.0755,0.00300512
2352,35,35,0,70,12.0571,8.896e-05
2353,6,6,0,12,12,1.264e-05
2354,42,42,0,84,12.0476,0.00010576
2355,13,13,0,8,66.1538,0.00056152
2356,8,8,0,16,12,1.68e-05
2357,12,12,0,8,83,0.00050204
2358,7,7,0,14,12,1.472e-05
2359,85,66,19,10,77.8485,0.00381256
2360,529,449,96,8,75.0579,0.0269369
2361,48,48,0,96,12.0625,0.00012112
2362,337,337,0,674,12.0593,0.00082688
2363,176,149,31,8,71.604,0.00878576
2364,113,113,0,226,12.0531,0.000272
2365,17,16,1,8,80.25,0.00078488
2366,38,22,16,8,79.9091,0.00110196
2367,78,51,45,8,71.4902,0.00289708
2368,10,10,0,20,12,2.096e-05
2369,193,163,49,8,77.0429,0.00966548
2370,19,19,0,38,12.0526,4.48e-05
2371,44,44,0,88,12.0455,0.00011696
2372,142,142,0,284,12.0563,0.0003528
2373,64,43,26,10,74.8605,0.00236584
2374,149,123,29,10,81.252,0.00720744
2375,102,102,0,204,12.0588,0.00028016
2376,164,124,45,8,78.0081,0.00728224
2377,108,108,0,216,12.0648,0.00030416
2378,12,8,5,8,76,0.00030832
2379,152,102,72,8,80.3039,0.00595464
2380,6,6,0,12,12,1.264e-05
2381,93,93,0,186,12.0645,0.00024544
2382,67,52,17,10,80.2308,0.0028572
2383,19,11,8,8,79.2727,0.00048308
2384,49,49,0,98,12.0612,0.00012576
2385,249,190,80,8,74.6947,0.0112676
2386,9,9,0,18,12,1.984e-05
2387,42,22,25,8,79.2727,0.0011238
2388,61,39,34,8,74.359,0.0021354
2389,25,15,15,8,79.2,0.00069632
2390,158,158,0,316,12.0633,0.0004216
2391,19,19,0,38,12.0526,4.608e-05
2392,32,32,0,64,12.0625,7.952e-05
2393,12,12,0,24,12,2.672e-05
2394,22,19,3,8,83,0.0009402
2395,12,12,0,24,12,2.576e-05
2396,104,78,33,8,81.8333,0.00450576
2397,66,66,0,132,12.0606,0.0001768
2398,30,16,21,8,79.25,0.00077108
2399,14,14,0,28,12,3.44e-05
2400,39,23,19,8,84.6087,0.00116172
2401,19,19,0,38,12.0526,4.512e-05
2402,25,25,0,8,81.28,0.00133632
2403,14,14,0,28,12,2.928e-05
2404,123,87,43,10,76.7931,0.00503176
2405,77,77,0,154,12.0649,0.00021536
2406,99,83,17,10,75.8434,0.00481152
2407,71,71,0,142,12.0563,0.00018496
2408,129,94,45,8,79.883,0.00545764
2409,84,84,0,168,12.0595,0.00021296
2410,29,15,18,8,79.6,0.00068076
2411,13,13,0,26,12,3.136e-05
2412,26,20,6,8,78,0.0010232
2413,82,71,11,10,79.507,0.00402616
2414,12,12,0,24,12,2.512e-05
2415,61,61,0,122,12.0656,0.0001584
2416,81,55,29,8,74.7636,0.003129
2417,46,46,0,92,12.0652,0.0001256
2418,13,13,0,8,69.4615,0.00057556
2419,492,458,45,8,74.31,0.0274958
2420,8,8,0,16,12,1.68e-05
2421,313,313,0,626,12.0575,0.0007344
2422,146,87,79,8,79.4828,0.00506932
2423,320,281,61,8,74.9822,0.0168134
2424,77,77,0,154,12.0649,0.00020544
2425,195,195,0,390,12.0564,0.00045568
2426,40,40,0,80,12.05,0.00011024
2427,43,24,23,8,76.25,0.00127056
2428,20,20,0,40,12.05,5.008e-05
2429,6,6,0,8,67.5,0.00015
2430,4,4,0,8,12,8.48e-06
2431,177,150,32,10,72.0333,0.008876
2432,33,18,24,8,72.0556,0.00086592
2433,138,138,0,276,12.0725,0.00040496
2434,10,10,0,20,12,2.096e-05
2435,64,51,13,8,78.8824,0.00286976
2436,40,40,0,80,12.05,0.00010512
2437,57,45,12,8,71.2889,0.00251524
2438,32,32,0,64,12.0312,7.952e-05
2439,12,12,0,8,75.6667,0.0005472
2440,7,7,0,14,12,1.472e-05
2441,66,66,0,8,79.0758,0.00377068
2442,34,34,0,68,12.0294,7.088e-05
2443,41,34,7,8,69.2941,0.00183684
2444,22,22,0,44,12.0455,5.072e-05
2445,17,17,0,8,57.8235,0.00080128
2446,10,10,0,20,12,2.096e-05
2447,8,8,0,8,68.75,0.00026716
2448,5,5,0,10,12,1.056e-05
2449,36,29,7,8,80.5517,0.00154908
2450,21,21,0,42,12.0476,5.12e-05
2451,28,28,0,8,73.2143,0.00148132
2452,15,15,0,30,12,3.136e-05
2453,17,17,0,8,65.8824,0.00080216
2454,10,10,0,20,12,2.096e-05
2455,120,83,52,8,82.2289,0.00480952
2456,96,66,53,8,74.803,0.00379264
2457,75,75,0,150,12.0533,0.00020224
2458,137,101,51,8,76.1881,0.00592176
2459,56,56,0,112,12.0536,0.00013872
2460,81,81,0,162,12.0494,0.00019744
2461,180,148,34,8,81.2973,0.00876556
2462,121,121,0,242,12.0579,0.00029952
2463,101,71,38,10,76.7465,0.00401408
2464,46,26,33,8,81.1154,0.00139696
2465,67,41,43,8,78.4634,0.0022508
2466,65,65,0,130,12.0615,0.00016224
2467,19,17,2,8,79,0.00082692
2468,24,24,0,48,12.0417,6.512e-05
2469,37,37,0,74,12.0541,9.504e-05
2470,11,11,0,22,12,2.304e-05
2471,66,54,13,8,81.2778,0.00303964
2472,439,392,69,8,71.1148,0.0234881
2473,84,44,52,8,73.4773,0.00243576
2474,47,47,0,94,12.0426,0.00012096
2475,58,45,13,8,76.8222,0.00251224
2476,273,273,0,546,12.0586,0.00065504
2477,38,38,0,76,12.0526,9.616e-05
2478,38,38,0,76,12.0526,9.456e-05
2479,41,29,13,8,81.6552,0.00156552
2480,38,25,14,8,64.8,0.00129544
2481,22,22,0,44,12.0455,5.296e-05
2482,20,15,5,8,77.8,0.00073156
2483,20,20,0,40,12.05,4.88e-05
2484,15,15,0,8,75.1333,0.00068552
2485,107,88,31,10,74.1591,0.00505
2486,9,9,0,18,12,1.888e-05
2487,125,104,28,8,76.3942,0.00605652
2488,61,39,42,8,80.0769,0.00215252
2489,9,9,0,18,12,1.888e-05
2490,85,85,0,170,12.0588,0.00021952
2491,89,89,0,178,12.0562,0.00021824
2492,31,31,0,62,12.0323,7.52e-05
2493,44,31,13,8,81.0968,0.00167856
2494,26,26,0,52,12.0385,6.704e-05
2495,77,57,20,10,70.6842,0.00325752
2496,15,10,5,8,83.5,0.00037864
2497,365,299,86,8,80.107,0.0178647
2498,68,43,42,6,76.9302,0.00242552
2499,43,24,19,8,81.375,0.0012276
2500,73,44,31,8,76.2273,0.002443
2501,49,49,0,98,12.0612,0.00013088
2502,7,7,0,14,12,1.472e-05
2503,234,234,0,468,12.0598,0.00057584
2504,37,37,0,74,12.0541,9.376e-05
2505,22,22,0,44,12.0455,5.36e-05
2506,42,42,0,84,12.0476,0.00011504
2507,101,84,20,10,73.2143,0.00480856
2508,67,67,0,134,12.0597,0.00017472
2509,9,9,0,8,79.2222,0.0003434
2510,6,6,0,12,12,1.264e-05
2511,18,18,0,8,75.5556,0.00088244
2512,10,10,0,20,12,2.096e-05
2513,16,16,0,8,52.625,0.00077292
2514,9,9,0,18,12,1.888e-05
2515,68,54,16,8,73.8519,0.0030766
2516,55,39,18,10,77.1026,0.00209952
2517,39,39,0,78,12.0513,9.92e-05
2518,35,35,0,70,12.0571,9.664e-05
2519,31,18,17,8,81.8889,0.0008612
2520,13,13,0,26,12,2.848e-05
2521,44,35,9,8,79.7714,0.00190988
2522,50,27,30,8,81.7407,0.00144916
2523,23,23,0,46,12.0435,5.408e-05
2524,34,17,29,8,72.4118,0.00083936
2525,82,75,8,10,79.9467,0.00426688
2526,25,25,0,50,12.04,6.816e-05
2527,12,12,0,24,12,2.672e-05
2528,62,62,0,124,12.0484,0.00015408
2529,45,28,20,8,79,0.00147256
2530,24,24,0,48,12.0417,6.256e-05
2531,95,88,8,10,76.7045,0.00510016
2532,44,24,20,8,76.375,0.00124772
2533,79,79,0,158,12.0506,0.00019776
2534,13,13,0,26,12,2.72e-05
2535,70,50,22,8,84.02,0.00284292
2536,45,45,0,90,12.0444,0.00011968
2537,91,65,34,8,82.3538,0.0037282
2538,62,41,21,10,82.439,0.0022376
2539,58,58,0,116,12.0517,0.00015408
2540,37,37,0,74,12.0541,9.248e-05
2541,101,76,33,8,78.9737,0.00436616
2542,63,63,0,126,12.0476,0.00015648
2543,81,58,31,10,82.2586,0.00328696
2544,68,47,21,10,82.3617,0.00257192
2545,46,46,0,92,12.0435,0.0001176
2546,44,44,0,88,12.0682,0.00012592
2547,55,37,22,6,84,0.00210504
2548,77,57,33,8,82.2632,0.0032516
2549,37,37,0,74,12.0541,9.632e-05
2550,55,55,0,110,12.0545,0.0001424
2551,325,221,176,8,74.638,0.0131544
2552,64,55,9,10,81.4364,0.00314904
2553,107,86,33,10,80.2558,0.0049304
2554,199,199,0,398,12.0653,0.00053696
2555,49,49,0,98,12.0612,0.00011968
2556,78,78,0,156,12.0641,0.00020432
2557,29,27,2,8,75.037,0.00142416
2558,51,43,8,10,79.3488,0.00234312
2559,16,16,0,32,12,3.376e-05
2560,36,36,0,72,12.0556,8.784e-05
2561,20,20,0,8,83.2,0.0010144
2562,11,11,0,22,12,2.304e-05
2563,85,73,13,10,79.6986,0.00413576
2564,12,12,0,8,80.4167,0.00050436
2565,60,60,0,120,12.05,0.0001496
2566,125,108,19,8,81.1204,0.00634084
2567,7,7,0,14,12,1.472e-05
2568,91,91,0,182,12.0549,0.00022784
2569,67,49,23,8,81.2449,0.00278096
2570,42,42,0,84,12.0476,0.00011152
2571,33,17,24,8,81.5882,0.00081784
2572,108,78,48,8,76.9359,0.00450352
2573,133,87,74,8,73.3218,0.00511512
2574,109,72,69,8,79.6528,0.00412468
2575,14,14,0,28,12,3.12e-05
2576,68,68,0,136,12.0588,0.00016752
2577,91,91,0,182,12.0659,0.00025408
2578,67,67,0,134,12.0597,0.00017376
2579,6,6,0,8,72.1667,0.0001536
2580,4,4,0,8,12,8.48e-06
2581,111,94,17,8,83.9362,0.0054632
2582,186,173,14,8,81.4509,0.0102452
2583,84,84,0,168,12.0595,0.00023664
2584,26,13,25,8,80.7692,0.00056584
2585,140,140,0,280,12.0571,0.00034864
2586,142,120,27,8,82.275,0.00706964
2587,10,10,0,20,12,2.192e-05
2588,134,120,19,8,80.4,0.00708
2589,13,8,6,8,73.625,0.00025272
2590,98,98,0,196,12.051,0.00023152
2591,87,87,0,174,12.0575,0.0002128
2592,5,5,0,10,12,1.056e-05
2593,42,41,1,8,79.1463,0.00226432
2594,22,22,0,44,12.0455,4.592e-05
2595,215,180,43,8,75.4833,0.0106567
2596,174,174,0,348,12.069,0.00049008
2597,17,10,7,6,79.5,0.0004774
2598,87,58,45,8,76.6034,0.00331468
2599,17,17,0,34,12,3.84e-05
2600,55,55,0,110,12.0545,0.00013376
2601,22,22,0,8,82,0.00110472
2602,12,12,0,24,12,2.512e-05
2603,140,104,40,8,78.1154,0.0061048
2604,45,27,25,8,75.3333,0.00141152
2605,92,92,0,184,12.0543,0.00023792
2606,20,13,7,8,77.8462,0.00060204
2607,25,25,0,50,12.04,6.08e-05
2608,11,11,0,22,12,2.464e-05
2609,51,35,18,8,80.2571,0.00191964
2610,28,28,0,56,12.0357,7.568e-05
2611,36,23,16,8,72.7391,0.0011646
2612,134,98,38,8,76.1429,0.00573936
2613,19,19,0,38,12.0526,4.352e-05
2614,23,19,4,8,80.3158,0.00094452
2615,243,192,79,8,74.2448,0.0114222
2616,17,11,11,8,81,0.0004804
2617,82,82,0,164,12.061,0.00021744
2618,12,12,0,24,12,2.576e-05
2619,160,160,0,320,12.0563,0.0004008
2620,8,8,0,16,12,1.744e-05
2621,71,52,27,8,71.2115,0.00296028
2622,200,143,73,8,73.5874,0.00846388
2623,40,40,0,80,12.05,0.00010256
2624,135,135,0,270,12.0667,0.000392
2625,112,100,12,10,74.89,0.00578488
2626,18,15,3,8,79.4667,0.00070324
2627,77,77,0,154,12.0519,0.00018656
2628,9,9,0,18,12,1.888e-05
2629,27,25,2,8,78.48,0.00130748
2630,14,14,0,28,12,3.024e-05
2631,122,103,23,8,65.2427,0.00600836
2632,29,18,11,8,82.2222,0.00085584
2633,73,73,0,146,12.0548,0.00018432
2634,14,14,0,28,12,3.344e-05
2635,52,45,9,10,71.0222,0.00248528
2636,141,129,15,8,78.5504,0.00760808
2637,33,33,0,66,12.0303,7.744e-05
2638,109,109,0,218,12.055,0.00026304
2639,32,32,0,8,83.7188,0.00171836
2640,17,17,0,34,12,3.552e-05
2641,100,88,12,8,78.2841,0.00511996
2642,75,57,32,8,77.0877,0.00325976
2643,101,68,44,6,76.8382,0.00393756
2644,80,80,0,160,12.0625,0.0002072
2645,41,41,0,82,12.0488,0.00010336
2646,58,58,0,116,12.0517,0.00014256
2647,359,283,93,8,76.8198,0.0169331
2648,216,216,0,432,12.0602,0.00052688
2649,18,18,0,8,71.4444,0.0008844
2650,10,10,0,20,12,2.096e-05
2651,9,9,0,8,65.5556,0.00033928
2652,45,35,10,8,78.5714,0.00190992
2653,6,6,0,12,12,1.264e-05
2654,48,29,21,10,77.2759,0.00155424
2655,23,23,0,46,12.0435,5.248e-05
2656,85,70,15,8,74.5714,0.00401508
2657,70,45,26,8,77,0.00250852
2658,66,45,31,8,73.7333,0.00252356
2659,27,27,0,54,12.037,7.52e-05
2660,63,63,0,126,12.0476,0.00015936
2661,43,43,0,86,12.0465,0.00010944
2662,36,36,0,72,12.0556,9.456e-05
2663,32,29,3,8,81.1724,0.00156248
2664,19,19,0,38,12.0526,4.224e-05
2665,289,209,105,8,78.067,0.0124088
2666,15,15,0,8,73.3333,0.00072672
2667,55,40,15,8,71.9,0.00222692
2668,19,12,7,8,73.5,0.00053676
2669,185,185,0,370,12.0649,0.00048768
2670,9,9,0,18,12,1.888e-05
2671,32,32,0,64,12.0625,8.176e-05
2672,26,26,0,8,70.0385,0.00135976
2673,10,10,0,20,12,2.512e-05
2674,23,23,0,8,72.7391,0.00115888
2675,14,14,0,28,12,2.928e-05
2676,13,13,0,26,12,2.72e-05
2677,18,18,0,8,76.2222,0.00090688
2678,10,10,0,20,12,2.096e-05
2679,24,24,0,8,67.2917,0.00123856
2680,13,13,0,26,12,2.72e-05
2681,1013,825,295,8,74.0267,0.0496742
2682,624,624,0,1248,12.0625,0.00157264
2683,115,80,53,10,76.925,0.00456784
2684,378,281,122,8,78.3416,0.0168139
2685,134,94,42,8,76.6702,0.005485
2686,74,74,0,148,12.0541,0.00018416
2687,747,561,244,10,75.9216,0.0337062
2688,253,253,0,506,12.0632,0.00066944
2689,83,83,0,166,12.0602,0.000216
2690,34,27,7,8,76.7778,0.00140496
2691,30,19,11,8,77,0.00096968
2692,471,471,0,942,12.0616,0.00120768
2693,19,19,0,38,12.0526,4.288e-05
2694,15,15,0,30,12,3.392e-05
2695,48,27,21,8,69.8519,0.00143288
2696,44,23,26,8,77.8261,0.00118972
2697,18,18,0,36,12.0556,4.272e-05
2698,15,15,0,8,73.0667,0.00070588
2699,9,9,0,18,12,1.888e-05
2700,111,82,33,8,80.4512,0.00478368
2701,34,18,24,8,80.9444,0.000872
2702,71,71,0,142,12.0563,0.00019904
2703,19,12,11,8,78,0.00052472
2704,15,15,0,30,12,3.456e-05
2705,44,24,34,8,79.8333,0.00122764
2706,10,10,0,20,12,2.256e-05
2707,22,22,0,44,12.0455,5.872e-05
2708,153,124,31,10,79.6694,0.00723056
2709,113,113,0,226,12.0619,0.00030976
2710,65,47,27,10,78.8298,0.00264968
2711,44,44,0,88,12.0682,0.00012688
2712,33,25,9,8,78.76,0.00130268
2713,77,62,17,10,75.0645,0.00352208
2714,18,18,0,36,12.0556,4.336e-05
2715,55,55,0,110,12.0545,0.00013792
2716,24,21,3,8,83.2381,0.00108008
2717,25,16,9,8,78.3125,0.00074508
2718,13,13,0,26,12,2.752e-05
2719,13,13,0,26,12,2.912e-05
2720,57,56,1,8,75.5357,0.00317416
2721,30,30,0,60,12.0333,6.256e-05
2722,58,42,25,8,73.381,0.0023556
2723,134,116,21,10,80.3448,0.00674544
2724,28,28,0,56,12.0357,6.704e-05
2725,109,109,0,218,12.0642,0.0003072
2726,265,191,98,8,77.6597,0.0113513
2727,48,30,30,8,77.8,0.00160728
2728,160,160,0,320,12.0625,0.00041392
2729,12,12,0,8,79.5833,0.00051948
2730,26,26,0,52,12.0385,6.128e-05
2731,40,21,23,8,83.4762,0.00103712
2732,7,7,0,14,12,1.472e-05
2733,19,19,0,38,12.0526,4.736e-05
2734,72,62,10,8,80.4032,0.00355008
2735,42,42,0,84,12.0476,0.00010448
2736,67,42,30,8,70.5476,0.00233056
2737,37,37,0,74,12.0541,9.44e-05
2738,19,19,0,8,65.4211,0.00092996
2739,149,145,4,10,80.8414,0.00848632
2740,11,11,0,22,12,2.304e-05
2741,111,111,0,222,12.0541,0.00026208
2742,124,103,21,10,81.1845,0.00600384
2743,91,91,0,182,12.0549,0.00023904
2744,25,25,0,50,12.04,6.336e-05
2745,24,15,10,8,82.0667,0.00068144
2746,53,41,13,10,79.0976,0.00222568
2747,10,10,0,20,12,2.096e-05
2748,36,36,0,72,12.0556,9.104e-05
2749,104,89,17,8,64.4045,0.00518276
2750,68,68,0,136,12.0588,0.00016752
2751,28,28,0,8,74.4286,0.00150772
2752,31,23,8,8,83.4348,0.00117608
2753,15,15,0,30,12,3.136e-05
2754,15,15,0,30,12,3.168e-05
2755,15,15,0,8,48.6,0.00069244
2756,9,9,0,18,12,1.888e-05
2757,14,14,0,8,50.3571,0.00062712
2758,8,8,0,16,12,1.68e-05
2759,18,18,0,8,36.4444,0.00089172
2760,21,21,0,8,62.0476,0.001081
2761,10,10,0,20,12,2.096e-05
2762,12,12,0,24,12,2.512e-05
2763,14,14,0,8,60.7143,0.0006556
2764,8,8,0,16,12,1.68e-05
2765,39,32,7,8,84.875,0.00171168
2766,24,24,0,48,12.0417,5.936e-05
2767,38,25,16,8,82.88,0.0012994
2768,69,43,40,6,82,0.002469
2769,18,18,0,36,12.0556,4.208e-05
2770,36,36,0,72,12.0556,7.728e-05
2771,73,59,14,8,76.2712,0.00338204
2772,35,18,21,8,75,0.00085916
2773,31,16,20,8,83.125,0.00077
2774,48,48,0,96,12.0625,0.0001288
2775,15,15,0,30,12,3.264e-05
2776,13,13,0,26,12,2.912e-05
2777,23,23,0,8,72.3478,0.001203
2778,57,35,22,8,75.8857,0.00193744
2779,23,14,9,8,79.2143,0.00064504
2780,13,13,0,26,12,2.72e-05
2781,31,31,0,62,12.0645,8.288e-05
2782,12,12,0,24,12,2.64e-05
2783,21,21,0,8,73.9048,0.00103884
2784,239,213,34,8,80.169,0.0126974
2785,64,39,38,8,81,0.0021642
2786,12,12,0,24,12,2.512e-05
2787,176,176,0,352,12.0568,0.00042896
2788,35,35,0,70,12.0571,8.768e-05
2789,116,72,61,8,80.4722,0.00412468
2790,90,47,56,8,74.617,0.00262088
2791,63,63,0,126,12.0635,0.00016896
2792,37,21,26,8,78.7619,0.00104336
2793,33,33,0,66,12.0303,7.456e-05
2794,58,37,29,8,81.6757,0.00204212
2795,15,15,0,30,12,3.328e-05
2796,101,83,18,8,80.3494,0.00480336
2797,62,41,28,10,79.6829,0.00225688
2798,34,34,0,68,12.0588,9.616e-05
2799,78,78,0,156,12.0513,0.0001928
2800,37,37,0,74,12.0541,0.00010144
2801,336,260,97,10,77.5538,0.0154429
2802,245,138,165,8,79.0797,0.00815888
2803,248,248,0,496,12.0605,0.0006424
2804,48,39,9,10,79.8462,0.00209008
2805,135,135,0,270,12.0667,0.00036736
2806,32,32,0,64,12.0312,7.984e-05
2807,34,21,13,8,83.1429,0.00108704
2808,15,15,0,30,12,3.328e-05
2809,30,30,0,8,71.3,0.0016238
2810,178,145,34,8,77.7172,0.00857724
2811,19,13,6,8,80.3846,0.00059316
2812,16,16,0,32,12,3.344e-05
2813,125,125,0,250,12.056,0.00031456
2814,9,9,0,18,12,1.888e-05
2815,9,9,0,8,64.5556,0.00032952
2816,6,6,0,12,12,1.264e-05
2817,51,38,19,8,82.5263,0.00210568
2818,28,28,0,56,12.0357,7.248e-05
2819,57,38,26,10,78.6842,0.00211136
2820,9,7,2,8,78.5714,0.00021632
2821,136,100,55,10,78.32,0.00585768
2822,35,35,0,70,12.0571,9.088e-05
2823,6,6,0,12,12,1.264e-05
2824,83,83,0,166,12.0602,0.00020896
2825,85,67,33,10,82.0149,0.003808
2826,19,12,7,8,68.6667,0.00054672
2827,20,12,14,8,77.4167,0.00054296
2828,31,17,15,8,76.8235,0.00084696
2829,58,58,0,116,12.0517,0.00014064
2830,9,9,0,18,12,1.984e-05
2831,8,8,0,16,12,1.68e-05
2832,14,14,0,28,12,3.184e-05
2833,16,16,0,8,80.375,0.00073684
2834,55,35,30,6,79.1143,0.00194152
2835,9,9,0,18,12,1.888e-05
2836,32,32,0,64,12.0312,7.76e-05
2837,11,11,0,8,81.8182,0.00046336
2838,7,7,0,14,12,1.472e-05
2839,293,245,53,10,78.0449,0.0145578
2840,209,209,0,418,12.0622,0.00053696
2841,24,13,11,8,80.1538,0.00059656
2842,82,57,43,8,69.4737,0.00324584
2843,202,162,59,8,73.5432,0.00962176
2844,11,11,0,22,12,2.592e-05
2845,46,46,0,92,12.0435,0.000116
2846,137,137,0,274,12.0584,0.00035584
2847,56,47,9,8,82.7021,0.0026268
2848,35,35,0,70,12.0571,8.576e-05
2849,14,14,0,8,53.9286,0.00062728
2850,8,8,0,16,12,1.68e-05
2851,103,73,30,10,80.6575,0.0041388
2852,59,48,11,8,65.0833,0.0026864
2853,79,64,20,8,74.6875,0.0036712
2854,67,67,0,134,12.0597,0.00017472
2855,36,36,0,72,12.0556,9.392e-05
2856,47,47,0,94,12.0638,0.00012288
2857,74,64,10,8,73.8281,0.00365588
2858,61,49,12,8,78.9184,0.00276652
2859,43,43,0,86,12.0465,0.00010592
2860,34,34,0,68,12.0588,8.08e-05
2861,72,53,29,10,80.0755,0.00301648
2862,322,269,61,8,78.513,0.0160797
2863,50,50,0,100,12.06,0.00012944
2864,217,217,0,434,12.0645,0.00059584
2865,17,11,7,8,80,0.00043488
2866,51,30,36,8,76.6667,0.00159064
2867,8,8,0,16,12,1.68e-05
2868,66,46,20,8,82.0217,0.00259692
2869,62,54,8,8,74.2963,0.00305336
2870,27,27,0,54,12.037,6.784e-05
2871,39,39,0,78,12.0513,0.00010912
2872,81,60,23,8,83.1333,0.003427
2873,92,76,18,10,75.0263,0.00436328
2874,200,144,80,8,75.4583,0.00850932
2875,49,49,0,98,12.0612,0.0001296
2876,56,56,0,112,12.0536,0.00013744
2877,129,129,0,258,12.062,0.00032256
2878,68,62,6,10,67.8065,0.00346168
2879,53,53,0,106,12.0566,0.00011968
2880,119,115,4,10,70.5043,0.00667808
2881,82,82,0,164,12.0488,0.00020048
2882,91,76,15,8,74.0526,0.00440696
2883,54,54,0,108,12.0556,0.00013744
2884,43,29,15,8,83.8276,0.00154768
2885,24,24,0,48,12.0417,6.32e-05
2886,8,8,0,8,79.25,0.00028492
2887,5,5,0,10,12,1.056e-05
2888,109,88,22,10,79.9545,0.0050352
2889,24,15,15,8,78.2667,0.00069608
2890,68,48,24,10,74.8333,0.00270912
2891,80,80,0,160,12.0625,0.00020816
2892,12,12,0,24,12,2.704e-05
2893,45,45,0,90,12.0667,0.00013056
2894,28,21,7,8,78.9524,0.00105776
2895,12,12,0,24,12,2.544e-05
2896,29,20,9,8,78.6,0.00099008
2897,44,35,9,8,74,0.00190136
2898,105,79,46,8,67.8861,0.00456072
2899,12,12,0,24,12,2.512e-05
2900,28,28,0,56,12.0357,6.48e-05
2901,66,66,0,132,12.0606,0.00016176
2902,34,31,3,8,71.4516,0.00164404
2903,22,15,7,8,82.6,0.00067416
2904,19,19,0,38,12.0526,4.32e-05
2905,11,11,0,22,12,2.56e-05
2906,88,65,32,8,64.6308,0.00370416
2907,17,17,0,8,70.1176,0.00084024
2908,51,51,0,102,12.0588,0.00013888
2909,10,10,0,20,12,2.096e-05
2910,90,60,32,8,76.8667,0.00340136
2911,35,35,0,70,12.0571,8.352e-05
2912,46,31,15,8,69.4839,0.00166728
2913,27,27,0,54,12.037,6.88e-05
2914,24,24,0,8,61.9167,0.00123996
2915,13,13,0,26,12,2.72e-05
2916,62,47,15,8,78.3191,0.00262676
2917,75,49,30,8,83.9592,0.00273608
2918,32,32,0,64,12.0312,7.312e-05
2919,34,20,19,8,80.25,0.00102028
2920,42,42,0,84,12.0476,0.000116
2921,80,51,43,8,78.0196,0.00290748
2922,18,18,0,36,12.0556,4.272e-05
2923,118,95,24,10,82.3789,0.005522
2924,46,46,0,92,12.0652,0.00012912
2925,75,44,46,8,79.4091,0.0024538
2926,82,82,0,164,12.061,0.00021392
2927,41,41,0,82,12.0488,0.00011488
2928,33,27,6,8,79.6667,0.00140324
2929,198,140,89,10,76.25,0.0082144
2930,18,18,0,36,12.0556,4.048e-05
2931,131,131,0,262,12.0611,0.00033024
2932,23,23,0,8,75.3478,0.0012004
2933,13,13,0,26,12,2.72e-05
2934,94,68,35,8,79.5735,0.0038832
2935,58,58,0,116,12.0517,0.00015088
2936,128,102,34,10,80,0.00598504
2937,93,93,0,186,12.0645,0.0002688
2938,312,209,142,6,73.0096,0.0125022
2939,51,32,34,10,77.4688,0.00170104
2940,203,203,0,406,12.064,0.00054624
2941,30,30,0,60,12.0667,8.144e-05
2942,24,16,9,8,82.75,0.00078428
2943,69,45,37,8,78.8667,0.00248884
2944,51,23,46,8,81.4348,0.00116688
2945,13,13,0,26,12,2.88e-05
2946,38,38,0,76,12.0526,9.936e-05
2947,21,21,0,42,12.0476,5.408e-05
2948,14,14,0,8,74.5714,0.0006332
2949,8,8,0,16,12,1.68e-05
2950,43,27,20,8,71.7778,0.00143768
2951,41,25,16,8,74.16,0.00131844
2952,259,177,90,8,67.5763,0.0105188
2953,283,213,90,8,76.5117,0.0126625
2954,24,24,0,48,12.0417,6.032e-05
2955,22,22,0,44,12.0455,5.872e-05
2956,142,142,0,284,12.0563,0.0003576
2957,192,192,0,384,12.0625,0.0005096
2958,91,64,37,8,72.6719,0.00363932
2959,52,52,0,104,12.0577,0.00013936
2960,97,65,38,8,78.2154,0.00371296
2961,53,53,0,106,12.0566,0.00013824
2962,115,68,48,8,77.1176,0.00390496
2963,77,44,35,8,75.2727,0.00245264
2964,115,79,41,8,78.7848,0.00458684
2965,11,8,4,8,80.875,0.00028088
2966,55,55,0,110,12.0545,0.00014208
2967,39,39,0,78,12.0513,0.00010176
2968,63,63,0,126,12.0635,0.0001664
2969,6,6,0,12,12,1.36e-05
2970,65,50,15,6,69.84,0.00287324
2971,46,46,0,92,12.0435,0.0001176
2972,49,49,0,98,12.0612,0.00012864
2973,308,235,93,10,75.434,0.0140245
2974,204,204,0,408,12.0588,0.00050192
2975,67,43,25,10,73.4884,0.00237608
2976,38,38,0,76,12.0526,0.00010416
2977,22,22,0,8,75.8636,0.00111696
2978,180,141,42,10,80.7092,0.00826072
2979,50,30,20,8,71.9667,0.0015852
2980,12,12,0,24,12,2.512e-05
2981,118,118,0,236,12.0593,0.00030128
2982,27,27,0,54,12.037,6.464e-05
2983,22,22,0,8,55.6818,0.00112728
2984,52,49,3,10,78.8163,0.00269656
2985,12,12,0,24,12,2.512e-05
2986,32,32,0,64,12.0312,7.28e-05
2987,216,185,32,8,81.7243,0.0109833
2988,168,168,0,336,12.0655,0.00047152
2989,99,89,12,8,81.618,0.00519296
2990,65,65,0,130,12.0462,0.00014688
2991,187,99,128,8,79.6364,0.00580992
2992,43,24,19,8,82.0833,0.00124924
2993,97,97,0,194,12.0619,0.00027776
2994,22,22,0,44,12.0455,5.744e-05
2995,148,97,65,10,74.9794,0.00567152
2996,93,93,0,186,12.0645,0.00024672
2997,90,56,47,8,73.2679,0.0032092
2998,53,53,0,106,12.0566,0.00014112
2999,33,30,3,8,69.0333,0.00161772
3000,18,18,0,36,12.0556,3.984e-05
3001,12,12,0,8,65.6667,0.00051892
3002,39,39,0,8,70.9231,0.0021302
3003,7,7,0,14,12,1.472e-05
3004,21,21,0,42,12.0476,4.384e-05
3005,15,15,0,8,60.3333,0.00071288
3006,9,9,0,18,12,1.888e-05
3007,125,112,13,8,78.5804,0.00658832
3008,86,86,0,172,12.0581,0.00021872
3009,127,99,37,8,73.5455,0.00577876
3010,86,86,0,172,12.0581,0.00022608
3011,137,108,32,8,70.6296,0.00631444
3012,66,41,37,8,77.2927,0.00229996
3013,69,37,54,8,77.5135,0.00203804
3014,104,104,0,208,12.0577,0.00027664
3015,157,131,33,10,68.7786,0.00771728
3016,32,32,0,64,12.0312,7.28e-05
3017,34,34,0,68,12.0588,8.08e-05
3018,119,119,0,238,12.0672,0.0003296
3019,82,60,23,8,73.7833,0.003396
3020,57,43,21,8,66.2093,0.00239048
3021,28,16,21,8,78.875,0.00074664
3022,34,34,0,68,12.0588,8.176e-05
3023,11,11,0,22,12,2.496e-05
3024,23,23,0,8,59.913,0.00118968
3025,13,13,0,26,12,2.72e-05
3026,210,191,20,8,77.6126,0.011329
3027,32,28,4,8,71.6786,0.00151156
3028,171,171,0,342,12.0643,0.00044992
3029,16,16,0,32,12,3.344e-05
3030,103,73,41,10,78.1644,0.00419464
3031,64,64,0,128,12.0625,0.0001784
3032,11,11,0,8,65.1818,0.00048132
3033,7,7,0,14,12,1.472e-05
3034,50,31,23,8,80.4839,0.0016728
3035,28,28,0,56,12.0357,7.792e-05
3036,27,21,6,8,84.6667,0.00106872
3037,12,12,0,24,12,2.512e-05
3038,55,45,18,10,79.8667,0.00246888
3039,34,34,0,68,12.0588,8.528e-05
3040,61,39,38,8,77.8718,0.00217228
3041,56,40,16,8,74.85,0.00223168
3042,32,32,0,64,12.0312,7.824e-05
3043,58,42,16,8,74.1905,0.00232764
3044,94,59,40,8,77.1356,0.00336964
3045,32,32,0,64,12.0625,8.464e-05
3046,35,35,0,70,12.0571,8.672e-05
3047,12,12,0,8,70.8333,0.00049792
3048,53,53,0,106,12.0566,0.00014112
3049,22,22,0,8,77.2727,0.00110512
3050,7,7,0,14,12,1.472e-05
3051,75,68,7,8,75.3529,0.00389372
3052,12,12,0,24,12,2.512e-05
3053,56,56,0,112,12.0536,0.00013616
3054,189,153,40,8,78.3529,0.009048
3055,25,23,2,8,79.0435,0.0012116
3056,126,126,0,252,12.0635,0.00032528
3057,14,14,0,28,12,2.928e-05
3058,446,304,252,8,73.1184,0.0181942
3059,239,239,0,478,12.0586,0.0005856
3060,45,36,9,8,79.3889,0.00195336
3061,94,67,42,10,73.9254,0.00381176
3062,28,28,0,56,12.0357,7.024e-05
3063,54,42,19,10,80.4762,0.00234864
3064,39,34,5,6,80.4118,0.0019336
3065,56,56,0,112,12.0536,0.00014992
3066,35,35,0,70,12.0571,8.416e-05
3067,128,112,20,8,80.7143,0.006594
3068,93,74,25,10,77.3108,0.00418952
3069,71,71,0,142,12.0563,0.0001632
3070,62,62,0,124,12.0484,0.00014672
3071,25,24,1,8,82.7083,0.0012722
3072,32,18,14,8,84.8889,0.00087764
3073,13,13,0,26,12,2.752e-05
3074,17,17,0,34,12.0588,4e-05
3075,56,44,12,8,73.1136,0.00246252
3076,32,32,0,64,12.0625,7.952e-05
3077,57,57,0,114,12.0702,0.00016384
3078,289,242,62,10,75.9132,0.0143969
3079,176,141,37,8,79.1702,0.00833124
3080,229,229,0,458,12.0655,0.0006176
3081,114,114,0,228,12.0614,0.00030384
3082,43,30,17,8,76.9667,0.00160248
3083,24,24,0,48,12.0417,6.224e-05
3084,27,27,0,8,77.8889,0.00144584
3085,63,35,49,6,74.0286,0.001953
3086,15,15,0,30,12,3.136e-05
3087,29,29,0,58,12.0345,7.008e-05
3088,6,6,0,8,63.3333,0.00018208
3089,218,167,53,6,78.2036,0.00992476
3090,4,4,0,8,12,8.48e-06
3091,150,150,0,300,12.06,0.00039824
3092,12,9,3,8,80.2222,0.00032996
3093,48,25,31,8,71.56,0.00133608
3094,6,6,0,12,12,1.264e-05
3095,22,22,0,44,12.0455,5.904e-05
3096,195,157,39,8,77.6051,0.00930244
3097,76,55,21,6,80.7818,0.00315128
3098,155,113,65,10,78.5752,0.00659352
3099,142,142,0,284,12.0634,0.00039024
3100,51,33,18,10,79.3939,0.00171488
3101,47,47,0,94,12.0638,0.00012704
3102,102,102,0,204,12.0588,0.00026096
3103,31,31,0,62,12.0645,8.32e-05
3104,49,42,7,8,77.4524,0.00234528
3105,30,30,0,60,12.0333,7.312e-05
3106,46,32,14,8,81.2812,0.00172864
3107,27,27,0,54,12.037,6.336e-05
3108,70,52,24,8,81.9231,0.00291712
3109,38,38,0,76,12.0526,9.776e-05
3110,83,51,41,8,76.1765,0.00285192
3111,21,15,10,8,78.8,0.00069868
3112,45,45,0,90,12.0667,0.00012864
3113,131,87,62,8,71.092,0.005039
3114,152,104,70,8,72.0288,0.00606184
3115,352,260,153,8,77.35,0.0155103
3116,13,13,0,26,12,2.976e-05
3117,76,76,0,152,12.0526,0.00019568
3118,119,92,30,8,73.0761,0.00535308
3119,90,90,0,180,12.0556,0.00022736
3120,10,7,3,8,66.1429,0.00021288
3121,221,221,0,442,12.0588,0.00054464
3122,88,88,0,176,12.0682,0.00026128
3123,5,5,0,10,12,1.056e-05
3124,78,51,36,8,78.8039,0.00287928
3125,7,7,0,8,77.1429,0.00022088
3126,55,44,11,8,78.3864,0.00247988
3127,47,47,0,94,12.0638,0.0001248
3128,5,5,0,10,12,1.056e-05
3129,35,35,0,70,12.0571,9.28e-05
3130,31,31,0,62,12.0323,6.688e-05
3131,38,31,7,8,74.0323,0.00165704
3132,180,116,93,8,72.7931,0.00680724
3133,50,30,36,8,65.1667,0.0015866
3134,102,70,55,8,72.5143,0.00402288
3135,117,85,48,6,71,0.00496812
3136,20,20,0,40,12.05,4.336e-05
3137,101,101,0,202,12.0594,0.00025216
3138,28,28,0,56,12.0357,7.088e-05
3139,69,69,0,138,12.058,0.0001808
3140,53,53,0,106,12.0566,0.00012368
3141,82,60,38,8,70.2,0.00340416
3142,42,42,0,84,12.0476,9.424e-05
3143,13,13,0,8,68.6154,0.00057088
3144,8,8,0,16,12,1.68e-05
3145,12,12,0,8,75.6667,0.00049404
3146,9,9,0,8,65.3333,0.0003382
3147,7,7,0,14,12,1.472e-05
3148,6,6,0,12,12,1.264e-05
3149,8,8,0,8,33.75,0.00030732
3150,5,5,0,10,12,1.056e-05
3151,189,160,34,8,79.3563,0.00949228
3152,62,49,13,8,82.1224,0.00274664
3153,77,54,33,8,64.1667,0.00304712
3154,126,126,0,252,12.0635,0.00033072
3155,42,42,0,84,12.0476,0.00010224
3156,40,40,0,80,12.05,9.552e-05
3157,40,28,12,8,81.5714,0.00151716
3158,141,109,37,8,65.0459,0.00637868
3159,22,22,0,44,12.0455,5.584e-05
3160,100,100,0,200,12.06,0.0002472
3161,42,32,10,8,82.7188,0.00171164
3162,98,86,12,10,72.5465,0.00493768
3163,24,24,0,48,12.0417,6.352e-05
3164,79,79,0,158,12.0506,0.0001936
3165,103,85,20,10,75.3765,0.0048844
3166,72,53,33,8,72.0566,0.00299824
3167,19,11,14,8,72.6364,0.00046416
3168,77,77,0,154,12.0519,0.00019968
3169,39,39,0,78,12.0513,8.832e-05
3170,7,7,0,14,12,1.472e-05
3171,114,74,57,10,70.7703,0.00419488
3172,60,60,0,120,12.05,0.00015536
3173,73,71,2,10,78.8873,0.00407496
3174,42,42,0,84,12.0476,9.04e-05
3175,22,22,0,8,51.1364,0.00111916
3176,9,9,0,8,62.2222,0.00031304
3177,12,12,0,24,12,2.512e-05
3178,10,10,0,8,60.2,0.00038224
3179,6,6,0,12,12,1.264e-05
3180,46,41,5,8,74.122,0.00225672
3181,17,11,6,8,79.5455,0.00047908
3182,6,6,0,12,12,1.264e-05
3183,31,31,0,62,12.0323,7.488e-05
3184,9,9,0,18,12,2.08e-05
3185,17,17,0,8,56.5294,0.00083944
3186,20,20,0,8,70.45,0.00098596
3187,10,10,0,20,12,2.096e-05
3188,11,11,0,22,12,2.304e-05
3189,159,144,19,8,78.1319,0.00850312
3190,101,101,0,202,12.0594,0.00024928
3191,43,27,18,8,75.3704,0.00142312
3192,352,297,76,8,71.0707,0.0177813
3193,22,22,0,44,12.0455,5.872e-05
3194,63,47,16,8,72.2979,0.00262128
3195,206,206,0,412,12.0583,0.00050096
3196,65,52,13,10,70.4038,0.00286968
3197,158,118,57,10,73.7966,0.00694608
3198,37,37,0,74,12.0541,9.92e-05
3199,46,46,0,92,12.0435,0.00011728
3200,44,30,17,8,70.7333,0.00158332
3201,109,109,0,218,12.0642,0.00028896
3202,26,26,0,52,12.0385,7.024e-05
3203,43,43,0,8,71.7442,0.0023842
3204,23,23,0,46,12.0435,4.8e-05
3205,172,148,28,10,79.25,0.0087664
3206,120,120,0,240,12.0583,0.00032144
3207,11,11,0,8,73.7273,0.00045032
3208,7,7,0,14,12,1.472e-05
3209,14,14,0,8,76.1429,0.00062496
3210,38,29,17,8,77.7586,0.0015384
3211,56,30,38,6,73.7333,0.0016694
3212,8,8,0,16,12,1.68e-05
3213,22,22,0,44,12.0455,5.36e-05
3214,20,20,0,40,12.05,4.624e-05
3215,29,29,0,8,73.3448,0.00155596
3216,80,44,52,8,76.4091,0.0024388
3217,16,16,0,32,12,3.344e-05
3218,27,27,0,54,12.037,5.728e-05
3219,538,431,122,8,74.7773,0.0258657
3220,398,398,0,796,12.0678,0.00111984
3221,53,34,27,8,75.3824,0.00182556
3222,113,67,57,8,75.5821,0.00386828
3223,84,51,42,8,70.4314,0.00290328
3224,32,32,0,64,12.0625,8.272e-05
3225,150,124,30,8,78.5161,0.00728472
3226,66,66,0,132,12.0606,0.00016816
3227,49,49,0,98,12.0612,0.0001344
3228,20,20,0,8,67.65,0.00099692
3229,27,21,6,8,81.3333,0.00105348
3230,11,11,0,22,12,2.304e-05
3231,100,80,23,8,78.325,0.0046498
3232,13,13,0,26,12,2.784e-05
3233,71,71,0,142,12.0563,0.00018208
3234,20,14,7,8,78.3571,0.00063352
3235,19,19,0,8,72.7368,0.00093368
3236,9,9,0,18,12,1.888e-05
3237,129,103,26,10,83.4078,0.00602888
3238,11,11,0,22,12,2.304e-05
3239,94,94,0,188,12.0638,0.0002568
3240,40,30,10,8,82.2333,0.00160984
3241,23,23,0,46,12.0435,5.888e-05
3242,13,13,0,8,78.3846,0.00059116
3243,8,8,0,16,12,1.68e-05
3244,88,70,18,8,76.5857,0.0040438
3245,59,42,17,8,78.9524,0.00230716
3246,58,58,0,116,12.0517,0.00015888
3247,36,36,0,72,12.0556,9.904e-05
3248,34,18,28,8,73.6111,0.00086288
3249,13,13,0,26,12,2.88e-05
3250,22,22,0,8,76.9091,0.00112568
3251,16,11,5,8,72.3636,0.00045652
3252,12,12,0,24,12,2.512e-05
3253,162,136,32,10,65.6324,0.00793592
3254,7,7,0,14,12,1.504e-05
3255,52,41,16,8,63.4634,0.00227764
3256,104,104,0,208,12.0577,0.00026608
3257,29,29,0,58,12.0345,7.2e-05
3258,36,25,11,8,69.8,0.0012902
3259,20,20,0,40,12.05,4.848e-05
3260,48,39,9,8,65.5897,0.00216756
3261,27,27,0,54,12.037,6.528e-05
3262,14,14,0,8,79.5,0.0006364
3263,36,23,13,8,78.7391,0.00118324
3264,8,8,0,16,12,1.68e-05
3265,17,17,0,34,12,3.808e-05
3266,84,70,14,8,76.8714,0.00405416
3267,105,91,16,8,64.5714,0.00530172
3268,56,56,0,112,12.0536,0.00015216
3269,60,60,0,120,12.05,0.00013936
3270,25,25,0,8,73.76,0.00128132
3271,14,14,0,28,12,2.928e-05
3272,95,95,0,190,12.0632,0.00024736
3273,30,23,7,8,80.0435,0.00118356
3274,14,14,0,28,12,2.928e-05
3275,49,31,25,8,73.3226,0.00169408
3276,9,9,0,8,69.4444,0.0003526
3277,82,64,18,10,73,0.00361728
3278,28,28,0,56,12.0357,7.664e-05
3279,253,196,67,8,77.2194,0.0116385
3280,6,6,0,12,12,1.264e-05
3281,53,53,0,106,12.0566,0.0001408
3282,150,150,0,300,12.06,0.00037104
3283,33,32,1,8,65.6875,0.00175356
3284,352,240,169,8,78.7875,0.0143217
3285,18,18,0,36,12,3.76e-05
3286,204,204,0,408,12.0637,0.00052912
3287,40,32,8,8,76.0938,0.00175964
3288,25,14,12,8,78.7143,0.00064808
3289,41,23,30,8,76.7391,0.00120616
3290,23,23,0,46,12.0435,5.184e-05
3291,10,10,0,20,12,2.16e-05
3292,14,14,0,28,12,2.992e-05
3293,37,32,5,8,81.75,0.00177896
3294,30,30,0,60,12.0333,6.896e-05
3295,77,62,15,8,80.5645,0.00354108
3296,17,12,5,8,85.9167,0.00051476
3297,47,47,0,94,12.0638,0.00012416
3298,8,8,0,16,12,1.712e-05
3299,53,35,26,10,76.4571,0.00182872
3300,66,62,4,10,79.0806,0.00346656
3301,70,62,9,8,81.1774,0.0035598
3302,32,32,0,64,12.0625,8.816e-05
3303,52,52,0,104,12.0385,0.00011664
3304,51,51,0,102,12.0588,0.00012384
3305,22,19,3,8,85.7895,0.00092312
3306,11,11,0,22,12,2.432e-05
3307,48,48,0,8,71,0.00267156
3308,25,25,0,50,12.04,5.216e-05
3309,8,8,0,8,54.125,0.0002622
3310,420,375,49,10,73.2747,0.0224148
3311,65,51,16,8,71.9804,0.00288224
3312,5,5,0,10,12,1.056e-05
3313,334,334,0,668,12.0629,0.00086128
3314,33,33,0,66,12.0606,7.84e-05
3315,52,30,34,8,58.3667,0.00160448
3316,27,27,0,54,12.037,7.36e-05
3317,35,30,5,8,69.9,0.00159744
3318,49,30,24,8,69.6,0.00162448
3319,18,18,0,36,12,3.984e-05
3320,136,123,13,10,79.1789,0.0072432
3321,27,27,0,54,12.037,7.232e-05
3322,102,102,0,204,12.0588,0.00025392
3323,54,33,32,8,78.8182,0.00181456
3324,30,30,0,60,12.0333,7.952e-05
3325,15,15,0,8,75,0.00069348
3326,134,112,24,8,67.6339,0.00656092
3327,9,9,0,18,12,1.888e-05
3328,5,5,0,8,79.8,7.244e-05
3329,135,108,31,8,72.3796,0.00631068
3330,107,107,0,214,12.0654,0.00031136
3331,4,4,0,8,12,8.48e-06
3332,86,86,0,172,12.0581,0.0002296
3333,105,80,40,8,70.0875,0.00466244
3334,127,115,12,10,67.0435,0.00669584
3335,65,65,0,130,12.0615,0.00016992
3336,42,22,23,8,77.6818,0.00110696
3337,47,26,37,8,76.2692,0.0013638
3338,93,93,0,186,12.0538,0.000232
3339,19,19,0,38,12.0526,4.448e-05
3340,16,16,0,32,12,3.408e-05
3341,68,52,20,8,78.0192,0.00291616
3342,19,19,0,8,72.1053,0.00092588
3343,37,30,7,8,66.5333,0.00163376
3344,11,11,0,22,12,2.304e-05
3345,22,22,0,44,12.0455,5.36e-05
3346,9,9,0,8,49.5556,0.00035692
3347,6,6,0,12,12,1.264e-05
3348,49,29,23,8,84.6897,0.00154392
3349,90,59,46,8,72.322,0.00334284
3350,170,122,73,8,72.3607,0.00718012
3351,26,26,0,52,12.0385,7.44e-05
3352,46,46,0,92,12.0435,0.0001144
3353,97,97,0,194,12.0515,0.00023872
3354,173,137,45,8,80.0876,0.0080866
3355,57,28,43,8,75.2857,0.00146812
3356,125,125,0,250,12.064,0.00034944
3357,27,27,0,54,12.037,7.296e-05
3358,141,109,38,8,80.4954,0.00636448
3359,87,65,34,8,79.5231,0.00371852
3360,100,100,0,200,12.06,0.00026384
3361,46,46,0,92,12.0435,0.00010992
3362,85,69,20,8,78.5217,0.0039502
3363,369,324,66,8,73.6019,0.0194
3364,44,27,22,8,81.4444,0.00144884
3365,58,39,32,8,80.3846,0.00216964
3366,47,47,0,94,12.0426,0.00011456
3367,232,232,0,464,12.056,0.00054992
3368,65,42,36,8,82.1905,0.00235236
3369,24,24,0,48,12.0417,6.448e-05
3370,34,34,0,68,12.0588,9.296e-05
3371,35,35,0,70,12.0571,8.512e-05
3372,39,22,23,8,80.1364,0.00112756
3373,14,14,0,28,12,2.992e-05
3374,140,109,40,6,79.8349,0.00643096
3375,86,86,0,172,12.0581,0.00022256
3376,89,61,48,8,79.5902,0.00349824
3377,56,56,0,112,12.0536,0.00014
3378,142,128,14,8,79.6406,0.00756396
3379,93,93,0,186,12.0538,0.0002304
3380,67,54,13,8,79.3889,0.00307892
3381,41,41,0,82,12.0488,9.984e-05
3382,101,84,19,10,78.7262,0.00480104
3383,20,15,5,8,80.6667,0.00069176
3384,27,27,0,8,77.6296,0.00140188
3385,68,68,0,136,12.0588,0.00018
3386,10,10,0,20,12,2.128e-05
3387,15,15,0,30,12,3.136e-05
3388,48,32,29,8,81.2812,0.00175144
3389,40,40,0,80,12.05,0.0001
3390,28,28,0,56,12.0357,6.864e-05
3391,44,34,20,8,81.8824,0.00183456
3392,28,14,24,6,73,0.00070984
3393,303,270,34,8,71.5259,0.0161111
3394,28,28,0,56,12.0357,6.992e-05
3395,10,10,0,20,12,2.112e-05
3396,200,200,0,400,12.06,0.00048944
3397,56,28,40,8,73.3571,0.00148996
3398,26,26,0,52,12.0385,7.088e-05
3399,147,141,8,10,73.9078,0.00825992
3400,42,24,28,8,76.5833,0.00125252
3401,77,43,53,8,74.3488,0.00239908
3402,14,8,8,8,59.625,0.00028108
3403,105,105,0,210,12.0571,0.00024928
3404,21,21,0,42,12.0476,5.536e-05
3405,39,39,0,78,12.0513,9.792e-05
3406,6,6,0,12,12,1.392e-05
3407,81,60,27,10,75.8667,0.00339528
3408,289,250,42,8,67.06,0.014905
3409,49,49,0,98,12.0612,0.00012992
3410,170,170,0,340,12.0529,0.00039312
3411,196,151,48,10,72.245,0.00892656
3412,30,26,4,8,74.5,0.00136056
3413,131,131,0,262,12.0611,0.00035552
3414,46,29,17,10,69.1034,0.00157752
3415,40,22,18,8,49.5,0.00112832
3416,16,16,0,32,12,3.536e-05
3417,28,28,0,56,12.0357,7.248e-05
3418,13,13,0,26,12,2.72e-05
3419,39,22,27,8,45.6364,0.00111436
3420,19,19,0,38,12.0526,4.384e-05
3421,71,57,14,8,80.6667,0.0032142
3422,765,703,79,8,73.037,0.0423243
3423,46,46,0,92,12.0652,0.00012144
3424,506,506,0,1012,12.0573,0.0011976
3425,35,29,6,8,80.6207,0.00152644
3426,20,20,0,40,12.05,4.528e-05
3427,16,16,0,8,75.625,0.0007918
3428,118,102,24,8,53.6471,0.00597856
3429,9,9,0,18,12,1.888e-05
3430,63,63,0,126,12.0476,0.00014528
3431,19,19,0,8,73.7895,0.0009434
3432,11,11,0,22,12,2.304e-05
3433,11,11,0,8,53.2727,0.0004886
3434,7,7,0,14,12,1.472e-05
3435,8,8,0,8,40.5,0.00029624
3436,5,5,0,10,12,1.056e-05
3437,15,15,0,8,81,0.00069736
3438,9,9,0,18,12,1.888e-05
3439,32,31,1,8,77.2581,0.0016452
3440,93,68,37,8,42.5147,0.00390756
3441,17,17,0,34,12,3.616e-05
3442,47,47,0,94,12.0426,0.000112
3443,18,18,0,8,54.5556,0.00086348
3444,39,35,4,10,78.1714,0.001878
3445,10,10,0,20,12,2.096e-05
3446,23,23,0,46,12.0435,4.96e-05
3447,42,25,23,8,73.84,0.00127884
3448,22,22,0,44,12.0455,6.032e-05
3449,99,74,35,10,73.5,0.00421664
3450,36,31,5,8,79.7742,0.0016426
3451,62,62,0,124,12.0645,0.00016784
3452,20,20,0,40,12.05,4.56e-05
3453,45,38,7,8,75.1842,0.0021144
3454,26,26,0,52,12.0385,6.384e-05
3455,85,74,12,10,84.5135,0.00429392
3456,65,65,0,130,12.0615,0.00016512
3457,80,67,15,10,79.5373,0.0037976
3458,59,59,0,118,12.0508,0.00015872
3459,93,63,38,8,71.9206,0.00362912
3460,38,23,20,8,41.2609,0.00118272
3461,57,36,36,8,33.9444,0.00196168
3462,55,55,0,110,12.0545,0.00015424
3463,53,36,17,8,73.8611,0.00199304
3464,19,19,0,38,12.0526,4.352e-05
3465,31,31,0,62,12.0323,7.232e-05
3466,22,16,6,8,78.875,0.00073912
3467,28,26,4,8,61.3077,0.0013772
3468,31,31,0,62,12.0645,7.936e-05
3469,123,97,35,10,74.7732,0.00562072
3470,91,73,20,8,65.4384,0.00418672
3471,51,33,35,8,67.2424,0.00179584
3472,14,14,0,28,12,2.992e-05
3473,37,29,8,8,74.4828,0.00152176
3474,85,85,0,170,12.0588,0.00023936
3475,44,27,31,8,71.6296,0.00145476
3476,51,51,0,102,12.0588,0.00012832
3477,30,30,0,60,12.0333,7.696e-05
3478,20,20,0,40,12.05,4.72e-05
3479,25,25,0,50,12.04,6.624e-05
3480,49,40,9,8,73.35,0.00222568
3481,5,5,0,8,73,0.00012308
3482,26,22,4,8,81.1364,0.00110112
3483,28,28,0,56,12.0357,6.768e-05
3484,4,4,0,8,12,8.48e-06
3485,13,13,0,26,12,2.848e-05
3486,14,14,0,8,63.6429,0.00065956
3487,8,8,0,16,12,1.68e-05
3488,100,80,22,8,53.4375,0.00463944
3489,48,48,0,96,12.0417,0.00010672
3490,72,72,0,8,66.75,0.00413532
3491,39,30,9,8,76.0667,0.0016146
3492,37,37,0,74,12.027,7.712e-05
3493,23,23,0,46,12.0435,5.632e-05
3494,74,74,0,8,73.1757,0.00425416
3495,13,13,0,8,65.0769,0.00058472
3496,38,38,0,76,12.0526,7.92e-05
3497,8,8,0,16,12,1.68e-05
3498,39,39,0,8,66.3077,0.00213528
3499,21,21,0,42,12.0476,4.384e-05
3500,33,29,4,8,57.2759,0.001537
3501,108,79,33,10,79.1392,0.00449456
3502,17,17,0,34,12,3.552e-05
3503,68,55,13,8,80.7273,0.00313564
3504,69,69,0,138,12.058,0.00018912
3505,48,48,0,96,12.0625,0.00012496
3506,46,32,14,8,77.6875,0.00174384
3507,172,124,72,10,74.9597,0.00720792
3508,25,25,0,50,12.04,6.112e-05
3509,108,108,0,216,12.0556,0.0002648
3510,17,17,0,8,59.5882,0.00080432
3511,632,502,159,8,79.49,0.0301638
3512,314,267,56,10,78.6067,0.0159478
3513,10,10,0,20,12,2.096e-05
3514,465,465,0,930,12.0667,0.00127552
3515,240,240,0,480,12.0583,0.00060176
3516,60,50,10,10,75.64,0.00275152
3517,100,59,67,8,77.7119,0.00335312
3518,43,43,0,86,12.0465,0.00011104
3519,52,52,0,104,12.0577,0.00014256
3520,7,7,0,8,79.7143,0.00023676
3521,5,5,0,10,12,1.056e-05
3522,50,40,10,8,81.675,0.00223968
3523,52,37,16,8,80.6757,0.00205864
3524,28,28,0,56,12.0357,6.864e-05
3525,34,34,0,68,12.0588,8.432e-05
3526,54,43,11,8,80.5116,0.00237596
3527,55,34,28,8,78.4412,0.00182736
3528,34,34,0,68,12.0588,8.976e-05
3529,33,33,0,66,12.0606,8.448e-05
3530,18,15,3,8,79.3333,0.00070732
3531,9,9,0,18,12,1.888e-05
3532,43,37,6,8,77.6486,0.0020338
3533,270,193,106,8,77.1192,0.0114562
3534,26,26,0,52,12.0385,5.808e-05
3535,172,172,0,344,12.064,0.00046416
3536,10,10,0,20,12,2.096e-05
3537,11,11,0,8,76.5455,0.00043836
3538,40,22,21,8,86.8182,0.00112684
3539,19,10,12,8,75.7,0.00042884
3540,7,7,0,14,12,1.472e-05
3541,19,19,0,38,12.0526,4.672e-05
3542,9,9,0,18,12,1.952e-05
3543,25,25,0,8,69.28,0.00131392
3544,58,35,29,8,78.0286,0.00190544
3545,14,14,0,28,12,2.928e-05
3546,29,29,0,58,12.0345,7.584e-05
3547,56,36,23,8,80.3333,0.00196488
3548,90,57,50,6,76.3158,0.00328712
3549,30,30,0,60,12.0667,8.272e-05
3550,38,38,0,76,12.0526,8.528e-05
3551,65,48,17,8,80.1875,0.00266996
3552,27,15,15,8,80.4667,0.00067588
3553,27,16,17,8,81.625,0.0007388
3554,90,63,37,8,76.5397,0.00359192
3555,46,31,30,8,69.3226,0.00167968
3556,101,60,62,10,75.1,0.00342072
3557,40,40,0,80,12.05,0.00011056
3558,10,10,0,20,12,2.096e-05
3559,10,10,0,20,12,2.096e-05
3560,61,61,0,122,12.0492,0.00014944
3561,28,28,0,56,12.0357,7.504e-05
3562,53,53,0,106,12.0566,0.0001344
3563,29,26,4,8,81.3077,0.00135712
3564,26,13,13,6,86.6154,0.000646
3565,61,36,42,10,73.7222,0.00196176
3566,14,14,0,28,12,2.992e-05
3567,49,30,25,10,67.4667,0.00156584
3568,20,20,0,40,12.05,4.336e-05
3569,34,34,0,68,12.0588,8.752e-05
3570,28,28,0,56,12.0357,7.376e-05
3571,27,27,0,8,68.3333,0.00141852
3572,42,42,0,8,74.0476,0.00231212
3573,15,15,0,30,12,3.136e-05
3574,22,22,0,44,12.0455,4.592e-05
3575,313,275,40,10,75.6145,0.0164028
3576,232,232,0,464,12.0603,0.00059344
3577,29,27,2,8,77.5926,0.00145212
3578,15,15,0,30,12,3.232e-05
3579,48,42,6,10,82.1905,0.00235192
3580,33,33,0,66,12.0303,7.488e-05
3581,8,8,0,8,84.125,0.00029112
3582,5,5,0,10,12,1.056e-05
3583,75,57,31,10,80.386,0.0032164
3584,54,33,39,8,80.6061,0.00178936
3585,54,54,0,108,12.0556,0.00013776
3586,10,10,0,8,76.2,0.00040744
3587,31,31,0,62,12.0323,7.872e-05
3588,163,107,61,8,79.0841,0.0062738
3589,6,6,0,12,12,1.264e-05
3590,46,37,10,8,76.6216,0.00201568
3591,90,90,0,180,12.0556,0.0002408
3592,32,31,1,8,65.8387,0.00167008
3593,17,14,3,8,78.2857,0.0006672
3594,25,25,0,50,12.04,5.664e-05
3595,9,9,0,18,12,1.888e-05
3596,91,66,25,10,80.2121,0.00381224
3597,62,38,32,8,83.8158,0.00209952
3598,56,56,0,112,12.0536,0.00015408
3599,33,33,0,66,12.0606,8.736e-05
3600,10,10,0,8,77,0.00039028
3601,6,6,0,12,12,1.264e-05
3602,65,49,19,10,75.7347,0.00274
3603,85,58,34,8,71,0.00327644
3604,51,35,17,8,77.3714,0.00190004
3605,45,45,0,90,12.0444,0.00011456
3606,48,48,0,96,12.0417,0.00011696
3607,30,30,0,60,12.0667,8.272e-05
3608,33,33,0,8,80.1515,0.00179044
3609,18,18,0,36,12,3.76e-05
3610,16,16,0,8,59.875,0.00079052
3611,9,9,0,18,12,1.888e-05
3612,12,12,0,8,39.75,0.00053244
3613,7,7,0,14,12,1.472e-05
3614,91,73,18,10,73.9178,0.00421976
3615,64,64,0,128,12.0469,0.0001592
3616,60,58,2,10,75.7241,0.00328928
3617,47,47,0,94,12.0426,0.00010464
3618,450,384,75,8,78.2422,0.0230174
3619,341,341,0,682,12.0674,0.00094016
3620,36,24,21,8,83,0.00124148
3621,47,35,12,8,76.0286,0.00190288
3622,18,18,0,36,12.0556,4.208e-05
3623,20,18,2,8,82.7222,0.00088628
3624,11,11,0,22,12,2.304e-05
3625,56,42,14,8,80.9048,0.00231468
3626,602,526,90,6,75.9316,0.0316495
3627,33,33,0,66,12.0606,8.768e-05
3628,397,397,0,794,12.0579,0.00094016
3629,58,41,17,10,80.122,0.00221056
3630,68,48,36,8,76.3542,0.00270024
3631,118,95,23,10,73.7474,0.00552224
3632,35,35,0,70,12.0571,9.472e-05
3633,39,39,0,78,12.0513,9.536e-05
3634,89,89,0,178,12.0562,0.0002336
3635,42,31,12,8,75.2903,0.00165352
3636,25,25,0,50,12.04,6.528e-05
3637,20,18,2,8,80.7778,0.00086608
3638,101,88,13,8,68.7841,0.00512856
3639,16,10,6,8,74,0.00042688
3640,10,10,0,20,12,2.128e-05
3641,60,60,0,120,12.05,0.00013392
3642,7,7,0,14,12,1.472e-05
3643,54,40,14,10,78.925,0.00221536
3644,32,32,0,8,70.5,0.00170984
3645,17,17,0,34,12,3.552e-05
3646,16,16,0,8,71.4375,0.0007386
3647,9,9,0,18,12,1.888e-05
3648,17,17,0,34,12,3.552e-05
3649,206,165,47,8,77.2,0.0097938
3650,504,375,176,8,77.32,0.0224703
3651,150,150,0,300,12.0667,0.00043568
3652,337,337,0,674,12.0623,0.00088608
3653,147,89,72,8,77.4944,0.00516032
3654,12,12,0,8,69.5833,0.00051976
3655,83,83,0,166,12.0602,0.00023104
3656,114,65,55,6,78.1846,0.00376884
3657,7,7,0,14,12,1.472e-05
3658,67,67,0,134,12.0597,0.00016576
3659,22,22,0,8,69.1364,0.00111252
3660,139,121,18,10,80.0248,0.00713808
3661,119,93,41,10,75.5161,0.00534752
3662,12,12,0,24,12,2.512e-05
3663,80,62,18,8,76.7581,0.00356656
3664,102,102,0,204,12.0588,0.00024944
3665,62,62,0,124,12.0484,0.00014704
3666,121,80,58,8,79.175,0.00463804
3667,51,51,0,102,12.0588,0.0001328
3668,71,71,0,142,12.0563,0.000184
3669,75,60,15,8,83.6833,0.00343928
3670,131,71,89,8,79.2535,0.004082
3671,49,49,0,98,12.0612,0.00013248
3672,63,63,0,126,12.0476,0.00015488
3673,30,16,14,8,51.0625,0.00078536
3674,26,26,0,8,80.8077,0.00138032
3675,14,14,0,28,12,2.928e-05
3676,48,48,0,8,69.3333,0.00270992
3677,73,67,6,6,77.806,0.00390988
3678,25,25,0,50,12.04,5.216e-05
3679,64,64,0,128,12.0469,0.00014064
3680,123,100,25,8,78.81,0.00586136
3681,94,94,0,188,12.0638,0.00024848
3682,106,81,27,10,77.5679,0.00467808
3683,53,24,40,8,78.1667,0.00123976
3684,76,76,0,152,12.0658,0.00021264
3685,12,12,0,8,75.6667,0.00053476
3686,17,17,0,34,12.0588,3.744e-05
3687,7,7,0,14,12,1.472e-05
3688,95,63,33,8,79.0635,0.00360664
3689,88,67,22,10,73.597,0.003868
3690,29,29,0,58,12.0345,7.392e-05
3691,57,57,0,114,12.0526,0.0001584
3692,64,64,0,128,12.0625,0.00017136
3693,15,15,0,8,70.8,0.0007218
3694,9,9,0,18,12,1.888e-05
3695,124,89,35,8,71.6404,0.00519944
3696,53,36,17,6,77.8889,0.00203852
3697,21,12,14,8,78.0833,0.00051888
3698,206,135,117,8,78.3333,0.00796408
3699,75,75,0,150,12.0667,0.00020832
3700,36,36,0,72,12.0556,9.168e-05
3701,67,35,39,8,69.9143,0.00190904
3702,9,9,0,18,12,1.984e-05
3703,115,115,0,230,12.0609,0.00029376
3704,33,33,0,66,12.0606,8.768e-05
3705,83,55,29,8,73.0182,0.00309988
3706,127,101,29,10,77.3663,0.00590296
3707,48,26,23,8,75,0.00136632
3708,43,43,0,86,12.0465,0.00011744
3709,40,21,19,8,79.5714,0.00108388
3710,89,89,0,178,12.0562,0.00022208
3711,24,24,0,48,12.0417,5.84e-05
3712,8,8,0,8,64.25,0.000256
3713,16,16,0,32,12,3.824e-05
3714,5,5,0,10,12,1.056e-05
3715,107,81,31,10,77.0617,0.00462408
3716,66,66,0,132,12.0606,0.00018352
3717,32,32,0,64,12.0312,7.824e-05
3718,39,31,10,8,76.1935,0.00169088
3719,75,56,33,10,79.1607,0.00314448
3720,23,23,0,46,12.0435,5.28e-05
3721,54,54,0,108,12.0556,0.00013424
3722,62,39,37,8,78.4615,0.00215516
3723,111,80,51,8,80.4375,0.00460612
3724,26,26,0,52,12.0385,5.872e-05
3725,64,64,0,128,12.0625,0.00017008
3726,89,66,29,8,76.5152,0.00378444
3727,56,33,40,8,78.7273,0.00177948
3728,49,49,0,98,12.0408,0.00011328
3729,29,29,0,58,12.0345,7.52e-05
3730,41,32,11,8,81.3125,0.00173308
3731,113,77,50,8,80.2468,0.00442632
3732,23,23,0,46,12.0435,5.568e-05
3733,55,28,45,6,78.1786,0.00153508
3734,18,9,13,6,64.2222,0.00039112
3735,698,567,168,8,75.06,0.0340972
3736,54,34,32,8,80.2059,0.0018316
3737,72,72,0,144,12.0694,0.00020528
3738,27,27,0,54,12.037,6.496e-05
3739,8,8,0,16,12,1.808e-05
3740,457,457,0,914,12.0613,0.00114816
3741,29,29,0,58,12.0345,7.936e-05
3742,538,438,132,8,74.3196,0.026271
3743,65,46,19,10,76.913,0.00256736
3744,355,355,0,710,12.0592,0.00087936
3745,44,44,0,88,12.0455,0.00011184
3746,189,142,67,8,69.3451,0.00839396
3747,9,9,0,18,12,1.888e-05
3748,31,29,4,8,81.4828,0.00157692
3749,17,17,0,34,12,3.712e-05
3750,31,20,12,8,80.3,0.00102092
3751,103,83,24,8,78.5181,0.00478948
3752,17,17,0,34,12.0588,3.936e-05
3753,76,76,0,152,12.0658,0.00020368
3754,25,18,7,8,81.0556,0.00086632
3755,28,14,14,8,79.2143,0.00066664
3756,11,11,0,22,12,2.304e-05
3757,11,11,0,22,12,2.368e-05
3758,20,20,0,8,66.4,0.00101624
3759,11,11,0,22,12,2.304e-05
3760,49,41,8,8,74.878,0.00225116
3761,44,24,35,8,80.2917,0.00126772
3762,29,29,0,58,12.0345,7.296e-05
3763,22,22,0,44,12.0455,5.808e-05
3764,66,49,23,8,69,0.00273392
3765,51,31,25,8,72.1613,0.00168476
3766,44,44,0,88,12.0455,0.0001208
3767,26,26,0,52,12.0385,6.96e-05
3768,135,105,37,8,72.3238,0.00616736
3769,97,97,0,194,12.0619,0.0002608
3770,55,48,8,10,71.7708,0.00267184
3771,38,38,0,76,12.0526,8.784e-05
3772,96,83,13,10,78.8795,0.0047348
3773,108,83,27,8,79.4337,0.00483852
3774,43,23,31,8,74.4348,0.00118816
3775,72,72,0,144,12.0556,0.0001912
3776,70,70,0,140,12.0571,0.00018352
3777,14,14,0,28,12,2.928e-05
3778,17,17,0,8,76.0588,0.00084612
3779,10,10,0,20,12,2.096e-05
3780,96,76,23,6,79.8553,0.0044214
3781,26,14,14,8,71.2143,0.00061908
3782,68,68,0,136,12.0588,0.00019024
3783,108,85,24,8,77.9529,0.00492628
3784,12,12,0,24,12,2.96e-05
3785,75,75,0,150,12.0533,0.00019808
3786,18,10,10,8,74.8,0.00042096
3787,84,53,53,8,77.9057,0.0030028
3788,42,24,28,8,77.25,0.00125736
3789,8,8,0,16,12,1.68e-05
3790,49,49,0,98,12.0612,0.00012896
3791,22,22,0,44,12.0455,5.776e-05
3792,38,35,3,10,77.9143,0.00187288
3793,25,25,0,50,12.04,5.568e-05
3794,45,32,15,8,79.9688,0.00170408
3795,27,27,0,54,12.037,6.752e-05
3796,6,6,0,8,69.1667,0.00017816
3797,4,4,0,8,12,8.48e-06
3798,70,61,9,8,79.5738,0.0034864
3799,39,39,0,78,12.0513,9.088e-05
3800,82,57,37,8,75.8421,0.003216
3801,45,23,31,8,75.6087,0.00117696
3802,143,98,69,8,76.5612,0.00570624
3803,82,43,62,6,71.9535,0.00246672
3804,125,125,0,250,12.064,0.00034848
3805,88,55,57,8,76.1818,0.00316776
3806,53,53,0,106,12.0566,0.00015168
3807,14,14,0,28,12,2.928e-05
3808,87,87,0,174,12.0575,0.0002112
3809,35,35,0,70,12.0571,8.736e-05
3810,43,43,0,86,12.0465,0.00010944
3811,182,150,38,8,78.0267,0.00885304
3812,81,53,36,8,76.6792,0.00300852
3813,128,128,0,256,12.0625,0.00033616
3814,152,108,56,8,69.1481,0.00634792
3815,43,24,24,8,77.3333,0.00124
3816,104,104,0,208,12.0577,0.00026384
3817,112,66,59,8,75.0303,0.0037878
3818,22,22,0,44,12.0455,6.064e-05
3819,70,56,14,10,77.2143,0.00311456
3820,89,69,21,10,66.971,0.00388192
3821,37,18,32,8,79.3889,0.0009
3822,56,56,0,112,12.0536,0.00013904
3823,44,44,0,88,12.0455,0.00011536
3824,64,64,0,128,12.0625,0.000188
3825,15,15,0,30,12,3.52e-05
3826,38,27,11,8,63.1111,0.00142832
3827,9,9,0,8,49.3333,0.00033632
3828,21,21,0,42,12.0476,5.152e-05
3829,6,6,0,12,12,1.264e-05
3830,33,30,3,8,56.2,0.00158136
3831,30,30,0,8,71,0.001623
3832,63,47,18,8,76.3191,0.00261636
3833,18,18,0,36,12.0556,3.952e-05
3834,16,16,0,32,12,3.344e-05
3835,42,42,0,84,12.0476,0.00010928
3836,30,22,8,8,83.6364,0.0011364
3837,29,13,29,6,68.4615,0.00061724
3838,133,92,43,10,76.087,0.0053268
3839,15,15,0,30,12,3.232e-05
3840,9,9,0,18,12,1.888e-05
3841,82,82,0,164,12.061,0.0002136
3842,89,82,7,8,70.0488,0.00477132
3843,112,89,28,10,69.0337,0.00519048
3844,60,60,0,120,12.05,0.00015216
3845,139,97,59,8,73.7629,0.00566632
3846,67,67,0,134,12.0597,0.0001696
3847,85,85,0,170,12.0588,0.00020576
3848,151,143,9,10,72.6783,0.00846088
3849,101,101,0,202,12.0594,0.00024448
3850,161,137,29,10,70.0365,0.0080264
3851,107,107,0,214,12.0561,0.00027072
3852,92,71,25,8,70.507,0.0040876
3853,18,12,9,8,78.9167,0.0004962
3854,54,54,0,108,12.0556,0.0001272
3855,9,9,0,8,75.3333,0.00032872
3856,11,11,0,22,12,2.496e-05
3857,245,208,43,8,75.7163,0.0123944
3858,6,6,0,12,12,1.264e-05
3859,20,13,7,8,87.4615,0.00056432
3860,98,72,44,8,67.5972,0.0041594
3861,9,9,0,18,12,1.984e-05
3862,48,48,0,96,12.0417,0.00010928
3863,33,30,4,8,73.5333,0.00162972
3864,48,26,24,8,76.7692,0.00136328
3865,17,17,0,34,12,3.584e-05
3866,103,73,45,10,81.0137,0.00416696
3867,62,61,1,10,62.9016,0.00341016
3868,23,23,0,46,12.0435,6.176e-05
3869,56,56,0,112,12.0536,0.00013488
3870,50,50,0,100,12.04,0.00011088
3871,254,217,47,8,76.0968,0.012935
3872,9,9,0,8,67.6667,0.000311
3873,187,187,0,374,12.0642,0.00051712
3874,6,6,0,12,12,1.264e-05
3875,76,56,20,10,81.1607,0.00315888
3876,49,49,0,98,12.0612,0.00014144
3877,50,50,0,100,12.06,0.0001384
3878,210,161,59,10,76.1429,0.00944672
3879,39,38,1,8,69.0263,0.00211552
3880,26,17,9,8,77.4706,0.00081088
3881,134,134,0,268,12.0597,0.00035312
3882,13,13,0,26,12,3.008e-05
3883,53,42,12,8,73.8571,0.00234324
3884,15,10,5,8,76.4,0.00041592
3885,37,23,18,8,80.2174,0.00120004
3886,30,30,0,60,12.0333,6.832e-05
3887,8,8,0,16,12,1.744e-05
3888,17,17,0,34,12.0588,3.936e-05
3889,186,153,33,8,79.6732,0.00907004
3890,25,14,18,8,75.1429,0.00066952
3891,138,138,0,276,12.058,0.00034384
3892,9,9,0,18,12,1.888e-05
3893,104,68,47,8,77.3235,0.00388128
3894,60,60,0,120,12.05,0.00016144
3895,79,57,22,8,75.9298,0.00322224
3896,45,45,0,90,12.0667,0.00012256
3897,48,24,25,8,77.5,0.00124036
3898,9,6,3,8,81.8333,0.00015384
3899,22,22,0,44,12.0455,5.616e-05
3900,9,9,0,8,62,0.00035072
3901,5,5,0,10,12,1.056e-05
3902,303,261,42,8,75.4866,0.0155726
3903,30,22,8,8,83.0455,0.00111592
3904,6,6,0,12,12,1.264e-05
3905,236,236,0,472,12.0678,0.00068432
3906,16,16,0,32,12,3.6e-05
3907,29,22,7,8,77.5909,0.00114072
3908,49,26,23,8,76.9615,0.0013602
3909,15,15,0,30,12,3.296e-05
3910,24,24,0,48,12.0417,6.032e-05
3911,237,201,43,10,77.4627,0.0119762
3912,165,165,0,330,12.0606,0.00043008
3913,12,12,0,8,80,0.0005446
3914,7,7,0,14,12,1.472e-05
3915,29,23,6,8,77.8261,0.00116932
3916,14,14,0,28,12,2.96e-05
3917,31,17,16,8,75.4706,0.00082876
3918,12,12,0,24,12,2.608e-05
3919,169,169,0,338,12.0651,0.00046688
3920,64,42,37,10,74.8095,0.00227888
3921,50,31,19,8,70.8065,0.00167788
3922,68,39,29,8,77.8205,0.00218088
3923,36,36,0,72,12.0556,9.008e-05
3924,28,28,0,56,12.0357,6.544e-05
3925,33,33,0,66,12.0606,7.744e-05
3926,36,36,0,8,82.6944,0.00199192
3927,46,27,29,8,74.2222,0.00143944
3928,44,25,37,6,71.32,0.00135728
3929,162,140,37,8,74.3857,0.00828404
3930,19,19,0,38,12.0526,3.968e-05
3931,25,25,0,50,12.04,7.008e-05
3932,24,24,0,48,12.0417,6.032e-05
3933,93,93,0,186,12.0538,0.00020832
3934,96,82,14,8,78.5244,0.00477504
3935,53,53,0,106,12.0566,0.00012608
3936,20,20,0,40,12.05,4.176e-05
3937,22,22,0,8,54.4545,0.00110076
3938,12,12,0,24,12,2.512e-05
3939,33,27,6,8,74.7037,0.00143248
3940,19,19,0,38,12.0526,4.512e-05
3941,34,29,5,8,50.1379,0.0015354
3942,17,17,0,34,12,3.648e-05
3943,68,50,20,10,82.66,0.00281312
3944,44,44,0,88,12.0682,0.00012272
3945,14,12,2,8,87.25,0.00054356
3946,8,8,0,16,12,1.68e-05
3947,44,29,17,8,79.6207,0.00155308
3948,26,26,0,52,12.0385,6.832e-05
3949,20,13,9,8,80.5385,0.00055652
3950,9,9,0,18,12,1.952e-05
3951,33,33,0,8,71.8485,0.00177156
3952,18,18,0,36,12,3.76e-05
3953,48,41,7,8,74.7805,0.00226324
3954,48,34,14,8,82.0294,0.00182408
3955,27,27,0,54,12.037,6.528e-05
3956,120,108,12,10,77.8611,0.00631696
3957,26,26,0,52,12.0385,6.512e-05
3958,85,85,0,170,12.0588,0.00020192
3959,71,62,9,8,80.6452,0.00354864
3960,40,40,0,80,12.05,9.68e-05
3961,54,52,2,6,80.75,0.00296972
3962,28,28,0,56,12.0357,5.84e-05
3963,43,33,10,8,72.1818,0.00178
3964,27,27,0,54,12.037,6.848e-05
3965,266,227,42,8,79.63,0.0135327
3966,7,7,0,8,68.8571,0.0002462
3967,61,55,6,10,77.4909,0.00303904
3968,210,210,0,420,12.0667,0.00059216
3969,5,5,0,10,12,1.056e-05
3970,38,38,0,76,12.0526,9.168e-05
3971,134,108,30,10,83.0463,0.00633736
3972,101,57,53,4,75.9649,0.00333072
3973,41,26,15,8,80,0.0013646
3974,89,89,0,178,12.0562,0.00023232
3975,43,40,0,80,12.05,9.552e-05
3976,21,21,0,42,12.0476,4.896e-05
3977,16,16,0,8,77.0625,0.0007594
3978,9,9,0,8,84.4444,0.00032388
3979,73,53,35,10,81.9057,0.00296632
3980,55,40,24,8,80.175,0.00223332
3981,96,56,53,8,79.6071,0.00319188
3982,9,9,0,18,12,1.888e-05
3983,6,6,0,12,12,1.264e-05
3984,50,50,0,100,12.06,0.00013904
3985,35,35,0,70,12.0571,8.896e-05
3986,53,53,0,106,12.0566,0.00013568
3987,212,190,25,8,82.2947,0.0112882
3988,147,147,0,294,12.0612,0.00037664
3989,81,67,15,8,80.3433,0.00387548
3990,57,57,0,114,12.0526,0.00014976
3991,95,75,20,10,77.2533,0.00425664
3992,69,69,0,138,12.058,0.00019936
3993,13,13,0,8,80.3846,0.00059664
3994,8,8,0,16,12,1.68e-05
3995,49,47,2,10,70.2766,0.00260144
3996,120,96,25,8,56.5,0.00557516
3997,32,18,14,8,72,0.0008568
3998,37,37,0,74,12.0541,8.128e-05
3999,64,64,0,128,12.0469,0.00015216
4000,16,16,0,32,12,3.792e-05
4001,70,57,15,8,75.9298,0.0032562
4002,37,37,0,74,12.0541,8.896e-05
4003,36,21,26,8,75.4286,0.00107516
4004,68,47,31,8,70.1702,0.00263496
4005,28,23,5,8,73.0435,0.00121304
4006,19,19,0,38,12.0526,4.48e-05
4007,41,31,14,8,74.8065,0.001655
4008,39,39,0,78,12.0513,9.664e-05
4009,85,70,16,10,72.0714,0.00398744
4010,14,14,0,28,12,3.024e-05
4011,25,25,0,50,12.04,6.24e-05
4012,62,62,0,124,12.0645,0.00016368
4013,84,62,25,10,75.2581,0.00348944
4014,117,103,14,8,65.2427,0.00603488
4015,50,50,0,100,12.06,0.000132
4016,68,68,0,136,12.0588,0.00016528
4017,105,79,45,8,68.7848,0.00454488
4018,61,61,0,122,12.0492,0.00015296
4019,15,15,0,8,62.4667,0.00070308
4020,9,9,0,18,12,1.888e-05
4021,30,28,2,8,73.1786,0.0015058
4022,37,31,6,8,77.8387,0.00167628
4023,29,17,15,8,54.2353,0.0008064
4024,17,17,0,34,12,3.616e-05
4025,22,22,0,44,12.0455,5.168e-05
4026,18,18,0,8,69.7222,0.00090132
4027,13,13,0,26,12,2.88e-05
4028,30,18,12,8,50.6111,0.00088036
4029,21,17,4,8,68.2353,0.00079876
4030,10,10,0,20,12,2.096e-05
4031,12,12,0,24,12,2.608e-05
4032,11,11,0,22,12,2.432e-05
4033,29,29,0,8,58.6552,0.00154872
4034,16,16,0,32,12,3.344e-05
4035,18,18,0,8,64.0556,0.00087456
4036,10,10,0,20,12,2.096e-05
4037,149,136,14,10,76.5662,0.0080284
4038,129,129,0,258,12.062,0.00033248
4039,118,89,37,10,77.2135,0.00517328
4040,67,48,26,10,58.1458,0.00264432
4041,42,24,18,8,73.875,0.00124664
4042,78,78,0,156,12.0641,0.0002168
4043,46,46,0,92,12.0435,0.00011632
4044,22,22,0,44,12.0455,5.488e-05
4045,24,24,0,8,75.4583,0.00123512
4046,13,13,0,26,12,2.72e-05
4047,49,47,2,10,78.1064,0.00260864
4048,37,37,0,74,12.0541,8.128e-05
