flow_id,tx_packets,rx_packets,lost_packets,retx_packets,mean_delay_ms,throughput_mbps
1,9064,8674,437,4,63.4464,0.524487
2,9548,8794,1073,4,65.1236,0.531744
3,8187,7786,432,4,64.2533,0.470781
4,10153,9651,511,4,66.1364,0.583576
5,9469,9016,502,4,63.4338,0.545171
6,5103,5103,0,10206,12.0547,0.0112176
7,5607,5607,0,11214,12.058,0.0131062
8,4660,4660,0,9320,12.0549,0.0103099
9,5793,5788,0,11576,12.0553,0.0128821
10,5334,5334,0,10668,12.0551,0.0118197
11,72,61,11,10,78.918,0.00348248
12,56,56,0,112,12.0536,0.00014384
13,22,15,7,8,77.4667,0.00073016
14,35,30,5,10,84,0.0015856
15,12,12,0,24,12,2.96e-05
16,25,25,0,50,12.04,6.016e-05
17,14,9,5,8,84.2222,0.00031452
18,6,6,0,12,12,1.264e-05
19,25,25,0,8,82.88,0.00128364
20,14,14,0,28,12,2.928e-05
21,35,35,0,8,77.1714,0.00192076
22,19,19,0,38,12.0526,3.968e-05
23,14,14,0,8,74,0.00065824
24,8,8,0,16,12,1.68e-05
25,26,24,2,8,74.75,0.00124904
26,169,147,24,8,80.3061,0.00869072
27,13,13,0,26,12,2.784e-05
28,115,115,0,230,12.0522,0.00028064
29,26,22,4,10,78.6364,0.00115088
30,17,17,0,34,12,3.904e-05
31,22,21,1,8,79.7619,0.00108664
32,7,7,0,8,78.5714,0.00024304
33,105,82,26,8,78.1829,0.00473208
34,12,12,0,24,12,2.576e-05
35,39,30,10,8,78.2333,0.00160908
36,45,34,11,8,80.0588,0.0018258
37,5,5,0,10,12,1.056e-05
38,66,66,0,132,12.0606,0.00016272
39,27,27,0,54,12.037,6.944e-05
40,27,27,0,54,12.037,6.496e-05
41,26,16,10,8,78.8125,0.00077504
42,14,14,0,28,12,3.28e-05
43,123,112,11,8,82.2857,0.0065852
44,86,86,0,172,12.0581,0.00020816
45,30,23,7,8,84.4348,0.00116428
46,76,61,16,8,79.8525,0.00345688
47,56,50,6,8,81.36,0.00284404
48,18,18,0,36,12.0556,4.784e-05
49,48,48,0,96,12.0417,0.00011376
50,34,34,0,68,12.0294,7.792e-05
51,72,56,16,10,79.9107,0.00315672
52,49,41,8,8,78.7805,0.00229
53,45,45,0,90,12.0444,0.00010752
54,28,28,0,56,12.0357,6.416e-05
55,104,81,29,10,77.5185,0.0047068
56,64,64,0,128,12.0625,0.00017072
57,88,79,9,8,76.8101,0.00456688
58,42,34,8,8,81.0294,0.001844
59,11,7,4,6,75,0.000248
60,53,53,0,106,12.0566,0.00012768
61,96,85,11,8,77.7059,0.0049548
62,25,25,0,50,12.04,5.728e-05
63,5,5,0,10,12,1.056e-05
64,61,61,0,122,12.0492,0.00014176
65,231,199,32,10,79.1106,0.0117671
66,43,43,0,8,81.093,0.00241508
67,177,177,0,354,12.0621,0.0004528
68,94,82,12,10,82.7805,0.0047132
69,23,23,0,46,12.0435,4.8e-05
70,54,54,0,108,12.0556,0.00012816
71,225,184,45,10,78.587,0.0108456
72,159,159,0,318,12.0692,0.0004464
73,128,94,35,10,78.2234,0.00549056
74,77,77,0,154,12.0519,0.00019392
75,71,58,13,8,75.931,0.00328984
76,52,52,0,104,12.0577,0.00012464
77,20,16,4,8,80.4375,0.0007798
78,18,12,8,8,75.5833,0.00051036
79,12,12,0,24,12,2.896e-05
80,50,43,7,10,81.2326,0.00239304
81,8,8,0,16,12,1.744e-05
82,13,13,0,8,83.0769,0.00057016
83,36,36,0,72,12.0556,9.328e-05
84,102,93,10,8,73.5484,0.00542584
85,8,8,0,16,12,1.68e-05
86,84,74,15,8,75.8378,0.00425584
87,80,72,8,8,68.2361,0.0041558
88,69,69,0,138,12.0435,0.00015872
89,50,50,0,100,12.04,0.00011152
90,49,49,0,98,12.0408,0.00011296
91,8,8,0,8,74.75,0.00027248
92,5,5,0,10,12,1.056e-05
93,24,24,0,8,61.9167,0.00123488
94,13,13,0,26,12,2.72e-05
95,119,109,11,8,77.633,0.00640812
96,87,87,0,174,12.0575,0.00022176
97,23,19,4,8,80.6842,0.000927
98,311,280,35,8,70.7786,0.0167331
99,12,12,0,24,12,2.608e-05
100,183,183,0,366,12.0546,0.0004128
101,40,30,14,10,75.0667,0.001536
102,28,28,0,56,12.0357,6.96e-05
103,172,162,10,8,80.1235,0.00959
104,28,24,4,8,82.1667,0.00125164
105,110,110,0,220,12.0545,0.00026096
106,17,17,0,34,12.0588,4.032e-05
107,15,15,0,8,80.2667,0.00071092
108,81,65,16,8,79.4154,0.00374044
109,9,9,0,18,12,1.888e-05
110,49,49,0,98,12.0612,0.00012896
111,54,43,11,8,76.8605,0.00237824
112,38,38,0,76,12.0526,9.616e-05
113,19,19,0,8,65.8947,0.00096228
114,58,58,0,8,78.6897,0.00330704
115,11,11,0,22,12,2.304e-05
116,30,30,0,60,12.0333,6.256e-05
117,19,19,0,8,47.7895,0.0009666
118,350,290,74,10,77.0655,0.0172589
119,185,147,49,10,76.551,0.0086568
120,11,11,0,22,12,2.304e-05
121,254,254,0,508,12.063,0.00066864
122,119,119,0,238,12.0588,0.00030976
123,34,29,5,10,77.2414,0.00155712
124,39,31,8,8,81.4839,0.00168672
125,156,140,21,8,80.7286,0.00824884
126,22,22,0,44,12.0455,5.424e-05
127,23,23,0,46,12.0435,5.376e-05
128,89,89,0,178,12.0562,0.00020512
129,118,99,19,10,83.0303,0.0057908
130,72,72,0,144,12.0556,0.0001848
131,32,32,0,8,82.9062,0.00174008
132,17,17,0,34,12,3.552e-05
133,83,66,18,10,72.5152,0.00373776
134,29,25,4,8,76.28,0.00128616
135,51,51,0,102,12.0588,0.00013216
136,16,16,0,32,12,3.728e-05
137,20,19,1,8,83.1579,0.00096524
138,10,10,0,20,12,2.128e-05
139,13,13,0,8,59.6154,0.00056136
140,73,62,11,8,78.8226,0.0035666
141,277,240,48,10,81.1417,0.0143356
142,22,20,2,8,83.35,0.00102364
143,8,8,0,16,12,1.68e-05
144,41,41,0,82,12.0488,9.888e-05
145,218,218,0,436,12.0688,0.00061232
146,13,13,0,26,12,2.944e-05
147,32,30,2,8,84.6,0.00159592
148,77,69,8,10,82.6812,0.00389712
149,17,17,0,34,12,3.552e-05
150,56,56,0,112,12.0536,0.00014704
151,14,14,0,8,76,0.00064444
152,8,8,0,16,12,1.68e-05
153,73,55,18,8,78.4909,0.003131
154,58,45,15,10,80.5111,0.00246056
155,39,39,0,78,12.0513,0.00010016
156,82,73,9,8,77.0137,0.00419864
157,150,139,13,8,80.9712,0.00822652
158,61,52,17,10,80.0192,0.00288424
159,37,37,0,74,12.0541,9.376e-05
160,34,24,10,6,80.1667,0.00130032
161,53,53,0,106,12.0566,0.00012448
162,87,87,0,174,12.046,0.00019136
163,50,50,0,100,12.06,0.00012112
164,25,25,0,8,77.64,0.00131548
165,27,27,0,54,12.037,6.208e-05
166,22,20,2,8,80.45,0.00098472
167,14,14,0,28,12,2.928e-05
168,13,13,0,26,12,2.944e-05
169,54,48,6,8,78.0208,0.00270828
170,33,33,0,66,12.0303,7.584e-05
171,37,37,0,8,76.1081,0.00205076
172,20,20,0,40,12.05,4.176e-05
173,45,41,4,8,78.6585,0.00225132
174,24,24,0,48,12.0417,5.136e-05
175,29,29,0,8,74.3103,0.00157684
176,115,96,24,8,70.5417,0.00557788
177,16,16,0,32,12,3.344e-05
178,84,84,0,168,12.0595,0.00020656
179,16,16,0,8,79.875,0.00076328
180,9,9,0,18,12,1.888e-05
181,81,76,5,8,83.5526,0.00439876
182,13,13,0,8,76.7692,0.00060236
183,38,31,7,8,87.129,0.0016502
184,47,38,15,8,85.6842,0.00210848
185,61,61,0,122,12.0492,0.00015072
186,8,8,0,16,12,1.68e-05
187,23,23,0,46,12.0435,5.344e-05
188,68,58,12,10,84.5517,0.00333096
189,31,31,0,62,12.0323,7.36e-05
190,158,149,9,8,72.9866,0.00880168
191,42,42,0,84,12.0476,0.00010448
192,90,90,0,180,12.0556,0.00020176
193,37,26,11,10,79.4615,0.00131824
194,24,24,0,48,12.0417,5.872e-05
195,84,67,17,8,79.8955,0.00384896
196,43,36,7,8,79.9444,0.00195444
197,48,48,0,96,12.0417,0.00012048
198,146,128,19,8,65.8359,0.0075318
199,26,26,0,52,12.0385,6.448e-05
200,89,89,0,178,12.0562,0.00020384
201,28,27,1,8,78.037,0.00145732
202,39,32,7,10,73.125,0.00167104
203,14,14,0,28,12,2.96e-05
204,22,22,0,44,12.0455,4.912e-05
205,8,8,0,8,80.125,0.0002764
206,74,68,6,8,65.3088,0.00389368
207,5,5,0,10,12,1.056e-05
208,42,42,0,84,12.0476,9.2e-05
209,45,40,5,8,66.025,0.00224288
210,23,23,0,46,12.0435,5.056e-05
211,43,39,4,10,80.9487,0.00209288
212,103,87,18,10,78.2529,0.00504336
213,9,9,0,8,82.1111,0.0003324
214,27,27,0,54,12.037,6.272e-05
215,81,81,0,162,12.0617,0.00020864
216,6,6,0,12,12,1.264e-05
217,70,58,12,10,83.1207,0.00326872
218,7,7,0,8,80.5714,0.00021008
219,83,75,8,8,81.9067,0.00432424
220,145,135,10,8,69.2889,0.00793248
221,38,28,17,10,71.3929,0.001498
222,34,30,4,10,83.3667,0.00152368
223,47,47,0,94,12.0638,0.00012224
224,5,5,0,10,12,1.056e-05
225,58,58,0,116,12.0517,0.00014096
226,88,88,0,176,12.0568,0.00019824
227,26,26,0,52,12.0385,6.544e-05
228,26,26,0,52,12.0385,6.32e-05
229,94,82,12,8,84.1829,0.00473604
230,67,67,0,134,12.0597,0.00017056
231,25,16,18,8,71.0625,0.00078724
232,83,74,17,6,61.473,0.00430004
233,110,101,17,6,50.2277,0.00593316
234,14,14,0,28,12,3.28e-05
235,47,47,0,94,12.0426,0.00010752
236,33,33,0,8,74.6364,0.0017824
237,59,55,4,10,68.7455,0.00309832
238,58,58,0,116,12.0517,0.00012656
239,80,74,6,8,66.9189,0.00427456
240,18,18,0,36,12,3.76e-05
241,44,44,0,88,12.0455,0.00010832
242,45,45,0,90,12.0444,9.824e-05
243,16,16,0,8,52.1875,0.00073916
244,9,9,0,18,12,1.888e-05
245,57,57,0,8,70.2632,0.00325956
246,30,30,0,60,12.0333,6.256e-05
247,20,20,0,8,52.6,0.00101224
248,11,11,0,22,12,2.304e-05
249,16,16,0,8,44,0.00078768
250,9,9,0,18,12,1.888e-05
251,28,28,0,8,46.3929,0.0014618
252,15,15,0,30,12,3.136e-05
253,80,80,0,8,66.1,0.00464364
254,41,41,0,82,12.0488,8.544e-05
255,57,50,7,8,62.58,0.00280548
256,31,31,0,62,12.0323,7.04e-05
257,36,36,0,8,57.8333,0.00195596
258,19,19,0,38,12.0526,3.968e-05
259,22,22,0,8,55.7273,0.00113468
260,12,12,0,24,12,2.512e-05
261,82,82,0,8,59.939,0.00472748
262,42,42,0,84,12.0476,8.752e-05
263,52,52,0,8,63.2885,0.00292032
264,27,27,0,54,12.037,5.632e-05
265,21,21,0,8,76.3333,0.00105536
266,57,50,7,10,81.54,0.00278128
267,12,12,0,24,12,2.512e-05
268,115,102,13,8,80.6863,0.00597628
269,33,33,0,66,12.0303,7.552e-05
270,79,79,0,158,12.0506,0.00019968
271,227,200,32,8,80.265,0.0118843
272,28,24,4,10,76.5417,0.00118472
273,157,157,0,314,12.0573,0.00038336
274,134,112,26,8,78.1875,0.00657308
275,19,19,0,38,12.0526,4.352e-05
276,99,99,0,198,12.0606,0.00023552
277,244,206,42,8,80.1311,0.0122401
278,74,62,12,8,80.5806,0.00352756
279,28,24,4,8,82.125,0.00124132
280,173,173,0,346,12.0636,0.00047456
281,53,53,0,106,12.0566,0.00013888
282,15,15,0,30,12,3.424e-05
283,201,175,29,8,81.0971,0.0103746
284,142,142,0,284,12.0563,0.00034832
285,14,11,3,8,83.1818,0.0004468
286,7,7,0,14,12,1.472e-05
287,57,51,6,10,83.8039,0.00289224
288,42,32,10,10,83.8438,0.0016584
289,38,38,0,76,12.0526,9.456e-05
290,79,59,23,10,80.0339,0.0033284
291,27,27,0,54,12.037,6.976e-05
292,52,52,0,104,12.0577,0.00014288
293,98,88,12,10,79.2273,0.00513056
294,203,185,18,8,76.3622,0.0110064
295,72,72,0,144,12.0556,0.00018672
296,127,127,0,254,12.0551,0.00030304
297,14,9,7,8,80.4444,0.00031476
298,12,7,6,8,84.7143,0.00022656
299,6,6,0,12,12,1.264e-05
300,5,5,0,10,12,1.088e-05
301,63,54,9,10,78.2778,0.0030012
302,94,84,10,8,78.1667,0.00489524
303,44,44,0,88,12.0455,0.00011664
304,55,55,0,110,12.0545,0.0001312
305,30,21,12,8,73.3333,0.0010538
306,18,18,0,36,12.0556,4.144e-05
307,37,36,1,8,72.0278,0.00195448
308,25,22,3,8,71.1818,0.00110168
309,19,19,0,38,12.0526,4.032e-05
310,15,15,0,30,12,3.52e-05
311,17,17,0,8,81.0588,0.000848
312,32,32,0,8,67.9062,0.00173376
313,10,10,0,20,12,2.096e-05
314,17,17,0,34,12,3.552e-05
315,529,437,118,8,77.3593,0.0262516
316,351,351,0,702,12.0655,0.00093504
317,15,15,0,8,80.8667,0.00070904
318,9,9,0,18,12,1.888e-05
319,91,76,15,8,81.3684,0.0044176
320,62,62,0,124,12.0645,0.00016208
321,64,57,7,8,82.1053,0.00323156
322,50,50,0,100,12.04,0.0001176
323,43,40,3,8,83.525,0.0021858
324,65,53,12,8,82.3585,0.00298316
325,233,214,27,8,79.9766,0.0127379
326,9,6,3,8,86.5,0.00018428
327,24,24,0,48,12.0417,5.328e-05
328,43,43,0,86,12.0465,0.0001008
329,141,141,0,282,12.0496,0.00031776
330,59,48,11,8,81.8125,0.00272688
331,4,4,0,8,12,8.48e-06
332,169,150,19,8,80.6333,0.00886016
333,38,38,0,76,12.0526,9.104e-05
334,109,109,0,218,12.055,0.00025152
335,430,398,33,8,74.3894,0.023885
336,267,267,0,534,12.0562,0.00060544
337,24,24,0,8,85.2083,0.00124024
338,61,48,13,8,83.5208,0.00271212
339,13,13,0,26,12,2.72e-05
340,38,38,0,76,12.0526,9.2e-05
341,40,32,8,8,86,0.00175916
342,53,41,12,8,85.5122,0.00228976
343,25,25,0,50,12.04,6.464e-05
344,35,35,0,70,12.0571,9.568e-05
345,31,24,7,10,84.625,0.00123832
346,20,20,0,40,12.05,5.328e-05
347,40,34,6,8,81.1176,0.00184076
348,137,124,13,8,81.1613,0.00728604
349,28,28,0,56,12.0357,7.248e-05
350,81,81,0,162,12.0494,0.00018432
351,57,47,10,8,81.5106,0.00261024
352,18,18,0,8,80.4444,0.00090692
353,43,43,0,86,12.0465,0.00010752
354,10,10,0,20,12,2.096e-05
355,39,32,7,8,76.25,0.0017458
356,48,36,12,8,81.0278,0.00199572
357,33,25,8,8,81.16,0.00130536
358,73,60,16,8,80.4,0.00339928
359,24,24,0,48,12.0417,6.032e-05
360,27,27,0,54,12.037,6.976e-05
361,21,21,0,42,12.0476,5.376e-05
362,53,53,0,106,12.0566,0.00013536
363,92,80,13,8,74.325,0.00461768
364,59,56,3,10,81.5893,0.0031188
365,53,53,0,106,12.0566,0.0001232
366,50,50,0,100,12.04,0.00011824
367,16,16,0,8,82.9375,0.00076628
368,9,9,0,18,12,1.888e-05
369,601,558,46,8,73.6792,0.033554
370,72,62,10,10,81.9677,0.00353368
371,29,19,12,8,80.3158,0.000941
372,15,12,3,8,78,0.00051776
373,358,358,0,716,12.0559,0.0008104
374,53,53,0,106,12.0566,0.00014368
375,15,15,0,30,12,3.584e-05
376,8,8,0,16,12,1.68e-05
377,106,94,12,10,82.266,0.0054192
378,33,24,9,10,82.4167,0.0011976
379,79,79,0,158,12.0506,0.00020096
380,62,52,10,8,81.6731,0.00294452
381,285,261,25,8,75.2222,0.0155647
382,23,23,0,46,12.0435,5.792e-05
383,26,16,15,8,62.25,0.00076016
384,42,42,0,84,12.0476,9.936e-05
385,168,168,0,336,12.0536,0.00037456
386,9,9,0,18,12,1.888e-05
387,63,53,10,8,82.0755,0.00298432
388,20,18,2,8,81.0556,0.00086072
389,46,46,0,92,12.0435,0.00011184
390,12,12,0,24,12,2.576e-05
391,233,215,18,10,78.0326,0.0127978
392,90,75,15,8,79.6667,0.0043274
393,141,141,0,282,12.0567,0.00032768
394,39,32,7,8,83.6875,0.0017138
395,58,58,0,116,12.0517,0.00015088
396,25,25,0,50,12.04,5.664e-05
397,42,34,8,8,81.7941,0.001825
398,25,25,0,50,12.04,6.208e-05
399,34,28,6,8,74.2143,0.00146508
400,24,24,0,48,12.0417,5.808e-05
401,10,10,0,8,61,0.00040624
402,143,114,34,10,79.7193,0.00665016
403,6,6,0,12,12,1.264e-05
404,86,86,0,172,12.0581,0.00022672
405,136,125,13,10,82.04,0.00736408
406,99,99,0,198,12.0505,0.00023648
407,38,35,3,8,74.9143,0.00189672
408,19,19,0,38,12.0526,3.968e-05
409,85,73,14,8,85.8493,0.00421484
410,81,74,7,8,84.2162,0.00425316
411,62,62,0,124,12.0484,0.000148
412,51,51,0,102,12.0588,0.00012352
413,42,36,6,8,81.5833,0.00198208
414,131,118,13,6,70.2712,0.00696148
415,104,92,20,8,73.7391,0.00538552
416,27,27,0,54,12.037,6.336e-05
417,72,72,0,144,12.0556,0.00016048
418,62,62,0,124,12.0484,0.00013872
419,61,58,3,10,85.0345,0.0032644
420,84,75,9,8,72.24,0.004314
421,45,45,0,90,12.0444,0.00010528
422,53,53,0,106,12.0566,0.00012032
423,58,51,7,8,85.1765,0.00285732
424,98,91,7,10,79.0879,0.00530328
425,36,36,0,72,12.0556,9.04e-05
426,61,61,0,122,12.0492,0.00013728
427,35,30,5,10,86.5,0.0015924
428,21,21,0,42,12.0476,4.704e-05
429,16,16,0,8,82.1875,0.00078516
430,24,18,6,8,83.1111,0.00087576
431,11,11,0,8,85.2727,0.00048632
432,9,9,0,18,12,1.888e-05
433,14,14,0,28,12,3.216e-05
434,7,7,0,14,12,1.472e-05
435,25,25,0,8,78,0.00130096
436,33,33,0,8,83.9091,0.00176984
437,14,14,0,28,12,2.928e-05
438,18,18,0,36,12,3.76e-05
439,6,6,0,8,84,0.00014768
440,4,4,0,8,12,8.48e-06
441,17,17,0,8,58.6471,0.00084904
442,643,577,78,8,77.5529,0.0346746
443,19,19,0,8,73.1579,0.00093056
444,10,10,0,20,12,2.096e-05
445,404,404,0,808,12.0594,0.00098864
446,11,11,0,22,12,2.304e-05
447,251,219,36,8,71.8721,0.0130412
448,64,51,16,8,78.8039,0.00287776
449,67,44,27,8,81.9545,0.0024648
450,157,157,0,314,12.0573,0.00036992
451,39,39,0,78,12.0513,9.28e-05
452,34,33,1,8,80.2727,0.00178804
453,39,39,0,78,12.0513,9.312e-05
454,18,18,0,36,12,3.76e-05
455,104,97,7,8,78,0.00566876
456,66,66,0,132,12.0455,0.00015184
457,4,4,0,6,67.75,6.688e-05
458,3,3,0,6,12,6.4e-06
459,96,74,28,8,78.973,0.00427976
460,57,57,0,114,12.0526,0.00015296
461,45,38,7,10,80.3684,0.00211872
462,93,79,16,8,73.9494,0.00455108
463,33,33,0,66,12.0606,8.064e-05
464,58,58,0,116,12.0517,0.0001368
465,41,33,8,8,80.7576,0.0017786
466,26,26,0,52,12.0385,6.768e-05
467,41,29,21,8,78.7931,0.00152052
468,12,12,0,8,76.6667,0.00053384
469,26,26,0,52,12.0385,6.576e-05
470,29,24,5,8,83.5,0.001229
471,7,7,0,14,12,1.472e-05
472,6,6,0,8,82.1667,0.00013492
473,107,94,13,10,83.8191,0.00549728
474,15,15,0,30,12,3.36e-05
475,11,11,0,8,83.5455,0.00047496
476,4,4,0,8,12,8.48e-06
477,80,80,0,160,12.0625,0.00020048
478,7,7,0,14,12,1.472e-05
479,65,48,20,10,75.7083,0.00270408
480,41,41,0,82,12.0488,0.00011296
481,230,176,74,8,74.2216,0.010455
482,138,138,0,276,12.058,0.00035024
483,28,28,0,8,77.2857,0.00148288
484,15,15,0,30,12,3.136e-05
485,14,14,0,8,52.5,0.00062548
486,8,8,0,16,12,1.68e-05
487,23,23,0,8,64.7391,0.00120424
488,711,650,69,8,77.5369,0.039085
489,13,13,0,26,12,2.72e-05
490,454,454,0,908,12.0595,0.001108
491,166,151,18,8,80.8146,0.00892972
492,54,45,9,8,81.8667,0.00250004
493,60,48,18,8,82.0208,0.0026766
494,104,104,0,208,12.0577,0.00024912
495,30,30,0,60,12.0333,6.64e-05
496,31,31,0,62,12.0323,6.976e-05
497,433,389,48,8,81.7943,0.0233392
498,19,12,10,8,81.25,0.00054476
499,282,282,0,564,12.0603,0.000684
500,11,11,0,22,12,2.496e-05
501,69,58,13,8,81.3276,0.00332556
502,22,13,16,8,85.2308,0.00055548
503,43,43,0,86,12.0465,0.00010048
504,8,8,0,16,12,1.68e-05
505,19,17,2,8,84.7059,0.00081164
506,11,11,0,22,12,2.464e-05
507,913,794,144,10,76.9849,0.0478181
508,598,598,0,1196,12.0602,0.00148208
509,20,15,5,8,79.7333,0.0006826
510,11,11,0,22,12,2.496e-05
511,52,44,10,8,85.0682,0.0024612
512,111,99,16,8,56.4949,0.00575916
513,34,34,0,68,12.0588,7.952e-05
514,11,11,0,8,83.3636,0.00047928
515,57,57,0,114,12.0526,0.00012256
516,7,7,0,14,12,1.472e-05
517,39,27,12,8,82.5185,0.001448
518,72,61,12,8,67.4426,0.0034632
519,37,27,18,8,83.2593,0.00142892
520,25,25,0,50,12.04,6.144e-05
521,41,36,5,10,82.5278,0.0019332
522,43,40,3,8,81.35,0.00223492
523,45,45,0,90,12.0444,0.00010592
524,22,22,0,44,12.0455,5.296e-05
525,30,30,0,60,12.0333,6.96e-05
526,27,27,0,54,12.037,6.016e-05
527,194,179,15,8,62.3966,0.0105972
528,109,109,0,218,12.055,0.0002432
529,127,113,14,10,82.5929,0.00656304
530,49,41,8,8,82.9268,0.00227724
531,85,85,0,170,12.0588,0.00022048
532,28,28,0,56,12.0357,6.448e-05
533,7,6,1,8,67.8333,0.00014816
534,20,18,2,8,86.4444,0.00088464
535,12,12,0,24,12,2.704e-05
536,28,24,4,10,82.5,0.00119976
537,21,13,8,8,63.7692,0.00057144
538,19,19,0,38,12.0526,4.352e-05
539,9,9,0,18,12,1.952e-05
540,42,39,3,8,77.5897,0.00214808
541,32,32,0,64,12.0312,7.248e-05
542,11,11,0,8,70.1818,0.00043684
543,100,79,29,8,80.0253,0.00458216
544,59,48,11,10,81.7083,0.00264144
545,7,7,0,14,12,1.472e-05
546,61,61,0,122,12.0656,0.00016416
547,32,32,0,64,12.0312,7.504e-05
548,135,128,7,8,59.9062,0.0075614
549,71,71,0,142,12.0423,0.0001536
550,93,87,6,8,76.3678,0.00505504
551,54,54,0,108,12.0556,0.0001192
552,23,18,5,8,66.6111,0.00090356
553,14,14,0,28,12,3.216e-05
554,40,40,0,8,64.9,0.00221584
555,21,21,0,42,12.0476,4.384e-05
556,15,15,0,8,48.4,0.00070812
557,9,9,0,18,12,1.888e-05
558,155,134,25,10,60.9851,0.0078172
559,88,88,0,176,12.0568,0.0002152
560,42,34,8,8,71.4706,0.0018392
561,25,25,0,50,12.04,6.368e-05
562,256,239,19,8,63.2929,0.0142788
563,84,74,10,10,75.4595,0.00419464
564,26,26,0,8,72.1923,0.00138804
565,289,255,40,10,71.6353,0.0152414
566,49,49,0,98,12.0612,0.00012128
567,14,14,0,28,12,2.928e-05
568,188,188,0,376,12.0585,0.00046096
569,131,105,27,8,81.7619,0.00615224
570,75,75,0,150,12.0533,0.00019616
571,82,73,9,10,83.8904,0.00418512
572,4,4,0,8,12,8.48e-06
573,62,62,0,124,12.0484,0.00016048
574,417,366,55,8,75.6175,0.021951
575,197,182,16,8,69.8022,0.0107747
576,254,254,0,508,12.0551,0.00059472
577,120,120,0,240,12.05,0.00027088
578,104,89,15,8,75.2472,0.00517376
579,58,45,14,8,80.6667,0.00252008
580,82,72,13,8,68.8333,0.00414284
581,9,9,0,8,75.1111,0.00033652
582,70,70,0,140,12.0571,0.00017744
583,32,32,0,64,12.0625,8.112e-05
584,49,49,0,98,12.0408,0.00011104
585,6,6,0,12,12,1.264e-05
586,17,14,3,8,81.5,0.00066444
587,9,9,0,18,12,2.016e-05
588,9,9,0,8,55.5556,0.00031132
589,6,6,0,12,12,1.264e-05
590,133,113,23,8,77.0973,0.0066186
591,774,705,90,8,73.0624,0.0424482
592,78,78,0,156,12.0513,0.000196
593,462,462,0,924,12.0563,0.00107664
594,12,9,3,8,80.1111,0.00035832
595,13,13,0,8,80,0.00060156
596,7,7,0,14,12,1.472e-05
597,8,8,0,16,12,1.68e-05
598,24,24,0,8,76.9583,0.0012472
599,32,24,8,8,79.25,0.00123384
600,30,18,21,8,81.7222,0.00085716
601,13,13,0,26,12,2.72e-05
602,124,114,11,10,77.7719,0.0067068
603,20,20,0,40,12.05,4.752e-05
604,16,16,0,32,12.0625,3.952e-05
605,19,19,0,8,74.7368,0.00096208
606,91,91,0,182,12.0549,0.00021536
607,20,17,3,8,78,0.00082492
608,9,9,0,8,78.6667,0.00034
609,11,11,0,22,12,2.304e-05
610,12,12,0,24,12,2.736e-05
611,6,6,0,12,12,1.264e-05
612,62,53,9,8,76.7547,0.00298056
613,22,21,1,8,77.8571,0.00105208
614,60,52,8,8,81.1154,0.00291216
615,39,39,0,78,12.0513,9.92e-05
616,12,12,0,24,12,2.512e-05
617,42,42,0,84,12.0476,9.968e-05
618,88,80,8,8,82.1,0.00463316
619,22,21,1,10,82.9048,0.00099384
620,38,28,10,8,71.2857,0.00151368
621,62,62,0,124,12.0484,0.00015408
622,15,15,0,30,12,3.328e-05
623,113,106,7,10,82.4434,0.00612352
624,24,24,0,48,12.0417,5.52e-05
625,20,18,2,8,81.2778,0.00088596
626,83,83,0,166,12.0602,0.00020256
627,12,12,0,24,12,2.576e-05
628,57,49,12,8,81.8776,0.00274972
629,32,32,0,64,12.0312,7.728e-05
630,45,40,5,8,79.825,0.00221728
631,42,37,5,8,76.8649,0.00202992
632,30,30,0,60,12.0333,6.768e-05
633,142,142,0,284,12.0493,0.00031216
634,28,28,0,56,12.0357,6.352e-05
635,33,33,0,8,79.1212,0.00178416
636,18,18,0,36,12,3.76e-05
637,53,53,0,8,61.0189,0.00299384
638,28,28,0,56,12.0357,5.84e-05
639,9,9,0,8,53.8889,0.00031972
640,6,6,0,12,12,1.264e-05
641,12,12,0,8,26.75,0.00053124
642,7,7,0,14,12,1.472e-05
643,33,33,0,8,36.0909,0.00180824
644,18,18,0,36,12,3.76e-05
645,42,42,0,8,42.6905,0.0023556
646,22,22,0,44,12.0455,4.592e-05
647,168,137,41,8,77.8102,0.00805964
648,20,20,0,8,60.5,0.00099608
649,792,719,91,8,77.7177,0.0433027
650,115,115,0,230,12.0609,0.00031136
651,11,11,0,22,12,2.304e-05
652,519,519,0,1038,12.0597,0.00125216
653,25,21,4,10,83.1429,0.00101328
654,31,20,19,6,79.3,0.0010724
655,136,124,16,8,75.4194,0.00729956
656,17,17,0,34,12.0588,4.16e-05
657,12,12,0,24,12,2.512e-05
658,79,79,0,158,12.0506,0.00017664
659,42,30,12,10,74.7667,0.00154056
660,37,29,10,6,73.6897,0.00157852
661,24,24,0,48,12.0417,5.68e-05
662,47,46,1,10,76.913,0.00259648
663,22,22,0,44,12.0455,5.168e-05
664,18,18,0,8,78.0556,0.00089504
665,31,31,0,62,12.0323,6.784e-05
666,10,10,0,20,12,2.096e-05
667,73,61,12,8,74.0164,0.00345784
668,12,12,0,8,76.5,0.00054528
669,41,35,6,10,77.0571,0.0019096
670,51,51,0,102,12.0588,0.00012512
671,7,7,0,14,12,1.472e-05
672,39,29,10,8,82.1034,0.00156392
673,30,30,0,60,12.0333,7.44e-05
674,17,17,0,8,81.7059,0.00084864
675,34,28,6,10,83.6786,0.00148744
676,26,26,0,52,12.0385,6.544e-05
677,27,17,10,8,76.3529,0.00080136
678,27,14,24,8,83.6429,0.0006164
679,10,10,0,20,12,2.096e-05
680,24,24,0,48,12.0417,6.032e-05
681,14,14,0,28,12,3.28e-05
682,12,12,0,24,12,2.896e-05
683,30,18,19,6,82.1111,0.00091356
684,24,24,0,8,78.25,0.00125156
685,87,80,7,8,80.35,0.0046552
686,13,13,0,26,12,2.72e-05
687,46,46,0,92,12.0435,0.00010224
688,138,136,2,10,71.7941,0.00804856
689,44,33,14,8,76.1818,0.00176388
690,130,130,0,260,12.0538,0.00030992
691,25,25,0,50,12.04,5.792e-05
692,63,53,10,8,76.0943,0.00301604
693,95,90,5,8,74.9444,0.00521004
694,36,36,0,72,12.0556,8.912e-05
695,17,14,3,8,82.2143,0.00065304
696,60,60,0,120,12.05,0.000148
697,9,9,0,18,12,1.984e-05
698,58,49,10,8,74.5102,0.0027402
699,26,26,0,8,69.4615,0.0013434
700,32,32,0,64,12.0312,7.568e-05
701,14,14,0,28,12,2.928e-05
702,86,75,11,10,79.1333,0.0042912
703,61,61,0,122,12.0492,0.00015744
704,27,23,4,8,77.8696,0.00120956
705,106,92,14,8,76.3478,0.00536872
706,29,21,13,8,71.3333,0.0010634
707,14,14,0,28,12,2.96e-05
708,49,44,5,8,68.7955,0.00248464
709,85,71,16,8,73.0282,0.00407464
710,64,64,0,128,12.0469,0.00015024
711,18,18,0,36,12.0556,4.368e-05
712,171,151,30,8,73.7682,0.00894388
713,32,32,0,64,12.0312,7.184e-05
714,51,51,0,102,12.0392,0.00011776
715,411,351,66,8,76.6667,0.0209962
716,269,269,0,538,12.0595,0.0006752
717,59,51,8,8,73.5686,0.00289408
718,42,42,0,84,12.0476,0.00010448
719,57,46,15,8,80.2826,0.00255472
720,39,25,15,6,80.92,0.00137452
721,109,87,23,8,82.1839,0.0050718
722,33,33,0,66,12.0303,7.648e-05
723,30,30,0,60,12.0333,6.672e-05
724,64,64,0,128,12.0469,0.00014512
725,148,122,34,8,77.2541,0.00714992
726,93,93,0,186,12.0645,0.00024896
727,26,22,4,8,83.6818,0.001099
728,14,14,0,28,12,3.184e-05
729,316,215,138,8,81.1721,0.0128144
730,185,185,0,370,12.0595,0.0004768
731,112,90,31,8,78.4,0.00521616
732,43,34,9,8,80.9412,0.00182688
733,67,67,0,134,12.0597,0.0001744
734,10,10,0,8,77.4,0.00041756
735,45,42,3,8,82.6905,0.00233876
736,27,27,0,54,12.037,7.104e-05
737,6,6,0,12,12,1.264e-05
738,32,32,0,64,12.0312,7.248e-05
739,31,30,1,8,84.2333,0.0016164
740,17,17,0,34,12,3.552e-05
741,92,82,10,8,81.5244,0.0047594
742,46,38,8,10,78.5526,0.00210624
743,37,34,3,8,81.0882,0.00186852
744,61,61,0,122,12.0492,0.00014272
745,34,34,0,68,12.0294,8.016e-05
746,78,65,13,10,80.9385,0.00369136
747,19,19,0,38,12.0526,4.032e-05
748,102,94,9,10,81.766,0.00550312
749,53,53,0,106,12.0566,0.00013952
750,72,72,0,144,12.0556,0.00016464
751,20,17,3,8,81.7647,0.00082284
752,42,39,3,8,81.0256,0.00215544
753,12,12,0,24,12,2.704e-05
754,32,32,0,64,12.0312,7.248e-05
755,17,17,0,34,12.0588,4.416e-05
756,86,72,16,8,79.7778,0.00416696
757,58,58,0,116,12.0517,0.00013712
758,22,17,5,8,83.4706,0.0008402
759,18,13,5,8,83.0769,0.00055452
760,13,13,0,26,12,3.136e-05
761,9,9,0,18,12,2.016e-05
762,67,49,23,8,81.7755,0.00276092
763,41,30,11,8,78,0.0016282
764,37,37,0,74,12.0541,9.696e-05
765,107,91,22,8,77.6923,0.00530736
766,23,23,0,46,12.0435,5.632e-05
767,28,19,16,10,77.3684,0.00086088
768,70,70,0,140,12.0571,0.000164
769,27,23,4,8,76.8261,0.00116704
770,24,19,5,8,78.6842,0.00092544
771,42,40,2,8,82.15,0.00224272
772,17,17,0,34,12.0588,4.448e-05
773,16,16,0,32,12,3.76e-05
774,15,15,0,30,12,3.744e-05
775,31,31,0,62,12.0323,7.04e-05
776,16,16,0,8,78.4375,0.000765
777,9,9,0,18,12,1.888e-05
778,76,67,9,8,73.194,0.0038766
779,41,41,0,82,12.0488,9.696e-05
780,45,35,10,8,75.9714,0.0019368
781,14,14,0,8,76.5714,0.00064028
782,26,26,0,52,12.0385,6.64e-05
783,8,8,0,16,12,1.68e-05
784,107,84,29,10,77.6429,0.00479928
785,329,285,47,8,78.5018,0.0170601
786,52,34,20,8,79,0.0018252
787,72,72,0,144,12.0556,0.00019504
788,218,218,0,436,12.0596,0.00054288
789,44,33,16,8,82.2727,0.00180984
790,27,27,0,54,12.037,6.912e-05
791,37,27,11,8,81.8148,0.00143788
792,30,30,0,60,12.0333,7.12e-05
793,26,26,0,52,12.0385,6.224e-05
794,89,89,0,178,12.0449,0.00019424
795,75,58,18,8,84.3793,0.00331668
796,129,81,63,8,82.2716,0.00470212
797,51,51,0,102,12.0588,0.00014176
798,76,76,0,152,12.0658,0.0002008
799,35,25,10,10,82.24,0.00130368
800,38,26,12,8,85,0.00138104
801,184,162,23,8,78.1358,0.00957304
802,22,22,0,44,12.0455,5.808e-05
803,33,23,11,10,83.7826,0.00111
804,69,54,19,10,82.9444,0.00299656
805,23,23,0,46,12.0435,5.888e-05
806,105,105,0,210,12.0476,0.000232
807,377,338,42,8,80.5799,0.0202358
808,20,20,0,40,12.05,4.944e-05
809,46,46,0,92,12.0435,0.00011696
810,259,259,0,518,12.0579,0.00063616
811,72,63,10,10,84.6984,0.0035232
812,6,5,1,8,87.8,7.54e-05
813,295,268,37,8,76.2313,0.0159813
814,98,81,24,8,81.679,0.00469616
815,54,54,0,108,12.0556,0.00013296
816,80,69,13,8,82.2609,0.00396624
817,4,4,0,8,12,8.48e-06
818,174,174,0,348,12.0517,0.00039312
819,68,68,0,136,12.0588,0.00016368
820,34,21,18,8,80.4762,0.00109036
821,28,23,5,10,82.8696,0.00118888
822,52,47,5,8,85.5957,0.00264268
823,57,57,0,114,12.0526,0.00013696
824,18,18,0,36,12.0556,4.112e-05
825,39,39,0,78,12.0513,9.216e-05
826,274,250,25,8,81.024,0.0149256
827,23,14,10,6,83.2143,0.00067156
828,179,179,0,358,12.0559,0.00042112
829,11,11,0,22,12,2.56e-05
830,605,459,214,8,81.1983,0.0275759
831,414,414,0,828,12.0676,0.00117136
832,62,48,21,8,82.0417,0.00269988
833,36,36,0,72,12.0556,8.24e-05
834,250,221,33,8,81.2851,0.013163
835,56,43,19,8,80.6279,0.00241488
836,164,164,0,328,12.0549,0.0003912
837,69,51,22,8,80.6863,0.0028842
838,35,35,0,70,12.0571,9.216e-05
839,42,42,0,84,12.0476,0.0001
840,43,33,10,8,84.2121,0.00179928
841,86,72,20,8,79.1528,0.00417248
842,39,20,25,8,80.25,0.00099976
843,29,29,0,58,12.0345,7.392e-05
844,46,46,0,92,12.0435,0.00010096
845,14,14,0,28,12,3.248e-05
846,61,52,9,8,83.1923,0.0029252
847,39,39,0,78,12.0513,9.44e-05
848,23,20,3,8,79.65,0.00102132
849,83,73,10,8,82.5205,0.004239
850,12,12,0,24,12,2.512e-05
851,58,58,0,116,12.0517,0.0001384
852,8,7,1,8,87,0.00024744
853,118,97,23,8,81.4227,0.0056876
854,5,5,0,10,12,1.056e-05
855,76,76,0,152,12.0526,0.00017744
856,21,21,0,8,81.2857,0.00105272
857,12,12,0,24,12,2.512e-05
858,26,24,2,10,77.2917,0.00126992
859,36,22,14,8,83.5909,0.00115368
860,18,18,0,36,12.0556,4.048e-05
861,20,20,0,40,12.05,5.296e-05
862,67,61,6,10,84.2131,0.00342712
863,164,116,64,8,81.4741,0.00680608
864,49,49,0,98,12.0612,0.00012288
865,107,107,0,214,12.0654,0.00029376
866,92,71,24,8,80.6197,0.00406932
867,59,52,7,10,81.1731,0.00289416
868,76,63,13,8,78.6667,0.00360984
869,64,64,0,128,12.0625,0.00016752
870,40,40,0,80,12.05,9.552e-05
871,55,55,0,110,12.0545,0.0001328
872,228,192,41,8,79.7708,0.0114053
873,146,146,0,292,12.0548,0.0003464
874,11,11,0,8,87.2727,0.00047164
875,7,7,0,14,12,1.472e-05
876,32,32,0,8,82.625,0.00175124
877,31,22,10,10,80.3182,0.00108824
878,17,17,0,34,12,3.552e-05
879,20,20,0,40,12.05,5.232e-05
880,9,9,0,8,74.4444,0.00035228
881,6,6,0,12,12,1.264e-05
882,66,54,22,8,78.9815,0.00306544
883,46,37,13,8,81.6757,0.002049
884,61,44,23,8,78.6591,0.00243052
885,37,37,0,74,12.0541,8.352e-05
886,28,28,0,56,12.0357,6.8e-05
887,54,41,13,8,84.6585,0.00229028
888,37,37,0,74,12.0541,9.92e-05
889,33,33,0,66,12.0606,8.8e-05
890,17,17,0,34,12.0588,4.096e-05
891,34,22,20,8,75.7727,0.0011118
892,19,19,0,38,12.0526,4.576e-05
893,38,32,6,8,83.25,0.00175732
894,25,25,0,50,12.04,5.952e-05
895,93,77,17,8,83.8182,0.0044712
896,87,71,20,10,83.7324,0.00409632
897,59,59,0,118,12.0508,0.00014784
898,65,65,0,130,12.0615,0.0001648
899,198,180,20,8,76.8333,0.0106905
900,31,20,15,8,80.85,0.00102108
901,118,118,0,236,12.0508,0.00026416
902,18,18,0,36,12.0556,4.592e-05
903,43,40,3,8,81.6,0.00223684
904,49,40,9,8,83.8,0.00218832
905,46,35,11,8,79.7714,0.00193992
906,34,34,0,68,12.0294,7.536e-05
907,28,28,0,56,12.0357,6.448e-05
908,52,42,10,8,75.3333,0.00236248
909,29,20,18,8,73.55,0.00100368
910,25,25,0,50,12.04,6.016e-05
911,39,39,0,78,12.0513,9.44e-05
912,18,18,0,36,12.0556,4.336e-05
913,26,17,9,8,82,0.00082516
914,14,14,0,28,12,3.248e-05
915,50,41,12,8,74.3415,0.00225832
916,38,38,0,8,77.0263,0.00210848
917,28,28,0,56,12.0357,6.416e-05
918,20,20,0,40,12.05,4.176e-05
919,26,26,0,8,71.4615,0.001392
920,14,14,0,28,12,2.928e-05
921,342,308,34,8,80.4675,0.0184209
922,233,233,0,466,12.0558,0.00056096
923,60,43,18,10,85.7907,0.00239368
924,37,37,0,74,12.0541,9.952e-05
925,41,28,13,8,77.5714,0.00146936
926,12,9,3,8,85.1111,0.00036704
927,117,101,17,8,74.2277,0.00588548
928,21,21,0,42,12.0476,5.248e-05
929,98,89,10,10,81.3933,0.00509656
930,6,6,0,12,12,1.36e-05
931,74,74,0,148,12.0541,0.0001768
932,80,80,0,160,12.05,0.00019632
933,49,37,13,8,81.6216,0.00204832
934,94,80,14,10,82.6375,0.00460128
935,27,27,0,54,12.037,6.816e-05
936,44,35,14,8,81.7714,0.0019144
937,63,63,0,126,12.0476,0.0001488
938,25,25,0,50,12.04,5.792e-05
939,19,18,1,8,81.9444,0.00089428
940,118,104,15,10,76.8077,0.00603928
941,11,11,0,22,12,2.304e-05
942,74,74,0,148,12.0541,0.00017424
943,17,17,0,8,83.5294,0.00081612
944,46,35,11,10,81.7714,0.00189224
945,32,22,16,8,83.8182,0.00115448
946,10,10,0,20,12,2.096e-05
947,29,29,0,58,12.0345,6.912e-05
948,21,21,0,42,12.0476,4.992e-05
949,54,46,8,8,79.8261,0.00258436
950,59,47,20,8,71.2979,0.00262444
951,31,31,0,62,12.0323,7.04e-05
952,31,31,0,62,12.0323,7.168e-05
953,29,24,5,8,86.4583,0.00125564
954,18,18,0,36,12.0556,4.528e-05
955,19,17,2,8,80.4706,0.00083248
956,11,11,0,22,12,2.464e-05
957,42,36,6,8,72.9167,0.00197812
958,75,65,10,8,66.1231,0.00374852
959,13,13,0,8,85.3077,0.00059952
960,25,25,0,50,12.04,6.272e-05
961,45,45,0,90,12.0444,0.00011072
962,8,8,0,16,12,1.68e-05
963,17,17,0,8,65.3529,0.00081868
964,10,10,0,20,12,2.096e-05
965,130,103,35,10,79.6311,0.00598272
966,96,82,14,8,79.2561,0.00477936
967,61,47,14,8,82.1702,0.0026558
968,88,88,0,176,12.0682,0.00024752
969,65,65,0,130,12.0615,0.00016416
970,38,38,0,76,12.0526,9.936e-05
971,9,9,0,8,78.3333,0.0003516
972,27,21,6,8,84.7619,0.00103952
973,6,6,0,12,12,1.264e-05
974,18,18,0,36,12.0556,4.464e-05
975,74,69,5,8,80.6232,0.00396444
976,18,18,0,8,82.1667,0.00087964
977,50,50,0,100,12.06,0.00012816
978,10,10,0,20,12,2.096e-05
979,52,52,0,8,81.9231,0.00294776
980,27,27,0,54,12.037,5.632e-05
981,25,25,0,8,76.4,0.00128952
982,54,46,8,8,57.6304,0.00256
983,14,14,0,28,12,2.928e-05
984,31,31,0,62,12.0323,7.04e-05
985,19,19,0,8,50.2105,0.00093972
986,11,11,0,22,12,2.304e-05
987,16,16,0,8,62.25,0.00076816
988,9,9,0,18,12,1.888e-05
989,24,24,0,6,70.375,0.00127604
990,22,22,0,8,74.7727,0.00115076
991,13,13,0,26,12,2.72e-05
992,12,12,0,24,12,2.512e-05
993,32,32,0,8,82.8125,0.00172464
994,17,17,0,34,12,3.552e-05
995,375,339,38,8,77.0973,0.0203167
996,234,234,0,468,12.0598,0.00056656
997,80,67,13,10,82.8955,0.0037728
998,54,54,0,108,12.0556,0.00013488
999,24,20,4,8,83.5,0.00102816
1000,27,19,8,8,81.2105,0.0009518
1001,13,13,0,26,12,2.976e-05
1002,169,148,21,8,76.3176,0.00873564
1003,17,14,3,8,81.0714,0.00061476
1004,17,17,0,34,12.0588,4.128e-05
1005,104,104,0,208,12.0481,0.00023824
1006,9,9,0,18,12,1.984e-05
1007,33,28,5,8,81.6786,0.00151612
1008,21,21,0,42,12.0476,5.024e-05
1009,48,46,2,10,79.6087,0.00254632
1010,78,69,9,10,75.7826,0.0039176
1011,31,31,0,62,12.0323,6.816e-05
1012,49,49,0,98,12.0408,0.00011072
1013,7,7,0,8,64.4286,0.00022452
1014,5,5,0,10,12,1.056e-05
1015,117,96,30,10,78.9271,0.00558712
1016,83,83,0,166,12.0602,0.00022368
1017,61,50,13,10,81.44,0.00279704
1018,128,106,32,8,78.0943,0.00623168
1019,88,73,17,8,77.274,0.00420064
1020,38,38,0,76,12.0526,9.2e-05
1021,74,74,0,148,12.0541,0.00016848
1022,61,61,0,122,12.0492,0.00014688
1023,19,17,2,8,78.1176,0.00084816
1024,32,29,3,8,79.3793,0.00157044
1025,46,37,10,8,79.9459,0.00203576
1026,44,32,12,8,76.5625,0.001751
1027,11,11,0,22,12,2.336e-05
1028,17,17,0,34,12,3.616e-05
1029,31,31,0,62,12.0323,7.424e-05
1030,24,24,0,48,12.0417,5.392e-05
1031,11,11,0,8,76.6364,0.00048472
1032,7,7,0,14,12,1.472e-05
1033,41,35,6,8,78.1143,0.00188752
1034,65,56,9,8,85.3929,0.0031688
1035,39,29,10,10,75.5517,0.00150912
1036,25,25,0,50,12.04,6.176e-05
1037,27,19,10,10,82.5263,0.00093632
1038,49,49,0,98,12.0612,0.00012256
1039,27,27,0,54,12.037,6.464e-05
1040,18,18,0,36,12.0556,4.304e-05
1041,57,56,1,8,82.9643,0.00319328
1042,404,393,12,8,65.4377,0.0235912
1043,40,40,0,80,12.05,8.976e-05
1044,229,229,0,458,12.0524,0.0004976
1045,299,267,34,8,74.7978,0.0159207
1046,38,35,3,10,64.3143,0.00193752
1047,190,190,0,380,12.0579,0.00045616
1048,13,10,3,8,83.2,0.00041252
1049,30,30,0,60,12.0333,6.8e-05
1050,7,7,0,14,12,1.472e-05
1051,71,62,9,10,69.3548,0.0035008
1052,41,41,0,82,12.0488,9.6e-05
1053,31,26,6,10,74.3846,0.00138224
1054,19,19,0,38,12.0526,4.288e-05
1055,39,30,9,8,78.9,0.00158212
1056,10,10,0,8,66.7,0.00039416
1057,23,23,0,46,12.0435,5.184e-05
1058,6,6,0,12,12,1.264e-05
1059,31,31,0,8,72.3548,0.0016578
1060,17,17,0,34,12,3.552e-05
1061,31,31,0,8,79.0968,0.00168792
1062,17,17,0,34,12,3.552e-05
1063,13,13,0,8,85.3846,0.0005596
1064,8,8,0,16,12,1.68e-05
1065,114,97,17,8,76.6598,0.005675
1066,52,35,20,8,84.4286,0.00191764
1067,21,14,7,8,85.7143,0.00065804
1068,72,72,0,144,12.0556,0.00017552
1069,28,28,0,56,12.0357,7.312e-05
1070,172,158,15,8,71.5316,0.009364
1071,64,49,15,8,70.3469,0.00276396
1072,10,10,0,20,12,2.16e-05
1073,84,74,10,10,77.8649,0.00423664
1074,95,95,0,190,12.0526,0.00020928
1075,100,80,20,10,81.6125,0.0045468
1076,38,38,0,76,12.0526,8.752e-05
1077,58,58,0,116,12.0517,0.00014768
1078,12,12,0,8,82.0833,0.00052876
1079,72,72,0,144,12.0694,0.00019984
1080,42,30,19,6,56,0.00168704
1081,7,7,0,14,12,1.472e-05
1082,60,52,8,8,78.2308,0.00292
1083,18,18,0,36,12.0556,3.776e-05
1084,31,24,9,8,81.875,0.0012354
1085,43,43,0,86,12.0465,0.00010624
1086,18,18,0,36,12.0556,4.432e-05
1087,21,13,8,8,87,0.00058936
1088,10,10,0,20,12,2.192e-05
1089,46,41,5,8,75.5854,0.00229952
1090,41,34,7,8,79.1176,0.00183264
1091,24,24,0,48,12.0417,5.328e-05
1092,204,193,12,8,80.9637,0.01148
1093,25,25,0,50,12.04,6.304e-05
1094,42,33,11,8,75.697,0.00181552
1095,148,148,0,296,12.0541,0.00034448
1096,41,39,2,8,80.2821,0.00216772
1097,29,29,0,58,12.0345,7.072e-05
1098,33,33,0,66,12.0606,7.968e-05
1099,71,55,18,8,75.0545,0.00310028
1100,29,22,7,8,81.5909,0.00111452
1101,141,125,16,8,72.72,0.0073308
1102,54,47,11,10,83.6383,0.00255784
1103,44,44,0,88,12.0455,0.000116
1104,18,18,0,36,12.0556,4.208e-05
1105,31,25,6,8,82.64,0.00132144
1106,87,87,0,174,12.046,0.00019904
1107,39,39,0,78,12.0513,9.184e-05
1108,52,45,7,8,81.5111,0.00251604
1109,99,88,19,8,80.9205,0.00514
1110,20,20,0,40,12.05,4.976e-05
1111,31,31,0,62,12.0323,6.912e-05
1112,57,57,0,114,12.0526,0.00012672
1113,160,144,18,8,83.4236,0.00849212
1114,107,107,0,214,12.0561,0.00025344
1115,67,59,8,10,88.3729,0.00334096
1116,49,49,0,98,12.0612,0.00012928
1117,21,18,3,8,74.0556,0.0008874
1118,42,36,6,8,80.25,0.0019754
1119,111,100,13,8,71.07,0.00583144
1120,89,81,11,8,71.8889,0.0047212
1121,12,12,0,24,12,2.576e-05
1122,30,30,0,60,12.0333,7.6e-05
1123,63,52,11,10,79.0962,0.0028556
1124,68,68,0,136,12.0441,0.00015408
1125,79,68,11,8,76.9559,0.00390496
1126,51,46,5,8,77.6522,0.0025738
1127,48,48,0,96,12.0417,0.00010576
1128,48,48,0,96,12.0625,0.00012016
1129,47,47,0,94,12.0426,0.00010752
1130,31,31,0,62,12.0323,7.232e-05
1131,108,87,23,10,74.6092,0.00499184
1132,21,18,3,8,84.5556,0.00088044
1133,75,75,0,150,12.0533,0.00019008
1134,13,13,0,26,12,2.976e-05
1135,71,62,9,8,72.0161,0.00353344
1136,23,15,10,8,74.0667,0.00070752
1137,46,46,0,92,12.0435,0.00011248
1138,68,63,5,8,69.6032,0.00362456
1139,13,13,0,26,12,3.136e-05
1140,40,40,0,80,12.05,9.136e-05
1141,57,52,5,8,79.2308,0.0029258
1142,12,12,0,8,67.4167,0.0005254
1143,30,30,0,60,12.0333,6.64e-05
1144,92,86,8,8,80.8372,0.00497144
1145,7,7,0,14,12,1.472e-05
1146,59,50,9,8,83.58,0.00280268
1147,45,41,4,8,80.4634,0.00227276
1148,60,60,0,120,12.05,0.00015024
1149,39,39,0,78,12.0513,9.984e-05
1150,30,30,0,60,12.0333,6.768e-05
1151,46,46,0,8,57.4783,0.00255104
1152,109,104,5,8,72.4135,0.006059
1153,24,24,0,48,12.0417,5.008e-05
1154,57,57,0,114,12.0526,0.00012448
1155,35,35,0,8,68.8857,0.00191904
1156,15,13,2,8,79.7692,0.00057632
1157,10,10,0,8,68.6,0.0004032
1158,19,19,0,38,12.0526,3.968e-05
1159,9,9,0,18,12,1.888e-05
1160,6,6,0,12,12,1.264e-05
1161,47,47,0,8,62.0638,0.00264436
1162,25,25,0,50,12.04,5.216e-05
1163,30,30,0,8,58.9667,0.00159232
1164,16,16,0,32,12,3.344e-05
1165,27,27,0,8,48.7407,0.00141736
1166,130,118,12,10,69.1441,0.00689152
1167,15,15,0,30,12,3.136e-05
1168,72,72,0,144,12.0556,0.0001672
1169,33,33,0,8,56,0.00181536
1170,18,18,0,36,12,3.76e-05
1171,44,44,0,8,59.9545,0.00248208
1172,23,23,0,46,12.0435,4.8e-05
1173,14,14,0,8,48.3571,0.00065132
1174,31,31,0,8,58.1935,0.00167336
1175,8,8,0,16,12,1.68e-05
1176,17,17,0,34,12,3.552e-05
1177,48,46,2,8,74.6739,0.00260616
1178,25,25,0,50,12.04,5.216e-05
1179,87,85,2,8,78.4118,0.00491188
1180,46,43,3,8,81.3256,0.00240216
1181,45,45,0,90,12.0444,9.504e-05
1182,24,24,0,48,12.0417,5.2e-05
1183,45,40,5,8,74.775,0.00220328
1184,55,44,11,8,78.0682,0.00246624
1185,225,203,24,10,75.8473,0.0119968
1186,24,24,0,48,12.0417,5.36e-05
1187,33,33,0,66,12.0606,8.576e-05
1188,46,38,8,10,75.7368,0.002122
1189,136,136,0,272,12.0588,0.00032944
1190,31,31,0,62,12.0645,8.192e-05
1191,43,43,0,8,75.3488,0.00242168
1192,23,23,0,46,12.0435,4.8e-05
1193,9,9,0,8,76.3333,0.00033332
1194,6,6,0,12,12,1.264e-05
1195,30,30,0,8,58.8667,0.00160452
1196,16,16,0,32,12,3.344e-05
1197,113,88,30,10,80.4659,0.00512968
1198,72,72,0,144,12.0556,0.00020016
1199,135,115,23,10,81.8783,0.0067628
1200,100,100,0,200,12.06,0.00027664
1201,64,54,11,8,36.8889,0.00304372
1202,34,28,8,8,80.6071,0.00146088
1203,34,34,0,68,12.0294,7.568e-05
1204,18,17,1,8,74.8235,0.00080444
1205,27,23,4,10,81.8696,0.00113984
1206,23,23,0,46,12.0435,5.536e-05
1207,10,10,0,20,12,2.16e-05
1208,88,78,10,10,80.859,0.00448488
1209,51,51,0,102,12.0588,0.00012
1210,44,35,14,8,61.4286,0.00194128
1211,44,39,7,8,70.1538,0.00216684
1212,57,57,0,8,74.5789,0.00324152
1213,28,28,0,56,12.0357,6.544e-05
1214,23,23,0,46,12.0435,5.12e-05
1215,30,30,0,60,12.0333,6.256e-05
1216,24,24,0,8,71.2083,0.0012632
1217,25,20,5,8,73.2,0.00100596
1218,13,13,0,26,12,2.72e-05
1219,16,16,0,32,12,3.696e-05
1220,71,71,0,8,65.5634,0.004067
1221,37,37,0,74,12.027,7.712e-05
1222,17,17,0,8,61,0.00083396
1223,10,10,0,20,12,2.096e-05
1224,62,54,8,8,59.1296,0.00306032
1225,41,39,4,8,69.2051,0.00216992
1226,24,24,0,8,69.875,0.00124864
1227,33,33,0,66,12.0303,7.52e-05
1228,21,21,0,42,12.0476,4.448e-05
1229,13,13,0,26,12,2.72e-05
1230,32,28,4,8,70.25,0.00147068
1231,17,17,0,34,12,3.84e-05
1232,18,18,0,8,59.3333,0.0008772
1233,10,10,0,20,12,2.096e-05
1234,19,19,0,8,39.2105,0.00093584
1235,11,11,0,22,12,2.304e-05
1236,63,63,0,8,53.0159,0.00361204
1237,12,12,0,8,42.9167,0.00053504
1238,33,33,0,66,12.0303,6.88e-05
1239,7,7,0,14,12,1.472e-05
1240,89,67,30,8,74.6269,0.00386944
1241,73,66,7,10,76.9394,0.00377888
1242,44,36,8,8,78.8056,0.00195384
1243,50,50,0,100,12.06,0.00013264
1244,14,14,0,8,78.5,0.00064048
1245,54,54,0,108,12.0556,0.00013296
1246,27,27,0,54,12.037,6.976e-05
1247,76,60,21,8,72,0.00339588
1248,8,8,0,16,12,1.68e-05
1249,49,49,0,98,12.0408,0.00011552
1250,25,24,1,8,80.625,0.00124568
1251,13,13,0,26,12,2.784e-05
1252,17,17,0,8,83.4118,0.00082196
1253,62,50,12,8,77.8,0.00282616
1254,10,10,0,20,12,2.096e-05
1255,248,227,21,10,78.8855,0.0134588
1256,78,59,20,10,79.8814,0.00331824
1257,34,34,0,68,12.0588,8.208e-05
1258,159,159,0,318,12.0566,0.0004032
1259,47,47,0,94,12.0638,0.00012448
1260,59,50,9,8,76.16,0.0028176
1261,9,9,0,8,79.4444,0.0003516
1262,40,40,0,80,12.05,0.0001
1263,6,6,0,12,12,1.264e-05
1264,74,71,5,8,65.3944,0.004095
1265,18,18,0,36,12.0556,4.08e-05
1266,28,20,8,8,70.75,0.00102332
1267,46,46,0,92,12.0435,0.0001016
1268,18,18,0,36,12.0556,4.368e-05
1269,26,26,0,8,57.9615,0.00134384
1270,14,14,0,28,12,2.928e-05
1271,43,43,0,8,63.2791,0.00241028
1272,23,23,0,46,12.0435,4.8e-05
1273,23,23,0,8,64.2609,0.00119548
1274,13,13,0,26,12,2.72e-05
1275,114,114,0,8,54.4737,0.006665
1276,58,58,0,116,12.0517,0.0001208
1277,16,16,0,8,25,0.00074752
1278,9,9,0,18,12,1.888e-05
1279,16,16,0,8,26.6875,0.00076596
1280,5,5,0,8,28.6,0.00012244
1281,9,9,0,18,12,1.888e-05
1282,4,4,0,8,12,8.48e-06
1283,206,174,36,10,60.0517,0.0102683
1284,117,117,0,234,12.0598,0.00029184
1285,20,20,0,8,45.2,0.00101504
1286,31,31,0,8,46.8065,0.001691
1287,11,11,0,22,12,2.304e-05
1288,17,17,0,34,12,3.552e-05
1289,27,27,0,8,40.6667,0.00143036
1290,15,15,0,30,12,3.136e-05
1291,112,104,8,10,67.5673,0.00604008
1292,25,25,0,8,52.08,0.001319
1293,58,58,0,116,12.0517,0.00012464
1294,14,14,0,28,12,2.928e-05
1295,40,40,0,8,65.025,0.00220008
1296,21,21,0,42,12.0476,4.384e-05
1297,46,43,3,6,53.4884,0.00242532
1298,32,32,0,64,12.0312,7.248e-05
1299,21,21,0,8,51.4286,0.001051
1300,12,12,0,24,12,2.512e-05
1301,16,16,0,8,50.5,0.00074848
1302,9,9,0,18,12,1.888e-05
1303,96,84,17,8,57.0714,0.00490076
1304,49,49,0,98,12.0408,0.00011168
1305,156,134,24,8,73.2537,0.0078938
1306,86,86,0,172,12.0581,0.00020848
1307,21,15,7,8,70.4,0.00072444
1308,63,54,10,8,57.6296,0.00304352
1309,12,12,0,24,12,2.832e-05
1310,51,51,0,102,12.0588,0.00012384
1311,74,65,9,8,57.6615,0.00371964
1312,77,77,0,8,61.3896,0.00447024
1313,40,40,0,80,12.05,8.816e-05
1314,40,40,0,80,12.05,8.336e-05
1315,9,9,0,8,60.6667,0.00035788
1316,6,6,0,12,12,1.264e-05
1317,26,26,0,8,29.3846,0.0013756
1318,14,14,0,28,12,2.928e-05
1319,15,15,0,8,36.8667,0.00068588
1320,9,9,0,18,12,1.888e-05
1321,101,90,12,8,61.2444,0.00522328
1322,53,53,0,106,12.0377,0.00011872
1323,62,62,0,8,73.0806,0.00357252
1324,31,23,12,8,65.2174,0.00115864
1325,32,32,0,64,12.0312,6.672e-05
1326,19,19,0,38,12.0526,4.512e-05
1327,50,50,0,8,65.28,0.00281524
1328,16,16,0,8,78.5625,0.00074336
1329,26,26,0,52,12.0385,5.424e-05
1330,9,9,0,18,12,1.888e-05
1331,46,46,0,8,51.8043,0.00259504
1332,24,24,0,48,12.0417,5.008e-05
1333,44,44,0,8,51.1136,0.0024546
1334,23,23,0,46,12.0435,4.8e-05
1335,233,185,60,8,73.5081,0.0109604
1336,218,186,42,8,78.0215,0.0110653
1337,147,147,0,294,12.0612,0.00039712
1338,170,170,0,340,12.0647,0.00046768
1339,222,167,75,8,78.7545,0.00992408
1340,156,156,0,312,12.0641,0.00040592
1341,70,58,20,8,69.8793,0.00331092
1342,43,32,18,10,78.0312,0.00173544
1343,30,30,0,60,12.0333,6.256e-05
1344,28,28,0,56,12.0357,6.48e-05
1345,34,29,5,8,77.2759,0.00152208
1346,19,11,8,8,79.8182,0.00048404
1347,21,21,0,42,12.0476,5.216e-05
1348,69,50,22,8,81.62,0.00283848
1349,9,9,0,18,12,2.048e-05
1350,80,70,10,10,77.9857,0.00404888
1351,45,45,0,90,12.0444,0.00011488
1352,47,47,0,94,12.0426,0.00011616
1353,72,56,25,8,77.5714,0.00320568
1354,44,41,3,8,79.1951,0.00229476
1355,45,45,0,90,12.0444,0.00010528
1356,24,24,0,8,66.5417,0.00124148
1357,32,32,0,64,12.0312,7.376e-05
1358,41,36,5,10,82.1944,0.00193624
1359,13,13,0,26,12,2.72e-05
1360,181,139,42,10,81.2878,0.00820816
1361,75,66,9,8,82.5,0.00380396
1362,25,25,0,50,12.04,6.016e-05
1363,110,110,0,220,12.0636,0.00030416
1364,60,60,0,120,12.05,0.00015056
1365,163,141,22,8,77.3688,0.00834568
1366,49,38,12,10,79.9474,0.00205744
1367,111,111,0,222,12.0541,0.00026816
1368,35,35,0,70,12.0571,9.024e-05
1369,157,136,22,8,78.0074,0.00801024
1370,137,102,36,10,82.1667,0.00598368
1371,31,24,7,10,80.5417,0.00124104
1372,103,103,0,206,12.0583,0.00024864
1373,93,93,0,186,12.0538,0.00024064
1374,20,20,0,40,12.05,4.944e-05
1375,36,30,6,8,76.4,0.00159928
1376,14,9,5,8,78.2222,0.00031896
1377,24,24,0,48,12.0417,5.904e-05
1378,7,7,0,14,12,1.472e-05
1379,50,34,16,8,77.1765,0.0018336
1380,160,128,36,10,79.9766,0.00752136
1381,40,28,12,8,79.3929,0.00147596
1382,66,64,2,8,77.125,0.00366672
1383,27,27,0,54,12.037,7.104e-05
1384,116,116,0,232,12.0603,0.00029712
1385,25,25,0,50,12.04,6.848e-05
1386,42,42,0,84,12.0476,9.328e-05
1387,84,77,7,8,79.2857,0.00445972
1388,14,14,0,8,78.1429,0.00062432
1389,16,14,2,8,82.1429,0.00066128
1390,53,53,0,106,12.0566,0.00013152
1391,25,16,9,8,79.1875,0.00077832
1392,8,8,0,16,12,1.68e-05
1393,279,260,21,8,71.3923,0.0155264
1394,8,8,0,16,12,1.744e-05
1395,14,14,0,28,12,3.472e-05
1396,171,171,0,342,12.0526,0.00038816
1397,29,29,0,8,78.1034,0.00154216
1398,161,143,18,10,79.3077,0.0083604
1399,16,16,0,32,12,3.344e-05
1400,114,114,0,228,12.0614,0.00028944
1401,33,29,4,8,76.5862,0.00154868
1402,46,39,7,10,79.2821,0.00215728
1403,385,353,34,8,76.6544,0.0211185
1404,18,18,0,36,12.0556,3.856e-05
1405,29,29,0,58,12.0345,7.36e-05
1406,235,235,0,470,12.0553,0.00055008
1407,37,36,1,8,76.9444,0.00195048
1408,19,19,0,38,12.0526,4.032e-05
1409,38,32,6,8,78.0938,0.00175912
1410,34,34,0,68,12.0294,7.536e-05
1411,42,34,9,10,77.8529,0.00186704
1412,48,41,8,8,79.5122,0.00228212
1413,25,25,0,50,12.04,5.824e-05
1414,30,30,0,60,12.0333,7.408e-05
1415,38,31,8,10,79.1935,0.00160008
1416,82,69,14,8,75.8841,0.0039942
1417,100,94,7,8,75.8723,0.00546172
1418,27,27,0,54,12.037,6.336e-05
1419,45,45,0,90,12.0444,0.0001024
1420,75,75,0,150,12.0533,0.00017664
1421,447,402,56,8,72.3159,0.0241289
1422,283,283,0,566,12.0601,0.00068896
1423,25,15,17,8,78.4667,0.0006896
1424,46,34,16,8,78.5294,0.00183336
1425,80,62,18,8,77.3065,0.00356936
1426,193,178,23,8,71.4326,0.0105418
1427,10,10,0,20,12,2.096e-05
1428,27,27,0,54,12.037,7.136e-05
1429,128,114,18,8,77.6754,0.00667816
1430,86,77,11,8,80.3377,0.00443632
1431,56,56,0,112,12.0536,0.00013616
1432,114,114,0,228,12.0526,0.00026288
1433,83,83,0,166,12.0482,0.00019008
1434,51,51,0,102,12.0392,0.00011744
1435,116,104,12,10,81.3846,0.00607936
1436,78,78,0,156,12.0513,0.00019184
1437,117,97,22,10,84.7835,0.005664
1438,75,75,0,150,12.0533,0.00019456
1439,155,154,1,8,68.7532,0.0091364
1440,96,88,8,8,72.6364,0.00510556
1441,98,98,0,196,12.051,0.00021616
1442,52,52,0,104,12.0385,0.0001144
1443,90,77,13,10,79.3117,0.00448
1444,57,57,0,114,12.0526,0.00013408
1445,24,24,0,8,71.2083,0.0012614
1446,13,13,0,26,12,2.72e-05
1447,16,16,0,8,63.625,0.00073988
1448,9,9,0,18,12,1.888e-05
1449,63,56,7,10,78.375,0.00309576
1450,11,11,0,8,77.9091,0.00046632
1451,46,46,0,92,12.0435,0.00011664
1452,7,7,0,14,12,1.472e-05
1453,14,12,2,8,86.4167,0.00052568
1454,8,8,0,16,12,1.68e-05
1455,119,94,39,10,81.4149,0.005418
1456,80,80,0,160,12.0625,0.0002104
1457,28,20,8,8,80.4,0.00099192
1458,98,89,9,8,67.2584,0.00514944
1459,18,18,0,36,12.0556,4.336e-05
1460,31,26,5,8,85.9231,0.00134012
1461,69,69,0,138,12.058,0.00016192
1462,17,17,0,34,12.0588,3.968e-05
1463,17,12,5,8,79.6667,0.00053124
1464,8,8,0,16,12,1.712e-05
1465,22,21,1,8,69.9524,0.00107848
1466,173,159,16,10,77.6918,0.00937328
1467,42,33,9,8,80.7273,0.00179476
1468,12,12,0,24,12,2.576e-05
1469,68,60,8,6,79.6333,0.00345372
1470,107,107,0,214,12.0561,0.00025408
1471,27,27,0,54,12.037,6.848e-05
1472,18,15,3,8,69.8,0.00071832
1473,45,45,0,90,12.0444,0.00011072
1474,26,24,2,10,77.875,0.00124808
1475,10,10,0,20,12,2.16e-05
1476,18,18,0,36,12.0556,4.048e-05
1477,65,54,12,8,78.3148,0.00308416
1478,89,72,21,8,81.9583,0.0041426
1479,37,37,0,74,12.0541,8.768e-05
1480,52,52,0,104,12.0577,0.00013488
1481,30,30,0,8,81.9333,0.0016086
1482,16,16,0,32,12,3.344e-05
1483,28,25,3,8,71.32,0.0012832
1484,80,73,7,8,48.8904,0.00421248
1485,18,18,0,36,12.0556,4.144e-05
1486,44,44,0,88,12.0455,9.744e-05
1487,19,19,0,6,36.3684,0.00097368
1488,11,11,0,22,12,2.304e-05
1489,52,52,0,8,64.6731,0.0029522
1490,27,27,0,54,12.037,5.632e-05
1491,25,25,0,8,61.88,0.00131468
1492,14,14,0,28,12,2.928e-05
1493,24,24,0,8,55.8333,0.0012354
1494,81,74,7,8,73.2568,0.00428768
1495,13,13,0,26,12,2.72e-05
1496,64,54,10,10,69.537,0.00307496
1497,41,41,0,82,12.0488,8.768e-05
1498,38,38,0,76,12.0526,9.264e-05
1499,172,165,7,8,72.3697,0.0097696
1500,100,100,0,200,12.05,0.0002216
1501,98,90,8,10,67.7222,0.00519272
1502,54,54,0,108,12.0556,0.00012208
1503,35,35,0,8,73.4,0.00191996
1504,19,19,0,38,12.0526,3.968e-05
1505,65,65,0,8,71.6308,0.00371092
1506,34,34,0,68,12.0294,7.088e-05
1507,48,39,9,10,78.8718,0.00216912
1508,34,34,0,68,12.0588,8.752e-05
1509,26,24,2,8,69.8333,0.001275
1510,73,66,7,10,83.8182,0.00377368
1511,80,65,15,10,80.5077,0.003676
1512,14,14,0,28,12,3.024e-05
1513,56,56,0,112,12.0536,0.00014288
1514,58,58,0,116,12.0517,0.00015024
1515,59,54,5,8,84.4444,0.00307304
1516,39,39,0,78,12.0513,9.344e-05
1517,109,103,6,8,61.5534,0.0059986
1518,60,60,0,120,12.05,0.00012944
1519,44,44,0,8,77.0682,0.00245904
1520,23,23,0,46,12.0435,4.8e-05
1521,47,47,0,8,70.2979,0.0026442
1522,11,11,0,8,79.0909,0.00044216
1523,16,16,0,8,69.3125,0.00076096
1524,25,25,0,50,12.04,5.216e-05
1525,7,7,0,14,12,1.472e-05
1526,9,9,0,18,12,1.888e-05
1527,32,32,0,8,49.5312,0.00170364
1528,17,17,0,34,12,3.552e-05
1529,39,39,0,8,37.6154,0.00215548
1530,21,21,0,42,12.0476,4.384e-05
1531,22,22,0,8,30.3182,0.00115224
1532,12,12,0,24,12,2.512e-05
1533,54,54,0,8,56.7963,0.00308136
1534,28,28,0,56,12.0357,5.84e-05
1535,73,66,7,8,65.2121,0.003787
1536,39,39,0,78,12.0513,8.704e-05
1537,40,40,0,8,64.125,0.00224264
1538,21,21,0,42,12.0476,4.384e-05
1539,47,47,0,8,35.2128,0.00261152
1540,25,25,0,50,12.04,5.216e-05
1541,192,166,29,10,61.0783,0.00975632
1542,109,109,0,218,12.055,0.00026784
1543,63,63,0,8,46.7619,0.00363392
1544,33,33,0,66,12.0303,6.88e-05
1545,71,71,0,8,45.4225,0.00408764
1546,37,37,0,74,12.027,7.712e-05
1547,25,25,0,8,24.64,0.00131788
1548,14,14,0,28,12,2.928e-05
1549,5,5,0,8,26.6,0.00011104
1550,20,20,0,8,35.25,0.00098336
1551,4,4,0,8,12,8.48e-06
1552,11,11,0,22,12,2.304e-05
1553,112,103,9,8,61.3689,0.00605092
1554,60,60,0,120,12.05,0.00013744
1555,44,44,0,8,73,0.00247
1556,23,23,0,46,12.0435,4.8e-05
1557,25,25,0,8,59.64,0.00131044
1558,14,14,0,28,12,2.928e-05
1559,24,24,0,8,51.625,0.00121924
1560,13,13,0,26,12,2.72e-05
1561,100,90,10,10,62.6333,0.00519152
1562,56,56,0,112,12.0536,0.00013008
1563,36,36,0,8,73.4444,0.0019682
1564,19,19,0,38,12.0526,3.968e-05
1565,83,75,8,10,81.9467,0.00429256
1566,27,25,2,8,75.52,0.00129132
1567,16,16,0,8,72.3125,0.00078068
1568,232,190,56,10,73.1158,0.0112165
1569,63,63,0,126,12.0635,0.00016224
1570,14,14,0,28,12,3.024e-05
1571,9,9,0,18,12,1.888e-05
1572,158,158,0,316,12.057,0.00040144
1573,31,26,5,10,74.8462,0.00136248
1574,22,22,0,44,12.0455,5.392e-05
1575,15,15,0,8,69.0667,0.00070584
1576,9,9,0,18,12,1.888e-05
1577,41,41,0,8,49.9512,0.0022934
1578,22,22,0,44,12.0455,4.592e-05
1579,33,33,0,8,34.1515,0.00181772
1580,18,18,0,36,12,3.76e-05
1581,32,32,0,8,36.75,0.0017128
1582,17,17,0,34,12,3.552e-05
1583,20,20,0,8,49.45,0.00099604
1584,220,178,56,8,68.0449,0.0105424
1585,11,11,0,22,12,2.304e-05
1586,134,134,0,268,12.0597,0.00034672
1587,13,13,0,8,72.3846,0.0005874
1588,10,10,0,8,79.5,0.00042836
1589,8,8,0,16,12,1.68e-05
1590,6,6,0,12,12,1.264e-05
1591,102,92,10,8,76.4891,0.00534216
1592,39,28,15,8,78.25,0.00147796
1593,190,147,57,10,71.6531,0.00866584
1594,112,112,0,224,12.0625,0.00029872
1595,43,35,8,8,73.1429,0.00189872
1596,38,30,8,8,75.6,0.00160124
1597,36,27,17,8,45.8889,0.00143344
1598,26,26,0,52,12.0385,6.672e-05
1599,21,21,0,42,12.0476,4.96e-05
1600,21,21,0,42,12.0476,4.96e-05
1601,40,40,0,8,57.775,0.00222112
1602,21,21,0,42,12.0476,4.384e-05
1603,45,45,0,8,62.1333,0.00252444
1604,42,42,0,8,64.0714,0.00233676
1605,24,24,0,48,12.0417,5.008e-05
1606,22,22,0,44,12.0455,4.592e-05
1607,24,24,0,8,33.625,0.00121844
1608,13,13,0,26,12,2.72e-05
1609,27,27,0,8,37.8889,0.00141616
1610,15,15,0,30,12,3.136e-05
1611,15,15,0,8,36.8,0.00071904
1612,23,23,0,8,43.4348,0.00121436
1613,9,9,0,18,12,1.888e-05
1614,13,13,0,26,12,2.72e-05
1615,21,21,0,8,36.9048,0.0010414
1616,12,12,0,24,12,2.512e-05
1617,25,25,0,8,37.72,0.0013168
1618,14,14,0,28,12,2.928e-05
1619,45,45,0,8,53.1111,0.00253144
1620,24,24,0,48,12.0417,5.008e-05
1621,24,24,0,8,54,0.00123848
1622,13,13,0,26,12,2.72e-05
1623,130,109,25,10,72.8165,0.00637272
1624,49,40,11,10,71.8,0.00222256
1625,79,79,0,158,12.0633,0.00020384
1626,479,433,51,8,79.037,0.026002
1627,27,27,0,54,12.037,6.144e-05
1628,64,53,13,8,78.7736,0.0029798
1629,294,294,0,588,12.0578,0.00068304
1630,38,38,0,76,12.0526,9.424e-05
1631,22,22,0,8,84.2727,0.00110704
1632,12,12,0,24,12,2.512e-05
1633,127,110,19,8,76.1909,0.00645228
1634,71,71,0,142,12.0563,0.0001728
1635,39,26,16,8,82.1923,0.00134072
1636,15,15,0,8,72.2667,0.00068968
1637,68,57,11,8,78.5263,0.00322228
1638,9,9,0,18,12,1.888e-05
1639,59,46,14,10,74.7391,0.00252048
1640,40,40,0,80,12.05,0.00010256
1641,39,39,0,78,12.0513,0.00010144
1642,71,71,0,142,12.0563,0.00017248
1643,24,24,0,48,12.0417,5.936e-05
1644,22,14,10,8,81.6429,0.00064972
1645,25,16,17,8,79.6875,0.00075716
1646,20,12,8,8,79.8333,0.00051684
1647,33,25,8,10,80.6,0.00132224
1648,24,17,7,8,78.0588,0.00082612
1649,12,12,0,24,12,2.928e-05
1650,14,14,0,28,12,3.28e-05
1651,10,10,0,20,12,2.608e-05
1652,22,22,0,44,12.0455,5.392e-05
1653,14,14,0,28,12,3.536e-05
1654,26,26,0,8,76.6923,0.00134992
1655,140,122,21,8,81.0902,0.00718616
1656,14,14,0,28,12,2.928e-05
1657,38,33,7,10,81.4242,0.00180856
1658,91,91,0,182,12.0549,0.00021696
1659,28,28,0,56,12.0357,6.352e-05
1660,86,77,11,8,82.3506,0.00446832
1661,23,21,2,8,80.0952,0.00106292
1662,42,39,3,10,84.3077,0.00213416
1663,56,56,0,112,12.0536,0.0001304
1664,34,34,0,68,12.0294,7.664e-05
1665,407,341,77,10,82.2199,0.0203965
1666,18,18,0,8,78.8889,0.00090564
1667,295,295,0,590,12.0644,0.00079168
1668,10,10,0,20,12,2.096e-05
1669,56,46,13,8,79.913,0.00258916
1670,40,40,0,80,12.05,0.00010384
1671,42,31,11,8,78.2258,0.00167932
1672,97,89,8,10,80.5618,0.00510936
1673,199,176,25,10,80.3693,0.0103724
1674,168,146,30,8,81.4795,0.0086284
1675,24,24,0,48,12.0417,6.192e-05
1676,37,24,16,8,83.625,0.00123324
1677,77,77,0,154,12.0519,0.00019616
1678,126,103,24,8,79.534,0.00599672
1679,123,123,0,246,12.0488,0.00028
1680,109,109,0,218,12.055,0.00025152
1681,17,17,0,34,12,3.712e-05
1682,70,56,14,10,80.6429,0.00310328
1683,74,74,0,148,12.0541,0.00016784
1684,176,162,15,8,82.1975,0.00961272
1685,48,48,0,96,12.0625,0.00012912
1686,99,99,0,198,12.0505,0.00021632
1687,99,82,17,10,80.2683,0.004726
1688,37,32,6,8,81.625,0.00174908
1689,75,75,0,150,12.0533,0.00019488
1690,102,84,19,10,82.3929,0.00481352
1691,26,26,0,52,12.0385,6.032e-05
1692,22,19,3,10,79.4211,0.00089736
1693,63,63,0,126,12.0476,0.00015136
1694,33,30,3,8,82.1333,0.0015822
1695,55,47,8,8,77.7021,0.0026168
1696,25,14,17,8,84.1429,0.00066832
1697,14,14,0,28,12,3.088e-05
1698,52,51,1,8,73.0392,0.00286472
1699,19,19,0,38,12.0526,4.32e-05
1700,58,46,21,8,81.0435,0.00257188
1701,38,38,0,76,12.0526,9.488e-05
1702,12,12,0,24,12,2.896e-05
1703,36,36,0,72,12.0556,8.08e-05
1704,35,35,0,70,12.0571,8.448e-05
1705,240,187,75,8,82.7487,0.0111218
1706,55,46,9,10,84.7826,0.0025244
1707,155,155,0,310,12.0645,0.000424
1708,32,32,0,64,12.0312,7.696e-05
1709,25,14,15,8,79.7857,0.00066756
1710,42,40,2,8,84.725,0.00219432
1711,61,53,8,10,85.4906,0.00301936
1712,12,12,0,24,12,2.96e-05
1713,33,33,0,66,12.0303,7.456e-05
1714,49,49,0,98,12.0612,0.0001232
1715,348,315,33,8,80.2032,0.0188515
1716,220,220,0,440,12.0545,0.0005048
1717,323,280,46,10,81.1929,0.0167507
1718,217,217,0,434,12.0553,0.00051936
1719,72,59,13,8,85.5085,0.00336376
1720,21,21,0,42,12.0476,5.344e-05
1721,45,45,0,90,12.0444,0.00011584
1722,50,38,12,8,81.6316,0.00210588
1723,31,31,0,62,12.0323,7.648e-05
1724,23,16,7,8,87.1875,0.00076256
1725,129,104,29,8,81.375,0.00606456
1726,11,11,0,22,12,2.496e-05
1727,79,79,0,158,12.0506,0.00018528
1728,90,83,7,8,83.4578,0.00480624
1729,173,154,22,10,80.4545,0.00907328
1730,39,28,19,8,81.75,0.0014958
1731,12,12,0,24,12,2.512e-05
1732,77,77,0,154,12.0519,0.00018496
1733,115,115,0,230,12.0522,0.00026592
1734,22,22,0,44,12.0455,5.04e-05
1735,33,24,9,8,82,0.00125452
1736,122,105,17,8,81.581,0.00614624
1737,34,23,11,8,82.6087,0.00121208
1738,18,18,0,36,12.0556,4.656e-05
1739,86,86,0,172,12.0465,0.00020048
1740,21,21,0,42,12.0476,5.76e-05
1741,132,115,17,10,83.3913,0.0066772
1742,105,92,14,10,83.9783,0.00531336
1743,42,33,9,8,85.3333,0.00179
1744,91,91,0,182,12.0549,0.00023136
1745,73,73,0,146,12.0548,0.0001776
1746,29,29,0,58,12.0345,6.88e-05
1747,63,52,11,8,79.7308,0.00294364
1748,41,41,0,82,12.0488,9.44e-05
1749,30,22,8,8,86.0909,0.00110232
1750,22,14,8,8,82.3571,0.00062312
1751,9,9,0,8,82.8889,0.000357
1752,18,18,0,36,12.0556,4.784e-05
1753,12,12,0,24,12,2.896e-05
1754,6,6,0,12,12,1.264e-05
1755,298,280,18,8,81.3929,0.0167425
1756,179,179,0,358,12.0503,0.00039936
1757,46,36,11,10,83.0278,0.0019892
1758,33,33,0,66,12.0606,8.896e-05
1759,72,55,18,8,78.1273,0.00309704
1760,39,39,0,78,12.0513,0.0001008
1761,403,355,50,8,79.6676,0.021278
1762,30,20,10,8,83.05,0.00098012
1763,282,282,0,564,12.0567,0.00067568
1764,18,18,0,36,12.0556,4.528e-05
1765,31,27,4,10,83.2593,0.00142544
1766,331,290,46,8,78.3345,0.0173448
1767,21,21,0,42,12.0476,4.768e-05
1768,31,22,9,10,80.7273,0.00113424
1769,213,213,0,426,12.0563,0.0004928
1770,61,47,18,10,80.7234,0.0026048
1771,19,19,0,38,12.0526,4.736e-05
1772,46,45,1,8,81.8667,0.0025426
1773,41,41,0,82,12.0488,9.76e-05
1774,36,36,0,72,12.0556,8.144e-05
1775,42,32,10,10,83.2812,0.0016488
1776,30,30,0,60,12.0333,7.472e-05
1777,130,105,32,10,82.1143,0.00610888
1778,82,66,19,8,80.2121,0.00376608
1779,89,89,0,178,12.0562,0.00023488
1780,51,51,0,102,12.0588,0.00013792
1781,23,15,8,8,78.6,0.0007078
1782,87,75,21,6,79.0133,0.00440612
1783,13,13,0,26,12,3.104e-05
1784,53,53,0,106,12.0566,0.00011936
1785,91,83,8,8,79.7711,0.00482932
1786,57,57,0,114,12.0526,0.00013024
1787,19,18,1,8,80.5556,0.00086864
1788,148,135,15,8,77.8296,0.00796684
1789,11,11,0,22,12,2.4e-05
1790,93,93,0,186,12.0538,0.00022144
1791,287,260,32,8,78.2538,0.015509
1792,167,167,0,334,12.0539,0.00036992
1793,130,105,31,10,82.381,0.00608696
1794,89,89,0,178,12.0562,0.00022912
1795,66,60,6,8,84.2333,0.00340988
1796,48,48,0,96,12.0417,0.00010928
1797,178,163,16,10,81.1472,0.00959456
1798,16,10,6,8,84.6,0.00039468
1799,135,135,0,270,12.0593,0.00033984
1800,8,8,0,16,12,1.808e-05
1801,49,43,6,10,81.907,0.00237296
1802,81,72,9,8,78.6806,0.00413292
1803,31,31,0,62,12.0323,7.52e-05
1804,24,14,11,8,80.4286,0.00065088
1805,65,65,0,130,12.0462,0.0001552
1806,46,37,9,10,78.4324,0.00197904
1807,109,102,8,8,80.6667,0.00594048
1808,12,12,0,24,12,2.928e-05
1809,30,30,0,60,12.0333,7.152e-05
1810,75,75,0,150,12.0533,0.00017504
1811,63,51,13,8,78.4902,0.002853
1812,46,46,0,92,12.0652,0.00012016
1813,79,63,18,10,80.254,0.00360576
1814,51,45,6,8,80.2222,0.00250936
1815,65,54,15,8,79.3704,0.00303948
1816,56,56,0,112,12.0536,0.00014416
1817,10,6,6,8,82.3333,0.0001554
1818,37,37,0,74,12.0541,8.704e-05
1819,51,51,0,102,12.0588,0.00013312
1820,5,5,0,10,12,1.056e-05
1821,16,16,0,8,83.75,0.00078856
1822,30,23,7,8,76.1739,0.00117704
1823,9,9,0,18,12,1.888e-05
1824,129,116,13,8,76.0776,0.00681844
1825,19,19,0,38,12.0526,4.544e-05
1826,86,86,0,172,12.0581,0.00020624
1827,48,42,6,8,79.4048,0.00231104
1828,26,26,0,52,12.0385,6.064e-05
1829,18,14,4,8,85.6429,0.0006526
1830,178,164,17,8,79.0122,0.00969456
1831,19,15,8,8,79.5333,0.00070808
1832,9,9,0,18,12,2.016e-05
1833,102,102,0,204,12.049,0.00022928
1834,10,10,0,20,12,2.256e-05
1835,9,9,0,8,82.4444,0.00032164
1836,66,55,11,8,79.3455,0.003135
1837,6,6,0,12,12,1.264e-05
1838,8,8,0,8,80.625,0.00027924
1839,23,19,4,8,83.1579,0.00096888
1840,6,5,1,8,82.6,8.996e-05
1841,43,43,0,86,12.0465,0.00011008
1842,86,73,13,8,78.1781,0.00419796
1843,54,41,13,8,75.561,0.00228844
1844,116,104,12,8,77.3173,0.00609408
1845,5,5,0,10,12,1.056e-05
1846,11,11,0,22,12,2.304e-05
1847,4,4,0,8,12,8.48e-06
1848,49,49,0,98,12.0408,0.00011264
1849,33,33,0,66,12.0303,7.616e-05
1850,73,73,0,146,12.0548,0.00016384
1851,56,47,11,10,80.2979,0.00257768
1852,39,39,0,78,12.0513,9.856e-05
1853,49,44,5,8,74.6364,0.00247984
1854,44,35,12,8,77.8571,0.00192416
1855,32,32,0,64,12.0312,7.184e-05
1856,26,26,0,52,12.0385,6.128e-05
1857,17,16,1,8,76.25,0.00077048
1858,20,16,8,8,77.8125,0.0007914
1859,108,90,19,8,77.1333,0.00522608
1860,9,9,0,18,12,1.92e-05
1861,11,11,0,22,12,2.496e-05
1862,73,73,0,146,12.0548,0.00016896
1863,85,65,25,8,77.4615,0.00371388
1864,47,37,10,8,83.1081,0.00203908
1865,48,48,0,96,12.0625,0.000124
1866,27,27,0,54,12.037,6.656e-05
1867,49,45,4,10,81.6889,0.00245008
1868,33,33,0,66,12.0303,7.712e-05
1869,93,87,6,8,77.4253,0.005049
1870,38,32,6,8,77.625,0.0017156
1871,148,141,7,8,79.9929,0.0083134
1872,28,19,9,8,81.7895,0.00095492
1873,75,61,17,8,82.3279,0.0034572
1874,66,66,0,132,12.0455,0.00015824
1875,24,24,0,48,12.0417,5.456e-05
1876,90,90,0,180,12.0556,0.00020016
1877,17,17,0,34,12.0588,4.064e-05
1878,43,43,0,86,12.0465,9.632e-05
1879,10,7,3,8,78.4286,0.00022344
1880,5,5,0,10,12,1.056e-05
1881,28,28,0,8,82.9286,0.00147652
1882,15,15,0,30,12,3.136e-05
1883,37,29,8,8,81.4483,0.00152272
1884,31,22,15,8,83.7273,0.0011158
1885,22,22,0,44,12.0455,5.168e-05
1886,19,19,0,38,12.0526,4.672e-05
1887,54,51,3,8,83.4902,0.0028842
1888,27,27,0,54,12.037,5.632e-05
1889,98,88,11,10,82.9886,0.00505976
1890,74,74,0,148,12.0541,0.0001896
1891,45,33,12,8,80.3636,0.00181976
1892,187,167,21,8,76.3234,0.00991172
1893,24,24,0,48,12.0417,5.936e-05
1894,120,120,0,240,12.05,0.00027856
1895,13,13,0,8,68.8462,0.00059144
1896,12,12,0,8,69.4167,0.00050812
1897,8,8,0,16,12,1.68e-05
1898,7,7,0,14,12,1.472e-05
1899,238,208,33,8,79.7788,0.0123869
1900,137,113,24,10,78.6372,0.00661736
1901,46,36,11,8,78.8333,0.00196696
1902,187,187,0,374,12.0642,0.0005152
1903,33,24,9,8,83.375,0.0012312
1904,100,100,0,200,12.06,0.00026896
1905,29,29,0,58,12.0345,7.776e-05
1906,21,21,0,42,12.0476,5.216e-05
1907,7,7,0,8,82.7143,0.00019736
1908,13,10,3,8,80.7,0.00042156
1909,5,5,0,10,12,1.056e-05
1910,7,7,0,14,12,1.472e-05
1911,47,38,9,8,84.8421,0.00209336
1912,321,252,97,8,80.1468,0.0150542
1913,27,27,0,54,12.037,6.688e-05
1914,219,219,0,438,12.0594,0.00056032
1915,40,33,9,8,84.697,0.00178444
1916,55,44,11,8,82.1364,0.00244512
1917,45,32,19,8,78.4375,0.00175108
1918,26,26,0,52,12.0385,6.384e-05
1919,37,37,0,74,12.0541,9.376e-05
1920,29,29,0,58,12.0345,7.072e-05
1921,5,5,0,8,79.4,0.00012008
1922,53,48,5,10,82.2083,0.00268352
1923,4,4,0,8,12,8.48e-06
1924,43,43,0,86,12.0465,9.856e-05
1925,30,22,8,10,81.5909,0.00114112
1926,178,116,82,8,75.4483,0.00681212
1927,45,30,17,8,80.0667,0.00160572
1928,19,19,0,38,12.0526,4.736e-05
1929,109,109,0,218,12.055,0.00026208
1930,25,25,0,50,12.04,6.144e-05
1931,42,31,12,8,77.7097,0.00166244
1932,429,377,56,8,73.7454,0.022597
1933,22,13,12,8,77,0.00060748
1934,22,22,0,44,12.0455,5.136e-05
1935,29,21,8,10,71.619,0.00098688
1936,255,255,0,510,12.0549,0.00060032
1937,11,11,0,22,12,2.464e-05
1938,17,13,4,8,77.1538,0.0005854
1939,19,19,0,38,12.0526,4.544e-05
1940,10,10,0,20,12,2.288e-05
1941,18,18,0,8,72.8333,0.00088088
1942,10,10,0,20,12,2.096e-05
1943,30,30,0,8,71.3667,0.00159324
1944,16,16,0,32,12,3.344e-05
1945,26,26,0,8,62.1538,0.00138996
1946,14,14,0,28,12,2.928e-05
1947,9,9,0,8,61.1111,0.00031464
1948,65,54,15,10,76.3889,0.0029876
1949,126,94,38,8,76.5426,0.00545416
1950,227,202,29,8,76.5792,0.011987
1951,33,24,13,8,80.4167,0.00121856
1952,38,20,21,8,76.65,0.00101384
1953,6,6,0,12,12,1.264e-05
1954,45,34,11,8,81.7941,0.00184712
1955,47,47,0,94,12.0638,0.0001312
1956,74,74,0,148,12.0541,0.0001816
1957,144,144,0,288,12.0556,0.000332
1958,22,22,0,44,12.0455,5.584e-05
1959,18,18,0,36,12.0556,4.4e-05
1960,28,28,0,56,12.0357,7.152e-05
1961,194,166,36,8,77.8554,0.0098458
1962,50,36,22,10,78.8889,0.00197312
1963,36,25,11,8,80.44,0.001313
1964,29,22,12,10,81.3636,0.0011076
1965,104,88,22,8,78.0455,0.00513484
1966,119,119,0,238,12.0504,0.00027936
1967,56,39,22,8,79.4103,0.00212668
1968,30,30,0,60,12.0333,7.568e-05
1969,31,20,17,8,76.55,0.00098492
1970,22,22,0,44,12.0455,5.872e-05
1971,11,10,1,8,78.3,0.00039004
1972,19,19,0,38,12.0526,4.832e-05
1973,59,59,0,118,12.0508,0.00013568
1974,83,71,12,8,77.1127,0.0040706
1975,35,35,0,70,12.0571,8.64e-05
1976,33,20,15,8,84.1,0.00101156
1977,18,18,0,36,12.0556,4.56e-05
1978,26,17,11,8,74.4118,0.00083624
1979,7,7,0,14,12,1.472e-05
1980,65,65,0,130,12.0462,0.00015456
1981,17,17,0,34,12.0588,4.48e-05
1982,114,98,21,8,81.0612,0.00569968
1983,15,15,0,30,12,3.968e-05
1984,73,73,0,146,12.0548,0.00017184
1985,51,42,17,10,71.9762,0.00230616
1986,13,13,0,8,82.4615,0.00056656
1987,126,108,18,8,78.6389,0.00631664
1988,34,34,0,68,12.0588,8.624e-05
1989,24,14,12,8,72.7143,0.00064408
1990,8,8,0,16,12,1.68e-05
1991,86,86,0,172,12.0581,0.0001992
1992,12,12,0,24,12,2.896e-05
1993,203,159,52,10,75.4969,0.00939168
1994,132,132,0,264,12.0682,0.00037232
1995,11,11,0,8,84,0.00044988
1996,64,45,20,8,78.3556,0.00251372
1997,7,7,0,14,12,1.472e-05
1998,38,38,0,76,12.0526,9.296e-05
1999,61,47,14,8,78.8936,0.00264692
2000,31,31,0,62,12.0323,7.296e-05
2001,35,25,10,10,76.96,0.00133192
2002,42,24,24,8,78.9167,0.00125304
2003,11,8,3,8,77.5,0.00030092
2004,23,23,0,46,12.0435,5.984e-05
2005,53,43,10,8,80,0.00241892
2006,36,28,8,8,76.5,0.0015048
2007,19,19,0,38,12.0526,4.512e-05
2008,6,6,0,12,12,1.36e-05
2009,33,33,0,66,12.0303,7.872e-05
2010,80,67,13,10,77.1493,0.0038248
2011,21,21,0,42,12.0476,4.768e-05
2012,32,24,11,8,76.875,0.00126744
2013,56,56,0,112,12.0536,0.00015696
2014,17,17,0,34,12,4e-05
2015,75,65,10,10,78.7077,0.00374872
2016,31,19,19,8,80.4737,0.00094192
2017,48,48,0,96,12.0417,0.00010928
2018,15,15,0,30,12,3.456e-05
2019,178,152,28,10,80.3158,0.00892096
2020,68,58,10,10,83.4828,0.00324664
2021,137,137,0,274,12.0584,0.0003584
2022,47,47,0,94,12.0426,0.00011776
2023,48,38,12,8,80.7105,0.00206576
2024,30,30,0,60,12.0333,7.088e-05
2025,19,16,3,8,84.1875,0.00078156
2026,75,64,13,8,80.5781,0.00364108
2027,10,10,0,20,12,2.192e-05
2028,50,50,0,100,12.04,0.00011664
2029,8,8,0,8,70.375,0.00029748
2030,5,5,0,10,12,1.056e-05
2031,94,75,19,8,81.6,0.00434484
2032,179,158,31,8,77.1139,0.0093608
2033,57,45,18,8,74.2444,0.00250992
2034,200,177,25,8,78.8136,0.0104956
2035,62,62,0,124,12.0484,0.00014896
2036,103,103,0,206,12.0485,0.00023296
2037,31,31,0,62,12.0323,7.296e-05
2038,129,129,0,258,12.0543,0.00031264
2039,20,19,1,10,85.3684,0.0009132
2040,13,13,0,26,12,2.88e-05
2041,43,35,8,8,82.3714,0.00194016
2042,25,25,0,50,12.04,6.272e-05
2043,68,62,6,10,84.2903,0.00351624
2044,54,54,0,108,12.0556,0.00013232
2045,78,72,6,10,81.1528,0.00410128
2046,67,67,0,134,12.0597,0.00016128
2047,81,71,10,10,81.0845,0.00402312
2048,60,60,0,120,12.05,0.00014448
2049,40,37,3,10,82.9189,0.0019876
2050,45,35,12,8,78.2,0.00193716
2051,24,24,0,48,12.0417,5.456e-05
2052,36,32,4,10,79,0.00170544
2053,30,30,0,60,12.0333,7.28e-05
2054,28,28,0,56,12.0357,6.768e-05
2055,41,32,9,8,78.6875,0.0017432
2056,17,15,2,8,83.6,0.000691
2057,25,25,0,50,12.04,6.464e-05
2058,28,20,13,8,74,0.00100932
2059,22,13,17,8,83.3846,0.00060484
2060,10,10,0,20,12,2.128e-05
2061,18,18,0,36,12.0556,4.368e-05
2062,8,8,0,16,12,1.68e-05
2063,29,23,6,8,72.6522,0.00116272
2064,33,31,2,8,81.7742,0.00164912
2065,16,16,0,32,12,3.728e-05
2066,16,16,0,32,12,3.376e-05
2067,22,21,1,10,79.0952,0.00108488
2068,15,15,0,30,12,3.328e-05
2069,30,30,0,8,76.3333,0.00162332
2070,24,24,0,8,70.9583,0.00123888
2071,16,16,0,32,12,3.344e-05
2072,22,22,0,8,76.4091,0.00110364
2073,13,13,0,26,12,2.72e-05
2074,12,12,0,24,12,2.512e-05
2075,237,202,41,10,79.3267,0.0119914
2076,67,54,15,10,74.2037,0.00304232
2077,174,174,0,348,12.069,0.00049936
2078,38,38,0,76,12.0526,9.2e-05
2079,142,112,34,8,81.1786,0.00657432
2080,84,84,0,168,12.0595,0.00022352
2081,27,18,9,8,82.3333,0.00087496
2082,15,15,0,30,12,3.552e-05
2083,19,19,0,8,80,0.0009424
2084,19,17,2,8,85.6471,0.00080736
2085,11,11,0,22,12,2.304e-05
2086,107,79,38,10,81.1646,0.00448848
2087,43,38,5,10,80.6053,0.002108
2088,35,27,8,8,83.4074,0.00144756
2089,11,11,0,22,12,2.464e-05
2090,63,63,0,126,12.0635,0.00017152
2091,27,27,0,54,12.037,6.56e-05
2092,22,22,0,44,12.0455,5.456e-05
2093,73,67,7,8,81.8209,0.00385292
2094,53,42,18,8,75.5,0.00235772
2095,49,49,0,98,12.0408,0.00011104
2096,33,33,0,66,12.0606,7.904e-05
2097,56,49,7,8,83.2653,0.00275812
2098,203,189,14,8,77.4762,0.0112148
2099,38,38,0,76,12.0526,0.0001
2100,122,122,0,244,12.0574,0.00028464
2101,18,14,4,8,81.2143,0.00064084
2102,146,139,7,8,78.964,0.00820368
2103,9,9,0,18,12,2.016e-05
2104,67,60,7,10,80.45,0.00344992
2105,93,93,0,186,12.0538,0.0002144
2106,44,44,0,88,12.0455,0.00010704
2107,36,29,7,8,78.7931,0.0015488
2108,22,22,0,44,12.0455,5.168e-05
2109,113,91,34,8,76.4725,0.00530224
2110,68,68,0,136,12.0588,0.00017392
2111,21,20,1,8,82.9,0.00102812
2112,40,31,12,8,76.0645,0.00165964
2113,48,39,12,8,64.8974,0.00216812
2114,11,11,0,22,12,2.368e-05
2115,23,23,0,46,12.0435,5.184e-05
2116,27,27,0,54,12.037,6.144e-05
2117,30,30,0,8,72.9667,0.0016334
2118,16,16,0,32,12,3.344e-05
2119,41,41,0,8,80.2439,0.00228292
2120,76,76,0,8,77.75,0.00441168
2121,49,41,8,6,64.1707,0.00230448
2122,22,22,0,44,12.0455,4.592e-05
2123,39,39,0,78,12.0513,8.128e-05
2124,29,29,0,58,12.0345,6.752e-05
2125,20,20,0,8,67,0.00098876
2126,18,18,0,8,49.5,0.0008668
2127,11,11,0,22,12,2.304e-05
2128,10,10,0,20,12,2.096e-05
2129,22,22,0,8,48.4545,0.00115348
2130,504,340,273,8,76.8706,0.0203492
2131,12,12,0,24,12,2.512e-05
2132,286,286,0,572,12.0629,0.00076048
2133,97,80,19,10,76.8875,0.00462168
2134,63,63,0,126,12.0635,0.00016576
2135,40,32,8,6,76.125,0.00176028
2136,23,23,0,8,73.2174,0.00117524
2137,24,24,0,48,12.0417,6.064e-05
2138,42,42,0,8,76.4048,0.00234932
2139,13,13,0,26,12,2.72e-05
2140,22,22,0,44,12.0455,4.592e-05
2141,9,9,0,8,70.7778,0.00033464
2142,105,86,26,8,76.4186,0.00497692
2143,6,6,0,12,12,1.264e-05
2144,57,57,0,114,12.0526,0.00013792
2145,36,28,13,8,72.1429,0.00151724
2146,111,84,38,10,75.4048,0.00485872
2147,54,46,8,8,74.7174,0.00254944
2148,21,21,0,42,12.0476,5.248e-05
2149,68,68,0,136,12.0588,0.00017488
2150,50,38,18,8,69.3684,0.00209972
2151,35,35,0,70,12.0571,8.16e-05
2152,188,153,42,10,78,0.0090528
2153,28,28,0,56,12.0357,6.8e-05
2154,137,137,0,274,12.0657,0.00037728
2155,41,35,8,8,80.4,0.00188652
2156,24,24,0,48,12.0417,5.904e-05
2157,43,31,14,8,77.2903,0.00164516
2158,51,42,9,8,73.8333,0.00232588
2159,27,27,0,54,12.037,6.688e-05
2160,34,34,0,68,12.0294,7.856e-05
2161,241,234,8,10,71.2778,0.0139346
2162,905,866,41,8,66.0497,0.0521822
2163,155,155,0,310,12.0516,0.00034912
2164,525,525,0,1050,12.0533,0.00116
2165,22,13,9,8,83.6154,0.00058104
2166,55,41,14,8,76.3415,0.00228088
2167,6,6,0,8,72,0.00014348
2168,8,8,0,16,12,1.68e-05
2169,30,30,0,60,12.0333,6.928e-05
2170,93,75,19,10,77.88,0.00429112
2171,4,4,0,8,12,8.48e-06
2172,58,58,0,116,12.0517,0.00015152
2173,61,50,11,10,79.3,0.00284336
2174,41,41,0,82,12.0488,0.00010496
2175,125,115,17,8,68.6087,0.00677964
2176,66,66,0,132,12.0455,0.00014448
2177,42,42,0,8,84.1429,0.0023198
2178,22,22,0,44,12.0455,4.592e-05
2179,20,20,0,8,78,0.00098068
2180,103,98,5,8,65.0204,0.00573884
2181,11,11,0,22,12,2.304e-05
2182,59,59,0,118,12.0508,0.000128
2183,32,32,0,8,63.0938,0.00174668
2184,17,17,0,34,12,3.552e-05
2185,12,12,0,8,63.5,0.00051544
2186,7,7,0,14,12,1.472e-05
2187,47,39,8,8,70.6154,0.00218088
2188,23,23,0,46,12.0435,5.024e-05
2189,60,44,19,10,78.0227,0.00239896
2190,32,21,16,8,82.0476,0.00106004
2191,40,40,0,80,12.05,9.584e-05
2192,17,14,3,8,84.2857,0.00065576
2193,14,14,0,28,12,2.992e-05
2194,20,19,1,10,79.4737,0.00093568
2195,29,19,10,8,79.8421,0.000951
2196,8,8,0,16,12,1.744e-05
2197,13,13,0,26,12,2.88e-05
2198,17,17,0,34,12.0588,4.224e-05
2199,683,600,90,8,74.8317,0.0360964
2200,433,433,0,866,12.06,0.00107712
2201,53,37,18,8,78,0.00204268
2202,24,20,5,8,78.75,0.000998
2203,28,28,0,56,12.0357,7.312e-05
2204,13,13,0,26,12,2.912e-05
2205,40,25,23,8,81,0.00132688
2206,250,228,23,8,78.864,0.0136094
2207,61,51,12,8,83.9412,0.00287072
2208,22,22,0,44,12.0455,5.168e-05
2209,78,61,21,8,81.6721,0.00349224
2210,162,162,0,324,12.0556,0.00037168
2211,40,40,0,80,12.05,0.00010128
2212,138,121,17,8,75.0331,0.00712388
2213,48,48,0,96,12.0625,0.00012048
2214,36,27,14,8,84.6296,0.00145584
2215,73,73,0,146,12.0548,0.00015936
2216,37,32,5,8,79.625,0.0017206
2217,22,22,0,44,12.0455,5.168e-05
2218,109,94,16,8,83.7234,0.0054964
2219,37,25,12,8,78.8,0.00130436
2220,26,26,0,52,12.0385,6.352e-05
2221,63,63,0,126,12.0476,0.00014528
2222,23,23,0,46,12.0435,5.632e-05
2223,183,148,35,10,79.3446,0.00868832
2224,132,132,0,264,12.0606,0.00035376
2225,49,37,12,8,82.0541,0.0020292
2226,96,76,26,10,83.7763,0.00434864
2227,30,30,0,60,12.0333,7.056e-05
2228,57,56,1,8,74.4286,0.00318268
2229,137,105,32,8,80.381,0.00616396
2230,64,64,0,128,12.0469,0.00015632
2231,54,41,19,10,79.7317,0.00222464
2232,40,40,0,80,12.05,8.976e-05
2233,87,87,0,174,12.0575,0.00021664
2234,51,38,19,8,75.7632,0.00208956
2235,398,378,21,8,75.7407,0.0226734
2236,34,34,0,68,12.0588,8.848e-05
2237,40,28,19,8,82.9643,0.00146756
2238,31,31,0,62,12.0323,7.488e-05
2239,221,221,0,442,12.0543,0.00048384
2240,22,22,0,44,12.0455,5.04e-05
2241,176,147,31,6,80.1769,0.00871528
2242,145,124,23,8,77.5806,0.0072828
2243,120,120,0,240,12.0583,0.00032176
2244,97,97,0,194,12.0619,0.00025792
2245,36,24,18,8,79.7917,0.00126716
2246,85,71,18,8,80.9577,0.00411216
2247,20,20,0,40,12.05,4.88e-05
2248,57,57,0,114,12.0526,0.0001344
2249,39,34,5,8,79.6765,0.00182348
2250,23,23,0,46,12.0435,5.568e-05
2251,65,53,15,8,83.5849,0.00298896
2252,88,73,20,8,84.0411,0.0041982
2253,149,133,20,8,83.6541,0.00782232
2254,43,43,0,86,12.0465,0.00010016
2255,170,149,23,8,83.9396,0.0088122
2256,58,58,0,116,12.0517,0.00013744
2257,36,27,9,10,85.6667,0.00139472
2258,92,92,0,184,12.0543,0.00021872
2259,11,7,5,8,83.1429,0.00021092
2260,118,118,0,236,12.0593,0.0002904
2261,24,24,0,48,12.0417,6e-05
2262,6,6,0,12,12,1.264e-05
2263,17,11,6,8,85.6364,0.00047472
2264,8,8,0,16,12,1.744e-05
2265,89,71,18,10,81.3521,0.0040412
2266,61,61,0,122,12.0492,0.00015648
2267,12,12,0,8,78.6667,0.00054864
2268,7,7,0,14,12,1.472e-05
2269,68,54,14,10,83.7222,0.00301312
2270,45,34,14,8,82.7059,0.00186588
2271,49,49,0,98,12.0612,0.00013568
2272,27,27,0,54,12.037,6.208e-05
2273,65,51,14,8,83.6275,0.00285816
2274,50,40,10,10,83.025,0.00221448
2275,86,76,18,8,72.7237,0.0044036
2276,41,41,0,82,12.0488,0.00010592
2277,58,49,12,10,76.8367,0.00276376
2278,34,34,0,68,12.0588,8.336e-05
2279,52,52,0,104,12.0385,0.00011856
2280,47,47,0,94,12.0426,0.00011392
2281,67,53,14,8,81.8868,0.00302912
2282,44,44,0,88,12.0455,0.00011408
2283,38,30,8,8,79.1333,0.0016192
2284,212,196,19,8,74.9949,0.011674
2285,23,23,0,46,12.0435,5.376e-05
2286,57,55,2,8,78.9636,0.00314644
2287,129,129,0,258,12.0543,0.0003008
2288,38,38,0,76,12.0526,8.496e-05
2289,18,18,0,8,77.1111,0.00089268
2290,46,46,0,8,80.7826,0.00257144
2291,10,10,0,20,12,2.096e-05
2292,24,24,0,48,12.0417,5.008e-05
2293,22,22,0,8,70.1818,0.00114676
2294,12,12,0,24,12,2.512e-05
2295,270,237,33,8,80.4979,0.0141467
2296,188,188,0,376,12.0585,0.00047536
2297,53,40,15,10,79.55,0.00213376
2298,31,31,0,62,12.0645,7.744e-05
2299,71,55,27,8,84.1455,0.00310292
2300,48,38,10,10,83.0263,0.00210752
2301,38,38,0,76,12.0526,8.848e-05
2302,35,35,0,70,12.0571,8.64e-05
2303,16,16,0,8,83.25,0.0007488
2304,9,9,0,18,12,1.888e-05
2305,37,34,3,8,79.9706,0.00187444
2306,73,62,11,8,82.0806,0.00351864
2307,240,218,27,8,78.3716,0.012967
2308,34,25,10,8,80.64,0.00129456
2309,23,23,0,46,12.0435,5.024e-05
2310,47,47,0,94,12.0426,0.0001104
2311,155,139,16,8,78.6547,0.0081798
2312,144,144,0,288,12.0556,0.00033936
2313,19,16,3,8,84.1875,0.00078884
2314,20,20,0,40,12.05,5.2e-05
2315,110,110,0,220,12.0545,0.00026096
2316,11,11,0,22,12,2.464e-05
2317,45,34,11,8,78.3824,0.00186516
2318,158,141,18,8,78.1915,0.0082996
2319,84,70,16,10,82.6714,0.0040188
2320,23,23,0,46,12.0435,5.536e-05
2321,106,106,0,212,12.0566,0.00026512
2322,63,63,0,126,12.0476,0.00015904
2323,37,27,11,8,80.963,0.00143952
2324,30,21,9,8,86.0952,0.0010642
2325,20,20,0,40,12.05,4.752e-05
2326,18,18,0,36,12.0556,4.592e-05
2327,114,102,12,8,81.7647,0.00594856
2328,160,148,12,8,76.2973,0.00875068
2329,75,75,0,150,12.0533,0.0001808
2330,109,109,0,218,12.055,0.00025056
2331,94,85,9,8,83.4235,0.00491244
2332,64,64,0,128,12.0469,0.00015216
2333,39,32,7,10,82.5938,0.00166528
2334,79,64,16,10,83.2344,0.00365248
2335,54,45,9,8,84.3556,0.00253976
2336,26,26,0,52,12.0385,6.768e-05
2337,51,51,0,102,12.0588,0.00012608
2338,31,31,0,62,12.0323,7.168e-05
2339,19,19,0,8,81.1579,0.00096404
2340,11,11,0,22,12,2.304e-05
2341,15,15,0,8,82.0667,0.0007222
2342,9,9,0,18,12,1.888e-05
2343,51,46,5,8,85.4565,0.00259732
2344,56,47,11,10,75.5106,0.00257448
2345,33,33,0,66,12.0303,7.392e-05
2346,45,45,0,90,12.0444,0.00010912
2347,41,40,1,8,82.275,0.00224152
2348,21,21,0,42,12.0476,4.448e-05
2349,75,66,9,10,76.7273,0.00375248
2350,18,18,0,8,81.2778,0.0008868
2351,43,43,0,86,12.0465,0.00010016
2352,10,10,0,20,12,2.096e-05
2353,27,23,4,8,77.913,0.00119308
2354,16,16,0,32,12,3.6e-05
2355,36,36,0,8,63.4167,0.0019652
2356,19,19,0,38,12.0526,3.968e-05
2357,31,31,0,8,69.0645,0.00166956
2358,12,12,0,8,76.25,0.0005002
2359,17,17,0,34,12,3.552e-05
2360,7,7,0,14,12,1.472e-05
2361,18,18,0,8,61.8333,0.00088092
2362,10,10,0,20,12,2.096e-05
2363,57,55,2,8,74.0364,0.00309348
2364,28,28,0,8,67.75,0.00146564
2365,18,18,0,8,73.2778,0.000861
2366,29,29,0,58,12.0345,6.112e-05
2367,15,15,0,30,12,3.136e-05
2368,10,10,0,20,12,2.096e-05
2369,38,38,0,8,79.9211,0.00211728
2370,24,24,0,8,81.7083,0.00122296
2371,20,20,0,40,12.05,4.176e-05
2372,33,33,0,8,77.8788,0.00178136
2373,13,13,0,26,12,2.72e-05
2374,18,18,0,36,12,3.76e-05
2375,114,95,22,8,77.2316,0.0055132
2376,129,102,30,8,78.8235,0.0059414
2377,69,69,0,138,12.058,0.0001792
2378,88,88,0,176,12.0568,0.00022992
2379,23,20,3,8,78.35,0.00097816
2380,12,12,0,24,12,2.64e-05
2381,13,13,0,8,76.0769,0.00059748
2382,32,23,9,8,64.4348,0.001189
2383,8,8,0,16,12,1.68e-05
2384,22,16,6,8,78.125,0.00075956
2385,48,38,15,8,50.0789,0.00207044
2386,19,19,0,38,12.0526,4.704e-05
2387,58,44,16,8,78.6591,0.0024402
2388,13,13,0,26,12,3.2e-05
2389,20,20,0,40,12.05,4.176e-05
2390,62,58,4,10,76.5345,0.00330344
2391,67,63,4,8,73.381,0.00361776
2392,35,35,0,70,12.0571,9.6e-05
2393,69,58,11,8,75.069,0.00332684
2394,133,120,19,8,60.0833,0.00707268
2395,50,50,0,100,12.06,0.00012144
2396,42,42,0,84,12.0476,9.712e-05
2397,44,44,0,88,12.0455,0.00010896
2398,73,73,0,146,12.0548,0.00016448
2399,104,96,8,8,68.3438,0.0055748
2400,17,17,0,8,73.5294,0.00083252
2401,60,60,0,120,12.05,0.00013936
2402,23,23,0,8,75.6522,0.00120324
2403,15,15,0,8,80.1333,0.00070536
2404,10,10,0,20,12,2.096e-05
2405,13,13,0,26,12,2.72e-05
2406,9,9,0,18,12,1.888e-05
2407,36,36,0,8,65.7778,0.00197804
2408,19,19,0,38,12.0526,3.968e-05
2409,16,16,0,8,67.1875,0.00077656
2410,9,9,0,18,12,1.888e-05
2411,19,19,0,8,70.4737,0.00092784
2412,29,29,0,8,76.5862,0.00156248
2413,14,14,0,8,77,0.00062908
2414,11,11,0,22,12,2.304e-05
2415,16,16,0,32,12,3.344e-05
2416,8,8,0,16,12,1.68e-05
2417,12,12,0,8,48.0833,0.00050756
2418,40,40,0,8,53.425,0.00222984
2419,7,7,0,14,12,1.472e-05
2420,21,21,0,42,12.0476,4.384e-05
2421,41,41,0,8,47.2195,0.00229992
2422,22,22,0,44,12.0455,4.592e-05
2423,244,211,40,8,62.564,0.012568
2424,120,93,37,10,76.4731,0.00542032
2425,263,236,32,8,54.0254,0.0140963
2426,143,143,0,286,12.0559,0.000352
2427,73,73,0,146,12.0548,0.00018912
2428,216,216,0,432,12.0648,0.00058384
2429,67,57,13,8,75.0702,0.00321972
2430,39,33,6,10,65.0909,0.00174208
2431,57,48,9,10,77.0417,0.00271416
2432,39,39,0,78,12.0513,8.992e-05
2433,38,38,0,76,12.0526,9.36e-05
2434,68,54,20,8,79.5,0.003083
2435,37,37,0,74,12.0541,8.256e-05
2436,10,10,0,8,49.5,0.00039404
2437,6,6,0,12,12,1.264e-05
2438,452,437,16,10,78.2471,0.0261484
2439,40,40,0,8,60.075,0.00219628
2440,304,304,0,608,12.0592,0.00073968
2441,21,21,0,42,12.0476,4.384e-05
2442,14,9,5,8,74.6667,0.00031808
2443,6,6,0,12,12,1.264e-05
2444,34,28,6,8,81.6786,0.001495
2445,19,19,0,38,12.0526,4.512e-05
2446,19,19,0,8,75.6842,0.000939
2447,11,11,0,22,12,2.304e-05
2448,83,74,9,8,76.2162,0.00428056
2449,65,59,6,10,85.6441,0.00337552
2450,79,72,7,8,70.1111,0.00416472
2451,23,14,15,8,73.4286,0.00065096
2452,51,51,0,102,12.0588,0.00012544
2453,48,48,0,96,12.0417,0.00012048
2454,43,43,0,86,12.0465,9.536e-05
2455,12,12,0,24,12,2.8e-05
2456,21,21,0,8,64.8571,0.00106896
2457,12,12,0,24,12,2.512e-05
2458,60,60,0,8,56.7167,0.00344592
2459,31,31,0,62,12.0323,6.464e-05
2460,127,110,18,10,72.0727,0.00639584
2461,73,73,0,146,12.0548,0.00017792
2462,94,93,1,8,76.2688,0.00540472
2463,76,76,0,152,12.0526,0.0001704
2464,62,53,9,10,77.2075,0.0029584
2465,41,41,0,8,75.5122,0.00229976
2466,27,24,3,8,78.125,0.00123696
2467,40,40,0,80,12.05,0.00010224
2468,22,22,0,44,12.0455,4.592e-05
2469,32,27,5,10,66.0741,0.0013572
2470,15,15,0,30,12,3.392e-05
2471,23,23,0,46,12.0435,5.28e-05
2472,28,28,0,56,12.0357,6.352e-05
2473,87,87,0,8,61.4943,0.00503028
2474,45,45,0,90,12.0444,9.376e-05
2475,13,13,0,8,49.9231,0.00055832
2476,13,13,0,8,66.3846,0.00058844
2477,8,8,0,16,12,1.68e-05
2478,8,8,0,16,12,1.68e-05
2479,59,59,0,8,36.8475,0.0033484
2480,31,31,0,62,12.0323,6.464e-05
2481,66,66,0,8,43.3788,0.00376212
2482,34,34,0,68,12.0294,7.088e-05
2483,35,35,0,8,39.0857,0.00193648
2484,19,19,0,38,12.0526,3.968e-05
2485,9,9,0,8,46.7778,0.0003388
2486,6,6,0,12,12,1.264e-05
2487,5,5,0,8,26.6,0.00011732
2488,4,4,0,8,12,8.48e-06
2489,26,26,0,8,37.1923,0.00134536
2490,14,14,0,28,12,2.928e-05
2491,32,32,0,8,41.0312,0.00170976
2492,17,17,0,34,12,3.552e-05
2493,23,23,0,8,45.8696,0.00119432
2494,39,39,0,8,55.359,0.00216576
2495,13,13,0,26,12,2.72e-05
2496,21,21,0,42,12.0476,4.384e-05
2497,44,44,0,8,57.0455,0.00243136
2498,23,23,0,46,12.0435,4.8e-05
2499,113,98,15,10,75.0306,0.0057492
2500,64,64,0,128,12.0469,0.00015408
2501,76,72,4,10,82.5556,0.00409048
2502,19,18,1,8,77.3333,0.000882
2503,56,56,0,112,12.0536,0.0001288
2504,11,11,0,22,12,2.304e-05
2505,108,86,22,8,83.7674,0.00499948
2506,65,65,0,130,12.0615,0.0001696
2507,87,79,8,8,74.2152,0.00457816
2508,53,53,0,106,12.0566,0.00013024
2509,39,37,2,10,79.6757,0.001948
2510,26,26,0,8,85.4615,0.00136456
2511,31,31,0,62,12.0323,7.008e-05
2512,14,14,0,28,12,2.928e-05
2513,13,13,0,8,31.3846,0.00059616
2514,8,8,0,16,12,1.68e-05
2515,56,56,0,8,56.6429,0.00316164
2516,17,17,0,8,52.2353,0.00081892
2517,29,29,0,58,12.0345,6.048e-05
2518,10,10,0,20,12,2.096e-05
2519,49,49,0,6,59.4286,0.00278844
2520,26,26,0,52,12.0385,5.424e-05
2521,29,29,0,8,46.3793,0.00155132
2522,16,16,0,32,12,3.344e-05
2523,114,95,19,8,68.5053,0.0055208
2524,78,59,19,8,71.339,0.00338356
2525,69,69,0,138,12.058,0.00017792
2526,44,44,0,88,12.0455,0.000116
2527,80,66,14,8,74.5152,0.00379416
2528,41,33,8,8,72.3636,0.00177304
2529,45,45,0,90,12.0444,0.000104
2530,24,24,0,48,12.0417,5.584e-05
2531,57,50,7,8,69.44,0.00282092
2532,40,39,1,8,76.0256,0.00216556
2533,31,31,0,62,12.0323,7.04e-05
2534,20,20,0,40,12.05,4.208e-05
2535,23,16,7,8,55.125,0.00073632
2536,28,28,0,8,52.2857,0.0014718
2537,13,13,0,26,12,3.168e-05
2538,15,15,0,30,12,3.136e-05
2539,16,16,0,8,35.1875,0.00075864
2540,9,9,0,18,12,1.888e-05
2541,31,31,0,8,55.4194,0.00164324
2542,22,22,0,8,57.9091,0.00113492
2543,23,23,0,8,62.4348,0.00120444
2544,17,17,0,34,12,3.552e-05
2545,12,12,0,24,12,2.512e-05
2546,13,13,0,26,12,2.72e-05
2547,103,101,2,10,70.4356,0.00591384
2548,69,69,0,138,12.0435,0.0001504
2549,42,38,4,8,60.0789,0.00211312
2550,22,22,0,44,12.0455,4.688e-05
2551,19,19,0,8,67.3158,0.00096128
2552,31,31,0,8,58.5484,0.00169384
2553,11,11,0,22,12,2.304e-05
2554,17,17,0,34,12,3.552e-05
2555,152,124,35,8,66.8387,0.00728336
2556,87,87,0,174,12.0575,0.00022432
2557,24,23,1,8,79.3043,0.00121252
2558,12,12,0,24,12,2.544e-05
2559,28,28,0,8,64.5,0.00150804
2560,47,47,0,8,65.2128,0.00263632
2561,15,15,0,30,12,3.136e-05
2562,25,25,0,50,12.04,5.216e-05
2563,41,41,0,8,40.4878,0.00227428
2564,22,22,0,44,12.0455,4.592e-05
2565,63,63,0,8,55.5079,0.00360976
2566,33,33,0,66,12.0303,6.88e-05
2567,44,44,0,8,65.9318,0.00246196
2568,23,23,0,46,12.0435,4.8e-05
2569,66,54,14,8,64.9444,0.00304928
2570,68,59,9,10,70.9322,0.00330912
2571,38,38,0,76,12.0526,9.424e-05
2572,39,32,7,8,70.5312,0.0017162
2573,24,23,1,10,75.4783,0.0011872
2574,48,48,0,96,12.0625,0.00012944
2575,44,34,12,8,69.4706,0.00184052
2576,187,171,25,8,59.3041,0.0101475
2577,22,22,0,44,12.0455,5.232e-05
2578,16,16,0,32,12,3.536e-05
2579,26,26,0,52,12.0385,6.192e-05
2580,122,122,0,244,12.0492,0.0002792
2581,41,41,0,8,64.7805,0.00230312
2582,22,22,0,44,12.0455,4.592e-05
2583,79,72,7,8,71.375,0.00417076
2584,168,142,39,8,63.0915,0.00835496
2585,43,43,0,86,12.0465,9.824e-05
2586,91,91,0,182,12.0549,0.0002208
2587,61,53,9,8,60.3208,0.00297252
2588,107,97,20,8,65.9485,0.0056874
2589,39,31,15,8,60.5484,0.0016728
2590,34,34,0,68,12.0294,7.664e-05
2591,62,62,0,124,12.0484,0.0001384
2592,23,23,0,46,12.0435,5.376e-05
2593,232,190,55,10,76.7105,0.0112751
2594,27,27,0,8,68.0741,0.00144536
2595,145,145,0,290,12.0621,0.00037472
2596,15,15,0,30,12,3.136e-05
2597,36,28,10,8,76,0.00146804
2598,21,21,0,42,12.0476,5.152e-05
2599,41,33,13,8,61.2121,0.0017966
2600,24,24,0,48,12.0417,5.584e-05
2601,639,534,144,10,75.6461,0.0320314
2602,436,436,0,872,12.0642,0.00116176
2603,33,23,19,10,56.4783,0.00112192
2604,21,21,0,42,12.0476,5.312e-05
2605,41,32,9,10,80.3125,0.0016888
2606,52,42,10,10,49.4762,0.00231184
2607,145,133,17,8,76.1278,0.00783984
2608,27,27,0,54,12.037,7.04e-05
2609,40,40,0,80,12.05,0.00010544
2610,75,75,0,150,12.0533,0.00016352
2611,15,15,0,8,20.5333,0.00069024
2612,9,9,0,18,12,1.888e-05
2613,30,30,0,8,23.3667,0.00158804
2614,16,16,0,32,12,3.344e-05
2615,259,220,49,10,66.4364,0.0130743
2616,160,160,0,320,12.0625,0.00041904
2617,147,134,18,8,68.8507,0.00788008
2618,89,89,0,178,12.0449,0.00019936
2619,207,165,57,10,76.097,0.0097592
2620,126,126,0,252,12.0635,0.0003304
2621,62,50,18,8,76.94,0.00280044
2622,34,34,0,68,12.0588,8.112e-05
2623,97,92,5,8,76.7391,0.00533964
2624,61,61,0,122,12.0492,0.00014304
2625,45,36,9,10,72.3056,0.00190424
2626,13,13,0,8,73,0.00059876
2627,30,30,0,60,12.0333,7.888e-05
2628,8,8,0,16,12,1.68e-05
2629,89,81,8,8,71.4074,0.00468392
2630,62,62,0,124,12.0484,0.00014256
2631,178,142,39,8,76.0282,0.00838968
2632,118,118,0,236,12.0593,0.00031216
2633,24,21,3,8,71.6667,0.00109016
2634,61,50,11,8,78.46,0.00281356
2635,14,14,0,28,12,3.024e-05
2636,41,41,0,82,12.0488,0.00010688
2637,62,57,8,8,58.7018,0.00323844
2638,17,12,5,8,67.5833,0.00049692
2639,302,286,17,8,66.5105,0.0170791
2640,42,42,0,84,12.0476,0.00010544
2641,46,38,8,8,52.2105,0.00210416
2642,9,9,0,18,12,2.144e-05
2643,166,166,0,332,12.0542,0.00036752
2644,27,27,0,54,12.037,6.208e-05
2645,36,36,0,8,44.1667,0.00198236
2646,19,19,0,38,12.0526,3.968e-05
2647,285,227,74,8,72.1762,0.0135371
2648,167,167,0,334,12.0659,0.00044384
2649,34,34,0,8,52.4412,0.00186636
2650,18,18,0,36,12,3.76e-05
2651,75,74,1,8,66.0541,0.00429644
2652,50,50,0,8,54.2,0.00279956
2653,26,26,0,52,12.0385,5.424e-05
2654,98,98,0,8,65.1939,0.00569556
2655,50,50,0,100,12.04,0.00010416
2656,9,9,0,8,64.5556,0.00031968
2657,6,6,0,12,12,1.264e-05
2658,17,17,0,8,41.1765,0.00084536
2659,10,10,0,20,12,2.096e-05
2660,44,44,0,8,68.6818,0.00245048
2661,48,43,5,8,71.8837,0.00238744
2662,23,23,0,46,12.0435,4.8e-05
2663,25,25,0,50,12.04,5.536e-05
2664,28,27,1,10,70,0.00143128
2665,21,21,0,42,12.0476,4.672e-05
2666,22,22,0,8,60.7727,0.00111736
2667,12,12,0,24,12,2.512e-05
2668,203,178,28,10,77.9157,0.0105243
2669,157,157,0,314,12.0701,0.00045536
2670,47,33,14,8,81.0303,0.00179592
2671,26,26,0,52,12.0385,6.96e-05
2672,55,48,7,8,73.9167,0.00271268
2673,24,13,12,8,55.3846,0.0005756
2674,37,35,2,10,78.4571,0.00182584
2675,35,35,0,70,12.0571,8.544e-05
2676,11,11,0,22,12,2.528e-05
2677,29,29,0,58,12.0345,6.528e-05
2678,42,38,4,10,78.6842,0.00206688
2679,250,232,18,8,63.0043,0.0138216
2680,195,180,17,8,68.2222,0.0107027
2681,24,24,0,48,12.0417,5.232e-05
2682,170,170,0,340,12.0588,0.00043152
2683,108,108,0,216,12.0556,0.00024368
2684,25,18,7,8,79.6667,0.00087372
2685,50,48,2,8,76.7917,0.00270672
2686,15,15,0,30,12,3.68e-05
2687,22,20,2,8,76.8,0.00100356
2688,26,26,0,52,12.0385,5.52e-05
2689,20,17,3,8,82.7059,0.00084844
2690,13,13,0,26,12,2.944e-05
2691,12,12,0,24,12,2.896e-05
2692,28,28,0,8,76.1429,0.00146748
2693,55,47,10,10,80.8936,0.0025668
2694,15,15,0,30,12,3.136e-05
2695,30,30,0,60,12.0333,6.672e-05
2696,14,14,0,8,76.1429,0.00061808
2697,30,27,3,10,75.4444,0.00144992
2698,24,15,12,8,68.6,0.000691
2699,38,35,3,10,75.6286,0.00187536
2700,27,19,11,10,75.3158,0.00086672
2701,8,8,0,16,12,1.68e-05
2702,22,22,0,44,12.0455,4.976e-05
2703,13,13,0,26,12,3.2e-05
2704,30,30,0,60,12.0333,6.8e-05
2705,18,18,0,36,12.0556,4.336e-05
2706,112,104,8,8,75.9423,0.0061128
2707,60,60,0,120,12.05,0.00013552
2708,38,38,0,76,12.0526,7.92e-05
2709,22,22,0,8,47.8636,0.00113736
2710,12,12,0,24,12,2.512e-05
2711,12,12,0,8,38.0833,0.00054128
2712,7,7,0,14,12,1.472e-05
2713,47,43,4,8,71.1628,0.00240768
2714,26,26,0,8,68.2692,0.00138332
2715,10,10,0,8,62.2,0.0003888
2716,291,235,84,10,80.2383,0.0139739
2717,24,24,0,48,12.0417,5.104e-05
2718,14,14,0,28,12,2.928e-05
2719,6,6,0,12,12,1.264e-05
2720,191,191,0,382,12.0628,0.00049184
2721,47,42,5,8,73.881,0.00233196
2722,25,25,0,50,12.04,5.472e-05
2723,14,14,0,8,85.0714,0.00065728
2724,36,24,13,10,75.125,0.0012196
2725,8,8,0,16,12,1.68e-05
2726,55,45,10,10,74.9778,0.00248104
2727,16,16,0,32,12,3.568e-05
2728,69,62,7,8,74.2581,0.00356752
2729,22,12,12,8,79.9167,0.00051692
2730,19,14,8,8,79.4286,0.00062684
2731,37,37,0,74,12.0541,9.568e-05
2732,38,38,0,76,12.0526,8.592e-05
2733,7,7,0,14,12,1.536e-05
2734,78,69,9,8,59.6812,0.00395368
2735,10,10,0,20,12,2.256e-05
2736,72,72,0,8,65.1667,0.00413524
2737,19,19,0,6,59.6842,0.00097404
2738,37,37,0,74,12.027,7.712e-05
2739,11,11,0,22,12,2.304e-05
2740,120,104,18,8,73.7308,0.00606624
2741,68,68,0,136,12.0588,0.00016752
2742,33,33,0,8,75.4242,0.00180044
2743,81,76,5,8,69.0526,0.0044078
2744,18,18,0,36,12,3.76e-05
2745,55,55,0,110,12.0545,0.00013888
2746,190,183,7,8,70.6557,0.0108389
2747,108,108,0,216,12.0463,0.00023696
2748,111,94,21,8,70.1489,0.00546904
2749,60,60,0,120,12.05,0.00014512
2750,164,151,13,8,75.4702,0.00893428
2751,91,91,0,182,12.0549,0.00021184
2752,137,131,6,8,74.8855,0.00769564
2753,20,18,2,8,77.7222,0.000887
2754,88,88,0,176,12.0568,0.00020144
2755,12,12,0,24,12,2.576e-05
2756,40,34,6,8,71.8235,0.00184452
2757,26,26,0,52,12.0385,6.16e-05
2758,51,44,7,8,81.2727,0.00246316
2759,233,221,13,8,71.19,0.013171
2760,33,33,0,66,12.0606,8.416e-05
2761,139,139,0,278,12.0576,0.00032768
2762,44,44,0,8,76.2955,0.0024704
2763,23,23,0,46,12.0435,4.8e-05
2764,72,66,6,10,72.3788,0.00372336
2765,40,40,0,80,12.05,8.912e-05
2766,149,138,11,8,67.029,0.00811484
2767,83,83,0,166,12.0482,0.00019264
2768,50,42,8,8,70.7619,0.00233884
2769,29,29,0,58,12.0345,6.592e-05
2770,40,40,0,8,72.15,0.00218836
2771,14,14,0,8,70.0714,0.00065204
2772,21,21,0,42,12.0476,4.384e-05
2773,8,8,0,16,12,1.68e-05
2774,72,55,29,8,69.1091,0.0031486
2775,39,39,0,78,12.0513,9.984e-05
2776,66,56,10,8,81.0179,0.00319924
2777,16,14,2,8,78.7857,0.00067056
2778,28,20,8,8,66.7,0.0010272
2779,43,43,0,86,12.0465,0.0001056
2780,8,8,0,16,12,1.744e-05
2781,18,18,0,36,12.0556,4.336e-05
2782,45,39,6,6,73.3846,0.00218356
2783,58,45,13,10,77.5556,0.0025128
2784,93,83,10,8,57.7711,0.00480288
2785,24,24,0,48,12.0417,5.456e-05
2786,48,48,0,96,12.0417,0.00011728
2787,55,55,0,110,12.0545,0.00013024
2788,18,18,0,8,50.2222,0.00088352
2789,10,10,0,20,12,2.096e-05
2790,384,304,81,10,72.1612,0.0181813
2791,250,250,0,500,12.064,0.0006632
2792,109,94,17,8,69.234,0.0055072
2793,72,72,0,144,12.0556,0.00018352
2794,51,39,12,8,65.9487,0.00215896
2795,32,32,0,64,12.0312,7.568e-05
2796,31,27,4,8,75.5926,0.00145744
2797,17,17,0,34,12,3.808e-05
2798,148,134,14,8,52.3433,0.00792388
2799,88,88,0,176,12.0568,0.0002024
2800,167,140,37,10,66.6286,0.0082312
2801,28,28,0,8,27.7857,0.00147368
2802,15,15,0,30,12,3.136e-05
2803,450,376,93,8,75.8511,0.0225362
2804,306,306,0,612,12.0621,0.00080304
2805,22,22,0,8,51.5909,0.00113792
2806,125,99,36,10,77.4545,0.00571168
2807,12,12,0,24,12,2.512e-05
2808,86,86,0,172,12.0581,0.00022672
2809,22,21,1,10,78.8571,0.001076
2810,63,51,20,10,73.3922,0.00280128
2811,15,15,0,30,12,3.328e-05
2812,32,32,0,64,12.0312,7.088e-05
2813,117,106,14,8,81.5849,0.00619976
2814,79,79,0,158,12.0506,0.00019072
2815,42,32,15,8,80.9688,0.00175784
2816,25,25,0,50,12.04,6.624e-05
2817,36,28,10,8,81.2143,0.00148632
2818,22,22,0,44,12.0455,5.168e-05
2819,16,16,0,8,77.875,0.00073616
2820,126,124,2,8,76.8145,0.00731648
2821,9,9,0,18,12,1.888e-05
2822,74,74,0,148,12.0541,0.00016144
2823,80,74,6,8,81.527,0.00424604
2824,30,27,3,10,86.2963,0.001442
2825,41,41,0,82,12.0488,9.056e-05
2826,22,22,0,44,12.0455,4.976e-05
2827,13,13,0,8,83.9231,0.00057904
2828,21,21,0,8,59.0476,0.00107148
2829,8,8,0,16,12,1.68e-05
2830,74,61,15,8,73.7213,0.00346176
2831,12,12,0,24,12,2.512e-05
2832,41,41,0,82,12.0488,0.00010016
2833,183,144,44,8,64.8681,0.00852988
2834,125,125,0,250,12.064,0.00033152
2835,38,38,0,76,12.0526,9.776e-05
2836,96,87,11,8,70.8851,0.00507024
2837,55,46,9,8,72.4565,0.0025624
2838,62,54,8,8,60.6111,0.00307744
2839,17,13,4,8,73.3846,0.0005874
2840,66,66,0,132,12.0606,0.0001656
2841,59,52,8,8,45.5,0.00294576
2842,34,34,0,68,12.0588,8.624e-05
2843,37,37,0,74,12.0541,8.928e-05
2844,9,9,0,18,12,1.888e-05
2845,33,33,0,66,12.0303,7.456e-05
2846,7,7,0,8,23.8571,0.00020124
2847,5,5,0,10,12,1.056e-05
2848,130,124,6,10,57.6694,0.00728768
2849,18,18,0,8,39.0556,0.00089264
2850,67,67,0,134,12.0448,0.00014208
2851,10,10,0,20,12,2.096e-05
2852,126,118,9,10,63.2458,0.00686104
2853,85,85,0,170,12.0588,0.00020192
2854,26,26,0,8,59.3077,0.00134912
2855,14,14,0,28,12,2.928e-05
2856,9,9,0,8,48.5556,0.00032912
2857,17,17,0,8,61.7059,0.00080264
2858,6,6,0,12,12,1.264e-05
2859,47,40,10,8,62.275,0.0022292
2860,10,10,0,20,12,2.096e-05
2861,24,24,0,48,12.0417,5.36e-05
2862,124,124,0,248,12.0565,0.00031312
2863,95,88,7,8,70.6932,0.00513344
2864,40,36,4,10,81.1667,0.00190672
2865,27,19,11,10,76,0.00087832
2866,144,134,10,8,58.0522,0.0078934
2867,57,57,0,114,12.0526,0.00013792
2868,30,30,0,60,12.0333,6.768e-05
2869,18,18,0,36,12.0556,4.336e-05
2870,80,80,0,160,12.05,0.00017584
2871,24,20,4,8,76.1,0.0009846
2872,13,13,0,26,12,2.816e-05
2873,56,56,0,8,58.5893,0.00316452
2874,29,29,0,58,12.0345,6.048e-05
2875,42,42,0,8,54.2619,0.00233256
2876,22,22,0,44,12.0455,4.592e-05
2877,44,44,0,8,33.5,0.0024528
2878,11,11,0,8,33.4545,0.00043588
2879,23,23,0,46,12.0435,4.8e-05
2880,7,7,0,14,12,1.472e-05
2881,242,207,43,10,73.314,0.0123018
2882,162,162,0,324,12.0679,0.00044752
2883,38,36,2,8,60.3611,0.00198
2884,20,20,0,40,12.05,4.272e-05
2885,71,69,2,8,75.913,0.00399404
2886,57,50,8,10,65.18,0.00283968
2887,36,36,0,72,12.0278,7.504e-05
2888,45,45,0,90,12.0444,0.00011072
2889,22,19,5,8,68.7368,0.00093464
2890,98,96,2,8,51.7188,0.00559572
2891,12,12,0,24,12,2.576e-05
2892,71,63,8,8,37.9683,0.0035786
2893,58,58,0,116,12.0517,0.00012656
2894,39,39,0,78,12.0513,8.704e-05
2895,34,34,0,8,54.9412,0.0018282
2896,18,18,0,36,12,3.76e-05
2897,23,23,0,8,42.5217,0.00116284
2898,13,13,0,26,12,2.72e-05
2899,10,10,0,6,41.1,0.0004294
2900,6,6,0,12,12,1.264e-05
2901,42,42,0,8,27.5,0.00235032
2902,22,22,0,44,12.0455,4.592e-05
2903,20,20,0,8,32.55,0.000987
2904,11,11,0,22,12,2.304e-05
2905,134,127,7,8,55.0866,0.00749764
2906,71,71,0,142,12.0423,0.00015648
2907,66,56,10,8,70.8929,0.003205
2908,45,45,0,90,12.0444,0.00011584
2909,82,65,17,8,76.0615,0.00373196
2910,105,87,20,8,72.6782,0.0050588
2911,21,19,2,8,71.6842,0.00092108
2912,47,47,0,94,12.0638,0.0001216
2913,70,70,0,140,12.0571,0.00017552
2914,20,12,8,8,54.6667,0.00054724
2915,194,178,23,8,69.4101,0.0105764
2916,11,11,0,22,12,2.304e-05
2917,281,269,13,8,72.1784,0.0160707
2918,9,9,0,18,12,1.984e-05
2919,112,112,0,224,12.0536,0.0002472
2920,29,20,17,8,71.2,0.00101804
2921,154,154,0,308,12.0519,0.00033456
2922,126,110,18,8,73.9182,0.00646528
2923,18,18,0,36,12.0556,4.144e-05
2924,83,83,0,166,12.0602,0.0002112
2925,41,41,0,8,75.3415,0.00228776
2926,22,22,0,44,12.0455,4.592e-05
2927,70,55,24,6,83.1455,0.0031718
2928,41,41,0,82,12.0488,9.248e-05
2929,78,68,10,8,63.6471,0.0039022
2930,40,40,0,8,72.4,0.00220036
2931,36,34,2,10,70.4706,0.00180256
2932,48,48,0,96,12.0625,0.00011984
2933,27,19,15,10,58.9474,0.00087536
2934,21,21,0,42,12.0476,4.384e-05
2935,28,28,0,56,12.0357,6.288e-05
2936,18,18,0,36,12.0556,4.336e-05
2937,190,151,43,10,75.0331,0.00888784
2938,125,125,0,250,12.064,0.0003472
2939,18,18,0,8,53.6667,0.00086732
2940,98,73,32,8,76.3425,0.00423728
2941,88,68,20,8,79.5882,0.00387968
2942,10,10,0,20,12,2.096e-05
2943,60,60,0,120,12.0667,0.00016496
2944,61,61,0,122,12.0656,0.00017088
2945,22,13,11,8,82.8462,0.00060268
2946,52,44,11,8,81.4318,0.00243168
2947,9,9,0,18,12,1.952e-05
2948,30,30,0,60,12.0333,6.896e-05
2949,33,29,4,10,81.2414,0.00157312
2950,29,21,8,8,82.8571,0.00106564
2951,76,64,20,8,39.7812,0.003663
2952,23,23,0,46,12.0435,5.632e-05
2953,18,18,0,36,12.0556,4.336e-05
2954,34,34,0,68,12.0294,7.088e-05
2955,13,13,0,8,81.3846,0.00059772
2956,49,42,8,8,81,0.00235972
2957,303,291,12,10,81.244,0.0173111
2958,8,8,0,16,12,1.68e-05
2959,41,32,9,10,82.2812,0.0017032
2960,25,25,0,50,12.04,5.536e-05
2961,204,204,0,408,12.0588,0.00048592
2962,25,25,0,50,12.04,6.176e-05
2963,43,36,7,10,79.8889,0.00196264
2964,181,177,4,8,79.3107,0.0105012
2965,27,27,0,54,12.037,6.88e-05
2966,90,77,16,8,72.3117,0.00442808
2967,105,105,0,210,12.0476,0.00022848
2968,51,51,0,102,12.0392,0.00011712
2969,20,19,1,8,25.2632,0.00096928
2970,17,17,0,8,76.8824,0.00083532
2971,10,10,0,20,12,2.096e-05
2972,46,38,8,10,82.2895,0.00207208
2973,160,147,13,8,81.7347,0.00866508
2974,28,28,0,56,12.0357,6.864e-05
2975,100,100,0,200,12.06,0.00024656
2976,26,26,0,8,84.8462,0.00137588
2977,14,14,0,28,12,2.928e-05
2978,48,41,7,10,80.7561,0.0021988
2979,32,32,0,64,12.0625,8.112e-05
2980,20,20,0,8,74.4,0.00101216
2981,11,11,0,22,12,2.304e-05
2982,22,22,0,8,53.7273,0.0011178
2983,12,12,0,24,12,2.512e-05
2984,21,21,0,8,16.8095,0.00103704
2985,12,12,0,24,12,2.512e-05
2986,10,10,0,8,15.5,0.0003836
2987,6,6,0,12,12,1.264e-05
2988,311,254,72,10,70.3583,0.0151389
2989,212,212,0,424,12.0613,0.00056048
2990,108,82,28,8,71.9756,0.00473868
2991,66,66,0,132,12.0606,0.00017648
2992,58,50,11,8,77.38,0.00284236
2993,32,32,0,64,12.0312,7.312e-05
2994,23,23,0,8,43.087,0.00117256
2995,48,48,0,8,51.3125,0.00272636
2996,13,13,0,26,12,2.72e-05
2997,43,43,0,8,55.2326,0.0024236
2998,25,25,0,50,12.04,5.216e-05
2999,23,23,0,46,12.0435,4.8e-05
3000,51,51,0,8,56.5294,0.00285372
3001,27,27,0,54,12.037,5.632e-05
3002,22,22,0,8,44.0909,0.00111772
3003,12,12,0,24,12,2.512e-05
3004,36,36,0,8,29.6667,0.00196228
3005,19,19,0,38,12.0526,3.968e-05
3006,7,7,0,8,19.5714,0.00024528
3007,5,5,0,10,12,1.056e-05
3008,11,11,0,22,12,2.304e-05
3009,148,128,27,8,57.2734,0.0075578
3010,82,82,0,164,12.0488,0.00019984
3011,33,33,0,8,60.9697,0.00180612
3012,18,18,0,36,12,3.76e-05
3013,155,145,19,8,58.8276,0.00857788
3014,85,85,0,170,12.0471,0.00018528
3015,29,29,0,8,36.8621,0.00152748
3016,168,141,33,8,65.3546,0.00832348
3017,16,16,0,32,12,3.344e-05
3018,95,95,0,190,12.0526,0.00023904
3019,44,40,4,8,55.225,0.00222656
3020,23,23,0,46,12.0435,5.024e-05
3021,38,28,13,8,82.1786,0.00150804
3022,20,20,0,40,12.05,4.752e-05
3023,35,27,8,8,56.7037,0.00144888
3024,21,21,0,42,12.0476,4.96e-05
3025,267,230,48,10,76.7174,0.013627
3026,45,45,0,8,55.6667,0.00252492
3027,172,172,0,344,12.0581,0.00044208
3028,24,24,0,48,12.0417,5.008e-05
3029,297,279,26,6,58.2796,0.0167014
3030,152,152,0,304,12.0526,0.00032304
3031,69,57,13,8,55.3684,0.00326776
3032,41,41,0,82,12.0488,9.984e-05
3033,45,45,0,8,51.4444,0.00253252
3034,38,38,0,8,51.1316,0.00211564
3035,24,24,0,48,12.0417,5.008e-05
3036,20,20,0,40,12.05,4.176e-05
3037,35,35,0,8,25.2286,0.00191792
3038,19,19,0,38,12.0526,3.968e-05
3039,80,76,4,8,58.7895,0.00440932
3040,42,42,0,84,12.0476,9.072e-05
3041,125,113,12,10,71.823,0.00658496
3042,89,89,0,178,12.0562,0.00022464
3043,22,22,0,8,79,0.00114136
3044,8,8,0,8,74.375,0.00025804
3045,53,45,8,8,78.8667,0.00251696
3046,12,12,0,24,12,2.512e-05
3047,5,5,0,10,12,1.056e-05
3048,37,37,0,74,12.0541,9.056e-05
3049,111,91,20,8,77.033,0.0053026
3050,43,32,14,10,75.7812,0.00166896
3051,16,15,1,8,71.7333,0.000727
3052,72,72,0,144,12.0556,0.0001864
3053,37,31,6,8,83.0323,0.00168152
3054,23,23,0,46,12.0435,5.312e-05
3055,76,65,16,8,44.3538,0.00374992
3056,9,9,0,18,12,1.888e-05
3057,24,24,0,48,12.0417,6.064e-05
3058,34,34,0,68,12.0294,7.088e-05
3059,43,35,8,8,75.6,0.00190564
3060,6,6,0,8,79.3333,0.0001724
3061,108,106,2,8,71.4245,0.00621044
3062,26,26,0,52,12.0385,6.672e-05
3063,4,4,0,8,12,8.48e-06
3064,63,63,0,126,12.0476,0.00013696
3065,62,59,3,10,75.0678,0.00336808
3066,15,15,0,8,75.4,0.00072336
3067,24,24,0,8,82.4167,0.0012256
3068,45,45,0,90,12.0444,9.984e-05
3069,9,9,0,18,12,1.888e-05
3070,13,13,0,26,12,2.72e-05
3071,251,250,1,8,53.288,0.0149402
3072,137,137,0,274,12.0511,0.00029152
3073,22,22,0,8,60.1364,0.0010984
3074,12,12,0,24,12,2.512e-05
3075,96,88,8,8,63.75,0.00512432
3076,51,51,0,102,12.0392,0.00011584
3077,61,61,0,8,77.8033,0.00348956
3078,32,32,0,64,12.0312,6.672e-05
3079,23,22,1,8,82.6818,0.00115164
3080,13,13,0,26,12,2.72e-05
3081,8,8,0,8,83.375,0.00027876
3082,36,29,7,8,68.8966,0.00155692
3083,69,69,0,8,73.087,0.00397908
3084,5,5,0,10,12,1.056e-05
3085,22,22,0,44,12.0455,5.168e-05
3086,20,20,0,8,65.5,0.00098288
3087,36,36,0,72,12.0278,7.504e-05
3088,11,11,0,22,12,2.304e-05
3089,26,24,2,10,68.25,0.001192
3090,18,18,0,36,12.0556,4.048e-05
3091,28,28,0,8,56.2143,0.00147716
3092,15,15,0,30,12,3.136e-05
3093,14,14,0,8,61.1429,0.00064788
3094,192,159,41,10,68.7987,0.00939896
3095,8,8,0,16,12,1.68e-05
3096,115,115,0,230,12.0609,0.00029952
3097,19,12,11,8,73.5833,0.00055
3098,109,94,20,8,73.9787,0.0054824
3099,9,9,0,18,12,1.984e-05
3100,63,63,0,126,12.0476,0.00014368
3101,302,231,95,8,67.6147,0.0137877
3102,169,169,0,338,12.0651,0.00045056
3103,13,13,0,8,71.3846,0.00059084
3104,23,18,5,8,73.9444,0.00090836
3105,72,60,13,8,78.5167,0.0034396
3106,8,8,0,16,12,1.68e-05
3107,14,14,0,28,12,3.472e-05
3108,9,9,0,8,77.1111,0.00033324
3109,9,9,0,8,76.2222,0.00036176
3110,19,17,2,8,77.7647,0.0007988
3111,29,21,8,10,75.619,0.00098032
3112,95,90,5,8,71.4556,0.005214
3113,6,6,0,12,12,1.264e-05
3114,336,297,48,10,78.6768,0.0176894
3115,6,6,0,12,12,1.264e-05
3116,11,11,0,22,12,2.464e-05
3117,19,19,0,38,12.0526,4.544e-05
3118,49,47,2,8,70.9787,0.00264748
3119,61,61,0,122,12.0492,0.0001408
3120,251,251,0,502,12.0637,0.00064512
3121,25,25,0,50,12.04,5.28e-05
3122,13,13,0,8,81.6154,0.00055352
3123,8,8,0,16,12,1.68e-05
3124,18,18,0,8,67.9444,0.0009118
3125,25,25,0,8,63,0.001336
3126,48,48,0,8,51.875,0.00268844
3127,10,10,0,20,12,2.096e-05
3128,14,14,0,28,12,2.928e-05
3129,25,25,0,50,12.04,5.216e-05
3130,28,28,0,8,43.9643,0.00147268
3131,15,15,0,30,12,3.136e-05
3132,7,7,0,8,35.4286,0.00023452
3133,5,5,0,10,12,1.056e-05
3134,50,50,0,8,22.24,0.00281792
3135,26,26,0,52,12.0385,5.424e-05
3136,15,15,0,8,33.6667,0.00072704
3137,9,9,0,18,12,1.888e-05
3138,196,168,38,10,77.9583,0.0098968
3139,187,150,50,8,77.6867,0.00888384
3140,152,152,0,304,12.0658,0.00044272
3141,130,130,0,260,12.0615,0.00035792
3142,57,51,6,8,79.0392,0.00286016
3143,37,37,0,74,12.0541,8.32e-05
3144,41,39,2,10,81.4359,0.00216376
3145,35,27,8,8,80.5926,0.00140692
3146,72,63,15,8,82.0159,0.00363104
3147,34,34,0,68,12.0294,7.664e-05
3148,21,21,0,42,12.0476,4.896e-05
3149,28,27,1,8,74.1852,0.00141756
3150,39,39,0,78,12.0513,8.512e-05
3151,41,33,8,8,83.3636,0.0017662
3152,121,114,7,8,80.9561,0.00671836
3153,26,26,0,52,12.0385,6.768e-05
3154,70,70,0,140,12.0571,0.000164
3155,13,13,0,8,77.3077,0.00057316
3156,49,47,2,8,79.1064,0.00264348
3157,8,8,0,16,12,1.68e-05
3158,34,34,0,68,12.0294,7.664e-05
3159,116,93,27,10,84.9462,0.00534688
3160,78,78,0,156,12.0641,0.00020816
3161,136,125,11,8,80.512,0.007357
3162,93,93,0,186,12.0538,0.0002176
3163,55,46,9,8,84.0435,0.0026008
3164,424,379,47,6,77.3298,0.0227467
3165,35,35,0,70,12.0571,9.152e-05
3166,257,257,0,514,12.0545,0.0005968
3167,170,155,15,8,80.5742,0.00918188
3168,67,55,13,10,76.0182,0.00306656
3169,31,30,1,8,75.5333,0.00160228
3170,93,93,0,186,12.0538,0.00020512
3171,13,13,0,8,81.1538,0.00056428
3172,45,45,0,90,12.0444,0.00011872
3173,8,8,0,16,12,1.68e-05
3174,18,17,1,8,72.2353,0.00085128
3175,22,22,0,8,76.9091,0.00111604
3176,62,53,9,8,79.6792,0.00302632
3177,10,10,0,20,12,2.16e-05
3178,12,12,0,24,12,2.512e-05
3179,38,38,0,76,12.0526,8.784e-05
3180,42,42,0,84,12.0476,9.872e-05
3181,63,50,13,8,79.52,0.00281268
3182,124,114,10,10,83.3509,0.00661472
3183,35,35,0,70,12.0571,8.448e-05
3184,99,99,0,198,12.0606,0.00025056
3185,53,48,5,8,80.3542,0.00270232
3186,29,24,5,10,82.625,0.00123528
3187,34,34,0,68,12.0294,7.6e-05
3188,99,90,9,8,79.6778,0.00521924
3189,17,17,0,34,12,3.776e-05
3190,61,61,0,122,12.0492,0.00013888
3191,21,21,0,8,80.1905,0.0010388
3192,12,12,0,24,12,2.512e-05
3193,31,31,0,8,69.8387,0.00167808
3194,17,17,0,34,12,3.552e-05
3195,29,29,0,8,74.7931,0.00156632
3196,284,272,12,8,79.5478,0.0162658
3197,24,22,2,10,81.5909,0.00104152
3198,16,16,0,32,12,3.344e-05
3199,173,173,0,346,12.052,0.00038976
3200,16,16,0,32,12,3.6e-05
3201,83,77,6,8,81.0649,0.0044236
3202,57,57,0,114,12.0526,0.0001312
3203,81,64,18,8,84.1875,0.00364868
3204,48,48,0,96,12.0625,0.00012528
3205,15,15,0,8,85.2667,0.00072584
3206,9,9,0,18,12,1.888e-05
3207,15,15,0,30,12,3.136e-05
3208,40,40,0,8,73.675,0.00223368
3209,21,21,0,42,12.0476,4.384e-05
3210,418,348,72,8,80.4109,0.0208212
3211,311,311,0,622,12.0643,0.00083904
3212,45,35,10,8,79.9143,0.00192244
3213,28,28,0,56,12.0357,7.184e-05
3214,138,116,22,8,83.569,0.00679292
3215,89,89,0,178,12.0562,0.00022848
3216,161,160,1,8,78.4,0.00947644
3217,92,92,0,184,12.0435,0.00019792
3218,10,10,0,8,71.2,0.00040496
3219,29,25,4,8,81.2,0.00130268
3220,16,16,0,32,12,3.344e-05
3221,6,6,0,12,12,1.264e-05
3222,53,51,2,8,78.0196,0.0028696
3223,18,18,0,36,12.0556,4.112e-05
3224,36,36,0,72,12.0556,8.08e-05
3225,80,77,3,8,77.5455,0.00447476
3226,59,59,0,118,12.0508,0.00014208
3227,33,22,11,8,79.3636,0.0011252
3228,20,20,0,40,12.05,5.008e-05
3229,129,102,27,8,75.451,0.00597624
3230,12,12,0,8,54.5,0.00053088
3231,703,623,86,8,71.2713,0.03745
3232,67,67,0,134,12.0597,0.000168
3233,7,7,0,14,12,1.472e-05
3234,445,445,0,890,12.0584,0.0010688
3235,43,34,9,10,77.1471,0.00187952
3236,32,32,0,64,12.0312,7.6e-05
3237,63,53,10,8,74.3396,0.00297676
3238,37,37,0,74,12.0541,9.248e-05
3239,90,77,14,10,79.0779,0.00440392
3240,18,18,0,8,80.0556,0.00089176
3241,61,61,0,122,12.0492,0.00014944
3242,10,10,0,20,12,2.096e-05
3243,94,74,23,8,80.5676,0.00425684
3244,23,23,0,8,78.2609,0.00121532
3245,58,58,0,116,12.0517,0.00014864
3246,25,16,9,8,73.6875,0.00074536
3247,13,13,0,26,12,2.72e-05
3248,13,13,0,26,12,3.168e-05
3249,160,130,32,10,81.6231,0.00759352
3250,110,110,0,220,12.0636,0.00029936
3251,30,21,15,8,70.0476,0.0010394
3252,18,18,0,36,12.0556,4.144e-05
3253,76,67,13,8,71.5821,0.00386832
3254,46,46,0,92,12.0435,0.00011312
3255,53,45,8,8,57.2,0.0025032
3256,17,11,8,8,82.4545,0.0004366
3257,113,94,27,8,73.4043,0.00546108
3258,30,30,0,60,12.0333,6.832e-05
3259,9,9,0,18,12,1.984e-05
3260,61,61,0,122,12.0492,0.0001392
3261,60,60,0,8,64.6667,0.00342176
3262,31,31,0,62,12.0323,6.464e-05
3263,157,134,30,10,66.6866,0.00790824
3264,90,90,0,180,12.0556,0.00022352
3265,292,263,36,8,73.8441,0.015676
3266,183,183,0,366,12.0546,0.00042976
3267,11,11,0,8,56.6364,0.00047556
3268,26,17,16,8,84.6471,0.0007962
3269,7,7,0,14,12,1.472e-05
3270,180,161,19,10,76.9752,0.00945896
3271,138,138,0,276,12.0652,0.00039568
3272,48,42,6,8,72.5,0.00231868
3273,25,25,0,50,12.04,5.44e-05
3274,55,49,6,8,81.0612,0.00277348
3275,67,52,18,10,80.2308,0.0029424
3276,33,25,8,10,79.8,0.00125456
3277,33,33,0,66,12.0303,7.872e-05
3278,43,43,0,86,12.0465,0.00010336
3279,22,22,0,44,12.0455,5.36e-05
3280,12,12,0,8,75.4167,0.00053224
3281,28,28,0,8,77.1071,0.0014788
3282,112,93,19,10,79.0108,0.00535144
3283,7,7,0,14,12,1.472e-05
3284,15,15,0,30,12,3.136e-05
3285,69,69,0,138,12.0435,0.00015744
3286,337,256,100,8,80.707,0.0152667
3287,216,216,0,432,12.0648,0.00059152
3288,42,32,10,8,83.2188,0.0017394
3289,26,26,0,52,12.0385,6.32e-05
3290,64,51,13,10,84.3529,0.0028524
3291,122,113,9,8,67.646,0.00663976
3292,43,43,0,86,12.0465,0.00011104
3293,74,74,0,148,12.0541,0.00016912
3294,133,109,25,8,71,0.00637428
3295,34,24,10,10,62.8333,0.00118896
3296,87,87,0,174,12.0575,0.00021216
3297,62,49,13,10,70.0408,0.00278336
3298,23,23,0,46,12.0435,5.312e-05
3299,52,44,8,8,69.4545,0.0024702
3300,30,21,9,10,56.6667,0.00101808
3301,40,40,0,80,12.05,0.0001064
3302,35,35,0,70,12.0571,8.864e-05
3303,19,19,0,38,12.0526,4.832e-05
3304,187,154,46,10,79.9545,0.00905216
3305,137,137,0,274,12.0657,0.00039776
3306,393,340,57,8,78.0206,0.0203691
3307,246,246,0,492,12.0569,0.0005944
3308,48,42,6,8,80.7857,0.00232144
3309,9,5,4,6,80.2,0.00016788
3310,32,32,0,64,12.0312,7.376e-05
3311,49,37,20,8,77.8108,0.00205028
3312,5,5,0,10,12,1.088e-05
3313,47,34,13,6,76.6471,0.00188124
3314,422,360,87,8,81.5528,0.0215588
3315,24,20,4,8,82.35,0.00099212
3316,339,339,0,678,12.0649,0.00089888
3317,14,14,0,28,12,3.44e-05
3318,72,62,10,10,78.5323,0.00346544
3319,59,59,0,118,12.0508,0.00016
3320,156,128,36,10,78.1016,0.007462
3321,65,53,12,10,82.8679,0.00297776
3322,113,113,0,226,12.0708,0.00032704
3323,47,47,0,94,12.0426,0.00011712
3324,189,163,28,8,79.1227,0.00962856
3325,27,24,3,10,81.4583,0.00122288
3326,15,15,0,30,12,3.712e-05
3327,119,119,0,238,12.0504,0.00027552
3328,19,19,0,38,12.0526,4.576e-05
3329,238,213,28,8,77.6197,0.0126563
3330,158,158,0,316,12.057,0.00036784
3331,28,21,7,8,81.4286,0.00109392
3332,18,18,0,36,12.0556,4.464e-05
3333,100,86,20,8,76.3256,0.00496964
3334,16,15,1,8,81.1333,0.0006934
3335,42,28,17,8,74.9286,0.00149928
3336,70,70,0,140,12.0571,0.00017776
3337,33,24,12,8,69.25,0.00123828
3338,9,9,0,18,12,1.888e-05
3339,22,22,0,44,12.0455,5.232e-05
3340,19,19,0,38,12.0526,4.544e-05
3341,25,17,12,8,80.2941,0.00082496
3342,9,9,0,8,79.3333,0.00032404
3343,15,15,0,30,12,3.712e-05
3344,53,49,4,8,84.6939,0.00276732
3345,6,6,0,12,12,1.264e-05
3346,40,40,0,80,12.05,9.36e-05
3347,123,93,37,10,82.5161,0.00539768
3348,74,74,0,148,12.0541,0.0002024
3349,11,8,3,8,78.625,0.0002794
3350,6,6,0,12,12,1.36e-05
3351,81,66,15,10,68.4091,0.00379952
3352,52,42,10,6,73.5,0.00236508
3353,58,58,0,116,12.0517,0.0001448
3354,33,33,0,66,12.0303,7.872e-05
3355,139,122,19,8,73.8033,0.00717772
3356,125,100,26,8,81,0.00583992
3357,94,94,0,188,12.0532,0.00022832
3358,81,81,0,162,12.0494,0.00019392
3359,11,11,0,8,67.7273,0.00044832
3360,61,53,8,8,84.6415,0.00299268
3361,170,149,22,8,80.0738,0.00878544
3362,7,7,0,14,12,1.472e-05
3363,40,40,0,80,12.05,0.0001032
3364,106,106,0,212,12.0566,0.00025776
3365,67,53,15,8,75.0943,0.00298876
3366,46,46,0,92,12.0435,0.00012016
3367,86,66,20,8,79.1061,0.00377748
3368,12,12,0,8,81.1667,0.000545
3369,30,20,11,6,72.65,0.00105448
3370,28,18,10,8,80.1667,0.00090144
3371,102,90,12,8,77.4333,0.0052354
3372,53,53,0,106,12.0566,0.00013504
3373,7,7,0,14,12,1.472e-05
3374,27,27,0,54,12.037,6.208e-05
3375,16,16,0,32,12.0625,3.92e-05
3376,35,35,0,70,12.0571,8.512e-05
3377,55,55,0,110,12.0545,0.0001216
3378,19,19,0,38,12.0526,3.968e-05
3379,12,12,0,8,66.4167,0.00053644
3380,7,7,0,14,12,1.472e-05
3381,91,78,13,8,82.9872,0.00449972
3382,89,81,8,8,83.2469,0.00468448
3383,126,111,17,8,80.4144,0.00649956
3384,218,202,17,8,80.2426,0.0120127
3385,52,52,0,104,12.0577,0.00012592
3386,69,69,0,138,12.058,0.00017024
3387,93,93,0,186,12.0538,0.0002272
3388,127,127,0,254,12.0551,0.00028736
3389,102,91,11,8,84.5714,0.00530696
3390,76,76,0,152,12.0526,0.000188
3391,75,65,10,10,84.8308,0.00365936
3392,59,59,0,118,12.0508,0.00015008
3393,81,75,6,8,82.5733,0.0043548
3394,54,54,0,108,12.0556,0.00012912
3395,33,24,11,8,82.875,0.00123848
3396,21,21,0,42,12.0476,5.12e-05
3397,49,39,10,8,82.1282,0.002151
3398,21,18,3,8,82.2222,0.00087024
3399,31,31,0,62,12.0645,8.256e-05
3400,11,11,0,22,12,2.304e-05
3401,87,77,18,6,77.4286,0.00448164
3402,52,52,0,104,12.0577,0.00011984
3403,84,64,30,10,79.2031,0.00366624
3404,48,48,0,96,12.0417,0.00011824
3405,15,15,0,8,81.9333,0.00069636
3406,27,17,13,8,78.4118,0.0008394
3407,9,9,0,18,12,1.888e-05
3408,15,15,0,30,12,3.904e-05
3409,30,30,0,8,77.6,0.00161896
3410,16,16,0,32,12,3.344e-05
3411,65,60,5,8,78.7833,0.00340628
3412,11,11,0,8,73.0909,0.0004886
3413,35,35,0,70,12.0286,7.776e-05
3414,278,212,88,8,70.5189,0.0126418
3415,7,7,0,14,12,1.472e-05
3416,63,51,14,8,71.3137,0.00286384
3417,173,173,0,346,12.0578,0.00043328
3418,42,42,0,84,12.0476,0.0001
3419,10,10,0,8,69.5,0.00038884
3420,50,42,8,8,78.119,0.00234848
3421,6,6,0,12,12,1.264e-05
3422,41,35,6,8,81.7714,0.0019372
3423,31,31,0,62,12.0323,7.808e-05
3424,24,24,0,48,12.0417,5.872e-05
3425,60,45,15,8,79.4444,0.002538
3426,49,43,12,8,75.3488,0.00239912
3427,37,37,0,74,12.0541,9.024e-05
3428,30,30,0,60,12.0333,6.96e-05
3429,23,23,0,8,76.7391,0.00116132
3430,24,24,0,8,77.0833,0.0012428
3431,13,13,0,26,12,2.72e-05
3432,13,13,0,26,12,2.72e-05
3433,59,48,17,8,76.5625,0.00272044
3434,22,22,0,8,78.4545,0.0011214
3435,31,31,0,62,12.0323,7.552e-05
3436,12,12,0,24,12,2.512e-05
3437,39,34,5,10,81.4118,0.00187384
3438,192,172,21,8,59.4942,0.010198
3439,54,41,13,8,82.6829,0.00225624
3440,29,29,0,58,12.0345,7.072e-05
3441,18,14,4,8,74.7143,0.0006564
3442,100,100,0,200,12.05,0.00021648
3443,99,93,6,10,84.8495,0.00533768
3444,34,34,0,68,12.0588,8.88e-05
3445,84,72,20,10,80.5556,0.00410624
3446,9,9,0,18,12,2.016e-05
3447,47,42,5,8,78.619,0.0023592
3448,87,87,0,174,12.0575,0.00021856
3449,48,48,0,96,12.0417,0.0001112
3450,36,36,0,72,12.0556,9.008e-05
3451,39,35,4,10,83.0857,0.0019316
3452,30,30,0,60,12.0333,7.088e-05
3453,47,43,4,8,84.093,0.00240796
3454,60,55,5,8,85.3636,0.00311728
3455,38,32,6,10,86.125,0.00169448
3456,31,31,0,62,12.0323,7.36e-05
3457,37,37,0,74,12.0541,8.224e-05
3458,27,27,0,54,12.037,6.688e-05
3459,22,22,0,8,76.9545,0.00114496
3460,87,76,11,8,78.9079,0.00439284
3461,12,12,0,24,12,2.512e-05
3462,51,51,0,102,12.0588,0.00012736
3463,13,13,0,8,78.3077,0.00058364
3464,30,22,8,10,69.8182,0.00106792
3465,8,8,0,16,12,1.68e-05
3466,23,13,10,8,69.3077,0.00059596
3467,19,19,0,38,12.0526,4.352e-05
3468,9,9,0,18,12,1.984e-05
3469,189,140,49,8,68.7929,0.00828568
3470,105,105,0,210,12.0571,0.00027872
3471,139,131,8,8,66.2901,0.0076918
3472,79,79,0,158,12.0506,0.00017408
3473,14,14,0,8,63.5,0.0006598
3474,8,8,0,16,12,1.68e-05
3475,47,47,0,8,54.4468,0.00263224
3476,34,34,0,8,58.7647,0.00184952
3477,25,25,0,50,12.04,5.216e-05
3478,18,18,0,36,12,3.76e-05
3479,114,92,25,10,74.5435,0.005314
3480,52,43,13,8,70.5116,0.00241916
3481,72,72,0,144,12.0556,0.00018352
3482,27,27,0,54,12.037,6.336e-05
3483,69,67,2,8,75.1045,0.00385504
3484,16,14,2,8,76.6429,0.00066292
3485,43,32,19,8,70.7188,0.00171232
3486,44,44,0,88,12.0455,9.744e-05
3487,8,8,0,16,12,1.744e-05
3488,17,17,0,34,12,3.616e-05
3489,13,13,0,8,68.0769,0.00057588
3490,8,8,0,8,75.875,0.00025372
3491,8,8,0,16,12,1.68e-05
3492,5,5,0,10,12,1.056e-05
3493,41,41,0,8,81,0.00227108
3494,13,13,0,8,78.6923,0.00057816
3495,22,22,0,44,12.0455,4.592e-05
3496,48,45,3,8,62.4222,0.00254136
3497,8,8,0,16,12,1.68e-05
3498,25,22,3,10,70.1364,0.00109608
3499,21,14,7,8,54,0.00061836
3500,33,33,0,66,12.0303,7.456e-05
3501,17,17,0,34,12,3.872e-05
3502,11,11,0,22,12,2.528e-05
3503,19,19,0,8,39.3158,0.0009586
3504,11,11,0,22,12,2.304e-05
3505,33,33,0,8,42.2727,0.00179332
3506,18,18,0,36,12,3.76e-05
3507,42,42,0,8,55.8095,0.00236128
3508,54,54,0,8,60.3889,0.00304532
3509,22,22,0,44,12.0455,4.592e-05
3510,28,28,0,56,12.0357,5.84e-05
3511,51,48,3,8,64.375,0.00272072
3512,26,26,0,8,57.7692,0.00134188
3513,43,43,0,8,67.5349,0.0024064
3514,26,26,0,52,12.0385,5.52e-05
3515,14,14,0,28,12,2.928e-05
3516,23,23,0,46,12.0435,4.8e-05
3517,32,32,0,8,70.7812,0.00173992
3518,36,31,5,10,69.8065,0.00169072
3519,56,48,8,10,62.8542,0.0027072
3520,58,49,10,10,58.9388,0.00275192
3521,17,17,0,34,12,3.552e-05
3522,21,21,0,42,12.0476,4.704e-05
3523,39,39,0,78,12.0513,9.984e-05
3524,40,40,0,80,12.05,0.0001
3525,111,94,24,8,63.7979,0.00547736
3526,62,62,0,124,12.0484,0.00014256
3527,20,20,0,8,29.7,0.00098856
3528,42,42,0,8,36.9762,0.00230784
3529,11,11,0,22,12,2.304e-05
3530,22,22,0,44,12.0455,4.592e-05
3531,28,28,0,8,34.75,0.00151616
3532,8,8,0,8,34.5,0.0002604
3533,15,15,0,30,12,3.136e-05
3534,154,126,43,8,66.4524,0.00738928
3535,5,5,0,10,12,1.056e-05
3536,87,87,0,174,12.0575,0.0002208
3537,63,54,9,8,69.3704,0.00307012
3538,35,35,0,70,12.0571,8.256e-05
3539,31,22,14,8,72.2727,0.00110088
3540,19,19,0,38,12.0526,4.544e-05
3541,144,122,27,8,67.9426,0.00717352
3542,81,81,0,162,12.0617,0.00020064
3543,56,50,6,10,70.24,0.00279576
3544,40,40,0,80,12.05,0.00010064
3545,130,107,30,10,75.9065,0.00621736
3546,181,159,25,8,70.1698,0.00943696
3547,72,72,0,144,12.0556,0.00017744
3548,118,118,0,236,12.0593,0.00030352
3549,149,137,12,8,68.854,0.00805828
3550,20,20,0,8,68.4,0.00103192
3551,510,482,35,6,68.5643,0.0289762
3552,11,11,0,22,12,2.304e-05
3553,24,24,0,8,76.75,0.00127536
3554,295,295,0,590,12.0542,0.0006768
3555,23,14,9,8,82,0.00062028
3556,13,13,0,26,12,2.72e-05
3557,12,12,0,24,12,2.96e-05
3558,27,27,0,8,59.6667,0.00140456
3559,15,15,0,30,12,3.136e-05
3560,10,10,0,8,52.2,0.00039748
3561,33,33,0,8,53.5455,0.00176316
3562,6,6,0,12,12,1.264e-05
3563,18,18,0,36,12.0556,3.76e-05
3564,18,18,0,8,49.9444,0.00087208
3565,10,10,0,20,12,2.096e-05
3566,11,11,0,8,50.4545,0.00046284
3567,7,7,0,14,12,1.472e-05
3568,10,10,0,8,49.4,0.00041324
3569,42,42,0,8,59.7143,0.00234644
3570,6,6,0,12,12,1.264e-05
3571,22,22,0,44,12.0455,4.592e-05
3572,7,7,0,8,53.2857,0.0002058
3573,5,5,0,10,12,1.056e-05
3574,372,318,57,10,80.8553,0.019004
3575,262,262,0,524,12.0649,0.00069936
3576,232,211,24,8,80.9052,0.0125406
3577,136,136,0,272,12.0515,0.00031696
3578,25,16,9,8,83.0625,0.00076596
3579,69,56,18,8,78.5536,0.0032082
3580,21,13,13,8,76.6154,0.000608
3581,40,34,9,10,81.6471,0.00180504
3582,113,100,13,10,85.33,0.0057824
3583,14,14,0,28,12,3.504e-05
3584,40,40,0,80,12.05,9.552e-05
3585,11,11,0,22,12,2.464e-05
3586,30,30,0,60,12.0333,7.792e-05
3587,76,76,0,152,12.0526,0.00018416
3588,229,219,10,8,76.0822,0.0130366
3589,80,71,9,8,81.5493,0.00407444
3590,159,159,0,318,12.0566,0.0003696
3591,48,48,0,96,12.0417,0.0001096
3592,31,20,11,10,85.15,0.00101896
3593,18,18,0,36,12.0556,4.4e-05
3594,53,48,5,8,84.5417,0.0027268
3595,22,20,2,10,84.25,0.00095664
3596,40,40,0,80,12.05,9.328e-05
3597,54,50,4,10,81.08,0.00279208
3598,14,14,0,28,12,3.152e-05
3599,30,30,0,60,12.0333,6.512e-05
3600,33,30,3,8,72.0667,0.0016232
3601,32,30,2,8,75.5,0.001628
3602,18,18,0,36,12.0556,3.856e-05
3603,17,17,0,34,12,3.552e-05
3604,58,46,15,8,79.7391,0.00259444
3605,29,24,5,8,73.125,0.00126
3606,25,18,7,8,80.3333,0.00087448
3607,36,36,0,72,12.0556,9.328e-05
3608,35,27,11,10,79.1111,0.0013724
3609,81,81,0,162,12.0494,0.00018656
3610,15,15,0,30,12,3.392e-05
3611,46,40,6,8,76.775,0.00219128
3612,15,15,0,30,12,3.744e-05
3613,24,24,0,48,12.0417,5.968e-05
3614,29,29,0,58,12.0345,6.816e-05
3615,14,14,0,8,62.7857,0.000625
3616,8,8,0,16,12,1.68e-05
3617,27,27,0,8,62.7037,0.00142652
3618,47,47,0,8,69.4681,0.00262348
3619,15,15,0,30,12,3.136e-05
3620,25,25,0,50,12.04,5.216e-05
3621,25,25,0,8,59.08,0.00132804
3622,14,14,0,28,12,2.928e-05
3623,31,31,0,8,32.9032,0.00169216
3624,17,17,0,34,12,3.552e-05
3625,79,79,0,8,61.0253,0.00460084
3626,29,29,0,8,49.4138,0.00152308
3627,41,41,0,82,12.0488,8.544e-05
3628,16,16,0,32,12,3.344e-05
3629,19,19,0,8,59.1053,0.00092092
3630,11,11,0,22,12,2.304e-05
3631,24,24,0,8,38.375,0.00124372
3632,120,112,8,10,56.9286,0.00658912
3633,13,13,0,26,12,2.72e-05
3634,62,62,0,124,12.0484,0.00013296
3635,73,71,2,8,65.3944,0.004074
3636,38,38,0,76,12.0526,7.92e-05
3637,57,46,11,8,72.413,0.00260024
3638,36,36,0,72,12.0556,9.488e-05
3639,77,68,9,8,73.3382,0.00388584
3640,44,44,0,88,12.0455,0.00010672
3641,59,51,8,8,67.6667,0.00290196
3642,86,78,11,8,64.7179,0.00453652
3643,38,38,0,76,12.0526,9.648e-05
3644,52,52,0,104,12.0577,0.0001272
3645,27,17,17,8,49.2941,0.00085192
3646,44,44,0,8,64.0682,0.00247868
3647,10,10,0,20,12,2.096e-05
3648,16,16,0,8,60.875,0.0007692
3649,23,23,0,46,12.0435,4.8e-05
3650,9,9,0,18,12,1.888e-05
3651,32,32,0,8,37.7188,0.0017408
3652,78,78,0,8,46.8462,0.0045044
3653,17,17,0,34,12,3.552e-05
3654,40,40,0,80,12.05,8.336e-05
3655,36,36,0,8,35.3889,0.00196928
3656,19,19,0,38,12.0526,3.968e-05
3657,41,41,0,8,40.2195,0.00229572
3658,22,22,0,44,12.0455,4.592e-05
3659,59,59,0,8,43.8475,0.0033492
3660,31,31,0,62,12.0323,6.464e-05
3661,31,31,0,8,55.6129,0.00164796
3662,17,17,0,34,12,3.552e-05
3663,43,43,0,8,57.0698,0.00241092
3664,16,16,0,6,43.8125,0.00079236
3665,65,65,0,8,66,0.00371164
3666,23,23,0,46,12.0435,4.8e-05
3667,9,9,0,18,12,1.888e-05
3668,34,34,0,68,12.0294,7.088e-05
3669,63,63,0,8,60.7778,0.00362772
3670,33,33,0,66,12.0303,6.88e-05
3671,137,120,23,8,73.6667,0.00707588
3672,88,88,0,176,12.0568,0.00020368
3673,172,128,63,8,67.9844,0.00754184
3674,43,40,3,8,58.25,0.00221944
3675,93,93,0,186,12.0645,0.00024736
3676,23,23,0,46,12.0435,5.056e-05
3677,118,106,12,10,80.217,0.00622176
3678,75,59,16,10,79.5932,0.0033604
3679,223,199,25,8,76.1658,0.0118454
3680,100,100,0,200,12.06,0.00026064
3681,38,33,5,10,82.4242,0.00175536
3682,49,49,0,98,12.0612,0.00012704
3683,150,150,0,300,12.0533,0.00034672
3684,97,84,13,8,75.75,0.0048514
3685,28,28,0,56,12.0357,6.352e-05
3686,62,62,0,124,12.0484,0.0001496
3687,47,42,7,10,73,0.00225168
3688,26,26,0,52,12.0385,5.712e-05
3689,69,51,20,8,79.1373,0.00289684
3690,62,55,7,8,80.8909,0.00311708
3691,33,24,11,8,71.8333,0.00127248
3692,36,36,0,72,12.0556,8.816e-05
3693,43,43,0,86,12.0465,0.00010656
3694,64,59,5,8,72.5932,0.00334184
3695,49,41,14,8,68.6585,0.00227548
3696,20,20,0,40,12.05,4.56e-05
3697,22,20,2,10,78.85,0.0009636
3698,38,38,0,76,12.0526,8.72e-05
3699,28,28,0,56,12.0357,6.512e-05
3700,14,14,0,28,12,3.152e-05
3701,15,15,0,8,85.3333,0.00071312
3702,47,40,7,8,64.95,0.00223696
3703,9,9,0,18,12,1.888e-05
3704,28,28,0,56,12.0357,6.672e-05
3705,24,24,0,8,71.5833,0.00126232
3706,13,13,0,26,12,2.72e-05
3707,41,41,0,8,64.1951,0.00230084
3708,42,42,0,8,69.4286,0.00233552
3709,22,22,0,44,12.0455,4.592e-05
3710,22,22,0,44,12.0455,4.592e-05
3711,94,82,12,8,62.3415,0.00475608
3712,56,56,0,112,12.0536,0.00012336
3713,40,32,8,10,68.5625,0.00169088
3714,41,41,0,8,67.561,0.00224672
3715,288,213,91,10,80.5493,0.0126514
3716,23,23,0,46,12.0435,5.376e-05
3717,22,22,0,44,12.0455,4.592e-05
3718,174,174,0,348,12.0632,0.00048272
3719,118,91,29,8,78.4835,0.00528816
3720,79,79,0,158,12.0633,0.0002112
3721,46,34,18,8,79.1176,0.0018422
3722,75,65,10,8,82.0308,0.00370836
3723,142,124,18,8,80.7419,0.00731456
3724,110,95,16,10,79.4,0.00545816
3725,28,28,0,56,12.0357,7.088e-05
3726,57,57,0,114,12.0526,0.000136
3727,112,96,16,8,80.3125,0.00562172
3728,91,91,0,182,12.0549,0.00021376
3729,124,104,27,8,78.6058,0.00607636
3730,88,88,0,176,12.0682,0.0002584
3731,70,70,0,140,12.0571,0.00016912
3732,29,21,8,8,80.8095,0.00107488
3733,86,86,0,172,12.0581,0.00020624
3734,139,130,9,10,80.5231,0.00763632
3735,19,19,0,38,12.0526,4.48e-05
3736,14,9,5,8,82.7778,0.00032028
3737,98,98,0,196,12.051,0.00023728
3738,137,117,28,8,76.5983,0.00688884
3739,35,21,15,8,80,0.00105592
3740,7,7,0,14,12,1.6e-05
3741,92,92,0,184,12.0543,0.0002136
3742,15,15,0,30,12,3.552e-05
3743,24,24,0,8,80.875,0.00124452
3744,13,13,0,26,12,2.72e-05
3745,61,54,7,10,82.5556,0.00306672
3746,43,34,9,8,84.9412,0.00184472
3747,38,38,0,76,12.0526,8.56e-05
3748,150,135,16,8,75.8667,0.00796932
3749,26,26,0,52,12.0385,6.672e-05
3750,99,99,0,198,12.0505,0.0002288
3751,8,8,0,8,82.375,0.0002542
3752,23,22,1,8,84.9545,0.00111988
3753,5,5,0,10,12,1.056e-05
3754,12,12,0,24,12,2.544e-05
3755,11,11,0,8,82,0.00044976
3756,74,64,12,6,79.0156,0.00369544
3757,7,7,0,14,12,1.472e-05
3758,52,52,0,104,12.0577,0.00012624
3759,206,179,30,8,73.3575,0.0105966
3760,150,150,0,300,12.06,0.00036176
3761,80,70,18,8,82.6,0.00401204
3762,9,9,0,8,76.2222,0.00034168
3763,53,53,0,106,12.0566,0.00013184
3764,30,29,1,10,76.8621,0.00154168
3765,65,48,18,8,79.3125,0.00267276
3766,38,30,12,8,82.3667,0.00161344
3767,81,70,19,8,81.2571,0.00404484
3768,6,6,0,12,12,1.264e-05
3769,23,23,0,46,12.0435,5.12e-05
3770,37,37,0,74,12.0541,8.512e-05
3771,23,23,0,46,12.0435,5.376e-05
3772,49,49,0,98,12.0408,0.00011104
3773,177,123,69,8,82.1626,0.00726024
3774,100,100,0,200,12.06,0.00026704
3775,357,341,17,8,75.7361,0.0204081
3776,31,21,16,8,85,0.0010442
3777,61,52,9,8,80.1923,0.00294524
3778,233,233,0,466,12.0558,0.00053664
3779,19,19,0,38,12.0526,4.64e-05
3780,41,41,0,82,12.0488,0.00010464
3781,30,19,13,10,81.6842,0.00087384
3782,64,52,13,8,80.4038,0.00292536
3783,17,17,0,34,12.0588,4.256e-05
3784,40,40,0,80,12.05,9.552e-05
3785,114,97,19,8,83.8041,0.00564036
3786,22,16,6,8,83.625,0.00075564
3787,36,27,9,10,78.6296,0.00144296
3788,76,76,0,152,12.0526,0.00019184
3789,13,13,0,26,12,3.104e-05
3790,25,25,0,50,12.04,6.112e-05
3791,45,41,4,8,84.5122,0.00225064
3792,25,25,0,50,12.04,5.6e-05
3793,19,19,0,8,87.1579,0.00097312
3794,11,11,0,22,12,2.304e-05
3795,23,23,0,8,79.7391,0.00118344
3796,13,13,0,26,12,2.72e-05
3797,188,154,41,10,80.5584,0.00913312
3798,122,122,0,244,12.0656,0.0003288
3799,32,24,9,8,78.875,0.00126732
3800,74,62,12,8,81.6129,0.00351748
3801,23,15,11,8,82.2,0.00071192
3802,17,17,0,34,12,4e-05
3803,48,48,0,96,12.0625,0.0001224
3804,14,9,5,8,80.1111,0.00036624
3805,13,13,0,26,12,3.168e-05
3806,6,6,0,12,12,1.264e-05
3807,42,35,7,10,80.3714,0.00191976
3808,50,45,5,8,65.8444,0.00251736
3809,29,29,0,58,12.0345,7.36e-05
3810,32,32,0,64,12.0312,7.184e-05
3811,324,278,49,8,76.0144,0.0166112
3812,30,30,0,8,65.3,0.00162072
3813,242,242,0,484,12.062,0.0006216
3814,16,16,0,32,12,3.344e-05
3815,69,54,16,10,80.4444,0.00302376
3816,65,56,9,10,75.1071,0.00318024
3817,52,42,10,8,75.5714,0.00232052
3818,45,45,0,90,12.0444,0.00011808
3819,53,53,0,106,12.0566,0.00013088
3820,70,57,13,6,79,0.00331228
3821,33,33,0,66,12.0303,7.872e-05
3822,17,13,4,8,80,0.00058028
3823,37,32,5,10,80.75,0.00170528
3824,56,56,0,112,12.0536,0.0001448
3825,9,9,0,18,12,1.888e-05
3826,27,27,0,54,12.037,6.144e-05
3827,51,43,8,8,72.2558,0.0023816
3828,61,58,3,8,72.431,0.00329292
3829,38,29,17,8,70.7931,0.00152808
3830,29,29,0,58,12.0345,6.624e-05
3831,25,25,0,8,74.28,0.00132308
3832,40,40,0,80,12.05,8.912e-05
3833,24,24,0,48,12.0417,5.808e-05
3834,24,18,6,8,84.3889,0.000907
3835,49,41,8,8,69.9756,0.00228524
3836,14,14,0,28,12,2.928e-05
3837,85,78,7,8,69.2436,0.0044888
3838,14,14,0,28,12,3.12e-05
3839,28,28,0,56,12.0357,6.224e-05
3840,18,15,3,8,73.9333,0.00067516
3841,48,48,0,96,12.0417,0.00010448
3842,10,10,0,20,12,2.32e-05
3843,5,5,0,8,66,0.00010112
3844,4,4,0,8,12,8.48e-06
3845,75,73,2,8,75.1781,0.00422896
3846,39,39,0,78,12.0513,8.192e-05
3847,83,62,25,8,83.2581,0.00354992
3848,16,15,1,8,81.4,0.00072828
3849,45,45,0,90,12.0444,0.0001152
3850,71,60,11,8,79.8667,0.00340376
3851,25,15,10,8,79.4,0.00068756
3852,9,9,0,18,12,1.888e-05
3853,75,59,19,10,81.5763,0.0033024
3854,53,53,0,106,12.0566,0.00013632
3855,12,12,0,24,12,2.928e-05
3856,52,52,0,104,12.0577,0.0001384
3857,8,8,0,8,84.25,0.00027072
3858,124,109,15,8,73.3761,0.00637632
3859,5,5,0,10,12,1.056e-05
3860,75,75,0,150,12.0533,0.00017472
3861,419,398,25,8,71.9146,0.0238836
3862,164,143,23,8,81.8881,0.00844792
3863,66,50,18,8,82.62,0.00284108
3864,233,233,0,466,12.0515,0.0005168
3865,132,132,0,264,12.0606,0.00034032
3866,39,39,0,78,12.0513,0.00010048
3867,50,43,7,10,82.7907,0.00239312
3868,34,28,6,10,83.6071,0.0014624
3869,35,35,0,70,12.0571,8.32e-05
3870,24,24,0,48,12.0417,5.968e-05
3871,36,31,5,8,85.0323,0.00165068
3872,25,25,0,50,12.04,6.432e-05
3873,73,60,13,8,79.3667,0.00343648
3874,34,32,2,8,83.4062,0.00170564
3875,46,46,0,92,12.0435,0.000108
3876,31,31,0,8,81.6452,0.00166952
3877,18,18,0,36,12,3.856e-05
3878,17,17,0,34,12,3.552e-05
3879,55,46,9,8,77.0652,0.00258844
3880,31,31,0,62,12.0323,7.072e-05
3881,54,44,11,10,83.6591,0.00241
3882,34,27,8,10,83.1111,0.00136056
3883,35,35,0,70,12.0571,9.248e-05
3884,24,24,0,48,12.0417,6.032e-05
3885,94,75,24,10,78.7333,0.0043092
3886,21,13,8,8,73.6923,0.00058612
3887,60,60,0,120,12.0667,0.00015952
3888,11,11,0,22,12,2.464e-05
3889,24,20,6,4,83,0.00109296
3890,10,10,0,20,12,2.096e-05
3891,53,53,0,8,78.9057,0.00301268
3892,146,138,8,10,80.6812,0.0081376
3893,28,28,0,56,12.0357,5.84e-05
3894,113,113,0,226,12.0619,0.0002864
3895,46,46,0,8,64.7391,0.00260392
3896,24,24,0,48,12.0417,5.008e-05
3897,44,44,0,8,63.4545,0.00244968
3898,23,23,0,46,12.0435,4.8e-05
3899,22,22,0,8,61.2273,0.00112376
3900,26,26,0,8,63.9615,0.00138192
3901,12,12,0,24,12,2.512e-05
3902,14,14,0,28,12,2.928e-05
3903,53,52,1,8,68,0.00293704
3904,27,27,0,54,12.037,5.664e-05
3905,45,45,0,8,71.1111,0.00252788
3906,459,456,3,8,72.0855,0.0274028
3907,24,24,0,48,12.0417,5.008e-05
3908,245,245,0,490,12.0531,0.00052896
