flow_id,tx_packets,rx_packets,lost_packets,retx_packets,mean_delay_ms,throughput_mbps
1,8241,7825,424,4,62.7679,0.473139
2,9228,8774,509,4,64.5621,0.530535
3,11511,10387,1619,4,66.709,0.628089
4,8684,8179,596,4,63.0528,0.494549
5,7782,7366,451,4,64.2505,0.445379
6,4654,4651,0,9302,12.0548,0.0102416
7,5330,5328,0,10656,12.0554,0.0118907
8,6649,6649,0,13298,12.0581,0.0155568
9,5018,5018,0,10036,12.0554,0.0111931
10,4506,4506,0,9012,12.0553,0.0100069
11,27,16,13,8,78.875,0.0007478
12,37,28,10,8,79.9643,0.00147912
13,45,35,18,8,80.4571,0.00191412
14,19,11,8,8,76.9091,0.00048536
15,12,12,0,24,12,2.832e-05
16,35,30,5,8,77.6667,0.00159248
17,22,22,0,44,12.0455,4.976e-05
18,29,29,0,58,12.0345,6.912e-05
19,9,9,0,18,12,2.016e-05
20,130,113,20,8,80.0177,0.0066578
21,24,24,0,48,12.0417,5.776e-05
22,18,14,4,8,83.8571,0.00064072
23,87,87,0,174,12.0575,0.00021376
24,9,9,0,18,12,2.016e-05
25,29,23,6,8,77.1304,0.00117364
26,19,19,0,38,12.0526,4.608e-05
27,76,70,6,8,85.5857,0.0040466
28,51,51,0,102,12.0588,0.00012928
29,9,9,0,8,88,0.00033988
30,6,6,0,12,12,1.264e-05
31,15,13,2,8,86,0.00060356
32,74,68,6,8,81.5,0.00390404
33,61,48,13,8,80.2917,0.00267972
34,9,9,0,18,12,1.888e-05
35,26,24,2,8,81.125,0.00125196
36,40,40,0,80,12.05,9.008e-05
37,36,36,0,72,12.0556,8.528e-05
38,18,18,0,36,12,4.016e-05
39,28,19,12,10,82.2632,0.00089136
40,61,52,9,10,81.8846,0.0029176
41,18,18,0,36,12.0556,4.336e-05
42,19,16,4,8,55.4375,0.0007796
43,40,40,0,80,12.05,9.2e-05
44,10,10,0,20,12,2.096e-05
45,140,127,13,8,79.9606,0.007502
46,80,80,0,160,12.05,0.00018096
47,123,105,19,10,83.6095,0.0061384
48,91,91,0,182,12.0549,0.00023296
49,43,32,11,8,81.5938,0.00172872
50,22,13,14,8,82.6154,0.00055492
51,28,28,0,56,12.0357,7.184e-05
52,8,8,0,16,12,1.68e-05
53,21,14,7,8,83.8571,0.00066656
54,33,33,0,8,82.5455,0.00178244
55,11,11,0,22,12,2.656e-05
56,18,18,0,36,12.0556,3.76e-05
57,64,54,11,8,80.8148,0.00304796
58,50,50,0,100,12.06,0.00012272
59,98,85,15,10,79.4471,0.00491992
60,29,20,10,8,83.7,0.00102752
61,66,66,0,132,12.0606,0.00016656
62,18,18,0,36,12.0556,4.4e-05
63,63,49,17,10,74.2857,0.00274088
64,31,24,7,8,81.5,0.00121948
65,12,11,1,8,82.9091,0.00047896
66,26,17,13,8,76.2353,0.000822
67,31,23,12,8,74.7391,0.00117372
68,42,42,0,84,12.0476,0.00010608
69,73,56,18,8,76.3214,0.00319192
70,17,17,0,34,12.0588,4.128e-05
71,7,7,0,14,12,1.472e-05
72,15,15,0,30,12,3.52e-05
73,19,19,0,38,12.0526,4.544e-05
74,44,44,0,88,12.0455,0.00010448
75,70,65,5,10,74.7077,0.00371744
76,54,54,0,108,12.0556,0.00013552
77,15,15,0,8,78.9333,0.00070036
78,9,9,0,18,12,1.888e-05
79,158,133,39,10,75.2256,0.00781888
80,35,34,1,8,79.7647,0.00187224
81,117,117,0,234,12.0598,0.00030688
82,19,19,0,38,12.0526,3.968e-05
83,118,98,27,8,79.6939,0.0057078
84,72,64,8,8,73.1719,0.00369084
85,65,65,0,130,12.0615,0.00016384
86,40,40,0,80,12.05,8.88e-05
87,30,21,14,8,70,0.00105888
88,93,85,8,8,70.9765,0.00494092
89,18,18,0,36,12.0556,4.272e-05
90,14,14,0,8,78.6429,0.00062876
91,55,55,0,110,12.0545,0.00013152
92,28,24,4,10,72.375,0.0011776
93,90,81,13,8,65.1481,0.00468612
94,8,8,0,16,12,1.68e-05
95,19,19,0,38,12.0526,4.352e-05
96,54,54,0,108,12.0556,0.00012144
97,32,32,0,8,72.3438,0.00170756
98,17,17,0,34,12,3.552e-05
99,14,14,0,8,68.4286,0.00067096
100,143,119,28,10,71.4118,0.00695288
101,8,8,0,16,12,1.68e-05
102,81,81,0,162,12.0617,0.00020096
103,20,20,0,8,73.1,0.00101912
104,11,11,0,22,12,2.304e-05
105,21,21,0,8,44.5238,0.00108596
106,44,44,0,8,59.5,0.00245208
107,7,7,0,8,53,0.0002178
108,12,12,0,24,12,2.512e-05
109,23,23,0,46,12.0435,4.8e-05
110,20,20,0,8,57.5,0.00100996
111,5,5,0,10,12,1.056e-05
112,11,11,0,22,12,2.304e-05
113,15,15,0,8,27.4667,0.00069872
114,34,34,0,8,37.1176,0.0018806
115,9,9,0,18,12,1.888e-05
116,18,18,0,36,12,3.76e-05
117,26,26,0,8,41.3462,0.0013944
118,14,14,0,28,12,2.928e-05
119,110,96,14,10,71.8958,0.00553288
120,37,35,2,8,61.6286,0.00190168
121,63,53,10,8,73.2642,0.00297548
122,76,76,0,152,12.0526,0.00019664
123,19,19,0,38,12.0526,4.032e-05
124,36,36,0,72,12.0556,8.976e-05
125,14,14,0,8,75.1429,0.0006494
126,8,8,0,16,12,1.68e-05
127,16,16,0,8,59.0625,0.00075436
128,71,71,0,8,58.2394,0.004096
129,9,9,0,18,12,1.888e-05
130,37,37,0,74,12.0541,7.712e-05
131,20,20,0,8,58.75,0.00102812
132,11,11,0,22,12,2.304e-05
133,103,97,6,10,65.0515,0.00557928
134,28,28,0,8,60.1786,0.00150836
135,20,20,0,8,63,0.00099728
136,69,69,0,138,12.058,0.00016576
137,15,15,0,30,12,3.136e-05
138,11,11,0,22,12,2.304e-05
139,23,23,0,8,74.4783,0.00117932
140,13,13,0,26,12,2.72e-05
141,29,29,0,8,38.7586,0.00153448
142,16,16,0,32,12,3.344e-05
143,23,23,0,8,26.8696,0.00115972
144,13,13,0,26,12,2.72e-05
145,12,12,0,8,23.25,0.00050488
146,7,7,0,14,12,1.472e-05
147,20,20,0,8,31.3,0.00101944
148,11,11,0,22,12,2.304e-05
149,64,64,0,8,40.2812,0.00364048
150,33,33,0,66,12.0303,6.88e-05
151,32,32,0,8,33.1875,0.00175792
152,17,17,0,34,12,3.552e-05
153,43,43,0,8,55.093,0.00239356
154,47,47,0,8,66.7872,0.00261612
155,23,23,0,46,12.0435,4.8e-05
156,40,40,0,8,66.175,0.00220936
157,25,25,0,50,12.04,5.216e-05
158,21,21,0,42,12.0476,4.384e-05
159,51,43,8,8,63.186,0.0023752
160,154,142,12,10,78.8451,0.0083444
161,55,46,9,8,70.913,0.00259408
162,27,27,0,54,12.037,5.92e-05
163,119,119,0,238,12.0588,0.00031552
164,28,28,0,56,12.0357,6.32e-05
165,21,16,5,8,83.75,0.00076924
166,202,195,7,8,76.6718,0.011569
167,11,11,0,22,12,2.496e-05
168,129,129,0,258,12.0543,0.00028896
169,75,58,22,10,78.6552,0.00327592
170,53,44,15,10,79.0909,0.00240744
171,50,50,0,100,12.06,0.00012848
172,42,42,0,84,12.0476,0.00010192
173,60,60,0,8,74.9,0.0034116
174,31,31,0,62,12.0323,6.464e-05
175,66,52,20,8,75.7115,0.00294876
176,35,35,0,70,12.0571,8.256e-05
177,199,184,18,8,76.3315,0.0109451
178,55,43,12,8,83.093,0.00241212
179,108,99,9,8,75.7071,0.00576172
180,190,176,21,8,74.8864,0.0104647
181,128,128,0,256,12.0547,0.0003096
182,31,31,0,62,12.0323,7.776e-05
183,364,346,18,8,68.4509,0.0207361
184,63,63,0,126,12.0476,0.00014016
185,113,113,0,226,12.0531,0.00025408
186,211,211,0,422,12.0521,0.00046944
187,8,8,0,8,83.25,0.00025288
188,5,5,0,10,12,1.056e-05
189,28,26,2,8,80.3077,0.00136476
190,229,219,10,8,72.8721,0.0130381
191,54,46,16,8,74.413,0.00256212
192,16,16,0,32,12,3.408e-05
193,130,130,0,260,12.0538,0.00028496
194,31,31,0,62,12.0323,7.04e-05
195,13,13,0,8,82.3846,0.0005536
196,8,8,0,16,12,1.68e-05
197,45,37,8,10,74.0541,0.00201248
198,16,15,1,8,76.1333,0.00068864
199,18,16,2,8,78.5,0.00073756
200,29,29,0,58,12.0345,7.488e-05
201,9,9,0,18,12,1.888e-05
202,116,97,24,8,58.7526,0.0056486
203,10,10,0,20,12,2.224e-05
204,9,9,0,8,70.2222,0.00033376
205,18,18,0,8,76.5,0.00089276
206,71,71,0,142,12.0563,0.00016384
207,6,6,0,12,12,1.264e-05
208,10,10,0,20,12,2.096e-05
209,69,58,11,10,80.3448,0.00331816
210,45,33,16,8,79.8485,0.00177536
211,98,76,24,10,80.5,0.00436464
212,49,49,0,98,12.0612,0.00012416
213,24,24,0,48,12.0417,6.192e-05
214,68,68,0,136,12.0588,0.00018544
215,50,40,16,10,80.05,0.00215944
216,40,33,7,8,82.697,0.00179848
217,33,33,0,66,12.0606,8.48e-05
218,114,102,15,8,73.3431,0.0059846
219,27,20,9,10,78.65,0.0010128
220,102,91,17,8,56.2527,0.00529216
221,27,27,0,54,12.037,6.848e-05
222,67,67,0,134,12.0448,0.00015264
223,18,18,0,36,12.0556,4.336e-05
224,63,63,0,126,12.0476,0.00014176
225,153,124,36,10,80.5,0.00730608
226,101,101,0,202,12.0693,0.00028384
227,21,20,2,8,84.25,0.00097792
228,11,11,0,22,12,2.336e-05
229,23,15,8,8,76.8,0.00068288
230,138,129,9,8,68.6279,0.00759148
231,13,13,0,26,12,3.104e-05
232,100,89,11,10,76.6517,0.00516616
233,82,82,0,164,12.0488,0.00018576
234,62,56,6,8,72.5179,0.00320064
235,66,66,0,132,12.0455,0.00015952
236,37,37,0,74,12.0541,8.448e-05
237,10,10,0,8,75.2,0.0004022
238,6,6,0,12,12,1.264e-05
239,52,42,10,8,81,0.00235904
240,101,91,10,8,75.7912,0.00530404
241,31,31,0,62,12.0323,7.968e-05
242,28,20,11,8,79,0.00101932
243,70,70,0,140,12.0571,0.00017232
244,18,18,0,36,12.0556,4.336e-05
245,21,20,1,8,85.05,0.00099888
246,68,60,8,8,53.05,0.00340784
247,11,11,0,22,12,2.336e-05
248,37,37,0,74,12.0541,8.096e-05
249,33,33,0,8,67.2121,0.00177776
250,18,18,0,36,12,3.76e-05
251,28,28,0,8,51.0714,0.00151244
252,15,15,0,30,12,3.136e-05
253,25,25,0,8,55.56,0.00130628
254,14,14,0,28,12,2.928e-05
255,14,14,0,8,29.0714,0.00066948
256,8,8,0,16,12,1.68e-05
257,236,196,49,8,66.8622,0.0116674
258,141,141,0,282,12.0638,0.00037312
259,100,90,12,8,78.7,0.00525184
260,10,10,0,8,65.1,0.00041132
261,6,6,0,8,59,0.00015024
262,6,6,0,12,12,1.264e-05
263,4,4,0,8,12,8.48e-06
264,77,77,0,8,43.987,0.00443672
265,41,41,0,82,12.0488,8.544e-05
266,79,79,0,8,58.7722,0.00457516
267,41,41,0,82,12.0488,8.544e-05
268,20,20,0,8,52.65,0.0010008
269,11,11,0,22,12,2.304e-05
270,291,236,76,8,71.2331,0.0140497
271,124,99,29,10,72.0909,0.0057084
272,206,206,0,412,12.068,0.00059312
273,81,81,0,162,12.0617,0.00021952
274,120,102,21,10,78.8529,0.00590808
275,95,95,0,190,12.0526,0.00024064
276,174,161,14,8,77.8323,0.0095572
277,35,28,7,10,78.75,0.00143784
278,109,109,0,218,12.055,0.00026272
279,51,39,17,8,79.641,0.00213512
280,23,23,0,46,12.0435,5.824e-05
281,87,77,11,8,79.8312,0.00447028
282,32,32,0,64,12.0312,7.344e-05
283,51,51,0,102,12.0392,0.00011648
284,39,31,8,8,81.6129,0.00169888
285,206,187,19,8,78.4652,0.01113
286,24,24,0,48,12.0417,6.256e-05
287,132,132,0,264,12.053,0.00031248
288,280,256,26,8,77.668,0.0153073
289,126,115,16,8,81.7739,0.006729
290,29,20,14,10,85.05,0.00092808
291,186,186,0,372,12.0538,0.00042608
292,71,71,0,142,12.0423,0.00015584
293,19,19,0,38,12.0526,4.608e-05
294,241,217,25,8,83.3594,0.0129363
295,161,161,0,322,12.0559,0.00039968
296,17,16,1,8,83.25,0.00078312
297,9,9,0,18,12,1.92e-05
298,82,68,15,8,76.4559,0.00390232
299,69,61,8,8,83.8852,0.00348264
300,52,52,0,104,12.0577,0.0001352
301,51,51,0,102,12.0588,0.00012736
302,36,27,9,10,80.8889,0.00141824
303,52,41,18,8,78.0976,0.00227232
304,30,23,7,8,82,0.00119568
305,24,24,0,48,12.0417,5.968e-05
306,36,36,0,72,12.0556,8.656e-05
307,191,177,14,8,68.226,0.0105052
308,19,19,0,38,12.0526,4.512e-05
309,15,15,0,8,84.7333,0.00069164
310,9,9,0,18,12,1.888e-05
311,12,12,0,8,76,0.00051564
312,22,21,1,10,80.3333,0.00103936
313,176,161,18,8,72.5155,0.00953444
314,67,59,8,8,79.9153,0.00338176
315,7,7,0,14,12,1.472e-05
316,15,15,0,30,12,3.328e-05
317,103,103,0,206,12.0485,0.0002352
318,116,95,33,10,81.2105,0.00550472
319,37,37,0,74,12.0541,8.288e-05
320,74,74,0,148,12.0541,0.00019152
321,20,18,3,8,78.8889,0.00086632
322,50,38,12,8,69.8158,0.00211484
323,221,204,27,8,71.5539,0.012139
324,12,12,0,24,12,2.576e-05
325,70,70,0,140,12.0571,0.0001752
326,32,32,0,64,12.0312,7.696e-05
327,131,131,0,262,12.0534,0.00029504
328,47,41,6,10,84.1951,0.00224832
329,31,31,0,62,12.0323,7.712e-05
330,24,16,11,8,72.625,0.00074784
331,24,14,17,8,79.5,0.00066824
332,69,56,13,8,75.5714,0.00321036
333,14,14,0,28,12,3.44e-05
334,12,12,0,24,12,2.8e-05
335,39,39,0,78,12.0513,9.856e-05
336,20,20,0,8,80.05,0.00102136
337,11,11,0,22,12,2.304e-05
338,206,153,59,8,75.7059,0.00907536
339,13,13,0,8,62.6923,0.00058816
340,117,117,0,234,12.0598,0.0003184
341,8,8,0,16,12,1.68e-05
342,10,9,1,8,79.6667,0.00031864
343,52,41,11,8,77.0244,0.0022962
344,5,5,0,10,12,1.088e-05
345,36,27,14,8,75.3333,0.00144964
346,27,27,0,54,12.037,6.144e-05
347,17,17,0,8,73.9412,0.00079772
348,82,72,10,8,79.2917,0.00417628
349,24,24,0,48,12.0417,5.808e-05
350,137,122,16,8,76,0.0071792
351,10,10,0,20,12,2.096e-05
352,57,57,0,114,12.0526,0.00014656
353,86,86,0,172,12.0465,0.00019632
354,54,44,10,8,76.75,0.00245904
355,28,28,0,56,12.0357,6.672e-05
356,51,41,10,8,76.8537,0.00229208
357,39,30,9,8,67.9667,0.00162048
358,33,33,0,66,12.0606,8.768e-05
359,39,27,13,10,74.1481,0.0013896
360,23,23,0,46,12.0435,5.44e-05
361,26,23,3,8,74.0435,0.00119756
362,25,25,0,50,12.04,6.624e-05
363,45,32,14,8,81.5938,0.00170436
364,61,45,25,8,79.8889,0.00250084
365,107,90,23,10,71.8222,0.00520176
366,13,13,0,26,12,2.784e-05
367,26,26,0,52,12.0385,6.704e-05
368,33,33,0,66,12.0606,8.032e-05
369,98,76,28,10,76.8421,0.00437592
370,23,16,7,8,74.75,0.00076228
371,83,83,0,166,12.0602,0.00021184
372,7,7,0,8,76.5714,0.00023392
373,60,60,0,120,12.05,0.0001592
374,13,13,0,26,12,3.232e-05
375,30,26,4,10,77.3462,0.00138928
376,5,5,0,10,12,1.056e-05
377,136,123,14,8,71.6911,0.00720752
378,32,23,16,8,64.1739,0.00117496
379,18,18,0,36,12.0556,4.016e-05
380,108,96,14,8,77.1875,0.00558
381,81,81,0,162,12.0494,0.00019264
382,62,52,10,8,68.9615,0.00295152
383,19,19,0,38,12.0526,4.352e-05
384,64,64,0,128,12.0469,0.00014416
385,40,40,0,80,12.05,9.296e-05
386,17,17,0,8,60.0588,0.0008498
387,10,10,0,20,12,2.096e-05
388,42,37,6,8,80.2973,0.00205128
389,63,48,22,8,77.4792,0.00267716
390,52,41,11,10,80.0488,0.00227152
391,21,21,0,42,12.0476,4.48e-05
392,38,38,0,76,12.0526,9.84e-05
393,34,34,0,68,12.0588,8.752e-05
394,26,15,16,8,77.0667,0.00069936
395,118,118,0,236,12.0508,0.00026672
396,13,13,0,26,12,3.072e-05
397,41,35,6,8,78.2286,0.00191916
398,24,24,0,48,12.0417,5.936e-05
399,10,10,0,8,79.6,0.00038184
400,6,6,0,12,12,1.264e-05
401,14,14,0,8,83.2857,0.00066456
402,211,202,9,10,71.5198,0.0120052
403,8,8,0,16,12,1.68e-05
404,132,132,0,264,12.053,0.00030096
405,37,28,9,10,81.7857,0.0014508
406,56,46,16,8,70.8696,0.00260208
407,33,24,9,10,80.9167,0.00125608
408,26,26,0,52,12.0385,6.32e-05
409,34,34,0,68,12.0588,7.92e-05
410,22,22,0,44,12.0455,5.392e-05
411,60,41,20,8,82.9756,0.0022922
412,30,22,8,8,85.1364,0.0011442
413,34,34,0,68,12.0588,9.072e-05
414,18,18,0,36,12.0556,4.848e-05
415,29,21,8,8,78.2857,0.001051
416,9,9,0,8,77.6667,0.00035376
417,48,40,9,8,67.3,0.00220844
418,18,18,0,36,12.0556,4.4e-05
419,6,6,0,12,12,1.264e-05
420,28,28,0,56,12.0357,6.512e-05
421,73,66,7,8,75.3485,0.00381176
422,53,53,0,106,12.0566,0.00013312
423,12,10,2,8,86.8,0.00040152
424,6,6,0,12,12,1.328e-05
425,41,41,0,8,61.2927,0.00228828
426,9,9,0,8,57.1111,0.00034688
427,22,22,0,44,12.0455,4.592e-05
428,6,6,0,12,12,1.264e-05
429,77,76,1,8,65.7895,0.00437168
430,15,15,0,8,55.5333,0.0006822
431,39,39,0,78,12.0513,8.192e-05
432,9,9,0,18,12,1.888e-05
433,324,259,79,10,76.7529,0.0154117
434,213,213,0,426,12.0657,0.00060064
435,81,66,15,10,72.5,0.00370752
436,58,58,0,116,12.0517,0.00015344
437,36,29,7,8,79.6552,0.00154328
438,24,24,0,48,12.0417,6.16e-05
439,88,82,6,8,62.0854,0.00474008
440,50,50,0,100,12.04,0.00011152
441,56,56,0,8,60.3929,0.00319388
442,29,29,0,58,12.0345,6.048e-05
443,27,27,0,8,71.7407,0.00142496
444,15,15,0,30,12,3.136e-05
445,23,23,0,8,61.7826,0.00116972
446,45,45,0,8,72.3333,0.00252252
447,37,37,0,8,74.1351,0.00203844
448,13,13,0,26,12,2.72e-05
449,24,24,0,48,12.0417,5.008e-05
450,20,20,0,40,12.05,4.176e-05
451,13,13,0,8,72.3077,0.00057936
452,171,160,11,8,74.4625,0.00946204
453,8,8,0,16,12,1.68e-05
454,19,19,0,8,63.7895,0.000921
455,24,24,0,8,64.5417,0.0012704
456,29,29,0,8,69.4828,0.001553
457,113,113,0,226,12.0619,0.00029024
458,11,11,0,22,12,2.304e-05
459,13,13,0,26,12,2.72e-05
460,16,16,0,32,12,3.344e-05
461,125,117,8,8,60.641,0.00688288
462,39,39,0,8,71.7692,0.00215136
463,72,72,0,144,12.0556,0.00016912
464,30,26,4,10,72.7692,0.00128808
465,21,21,0,42,12.0476,4.384e-05
466,21,21,0,42,12.0476,4.8e-05
467,46,46,0,8,61.6087,0.00259308
468,24,24,0,48,12.0417,5.008e-05
469,29,29,0,8,44.8276,0.00152588
470,16,16,0,32,12,3.344e-05
471,12,12,0,8,38.5,0.00054348
472,57,57,0,8,54.0351,0.00321512
473,7,7,0,14,12,1.472e-05
474,30,30,0,60,12.0333,6.256e-05
475,26,26,0,8,57.6923,0.00135696
476,14,14,0,28,12,2.928e-05
477,44,44,0,8,70.5,0.00245056
478,34,34,0,8,70.6471,0.00186008
479,23,23,0,46,12.0435,4.8e-05
480,18,18,0,36,12,3.76e-05
481,13,13,0,8,64.4615,0.00059852
482,8,8,0,16,12,1.68e-05
483,9,9,0,8,46.5556,0.0003308
484,6,6,0,12,12,1.264e-05
485,64,54,10,10,74.2963,0.003072
486,65,55,10,8,78.1273,0.00310904
487,38,38,0,76,12.0526,9.264e-05
488,37,37,0,74,12.0541,9.056e-05
489,19,19,0,8,73.5789,0.000931
490,11,11,0,22,12,2.304e-05
491,97,81,16,8,80.5309,0.00468896
492,58,58,0,116,12.0517,0.00015024
493,28,20,13,8,74.85,0.00097828
494,18,18,0,36,12.0556,4.304e-05
495,15,15,0,8,71.8,0.00071196
496,9,9,0,18,12,1.888e-05
497,26,22,4,8,72.5909,0.001142
498,183,178,5,8,80.8483,0.0105392
499,82,68,14,10,85.8529,0.00392992
500,52,43,11,8,69.0233,0.00241304
501,15,15,0,30,12,3.36e-05
502,106,106,0,212,12.0566,0.00024592
503,59,59,0,118,12.0508,0.00014848
504,560,531,31,8,71.6309,0.031899
505,30,30,0,60,12.0333,6.96e-05
506,38,36,2,8,86.5,0.00199396
507,320,320,0,640,12.0531,0.00070512
508,28,28,0,56,12.0357,6.736e-05
509,25,24,1,8,77.5833,0.00123844
510,41,39,2,10,80.6667,0.0020964
511,13,13,0,26,12,2.784e-05
512,25,25,0,50,12.04,5.472e-05
513,37,29,8,8,64.6207,0.00153792
514,34,33,1,10,73,0.00173328
515,31,31,0,8,70.871,0.00167572
516,22,22,0,44,12.0455,5.168e-05
517,27,27,0,54,12.037,6.016e-05
518,17,17,0,34,12,3.552e-05
519,17,17,0,8,54.9412,0.00082232
520,67,67,0,8,52.5075,0.00386972
521,10,10,0,20,12,2.096e-05
522,35,35,0,70,12.0286,7.296e-05
523,9,9,0,8,48.3333,0.000347
524,6,6,0,12,12,1.264e-05
525,27,27,0,8,37,0.00141336
526,15,15,0,30,12,3.136e-05
527,31,31,0,8,44.129,0.0016426
528,64,64,0,8,55.6094,0.00365528
529,17,17,0,34,12.0588,3.552e-05
530,33,33,0,66,12.0303,6.88e-05
531,8,8,0,8,62.5,0.00025148
532,5,5,0,10,12,1.056e-05
533,397,335,78,10,77.594,0.020034
534,9,9,0,8,59.6667,0.00035472
535,301,301,0,602,12.0698,0.00087392
536,6,6,0,12,12,1.264e-05
537,14,14,0,8,76.2143,0.00063848
538,98,82,16,8,82.0488,0.00476976
539,8,8,0,16,12,1.68e-05
540,59,59,0,118,12.0508,0.00015264
541,29,21,8,8,75.1905,0.00106576
542,18,18,0,36,12.0556,4.144e-05
543,52,44,9,10,78.5455,0.00237944
544,24,20,6,8,74.3,0.00102792
545,139,121,23,10,83.2397,0.00708416
546,37,37,0,74,12.0541,9.216e-05
547,14,14,0,28,12,3.088e-05
548,105,105,0,210,12.0571,0.000264
549,29,20,9,8,82.2,0.00102328
550,43,31,16,10,84,0.00164096
551,91,75,26,8,80.5733,0.00431608
552,109,92,17,8,81.4891,0.00533772
553,18,18,0,36,12.0556,4.144e-05
554,28,28,0,56,12.0357,6.928e-05
555,50,50,0,100,12.04,0.00011536
556,78,78,0,156,12.0513,0.00018832
557,24,21,3,8,79.9524,0.00108336
558,12,12,0,24,12,2.608e-05
559,35,30,5,10,86.2667,0.00158928
560,155,128,29,8,83.6484,0.0075322
561,22,22,0,44,12.0455,5.136e-05
562,112,112,0,224,12.0625,0.00029552
563,59,50,9,8,82.44,0.00280524
564,53,38,15,8,82.2368,0.00210256
565,40,40,0,80,12.05,0.00010288
566,35,35,0,70,12.0571,9.216e-05
567,18,17,1,8,81,0.00080772
568,53,47,6,8,82.7021,0.00262628
569,10,10,0,20,12,2.16e-05
570,33,33,0,66,12.0303,7.456e-05
571,115,103,12,10,82.2039,0.00603064
572,12,12,0,8,81,0.00054116
573,122,109,13,10,81.9358,0.00635992
574,83,83,0,166,12.0482,0.00020128
575,7,7,0,14,12,1.472e-05
576,84,84,0,168,12.0595,0.00020176
577,199,180,19,8,78.25,0.0106986
578,330,301,33,8,79.2093,0.0179943
579,127,127,0,254,12.0551,0.00029696
580,196,196,0,392,12.0561,0.00044592
581,53,40,13,8,75.4,0.00220836
582,30,30,0,60,12.0333,7.408e-05
583,61,54,7,8,81.9444,0.00308084
584,27,16,16,8,81.3125,0.00076864
585,121,101,28,8,76.0297,0.00589764
586,43,43,0,86,12.0465,0.0001056
587,24,16,8,8,82.0625,0.000754
588,17,11,6,8,83.7273,0.0004708
589,14,14,0,28,12,3.408e-05
590,75,75,0,150,12.0533,0.00018144
591,53,49,4,8,78.7347,0.00277556
592,14,14,0,28,12,3.504e-05
593,9,9,0,18,12,2.08e-05
594,41,41,0,82,12.0488,9.568e-05
595,18,16,2,8,84.9375,0.00074788
596,10,10,0,20,12,2.224e-05
597,72,55,22,6,82.7091,0.00315128
598,12,12,0,8,81.8333,0.00050552
599,39,39,0,78,12.0513,9.856e-05
600,83,71,12,8,81.2254,0.00407336
601,7,7,0,14,12,1.472e-05
602,207,198,9,10,77.6162,0.0117573
603,40,33,8,10,85.2727,0.00173432
604,51,51,0,102,12.0588,0.00012224
605,129,129,0,258,12.0543,0.0002928
606,138,111,38,10,82.5405,0.0064436
607,28,28,0,56,12.0357,6.768e-05
608,266,249,17,8,76.5944,0.0148408
609,32,31,1,8,76.3871,0.00166712
610,95,95,0,190,12.0632,0.00024448
611,151,151,0,302,12.053,0.00033728
612,109,96,13,8,79.2917,0.00562316
613,73,73,0,146,12.0548,0.0001776
614,37,30,7,10,80.7,0.00162904
615,22,20,2,8,82.35,0.00101172
616,22,22,0,44,12.0455,5.136e-05
617,13,13,0,26,12,2.944e-05
618,13,13,0,8,77.2308,0.00057856
619,43,38,5,10,72.5263,0.00210688
620,76,68,10,8,71.2059,0.00389268
621,8,8,0,16,12,1.68e-05
622,20,15,5,8,72.6667,0.00071276
623,33,33,0,66,12.0606,8.032e-05
624,42,42,0,84,12.0476,9.328e-05
625,11,11,0,22,12,2.592e-05
626,30,30,0,8,68.1,0.00158372
627,16,16,0,32,12,3.344e-05
628,16,16,0,8,72.125,0.00078388
629,7,7,0,8,74.2857,0.00023864
630,15,15,0,8,79.3333,0.00068376
631,9,9,0,18,12,1.888e-05
632,17,17,0,8,79.2353,0.0008308
633,5,5,0,10,12,1.056e-05
634,9,9,0,18,12,1.888e-05
635,10,10,0,20,12,2.096e-05
636,195,159,42,10,83.4654,0.00939608
637,110,92,18,8,82.9239,0.00535644
638,122,122,0,244,12.0574,0.00031696
639,70,70,0,140,12.0571,0.00017648
640,34,25,10,10,83.32,0.00126136
641,8,6,2,8,79.8333,0.00017524
642,47,40,7,8,81.125,0.0022128
643,22,22,0,44,12.0455,5.616e-05
644,262,246,18,8,78.1504,0.0146675
645,4,4,0,8,12,9.12e-06
646,56,47,9,8,81.0426,0.00264468
647,27,27,0,54,12.037,6.272e-05
648,146,146,0,292,12.0548,0.00032432
649,39,39,0,78,12.0513,9.664e-05
650,45,35,10,10,79.8857,0.00189752
651,25,15,20,8,83.6,0.00072608
652,30,30,0,60,12.0333,6.928e-05
653,13,13,0,26,12,3.04e-05
654,32,32,0,8,79.7812,0.00170936
655,17,17,0,34,12,3.552e-05
656,81,77,4,8,80.7273,0.00442528
657,64,52,14,6,76.9423,0.00296972
658,31,20,19,8,76.45,0.00097752
659,58,44,14,8,78.1136,0.00247416
660,56,56,0,112,12.0536,0.00013008
661,46,46,0,92,12.0652,0.00011952
662,19,19,0,38,12.0526,4.544e-05
663,36,36,0,72,12.0556,8.784e-05
664,42,38,4,8,83.1053,0.00210064
665,22,22,0,44,12.0455,4.688e-05
666,19,19,0,8,77.8947,0.00091672
667,17,17,0,34,12,3.552e-05
668,11,11,0,22,12,2.304e-05
669,26,26,0,8,71.4231,0.0013426
670,14,14,0,28,12,2.928e-05
671,27,27,0,8,71.7778,0.00144596
672,41,37,4,10,77.4054,0.00204232
673,57,39,21,10,75.1795,0.00216008
674,15,15,0,30,12,3.136e-05
675,8,8,0,8,75,0.00026276
676,28,28,0,56,12.0357,6.928e-05
677,32,32,0,64,12.0625,8.432e-05
678,24,24,0,8,80.3333,0.00123012
679,39,27,21,8,77.2963,0.00144624
680,223,179,56,10,78.8939,0.0105555
681,86,77,9,8,71.8182,0.00448076
682,5,5,0,10,12,1.056e-05
683,13,13,0,26,12,2.72e-05
684,25,25,0,50,12.04,6.304e-05
685,145,145,0,290,12.0621,0.00037664
686,46,46,0,92,12.0435,9.968e-05
687,5,5,0,8,84,0.00010744
688,4,4,0,8,12,8.48e-06
689,91,81,10,8,74.3704,0.00468148
690,55,55,0,110,12.0545,0.00012736
691,69,60,15,10,73.75,0.00340696
692,43,35,8,8,84.2286,0.00189496
693,44,44,0,88,12.0455,0.00010128
694,23,23,0,8,83.2174,0.0011916
695,13,13,0,26,12,2.72e-05
696,29,21,8,8,76.0952,0.00104636
697,18,18,0,36,12.0556,4.4e-05
698,42,35,7,8,71.8571,0.00190016
699,27,22,6,8,77.5909,0.00111876
700,37,34,3,10,72.6471,0.001828
701,25,25,0,50,12.04,6.208e-05
702,94,82,12,8,78.3537,0.00475928
703,13,13,0,26,12,2.72e-05
704,29,29,0,58,12.0345,6.56e-05
705,61,61,0,122,12.0492,0.00013792
706,25,25,0,6,73.28,0.00133652
707,368,313,70,8,77.6581,0.018706
708,14,14,0,28,12,2.928e-05
709,273,273,0,546,12.0659,0.0007536
710,31,31,0,8,71.5806,0.00169308
711,17,17,0,34,12,3.552e-05
712,67,57,13,8,81.4035,0.00321596
713,101,90,17,8,79.1889,0.00526416
714,44,34,11,10,80.5294,0.0018368
715,200,190,10,8,78.5737,0.0112678
716,37,37,0,74,12.0541,8.64e-05
717,62,62,0,124,12.0484,0.00014544
718,30,30,0,60,12.0333,7.632e-05
719,123,123,0,246,12.0488,0.00027968
720,11,11,0,8,68.3636,0.00047596
721,23,23,0,8,81.087,0.00120652
722,7,7,0,14,12,1.472e-05
723,13,13,0,26,12,2.72e-05
724,30,25,5,8,87.68,0.00131952
725,20,20,0,40,12.05,4.944e-05
726,49,45,4,8,77.4889,0.00249612
727,123,94,46,8,67.6915,0.00545508
728,38,27,17,8,78.8889,0.00141004
729,32,32,0,64,12.0312,7.184e-05
730,72,72,0,144,12.0556,0.0001672
731,21,21,0,42,12.0476,4.832e-05
732,23,23,0,8,70.6957,0.00118672
733,13,13,0,26,12,2.72e-05
734,33,32,1,8,80.875,0.00171264
735,18,18,0,36,12,3.76e-05
736,38,30,8,8,76.8667,0.00162208
737,41,34,7,10,82.3235,0.00177232
738,29,21,8,8,81.0952,0.00107404
739,59,45,14,8,65.0889,0.00253036
740,21,21,0,42,12.0476,5.28e-05
741,27,27,0,54,12.037,6.656e-05
742,115,99,16,8,78.2424,0.00580548
743,18,18,0,36,12.0556,4.144e-05
744,166,152,14,8,77.4276,0.00901664
745,35,35,0,70,12.0571,8.192e-05
746,69,61,8,8,78.2295,0.00348928
747,109,96,17,8,80.4896,0.0055822
748,76,76,0,152,12.0526,0.00019184
749,108,108,0,216,12.0556,0.00025392
750,10,7,3,8,79.7143,0.00023884
751,41,41,0,82,12.0488,9.504e-05
752,65,65,0,130,12.0462,0.00015488
753,5,5,0,10,12,1.056e-05
754,25,16,9,8,79.8125,0.00078428
755,14,14,0,28,12,3.28e-05
756,65,53,19,8,78.0566,0.00297948
757,111,101,11,10,72.9406,0.00590008
758,30,23,14,8,85,0.00118412
759,37,37,0,74,12.0541,9.28e-05
760,10,10,0,8,79.6,0.0004034
761,89,89,0,178,12.0562,0.00021632
762,28,28,0,56,12.0357,6.64e-05
763,19,19,0,38,12.0526,4.544e-05
764,29,21,8,8,84.0476,0.00105464
765,6,6,0,12,12,1.264e-05
766,18,18,0,36,12.0556,4.336e-05
767,17,16,1,8,71.6875,0.0007558
768,21,21,0,8,81.5714,0.00106556
769,12,12,0,24,12,2.512e-05
770,30,29,1,10,85.1379,0.00151368
771,65,57,8,8,82.3509,0.00325924
772,23,23,0,46,12.0435,5.12e-05
773,27,23,4,10,86.5217,0.0011516
774,45,36,9,8,85.25,0.00195688
775,122,112,17,8,51.3571,0.0065922
776,45,45,0,90,12.0444,0.00011232
777,11,7,4,8,79.4286,0.00023976
778,19,19,0,38,12.0526,4.352e-05
779,28,28,0,56,12.0357,7.088e-05
780,92,92,0,184,12.0543,0.00021488
781,5,5,0,10,12,1.056e-05
782,75,73,2,10,81.0959,0.00417864
783,268,192,128,8,69.3073,0.0114218
784,60,60,0,120,12.05,0.00014096
785,179,179,0,358,12.0615,0.00047296
786,69,63,6,8,49.7302,0.00361428
787,31,25,7,10,61.52,0.0013156
788,38,24,18,8,47.0417,0.00127188
789,40,40,0,80,12.05,8.784e-05
790,22,22,0,44,12.0455,5.328e-05
791,14,14,0,28,12,2.928e-05
792,14,14,0,8,41.6429,0.00063968
793,21,21,0,8,46.1429,0.00106316
794,8,8,0,16,12,1.68e-05
795,12,12,0,24,12,2.512e-05
796,13,13,0,8,45.0769,0.00060012
797,8,8,0,16,12,1.68e-05
798,32,32,0,8,35,0.00173144
799,17,17,0,34,12,3.552e-05
800,38,38,0,8,54.1316,0.00208244
801,20,20,0,40,12.05,4.176e-05
802,15,15,0,8,45.9333,0.00069836
803,9,9,0,18,12,1.888e-05
804,460,416,49,8,79.5168,0.0249602
805,383,383,0,766,12.0653,0.00104704
806,25,25,0,8,69.08,0.00130956
807,14,14,0,28,12,2.928e-05
808,52,41,11,10,76.3415,0.00228072
809,33,33,0,66,12.0606,7.904e-05
810,33,27,6,10,83.8148,0.00136416
811,34,26,8,8,81.0769,0.0013508
812,22,22,0,44,12.0455,5.488e-05
813,287,272,23,8,43.4449,0.0162392
814,19,19,0,38,12.0526,4.544e-05
815,152,152,0,304,12.0526,0.00033008
816,49,38,19,8,57.4211,0.00206592
817,31,31,0,62,12.0323,7.616e-05
818,120,96,24,10,80.0938,0.00559704
819,73,73,0,146,12.0548,0.000192
820,97,79,21,10,81.2152,0.00451576
821,61,61,0,122,12.0656,0.00016288
822,26,17,10,8,60.2941,0.00081172
823,15,15,0,30,12,3.712e-05
824,23,23,0,8,81.0435,0.00117896
825,13,13,0,26,12,2.72e-05
826,7,7,0,8,57.5714,0.00019832
827,30,30,0,8,51.6333,0.00163544
828,5,5,0,10,12,1.056e-05
829,12,12,0,8,46.1667,0.00049584
830,31,31,0,8,69.6774,0.00167876
831,16,16,0,32,12,3.344e-05
832,7,7,0,14,12,1.472e-05
833,17,17,0,34,12,3.552e-05
834,26,26,0,8,70.9615,0.00134856
835,14,14,0,28,12,2.928e-05
836,9,9,0,18,12,1.888e-05
837,23,23,0,8,46.6522,0.00118112
838,13,13,0,26,12,2.72e-05
839,9,9,0,8,40.4444,0.00033136
840,6,6,0,12,12,1.264e-05
841,8,8,0,8,24.875,0.00026908
842,5,5,0,10,12,1.056e-05
843,8,8,0,8,30.5,0.00028748
844,34,34,0,8,39.2353,0.0018502
845,5,5,0,10,12,1.056e-05
846,18,18,0,36,12.0556,3.76e-05
847,34,34,0,8,37.4706,0.0018538
848,18,18,0,36,12,3.76e-05
849,12,12,0,8,33.75,0.00049768
850,7,7,0,14,12,1.472e-05
851,34,34,0,8,47.7353,0.00186208
852,60,60,0,8,56.9,0.00343964
853,18,18,0,36,12,3.76e-05
854,31,31,0,62,12.0323,6.464e-05
855,25,25,0,8,35.44,0.00128844
856,14,14,0,28,12,2.928e-05
857,10,10,0,8,28.1,0.00042348
858,6,6,0,12,12,1.264e-05
859,45,45,0,8,41.6889,0.00253592
860,24,24,0,48,12.0417,5.008e-05
861,72,72,0,8,44.7917,0.00417704
862,14,14,0,8,35.0714,0.0006384
863,37,37,0,74,12.027,7.712e-05
864,8,8,0,16,12,1.68e-05
865,60,60,0,8,59.5667,0.00345328
866,31,31,0,62,12.0323,6.464e-05
867,36,36,0,8,67.8889,0.00194996
868,90,88,2,8,63.5455,0.00511964
869,19,19,0,38,12.0526,3.968e-05
870,70,70,0,140,12.0429,0.00015728
871,152,117,50,8,74.1795,0.00689424
872,82,82,0,164,12.061,0.00021488
873,103,81,22,8,74.2716,0.00467124
874,69,54,18,10,78.4074,0.00298768
875,69,69,0,138,12.058,0.00017696
876,228,220,8,8,76.6045,0.0131082
877,47,47,0,94,12.0638,0.00012512
878,145,145,0,290,12.0552,0.0003264
879,114,95,25,8,78.7579,0.00552388
880,909,832,81,8,75.1935,0.0501039
881,91,78,15,8,71.6538,0.00452076
882,71,71,0,142,12.0563,0.00017696
883,546,546,0,1092,12.0549,0.0012456
884,55,55,0,110,12.0545,0.00012512
885,15,15,0,8,73.7333,0.0006776
886,37,28,10,8,78.7143,0.00147716
887,9,9,0,18,12,1.888e-05
888,24,24,0,48,12.0417,6.384e-05
889,40,33,7,8,80.3333,0.0018162
890,19,15,4,8,81.7333,0.00071088
891,168,149,20,8,71.7315,0.00879016
892,64,49,26,6,76.0612,0.00281756
893,100,83,26,8,76.8554,0.00479072
894,26,26,0,52,12.0385,6.256e-05
895,10,10,0,20,12,2.256e-05
896,101,101,0,202,12.0495,0.00022976
897,41,41,0,82,12.0488,9.92e-05
898,66,66,0,132,12.0455,0.00015632
899,34,28,6,8,83.6071,0.00149892
900,8,8,0,8,79.875,0.00027548
901,21,21,0,42,12.0476,5.248e-05
902,5,5,0,10,12,1.056e-05
903,29,29,0,8,76.5172,0.0015274
904,18,16,2,8,78.6875,0.00073564
905,16,16,0,32,12,3.344e-05
906,10,10,0,20,12,2.224e-05
907,104,75,29,8,75.6,0.00433948
908,52,39,13,8,74.641,0.00214652
909,72,57,19,10,78.193,0.00323624
910,69,69,0,138,12.058,0.00017952
911,32,32,0,64,12.0625,8.368e-05
912,50,50,0,100,12.06,0.00013456
913,146,126,28,6,76.5794,0.00749156
914,228,210,20,8,78.3714,0.0124902
915,24,18,6,8,81.0556,0.0008752
916,94,94,0,188,12.0532,0.0002104
917,37,27,11,8,79.1111,0.00145528
918,99,89,18,8,80.5169,0.00515812
919,143,143,0,286,12.0559,0.00033984
920,14,14,0,28,12,3.632e-05
921,22,22,0,44,12.0455,5.104e-05
922,58,58,0,116,12.0517,0.00013104
923,20,17,3,8,79.2353,0.00084688
924,26,15,16,8,75.6,0.0007116
925,11,11,0,22,12,2.336e-05
926,13,13,0,26,12,3.072e-05
927,100,94,6,10,84.6489,0.00543608
928,15,15,0,8,80.0667,0.00071184
929,82,82,0,164,12.0488,0.0001976
930,9,9,0,18,12,1.888e-05
931,15,13,2,8,84,0.0005774
932,290,254,42,8,77.4843,0.015184
933,9,9,0,18,12,1.888e-05
934,41,37,4,8,76.027,0.00204356
935,39,37,2,10,80.9189,0.00201928
936,188,188,0,376,12.0532,0.00043376
937,22,22,0,44,12.0455,4.688e-05
938,23,23,0,46,12.0435,5.024e-05
939,99,77,26,10,79.9351,0.00442888
940,61,61,0,122,12.0492,0.0001616
941,262,245,17,8,71.3429,0.0146248
942,174,174,0,348,12.0575,0.00042864
943,40,32,8,10,71.4375,0.00171168
944,29,29,0,58,12.0345,7.392e-05
945,43,43,0,8,80.3953,0.00237064
946,23,23,0,46,12.0435,4.8e-05
947,11,11,0,8,80.7273,0.00043592
948,7,7,0,14,12,1.472e-05
949,8,8,0,8,45.375,0.0003028
950,5,5,0,10,12,1.056e-05
951,46,46,0,8,58.9565,0.00258576
952,24,24,0,48,12.0417,5.008e-05
953,74,60,14,8,77.8167,0.00340964
954,81,69,12,8,72.9855,0.0039416
955,45,45,0,90,12.0444,0.0001184
956,38,30,8,8,72.0667,0.0016306
957,86,76,12,8,70.5921,0.0043948
958,53,53,0,106,12.0566,0.00013056
959,23,23,0,46,12.0435,5.504e-05
960,51,51,0,102,12.0588,0.0001248
961,1148,763,601,8,79.4404,0.0459465
962,709,709,0,1418,12.0677,0.00198144
963,170,127,43,8,78.6142,0.00747464
964,95,80,16,10,80.625,0.00461192
965,103,103,0,206,12.0583,0.00027488
966,64,64,0,128,12.0625,0.00016112
967,11,7,4,8,78.8571,0.00022372
968,6,6,0,12,12,1.264e-05
969,10,7,3,8,73.4286,0.00020268
970,19,17,2,8,75.2353,0.0008234
971,19,14,5,8,79.2857,0.00065376
972,47,46,1,8,79.4783,0.00259468
973,5,5,0,10,12,1.12e-05
974,11,11,0,22,12,2.464e-05
975,10,10,0,20,12,2.256e-05
976,35,35,0,70,12.0571,7.936e-05
977,149,123,29,8,80.3089,0.00725616
978,248,186,75,8,76.6559,0.0110441
979,98,98,0,196,12.051,0.0002312
980,47,42,5,8,84.1429,0.0023076
981,160,160,0,320,12.0687,0.00044688
982,25,25,0,50,12.04,5.632e-05
983,179,153,26,10,78.9608,0.00900944
984,199,181,19,10,78.2099,0.0107646
985,139,139,0,278,12.0647,0.00038368
986,170,170,0,340,12.0647,0.00046448
987,31,20,11,8,75.4,0.00102076
988,18,18,0,36,12.0556,4.656e-05
989,71,55,16,10,80.4727,0.00313344
990,94,78,18,8,80.1538,0.00448884
991,46,46,0,92,12.0435,0.0001208
992,65,65,0,130,12.0615,0.00017024
993,37,26,11,8,80.3077,0.00139264
994,66,60,6,10,81.65,0.00341608
995,23,23,0,46,12.0435,5.6e-05
996,54,54,0,108,12.0556,0.00013136
997,26,17,9,8,81.1176,0.0008334
998,31,22,16,8,74.5,0.00111596
999,15,15,0,30,12,3.744e-05
1000,19,19,0,38,12.0526,4.352e-05
1001,35,34,1,8,84.6765,0.00187784
1002,19,19,0,38,12.0526,4.064e-05
1003,109,96,15,8,73.2396,0.005608
1004,66,66,0,132,12.0455,0.00014864
1005,27,27,0,8,73,0.00140084
1006,112,95,19,8,70.9053,0.0055638
1007,15,15,0,30,12,3.136e-05
1008,60,60,0,120,12.05,0.00014512
1009,128,95,44,8,73.9789,0.00553576
1010,150,135,16,8,71.6074,0.007944
1011,74,74,0,148,12.0541,0.00019408
1012,104,104,0,208,12.0577,0.00024336
1013,15,15,0,8,79.9333,0.00070884
1014,43,38,5,8,76.0526,0.00209144
1015,9,9,0,18,12,1.888e-05
1016,29,29,0,58,12.0345,6.56e-05
1017,27,24,3,8,74.8333,0.00123424
1018,14,14,0,8,83.7143,0.00064592
1019,15,15,0,30,12,3.2e-05
1020,8,8,0,16,12,1.68e-05
1021,22,19,3,8,67.3158,0.000948
1022,103,100,4,8,67.39,0.00583672
1023,14,14,0,28,12,3.184e-05
1024,68,68,0,136,12.0441,0.00015184
1025,64,64,0,8,76.4375,0.00366432
1026,107,101,6,10,69.2475,0.00593056
1027,33,33,0,66,12.0303,6.88e-05
1028,97,97,0,194,12.0515,0.00023136
1029,48,40,8,10,66.45,0.00216296
1030,161,136,27,8,77.9559,0.00800584
1031,34,34,0,68,12.0588,7.92e-05
1032,106,106,0,212,12.0566,0.00024624
1033,30,26,4,10,73.0385,0.00133464
1034,244,217,28,8,80.9493,0.0129407
1035,18,18,0,8,81.5556,0.00085844
1036,18,18,0,36,12.0556,4.016e-05
1037,157,157,0,314,12.0573,0.00037952
1038,10,10,0,20,12,2.096e-05
1039,23,23,0,8,70.7391,0.00116928
1040,13,13,0,26,12,2.72e-05
1041,21,21,0,8,74.0476,0.00106656
1042,12,12,0,24,12,2.512e-05
1043,107,83,24,10,83.012,0.00479616
1044,12,7,5,8,78.7143,0.00022712
1045,67,67,0,134,12.0597,0.00017568
1046,5,5,0,10,12,1.088e-05
1047,66,52,14,10,81.5,0.00288808
1048,268,239,32,8,77.8577,0.0142493
1049,181,181,0,362,12.0552,0.00041728
1050,37,27,10,10,83.2222,0.00141544
1051,61,47,15,8,82.6383,0.00266324
1052,261,232,29,8,78.1853,0.0138357
1053,25,25,0,50,12.04,6.176e-05
1054,37,37,0,74,12.0541,8.544e-05
1055,158,158,0,316,12.0506,0.00035984
1056,82,68,14,10,84.7794,0.00391176
1057,44,30,14,8,80.8,0.00158864
1058,59,59,0,118,12.0508,0.00015744
1059,66,53,14,8,81.434,0.00302364
1060,27,27,0,54,12.037,7.008e-05
1061,42,42,0,84,12.0476,9.744e-05
1062,211,196,15,8,81.898,0.0116339
1063,139,139,0,278,12.0576,0.00033024
1064,43,39,4,8,79.4103,0.0021752
1065,89,73,16,8,83.0548,0.0042042
1066,22,12,10,8,84.0833,0.00054608
1067,29,29,0,58,12.0345,6.56e-05
1068,61,61,0,122,12.0492,0.00014432
1069,8,8,0,16,12,1.776e-05
1070,11,11,0,8,74.2727,0.00048308
1071,36,35,1,8,76.2571,0.00191756
1072,7,7,0,14,12,1.472e-05
1073,18,18,0,36,12,3.792e-05
1074,544,478,78,8,74.9644,0.0287123
1075,70,60,10,10,79.4833,0.00337296
1076,343,343,0,686,12.0583,0.0008208
1077,48,48,0,96,12.0625,0.00012336
1078,26,14,12,8,77.0714,0.00066152
1079,170,150,21,8,80.3267,0.0088962
1080,12,12,0,24,12,3.056e-05
1081,107,107,0,214,12.0561,0.0002448
1082,12,12,0,8,83.8333,0.00054904
1083,7,7,0,14,12,1.472e-05
1084,113,101,12,8,82.901,0.00590452
1085,73,55,21,8,76.8909,0.003097
1086,79,79,0,158,12.0506,0.00018208
1087,45,45,0,90,12.0444,0.0001072
1088,201,178,26,8,76.7079,0.0105656
1089,124,124,0,248,12.0565,0.00030512
1090,44,32,21,8,81.8438,0.00173492
1091,29,19,10,8,77.1053,0.00092008
1092,27,27,0,54,12.037,6.816e-05
1093,16,16,0,32,12.0625,4.048e-05
1094,25,16,9,8,82.6875,0.00077012
1095,72,55,27,8,76.1273,0.003123
1096,14,14,0,28,12,3.504e-05
1097,40,40,0,80,12.05,9.488e-05
1098,100,85,19,10,83.9529,0.00485024
1099,76,76,0,152,12.0526,0.00020016
1100,32,24,10,8,84.2083,0.00122892
1101,24,13,11,8,77.3077,0.00056968
1102,21,21,0,42,12.0476,5.216e-05
1103,11,11,0,22,12,2.624e-05
1104,18,18,0,8,85.4444,0.00089304
1105,10,10,0,20,12,2.096e-05
1106,173,155,20,8,80.4452,0.00914436
1107,57,43,15,8,78.3953,0.00240572
1108,51,39,12,8,81.4872,0.00213784
1109,119,119,0,238,12.0588,0.00028288
1110,45,45,0,90,12.0444,0.00011008
1111,63,51,14,8,76.0392,0.00287228
1112,177,148,31,8,79.5068,0.00877068
1113,37,37,0,74,12.0541,8.64e-05
1114,37,37,0,74,12.0541,9.6e-05
1115,96,82,22,8,77.9024,0.00475784
1116,48,48,0,96,12.0417,0.0001176
1117,103,103,0,206,12.0485,0.00023872
1118,61,61,0,122,12.0492,0.0001392
1119,204,163,45,8,80.865,0.00966928
1120,126,126,0,252,12.0635,0.00033296
1121,57,43,16,8,76.6512,0.00238888
1122,34,34,0,68,12.0588,8.176e-05
1123,22,15,7,8,76.6,0.00072604
1124,29,24,5,8,83.5,0.00126492
1125,17,17,0,34,12.0588,4.096e-05
1126,149,128,23,8,78.1016,0.00753616
1127,21,13,8,8,70.7692,0.00059548
1128,91,91,0,182,12.0549,0.0002144
1129,10,10,0,20,12,2.192e-05
1130,12,12,0,8,75.6667,0.00051956
1131,7,7,0,8,78.7143,0.0002404
1132,7,7,0,14,12,1.472e-05
1133,5,5,0,10,12,1.056e-05
1134,9,9,0,8,79.6667,0.00036056
1135,52,45,7,8,82.3556,0.00250004
1136,123,102,22,8,76.6569,0.00594084
1137,36,30,6,8,81.7667,0.00162868
1138,6,6,0,12,12,1.264e-05
1139,30,30,0,60,12.0333,7.248e-05
1140,85,85,0,170,12.0471,0.00019904
1141,24,24,0,48,12.0417,5.936e-05
1142,101,93,8,8,77.6237,0.00540672
1143,62,62,0,124,12.0484,0.00014608
1144,33,27,6,8,81.4815,0.00142172
1145,34,24,10,10,84.2917,0.00126208
1146,21,13,11,8,82.6923,0.0006106
1147,20,20,0,40,12.05,4.944e-05
1148,22,22,0,44,12.0455,5.68e-05
1149,9,9,0,18,12,1.952e-05
1150,15,15,0,8,79.5333,0.00072636
1151,11,11,0,8,84.7273,0.00046172
1152,9,9,0,18,12,1.888e-05
1153,16,14,2,8,82.6429,0.00063332
1154,7,7,0,14,12,1.472e-05
1155,8,8,0,16,12,1.744e-05
1156,103,85,25,8,77.7176,0.00491056
1157,13,12,1,8,83.9167,0.00053392
1158,57,57,0,114,12.0526,0.0001424
1159,8,8,0,16,12,1.68e-05
1160,31,22,16,8,68.5,0.00114116
1161,19,19,0,38,12.0526,4.352e-05
1162,18,18,0,8,57.6111,0.00089624
1163,10,10,0,20,12,2.096e-05
1164,26,26,0,8,79.1154,0.00137848
1165,14,14,0,28,12,2.928e-05
1166,76,63,13,8,84.2063,0.00362808
1167,11,11,0,8,75.1818,0.00046796
1168,44,44,0,88,12.0455,0.00011184
1169,7,7,0,14,12,1.472e-05
1170,108,83,29,10,84.3855,0.0047936
1171,28,24,4,8,85.2083,0.0012662
1172,90,78,12,8,82.0513,0.0045414
1173,69,69,0,138,12.058,0.00017504
1174,15,15,0,30,12,3.328e-05
1175,62,62,0,124,12.0484,0.000148
1176,95,85,10,6,78.0941,0.00496576
1177,53,46,7,10,84.7391,0.00258432
1178,57,57,0,114,12.0526,0.00013184
1179,41,41,0,82,12.0488,9.696e-05
1180,262,242,24,8,76.8471,0.014407
1181,44,39,5,10,81.5641,0.00212736
1182,154,154,0,308,12.0519,0.00034864
1183,34,34,0,68,12.0294,7.984e-05
1184,48,34,15,8,74.9412,0.00184128
1185,168,155,13,10,76.4968,0.00911728
1186,26,26,0,52,12.0385,5.808e-05
1187,107,107,0,214,12.0561,0.00024448
1188,11,11,0,22,12,2.528e-05
1189,141,116,33,10,78.3103,0.00674608
1190,46,35,15,8,76.5714,0.00191976
1191,100,100,0,200,12.06,0.00027056
1192,121,102,21,8,76.2647,0.00599324
1193,28,28,0,56,12.0357,6.832e-05
1194,57,41,17,8,75.8537,0.00225532
1195,72,72,0,144,12.0556,0.00016496
1196,34,34,0,68,12.0588,8.208e-05
1197,16,16,0,8,85,0.00075044
1198,9,9,0,18,12,1.888e-05
1199,8,8,0,8,78,0.00030632
1200,5,5,0,8,78.8,0.00010936
1201,5,5,0,10,12,1.056e-05
1202,4,4,0,8,12,8.48e-06
1203,15,15,0,8,72.3333,0.00068768
1204,9,9,0,18,12,1.888e-05
1205,7,7,0,8,74.1429,0.00021692
1206,51,42,9,8,79.0476,0.00231364
1207,5,5,0,10,12,1.056e-05
1208,43,35,8,8,81.9714,0.001896
1209,31,31,0,62,12.0323,8.032e-05
1210,24,24,0,48,12.0417,5.872e-05
1211,60,49,16,8,78.9796,0.00277912
1212,47,47,0,94,12.0638,0.00012352
1213,82,68,14,8,77.5,0.00393416
1214,47,33,17,8,82,0.00182024
1215,54,54,0,108,12.0556,0.00013808
1216,53,39,18,8,75.7436,0.00215368
1217,34,23,11,8,79.4348,0.001215
1218,24,24,0,48,12.0417,6e-05
1219,99,85,19,10,75.2588,0.0049428
1220,128,114,22,8,69.0702,0.00667024
1221,31,31,0,62,12.0323,7.456e-05
1222,21,21,0,42,12.0476,5.344e-05
1223,47,42,5,10,80.5952,0.00229792
1224,62,62,0,124,12.0484,0.00014448
1225,76,76,0,152,12.0526,0.00017104
1226,37,37,0,74,12.0541,8.48e-05
1227,126,99,27,8,80.8586,0.00578764
1228,105,86,20,8,80.5233,0.00497444
1229,86,86,0,172,12.0581,0.00023152
1230,68,68,0,136,12.0588,0.0001848
1231,71,62,9,10,79.1774,0.00351968
1232,95,84,11,8,78.0476,0.00487848
1233,49,40,9,8,75.95,0.00221584
1234,52,52,0,104,12.0577,0.00012752
1235,61,61,0,122,12.0492,0.00015072
1236,30,30,0,60,12.0333,7.184e-05
1237,28,20,9,8,81.65,0.00097816
1238,15,12,3,8,75.25,0.00051324
1239,74,68,6,10,76.8676,0.0039116
1240,18,18,0,36,12.0556,4.4e-05
1241,8,8,0,16,12,1.68e-05
1242,64,64,0,128,12.0469,0.00015632
1243,62,53,9,8,75.9623,0.00302356
1244,124,117,7,8,72.1795,0.00688948
1245,39,39,0,78,12.0513,9.792e-05
1246,69,69,0,138,12.0435,0.00015296
1247,48,48,0,8,78.125,0.0026832
1248,7,7,0,8,79.5714,0.00020744
1249,25,25,0,50,12.04,5.216e-05
1250,5,5,0,10,12,1.056e-05
1251,24,24,0,8,84.0417,0.001233
1252,10,10,0,8,84,0.00041728
1253,13,13,0,26,12,2.72e-05
1254,6,6,0,12,12,1.264e-05
1255,19,19,0,8,72.7368,0.00093092
1256,11,11,0,22,12,2.304e-05
1257,58,43,18,8,81.1395,0.002388
1258,27,23,4,8,78.7826,0.00117876
1259,30,30,0,60,12.0333,7.216e-05
1260,14,14,0,28,12,2.992e-05
1261,75,67,8,8,77.3134,0.003827
1262,31,21,14,10,77.7143,0.00099016
1263,283,277,6,8,69.0361,0.0165381
1264,53,53,0,106,12.0566,0.00012416
1265,19,19,0,38,12.0526,4.672e-05
1266,182,182,0,364,12.0549,0.000412
1267,40,33,7,8,78.4848,0.00178376
1268,163,153,10,8,63.6144,0.00906024
1269,25,25,0,50,12.04,6.368e-05
1270,17,11,6,8,67,0.00048436
1271,78,78,0,156,12.0513,0.0001624
1272,87,78,9,8,63.8205,0.00449348
1273,10,7,3,8,68.4286,0.00022096
1274,9,9,0,18,12,2.08e-05
1275,32,24,8,10,79.9167,0.001256
1276,47,47,0,94,12.0426,0.00010368
1277,134,104,34,8,81.3942,0.0061032
1278,17,14,3,8,79.3571,0.0006636
1279,5,5,0,10,12,1.056e-05
1280,21,21,0,42,12.0476,4.864e-05
1281,82,82,0,164,12.061,0.00022384
1282,9,9,0,18,12,1.984e-05
1283,24,20,4,8,81.55,0.00102428
1284,14,14,0,28,12,3.312e-05
1285,26,20,6,8,73.3,0.00102444
1286,50,46,4,8,68.413,0.00255132
1287,40,35,5,8,69.9143,0.00190824
1288,51,43,8,8,61.814,0.00239988
1289,14,14,0,28,12,3.312e-05
1290,39,39,0,78,12.0513,9.024e-05
1291,27,27,0,54,12.037,6.144e-05
1292,29,29,0,58,12.0345,6.432e-05
1293,54,54,0,8,57.2593,0.00306136
1294,28,28,0,56,12.0357,5.84e-05
1295,54,54,0,8,65.3333,0.00305144
1296,28,28,0,56,12.0357,5.84e-05
1297,38,38,0,8,65.3158,0.0020792
1298,20,20,0,40,12.05,4.176e-05
1299,35,35,0,8,64.4571,0.00191824
1300,19,19,0,38,12.0526,3.968e-05
1301,73,73,0,8,62.3836,0.0042342
1302,38,38,0,76,12.0526,7.92e-05
1303,29,29,0,8,64.6897,0.001551
1304,16,16,0,32,12,3.344e-05
1305,65,65,0,8,69.0462,0.00373432
1306,34,34,0,68,12.0294,7.088e-05
1307,22,21,1,8,73.6667,0.0010926
1308,12,12,0,24,12,2.576e-05
1309,6,6,0,8,46.1667,0.00016436
1310,27,27,0,8,67.4815,0.00143912
1311,4,4,0,8,12,8.48e-06
1312,164,149,15,8,68.4899,0.008824
1313,15,15,0,30,12,3.136e-05
1314,40,37,3,8,72.3784,0.00204916
1315,101,101,0,202,12.0594,0.00024096
1316,102,92,10,8,64.4348,0.00537232
1317,22,22,0,44,12.0455,4.688e-05
1318,26,25,1,10,69.8,0.00125744
1319,33,24,9,8,74.3333,0.00122532
1320,62,62,0,124,12.0484,0.00014544
1321,19,19,0,38,12.0526,4.224e-05
1322,20,20,0,40,12.05,4.752e-05
1323,32,30,2,8,82.6,0.00163744
1324,17,17,0,34,12,3.552e-05
1325,16,16,0,8,77.75,0.00074404
1326,41,33,8,8,59.8182,0.00178792
1327,9,9,0,18,12,1.888e-05
1328,24,24,0,48,12.0417,5.68e-05
1329,127,106,24,8,69.0943,0.00623112
1330,78,64,17,8,69.9219,0.00366952
1331,72,72,0,144,12.0556,0.00017904
1332,42,42,0,84,12.0476,0.00010192
1333,26,23,3,8,74.6522,0.001203
1334,323,309,15,8,54.4951,0.0184961
1335,170,134,39,8,81.8284,0.00787676
1336,14,14,0,28,12,2.992e-05
1337,205,205,0,410,12.0537,0.00046496
1338,166,132,40,10,72.303,0.0077932
1339,62,51,15,10,79.7255,0.00287784
1340,107,107,0,214,12.0654,0.0002864
1341,119,119,0,238,12.0588,0.00031296
1342,41,41,0,82,12.0488,9.824e-05
1343,174,154,22,8,62.039,0.00913356
1344,83,69,14,10,81.2319,0.00392216
1345,132,132,0,264,12.0606,0.00032816
1346,62,62,0,124,12.0645,0.00016592
1347,54,43,11,8,85.907,0.00241804
1348,34,34,0,68,12.0588,9.04e-05
1349,20,20,0,8,82.9,0.0009948
1350,144,137,7,8,52.4745,0.008082
1351,28,15,13,8,67.9333,0.0006934
1352,11,11,0,22,12,2.304e-05
1353,44,32,12,8,35.75,0.00174752
1354,77,77,0,154,12.0519,0.0001648
1355,11,11,0,22,12,2.496e-05
1356,56,53,3,10,77.7547,0.00293472
1357,23,23,0,46,12.0435,5.12e-05
1358,53,46,7,10,75.2391,0.0025868
1359,27,22,5,8,75.6818,0.00113432
1360,11,10,1,8,79.8,0.00041472
1361,39,39,0,78,12.0513,8.64e-05
1362,37,37,0,74,12.0541,9.536e-05
1363,14,14,0,28,12,3.024e-05
1364,7,7,0,14,12,1.472e-05
1365,21,21,0,8,53.8571,0.00104068
1366,12,12,0,24,12,2.512e-05
1367,35,35,0,8,52.2,0.0019012
1368,19,19,0,38,12.0526,3.968e-05
1369,189,164,25,10,72.689,0.00966672
1370,23,23,0,8,62.4348,0.00121404
1371,141,141,0,282,12.0638,0.0003936
1372,13,13,0,26,12,2.72e-05
1373,84,68,16,10,77.6029,0.00384504
1374,53,53,0,106,12.0566,0.00014208
1375,43,35,8,8,72.5714,0.00189904
1376,27,27,0,54,12.037,6.656e-05
1377,34,34,0,8,65.5588,0.00185112
1378,25,25,0,8,69.48,0.00133476
1379,18,18,0,36,12,3.76e-05
1380,14,14,0,28,12,2.928e-05
1381,144,131,21,8,61.0458,0.00773852
1382,77,77,0,154,12.0519,0.00017856
1383,75,66,9,10,44.803,0.00377496
1384,76,65,11,8,37.4462,0.00375044
1385,64,64,0,128,12.0469,0.0001544
1386,85,69,17,8,71.913,0.00395012
1387,51,51,0,102,12.0588,0.0001264
1388,102,89,13,10,76.8876,0.00511496
1389,37,33,4,8,69.2121,0.0017748
1390,50,50,0,100,12.06,0.0001304
1391,73,73,0,146,12.0548,0.00019104
1392,20,20,0,40,12.05,4.304e-05
1393,41,41,0,8,75.8293,0.00226012
1394,28,28,0,8,79.6786,0.00151764
1395,21,21,0,8,80.8571,0.001093
1396,22,22,0,44,12.0455,4.592e-05
1397,15,15,0,30,12,3.136e-05
1398,12,12,0,24,12,2.512e-05
1399,9,9,0,8,34.2222,0.00033812
1400,6,6,0,12,12,1.264e-05
1401,19,19,0,8,27.4737,0.00092472
1402,11,11,0,22,12,2.304e-05
1403,52,52,0,8,32,0.00293368
1404,27,27,0,54,12.037,5.632e-05
1405,71,71,0,8,49.8451,0.00408188
1406,37,37,0,74,12.027,7.712e-05
1407,22,22,0,8,54.9545,0.00113752
1408,12,12,0,24,12,2.512e-05
1409,18,18,0,8,25.1111,0.00087604
1410,10,10,0,20,12,2.096e-05
1411,367,330,42,8,70.6939,0.0197671
1412,218,218,0,436,12.0596,0.00054608
1413,28,20,8,8,59.25,0.00098476
1414,18,18,0,36,12.0556,4.368e-05
1415,46,46,0,8,44.9565,0.0025596
1416,24,24,0,8,45.4583,0.00125224
1417,24,24,0,48,12.0417,5.008e-05
1418,19,19,0,8,48.0526,0.0009298
1419,13,13,0,26,12,2.72e-05
1420,11,11,0,22,12,2.304e-05
1421,102,99,3,8,58.7475,0.0057978
1422,52,52,0,104,12.0385,0.00011024
1423,45,45,0,8,65.7778,0.0025426
1424,24,24,0,48,12.0417,5.008e-05
1425,70,70,0,8,64.3143,0.00401504
1426,19,19,0,8,54.6842,0.00092196
1427,36,36,0,72,12.0278,7.504e-05
1428,34,34,0,8,65.0882,0.0018782
1429,11,11,0,22,12,2.304e-05
1430,18,18,0,36,12,3.76e-05
1431,48,48,0,8,44.6875,0.00268828
1432,25,25,0,50,12.04,5.216e-05
1433,13,13,0,8,30.7692,0.00057084
1434,89,82,7,10,66.5244,0.00474608
1435,8,8,0,16,12,1.68e-05
1436,49,49,0,98,12.0408,0.0001088
1437,177,173,4,8,78.9364,0.0102333
1438,116,116,0,232,12.0517,0.000276
1439,17,17,0,8,82.2941,0.00080804
1440,44,38,6,8,76.7105,0.00211024
1441,10,10,0,20,12,2.096e-05
1442,30,30,0,60,12.0333,7.056e-05
1443,34,34,0,8,72.4118,0.00182924
1444,18,18,0,36,12,3.76e-05
1445,138,122,17,8,78.082,0.00719048
1446,10,10,0,8,63.9,0.00038352
1447,14,14,0,8,70.5714,0.00063184
1448,100,75,34,10,78.2533,0.0042808
1449,127,100,37,10,74.06,0.0058556
1450,94,94,0,188,12.0532,0.00023568
1451,6,6,0,12,12,1.264e-05
1452,8,8,0,16,12,1.68e-05
1453,59,59,0,118,12.0508,0.00016064
1454,83,83,0,166,12.0602,0.00023328
1455,48,38,19,6,57.1316,0.00215888
1456,27,27,0,54,12.037,6.112e-05
1457,43,34,16,8,72.4412,0.00187872
1458,26,21,5,8,70.7143,0.0010908
1459,27,27,0,54,12.037,7.168e-05
1460,40,31,14,8,46.871,0.00167716
1461,59,50,9,8,49.26,0.00283168
1462,17,17,0,34,12,3.936e-05
1463,23,23,0,46,12.0435,5.184e-05
1464,16,16,0,8,64,0.00076772
1465,32,32,0,64,12.0312,7.12e-05
1466,9,9,0,18,12,1.888e-05
1467,37,37,0,8,41.6216,0.00206008
1468,43,43,0,8,49.6512,0.00240152
1469,20,20,0,40,12.05,4.176e-05
1470,23,23,0,46,12.0435,4.8e-05
1471,25,25,0,8,57.16,0.00129036
1472,63,63,0,8,67.8095,0.00362804
1473,14,14,0,28,12,2.928e-05
1474,33,33,0,66,12.0303,6.88e-05
1475,21,21,0,8,64.6667,0.0010514
1476,12,12,0,24,12,2.512e-05
1477,50,50,0,8,46.54,0.00279524
1478,26,26,0,52,12.0385,5.424e-05
1479,489,399,112,8,75.4185,0.0239386
1480,343,343,0,686,12.0671,0.00094656
1481,122,100,25,8,76.31,0.00582104
1482,80,80,0,160,12.0625,0.00020912
1483,63,48,22,8,65.1875,0.00268564
1484,51,39,18,10,77.641,0.0020996
1485,70,60,10,10,80.2333,0.0033908
1486,51,37,14,8,77.8919,0.0020278
1487,32,32,0,64,12.0312,7.056e-05
1488,31,31,0,62,12.0323,7.104e-05
1489,49,49,0,98,12.0612,0.00012736
1490,32,32,0,64,12.0625,8.656e-05
1491,63,48,15,8,74.1458,0.00269376
1492,95,79,22,8,78.1772,0.00457928
1493,46,46,0,92,12.0435,0.00011376
1494,119,102,18,8,81.2353,0.00598748
1495,81,71,14,8,78.9014,0.00410856
1496,71,71,0,142,12.0563,0.00019424
1497,78,78,0,156,12.0513,0.0001896
1498,58,58,0,116,12.0517,0.00014576
1499,161,144,18,10,79.7292,0.00843784
1500,90,82,8,8,80.8902,0.00477008
1501,29,23,6,10,81.6522,0.00114368
1502,43,35,8,8,81,0.00190156
1503,83,69,15,8,76.8261,0.00399304
1504,101,101,0,202,12.0594,0.0002432
1505,55,55,0,110,12.0545,0.00013664
1506,18,18,0,36,12.0556,4.336e-05
1507,25,25,0,50,12.04,5.76e-05
1508,61,61,0,122,12.0492,0.0001472
1509,94,82,15,8,79.5244,0.004736
1510,45,42,3,8,82.1905,0.00235064
1511,65,65,0,130,12.0462,0.00015648
1512,32,32,0,64,12.0312,7.248e-05
1513,22,14,10,8,73.7143,0.00061888
1514,12,12,0,24,12,2.896e-05
1515,82,64,23,8,76.3906,0.00366416
1516,48,48,0,96,12.0625,0.00012496
1517,172,153,19,8,73.0261,0.00907372
1518,9,7,2,8,79.8571,0.00024312
1519,102,102,0,204,12.0588,0.00024048
1520,6,6,0,12,12,1.264e-05
1521,47,47,0,8,79.0851,0.00265224
1522,112,99,13,10,81.3838,0.005768
1523,25,25,0,50,12.04,5.216e-05
1524,86,86,0,172,12.0581,0.00021648
1525,33,28,5,10,81.5714,0.0015048
1526,27,23,4,8,76.8696,0.0012088
1527,22,22,0,44,12.0455,5.264e-05
1528,75,71,4,8,66,0.0040668
1529,18,15,5,8,84.4,0.0007282
1530,15,10,5,8,84.1,0.0004028
1531,14,14,0,28,12,2.96e-05
1532,51,51,0,102,12.0392,0.00011648
1533,10,10,0,20,12,2.224e-05
1534,9,9,0,18,12,2.016e-05
1535,31,31,0,8,69.2581,0.00167264
1536,17,17,0,34,12,3.552e-05
1537,17,17,0,8,51.5882,0.0007952
1538,10,10,0,20,12,2.096e-05
1539,66,52,17,10,63.8846,0.00288856
1540,35,35,0,70,12.0571,8.224e-05
1541,60,51,9,8,64.4314,0.0028698
1542,70,60,10,8,72.6167,0.00343352
1543,16,16,0,8,77,0.00074616
1544,38,38,0,76,12.0526,9.648e-05
1545,24,22,2,10,72.8182,0.00111104
1546,41,41,0,82,12.0488,0.00010048
1547,11,11,0,8,77.1818,0.00047936
1548,9,9,0,18,12,1.888e-05
1549,16,16,0,32,12,3.6e-05
1550,7,7,0,14,12,1.472e-05
1551,26,24,3,8,66.5417,0.00123504
1552,26,23,3,8,72.9565,0.00118776
1553,144,125,25,8,82.288,0.00737316
1554,59,49,13,8,82.1837,0.00277972
1555,13,13,0,26,12,2.784e-05
1556,13,13,0,26,12,2.72e-05
1557,108,108,0,216,12.0556,0.00027984
1558,39,39,0,78,12.0513,9.152e-05
1559,91,82,9,8,81.3659,0.00477216
1560,67,67,0,134,12.0597,0.00016256
1561,50,45,5,8,80.8889,0.00250896
1562,40,40,0,80,12.05,9.232e-05
1563,35,27,8,8,74.6667,0.00142076
1564,77,65,21,8,69.6769,0.00371704
1565,99,85,18,8,66.6,0.00493188
1566,21,21,0,42,12.0476,4.96e-05
1567,45,45,0,90,12.0444,0.00010432
1568,52,52,0,104,12.0385,0.00011696
1569,91,89,2,8,75.8539,0.0051566
1570,280,256,24,8,65.5195,0.0152713
1571,36,29,7,8,72.3793,0.00153192
1572,64,64,0,128,12.0469,0.0001448
1573,184,184,0,368,12.0598,0.00044496
1574,23,23,0,46,12.0435,5.248e-05
1575,175,136,52,10,74.6471,0.00803856
1576,142,117,35,10,72.2906,0.00689456
1577,102,102,0,204,12.0588,0.00027056
1578,101,101,0,202,12.0693,0.00028896
1579,40,30,16,8,76.8,0.00161976
1580,16,16,0,32,12,3.344e-05
1581,19,18,1,8,75.5,0.00087464
1582,16,16,0,8,79.9375,0.000766
1583,11,11,0,22,12,2.304e-05
1584,9,9,0,18,12,1.888e-05
1585,34,34,0,8,49.9118,0.00184168
1586,18,18,0,36,12,3.76e-05
1587,210,186,26,8,81.2258,0.0110323
1588,148,148,0,296,12.0608,0.00040112
1589,10,10,0,8,76.3,0.00042112
1590,6,6,0,12,12,1.264e-05
1591,36,28,11,10,81.3929,0.00151096
1592,12,8,4,8,69.5,0.0002884
1593,25,25,0,50,12.04,6.176e-05
1594,165,155,10,8,54.1032,0.0091708
1595,44,34,11,8,81.6765,0.00183524
1596,6,6,0,12,12,1.264e-05
1597,27,19,8,10,80.8421,0.00088048
1598,91,91,0,182,12.0549,0.0002032
1599,27,27,0,54,12.037,6.976e-05
1600,18,18,0,36,12.0556,4.304e-05
1601,28,23,5,10,80.087,0.00119752
1602,19,19,0,38,12.0526,4.672e-05
1603,63,61,2,8,71.7541,0.00346496
1604,41,41,0,82,12.0488,9.12e-05
1605,26,26,0,8,77.6538,0.00137936
1606,11,11,0,6,76.6364,0.0004902
1607,14,14,0,28,12,2.928e-05
1608,7,7,0,14,12,1.472e-05
1609,23,23,0,8,43.3478,0.00118112
1610,13,13,0,26,12,2.72e-05
1611,138,128,10,8,68.7969,0.0075416
1612,29,29,0,8,60.4828,0.00152128
1613,74,74,0,148,12.0541,0.00016912
1614,19,19,0,8,60.9474,0.00094644
1615,16,16,0,32,12,3.344e-05
1616,11,11,0,22,12,2.304e-05
1617,63,63,0,8,60.6349,0.00358604
1618,33,33,0,66,12.0303,6.88e-05
1619,20,20,0,8,58.95,0.00098784
1620,34,31,3,8,76.5484,0.00167836
1621,11,11,0,22,12,2.304e-05
1622,187,148,52,10,78.0135,0.0087184
1623,18,18,0,36,12,3.76e-05
1624,114,114,0,228,12.0614,0.00029904
1625,147,132,18,8,69.6061,0.0077794
1626,10,7,3,8,77.1429,0.00024128
1627,92,92,0,184,12.0543,0.0002104
1628,5,5,0,10,12,1.056e-05
1629,118,112,6,8,55.0625,0.0065636
1630,35,25,10,8,74.44,0.00131532
1631,66,66,0,132,12.0455,0.00014832
1632,20,20,0,40,12.05,5.296e-05
1633,11,11,0,8,54.2727,0.00044296
1634,7,7,0,14,12,1.472e-05
1635,9,9,0,8,46.8889,0.00031912
1636,6,6,0,12,12,1.264e-05
1637,38,38,0,8,59.2632,0.002082
1638,69,69,0,8,70.2319,0.00394852
1639,20,20,0,40,12.05,4.176e-05
1640,36,36,0,72,12.0278,7.504e-05
1641,114,95,25,8,70.7474,0.00553656
1642,61,61,0,122,12.0492,0.0001472
1643,167,154,13,8,80.4351,0.00913104
1644,118,118,0,236,12.0593,0.00029968
1645,8,7,1,8,86.5714,0.0002252
1646,5,5,0,10,12,1.056e-05
1647,17,16,1,8,72.1875,0.00076512
1648,188,158,33,8,80.9051,0.00934796
1649,81,69,12,8,74.2464,0.0039716
1650,9,9,0,18,12,1.92e-05
1651,116,116,0,232,12.0603,0.0002968
1652,49,49,0,98,12.0612,0.00012
1653,50,43,7,8,78.4651,0.00238376
1654,35,35,0,70,12.0571,8.064e-05
1655,65,55,12,8,81.9455,0.00313844
1656,74,65,9,10,76.0308,0.00371576
1657,41,41,0,82,12.0488,0.00010496
1658,11,10,1,8,81.2,0.00039408
1659,156,149,7,8,71.6242,0.00883136
1660,45,45,0,90,12.0444,0.00010464
1661,7,7,0,14,12,1.472e-05
1662,92,92,0,184,12.0543,0.00020592
1663,20,20,0,8,80.55,0.000998
1664,11,11,0,22,12,2.304e-05
1665,235,210,36,10,73.5333,0.0125218
1666,183,183,0,366,12.071,0.000528
1667,22,18,4,8,68.4444,0.00090388
1668,11,11,0,22,12,2.304e-05
1669,72,64,8,8,65.5156,0.0036394
1670,56,46,12,8,68.413,0.00258864
1671,265,253,18,8,69.4348,0.0151054
1672,39,39,0,78,12.0513,8.512e-05
1673,24,24,0,48,12.0417,5.008e-05
1674,16,16,0,8,71.625,0.00076132
1675,140,140,0,280,12.05,0.0003048
1676,9,9,0,18,12,1.888e-05
1677,20,20,0,8,70.9,0.00099632
1678,31,31,0,8,70.6774,0.00168668
1679,11,11,0,22,12,2.304e-05
1680,17,17,0,34,12,3.552e-05
1681,42,41,1,8,74.0488,0.002279
1682,22,22,0,44,12.0455,4.592e-05
1683,17,17,0,8,73.8235,0.00081632
1684,10,10,0,20,12,2.096e-05
1685,32,25,7,8,86.16,0.00132932
1686,44,38,6,8,80.7368,0.00208572
1687,19,19,0,38,12.0526,4.896e-05
1688,89,88,1,8,81.1591,0.00511372
1689,30,24,6,8,82.125,0.00124548
1690,22,22,0,44,12.0455,4.72e-05
1691,61,61,0,122,12.0492,0.00013664
1692,15,15,0,30,12,3.232e-05
1693,33,26,7,8,77.6538,0.00134624
1694,20,20,0,40,12.05,4.752e-05
1695,64,58,6,10,81.3448,0.00329488
1696,36,36,0,72,12.0556,8.08e-05
1697,49,41,8,8,56.5366,0.00228456
1698,28,28,0,56,12.0357,6.544e-05
1699,27,27,0,8,62.2222,0.00141496
1700,15,15,0,30,12,3.136e-05
1701,10,10,0,8,63.8,0.00040128
1702,6,6,0,12,12,1.264e-05
1703,16,16,0,8,64.9375,0.00076624
1704,9,9,0,18,12,1.888e-05
1705,26,26,0,8,65.5769,0.00139304
1706,13,13,0,8,61.1538,0.00060568
1707,97,78,20,8,78.9231,0.00452152
1708,14,14,0,28,12,2.928e-05
1709,8,8,0,16,12,1.68e-05
1710,57,57,0,114,12.0526,0.00015136
1711,71,59,12,10,78.661,0.0033016
1712,43,33,12,8,81.0909,0.00178648
1713,49,49,0,98,12.0612,0.00012512
1714,24,24,0,48,12.0417,6e-05
1715,38,37,1,10,76.8649,0.00195328
1716,31,31,0,62,12.0323,6.912e-05
1717,81,81,0,8,79.6173,0.00467232
1718,185,170,16,8,68.1059,0.0100744
1719,42,42,0,84,12.0476,8.752e-05
1720,106,106,0,212,12.0566,0.00024016
1721,31,31,0,8,50.2903,0.00164832
1722,17,17,0,34,12,3.552e-05
1723,47,47,0,8,52.5745,0.0026102
1724,25,25,0,50,12.04,5.216e-05
1725,47,47,0,8,48.6596,0.00264136
1726,25,25,0,50,12.04,5.216e-05
1727,12,12,0,8,41.3333,0.00049324
1728,129,104,25,6,74.6442,0.00611488
1729,7,7,0,14,12,1.472e-05
1730,78,78,0,156,12.0641,0.00020496
1731,13,13,0,8,61.3077,0.0005996
1732,68,60,8,10,77.7833,0.00339448
1733,8,8,0,16,12,1.68e-05
1734,40,40,0,80,12.05,9.424e-05
1735,107,102,5,8,80.5,0.00595708
1736,34,24,15,10,77.6667,0.00117688
1737,69,69,0,138,12.058,0.00016
1738,22,22,0,44,12.0455,5.328e-05
1739,70,58,16,10,76.2759,0.00332648
1740,70,56,14,8,79.0714,0.00318856
1741,41,41,0,82,12.0488,0.0001008
1742,37,37,0,74,12.0541,9.056e-05
1743,26,21,5,8,80.9524,0.00109216
1744,19,14,5,8,77.4286,0.00062544
1745,17,17,0,34,12,3.936e-05
1746,56,43,15,8,77.3023,0.00237108
1747,80,66,15,8,80.3485,0.00377488
1748,10,10,0,20,12,2.352e-05
1749,37,37,0,74,12.0541,9.728e-05
1750,45,45,0,90,12.0444,0.00010848
1751,60,49,18,10,78.5714,0.00278128
1752,28,19,12,10,74.8421,0.00090848
1753,42,42,0,84,12.0476,0.00010608
1754,55,41,21,8,75.878,0.00225544
1755,320,303,21,6,73.1353,0.0181502
1756,17,17,0,34,12.0588,4.096e-05
1757,13,13,0,8,78.5385,0.00057684
1758,35,35,0,70,12.0571,8.768e-05
1759,34,30,4,8,76.6333,0.00162936
1760,186,186,0,372,12.0538,0.00042
1761,54,49,5,8,74.2653,0.00277572
1762,8,8,0,16,12,1.68e-05
1763,207,188,19,8,67.8245,0.0111465
1764,23,23,0,46,12.0435,5.568e-05
1765,34,34,0,68,12.0294,7.6e-05
1766,122,122,0,244,12.0492,0.00027824
1767,97,77,25,10,73.3896,0.00439344
1768,6,6,0,8,71,0.00018188
1769,61,61,0,122,12.0656,0.0001616
1770,4,4,0,8,12,8.48e-06
1771,152,139,16,10,74.8633,0.00821024
1772,15,12,3,8,84.0833,0.00052716
1773,100,100,0,200,12.05,0.00023536
1774,8,8,0,16,12,1.68e-05
1775,64,61,3,8,78.0164,0.0035136
1776,33,33,0,66,12.0303,6.944e-05
1777,61,50,19,8,76.78,0.00284056
1778,47,44,3,10,79.8409,0.00243024
1779,34,34,0,68,12.0588,8.08e-05
1780,31,31,0,62,12.0323,7.168e-05
1781,109,98,12,8,69.4592,0.005703
1782,28,28,0,8,71.0714,0.00148964
1783,63,63,0,126,12.0476,0.00014208
1784,15,15,0,30,12,3.136e-05
1785,23,23,0,8,67.087,0.00121496
1786,13,13,0,26,12,2.72e-05
1787,60,60,0,8,65.4667,0.00344164
1788,31,31,0,62,12.0323,6.464e-05
1789,14,14,0,8,58,0.00065548
1790,8,8,0,16,12,1.68e-05
1791,92,78,14,8,74.2564,0.00450424
1792,12,12,0,8,62.5,0.0004964
1793,51,51,0,102,12.0588,0.00012032
1794,7,7,0,14,12,1.472e-05
1795,72,61,16,10,81.459,0.00344192
1796,52,52,0,104,12.0577,0.00013008
1797,30,22,8,8,75.6364,0.0011236
1798,11,11,0,8,79.6364,0.00047212
1799,39,36,3,10,80.6944,0.00195296
1800,19,19,0,38,12.0526,4.544e-05
1801,7,7,0,14,12,1.472e-05
1802,47,42,5,10,81.4762,0.00232416
1803,23,23,0,46,12.0435,5.248e-05
1804,31,31,0,62,12.0323,7.616e-05
1805,7,7,0,8,66.7143,0.00023244
1806,5,5,0,10,12,1.056e-05
1807,50,50,0,8,45.22,0.00280732
1808,26,26,0,52,12.0385,5.424e-05
1809,71,71,0,8,67.507,0.00409768
1810,48,43,5,8,60.8372,0.00236872
1811,37,37,0,74,12.027,7.712e-05
1812,27,27,0,54,12.037,6.176e-05
1813,26,24,2,10,61.625,0.00116312
1814,633,609,28,8,68.7668,0.0366327
1815,18,18,0,36,12.0556,4.048e-05
1816,362,362,0,724,12.0525,0.00079216
1817,129,110,21,10,65.9273,0.00640152
1818,74,74,0,148,12.0541,0.0001816
1819,33,33,0,8,77.4848,0.00178224
1820,18,18,0,36,12,3.76e-05
1821,123,99,26,8,77.4848,0.00575624
1822,12,12,0,8,71.8333,0.0004952
1823,75,75,0,150,12.0667,0.00019936
1824,41,32,9,8,77.9062,0.00172212
1825,7,7,0,14,12,1.472e-05
1826,140,129,11,8,61.5116,0.00760796
1827,25,25,0,50,12.04,6.4e-05
1828,78,78,0,156,12.0513,0.0001816
1829,27,27,0,8,74.3704,0.00139968
1830,15,15,0,30,12,3.136e-05
1831,133,123,11,8,80.3171,0.007217
1832,39,32,7,8,78.125,0.00170436
1833,92,92,0,184,12.0543,0.00022896
1834,20,20,0,8,76.15,0.00098924
1835,23,23,0,46,12.0435,5.76e-05
1836,11,11,0,22,12,2.304e-05
1837,140,131,9,8,69.4351,0.0077386
1838,21,21,0,8,76.6667,0.00106784
1839,34,28,6,8,67.5357,0.00151336
1840,38,30,12,8,65.8667,0.00162108
1841,75,75,0,150,12.0533,0.00016576
1842,12,12,0,24,12,2.512e-05
1843,23,23,0,46,12.0435,5.504e-05
1844,23,23,0,46,12.0435,5.376e-05
1845,37,37,0,8,72.2432,0.00202512
1846,13,13,0,8,61.3846,0.00056992
1847,20,20,0,40,12.05,4.176e-05
1848,25,25,0,8,73,0.00133104
1849,8,8,0,16,12,1.68e-05
1850,14,14,0,28,12,2.928e-05
1851,65,65,0,8,73,0.00371124
1852,34,34,0,68,12.0294,7.088e-05
1853,17,17,0,8,71.3529,0.00080048
1854,10,10,0,20,12,2.096e-05
1855,49,49,0,8,63.1429,0.00273172
1856,26,26,0,52,12.0385,5.424e-05
1857,92,87,5,8,80.8046,0.00508076
1858,59,59,0,118,12.0508,0.00014592
1859,18,18,0,8,81.8889,0.00088172
1860,64,50,18,8,81.92,0.00279884
1861,10,10,0,20,12,2.096e-05
1862,38,38,0,76,12.0526,9.648e-05
1863,28,20,10,8,73.25,0.00102924
1864,53,38,17,8,80,0.00210888
1865,18,18,0,36,12.0556,4.464e-05
1866,25,17,9,8,73.8824,0.0008066
1867,33,33,0,66,12.0606,8.192e-05
1868,25,19,6,8,72.7368,0.00096224
1869,15,15,0,30,12,3.776e-05
1870,16,16,0,32,12,3.984e-05
1871,20,20,0,8,68.1,0.001003
1872,67,67,0,8,69.4179,0.0038534
1873,10,10,0,8,75.9,0.00041532
1874,11,11,0,22,12,2.304e-05
1875,35,35,0,70,12.0286,7.296e-05
1876,6,6,0,12,12,1.264e-05
1877,282,253,30,8,79.8221,0.015087
1878,29,29,0,8,74.1724,0.00156648
1879,196,196,0,392,12.0612,0.00049168
1880,16,16,0,32,12,3.344e-05
1881,217,190,33,10,66.2053,0.0112898
1882,175,175,0,350,12.0571,0.00044032
1883,31,23,9,8,83.3043,0.00120708
1884,59,53,6,10,84.9811,0.00294488
1885,25,13,19,8,82.4615,0.00056092
1886,19,19,0,38,12.0526,4.576e-05
1887,47,45,2,8,82.7556,0.00251092
1888,152,128,26,8,78.6719,0.00754436
1889,46,46,0,92,12.0435,0.000108
1890,9,9,0,18,12,2.016e-05
1891,25,25,0,50,12.04,5.28e-05
1892,98,98,0,196,12.0612,0.00026128
1893,172,148,25,8,72.6554,0.00871912
1894,166,154,12,8,68.3377,0.00912436
1895,113,113,0,226,12.0531,0.0002704
1896,103,103,0,206,12.0485,0.00023264
1897,24,24,0,8,49.6667,0.00125464
1898,13,13,0,26,12,2.72e-05
1899,11,11,0,8,53.3636,0.00046084
1900,7,7,0,14,12,1.472e-05
1901,16,15,1,8,76.6667,0.0006884
1902,44,32,12,10,82.4688,0.001656
1903,9,9,0,18,12,1.888e-05
1904,344,315,29,8,76.4508,0.0188721
1905,82,70,13,8,82.1571,0.00400536
1906,28,28,0,56,12.0357,6.992e-05
1907,233,233,0,466,12.0558,0.00054048
1908,60,60,0,120,12.05,0.00014928
1909,25,18,7,8,84.7222,0.00088464
1910,14,14,0,28,12,3.408e-05
1911,35,28,7,10,84.5357,0.0014568
1912,71,60,11,10,81.3667,0.00344144
1913,24,24,0,48,12.0417,5.936e-05
1914,54,54,0,108,12.0556,0.00013936
1915,21,14,7,8,72.6429,0.00066732
1916,34,29,5,8,81.931,0.00154288
1917,127,108,19,8,76.8704,0.00633168
1918,10,10,0,20,12,2.256e-05
1919,22,22,0,44,12.0455,5.328e-05
1920,81,81,0,162,12.0494,0.00018688
1921,8,8,0,8,76.25,0.00029804
1922,5,5,0,10,12,1.056e-05
1923,41,35,6,8,80.6286,0.0019026
1924,41,31,10,8,79.6774,0.00166572
1925,84,68,16,8,85.9853,0.00394408
1926,23,23,0,46,12.0435,5.376e-05
1927,23,23,0,46,12.0435,5.696e-05
1928,62,62,0,124,12.0484,0.00015888
1929,151,121,31,8,79.2727,0.00713892
1930,101,101,0,202,12.0594,0.00025376
1931,15,9,6,8,81.2222,0.00031868
1932,118,106,12,10,72.9717,0.0061668
1933,12,10,2,8,83.2,0.00039984
1934,8,8,0,16,12,1.776e-05
1935,97,97,0,194,12.0619,0.00026656
1936,6,6,0,12,12,1.328e-05
1937,58,47,11,10,64.6596,0.00261504
1938,40,30,15,8,53.7,0.0016192
1939,39,39,0,78,12.0513,9.792e-05
1940,16,16,0,32,12,3.344e-05
1941,59,52,7,8,63.3077,0.00292292
1942,34,34,0,68,12.0588,8.08e-05
1943,77,72,5,8,77.1944,0.00417148
1944,127,118,9,8,76.2373,0.00694872
1945,58,58,0,116,12.0517,0.0001464
1946,84,84,0,168,12.0595,0.00020592
1947,80,70,11,8,68.2429,0.00400612
1948,48,48,0,96,12.0417,0.0001112
1949,38,38,0,8,76.2368,0.00210096
1950,20,20,0,40,12.05,4.176e-05
1951,94,79,15,10,79.8987,0.004562
1952,55,55,0,110,12.0545,0.00013472
1953,112,90,33,10,67.0333,0.00524712
1954,70,70,0,140,12.0571,0.00018096
1955,57,46,16,8,72.8043,0.0025684
1956,36,36,0,72,12.0556,8.368e-05
1957,107,77,37,8,71.4026,0.00447116
1958,12,12,0,8,45.0833,0.00050656
1959,60,60,0,120,12.0667,0.0001624
1960,7,7,0,14,12,1.472e-05
1961,75,67,8,8,76.7015,0.0038592
1962,22,19,3,8,76.3684,0.00092668
1963,35,26,9,8,78.5385,0.00138056
1964,50,50,0,100,12.06,0.00012432
1965,11,11,0,22,12,2.4e-05
1966,23,23,0,46,12.0435,5.248e-05
1967,31,24,7,8,74.7917,0.00125408
1968,44,37,7,8,75.8919,0.00203052
1969,16,16,0,32,12,3.536e-05
1970,22,21,1,10,74.2857,0.001092
1971,26,26,0,52,12.0385,6e-05
1972,11,11,0,8,76.9091,0.00044972
1973,15,15,0,30,12,3.328e-05
1974,75,62,13,8,75.9516,0.00356564
1975,7,7,0,14,12,1.472e-05
1976,338,289,58,8,78.6367,0.0172582
1977,43,43,0,86,12.0465,0.00010688
1978,233,233,0,466,12.0601,0.00059712
1979,116,102,15,8,72.6569,0.0059622
1980,70,70,0,140,12.0429,0.00015728
1981,16,16,0,8,69.8125,0.00076196
1982,57,49,8,8,77.6327,0.00275792
1983,9,9,0,18,12,1.888e-05
1984,31,31,0,62,12.0323,7.2e-05
1985,65,62,3,10,80.2419,0.00347384
1986,48,48,0,96,12.0417,0.00010672
1987,72,54,18,8,66.5556,0.0030802
1988,40,40,0,80,12.05,9.2e-05
1989,104,85,19,10,76.2118,0.00490152
1990,75,61,15,8,71.8361,0.003483
1991,70,70,0,140,12.0571,0.00018448
1992,41,41,0,82,12.0488,9.12e-05
1993,85,73,20,8,69.589,0.0042244
1994,38,27,14,10,82.2222,0.00141136
1995,43,43,0,86,12.0465,9.536e-05
1996,25,25,0,50,12.04,6.464e-05
1997,116,106,10,8,80.7264,0.00620872
1998,61,49,14,8,84.102,0.00276624
1999,74,74,0,148,12.0541,0.00017584
2000,40,40,0,80,12.05,0.0001048
2001,44,33,12,8,85.5455,0.00180144
2002,26,26,0,52,12.0385,6.768e-05
2003,16,16,0,8,80.4375,0.00074464
2004,238,194,53,10,79.0876,0.0114441
2005,89,83,6,8,77.6627,0.00479296
2006,9,9,0,18,12,1.888e-05
2007,164,164,0,328,12.061,0.00042288
2008,58,58,0,116,12.0517,0.00013008
2009,38,33,5,6,75.0606,0.00182056
2010,58,48,14,8,79.2917,0.00268312
2011,28,28,0,56,12.0357,6.352e-05
2012,40,40,0,80,12.05,9.584e-05
2013,80,66,14,8,81.0909,0.00380024
2014,42,42,0,84,12.0476,0.00010096
2015,8,8,0,8,76.25,0.00028852
2016,21,17,4,8,77.4118,0.00084132
2017,5,5,0,10,12,1.056e-05
2018,12,12,0,24,12,2.64e-05
2019,9,9,0,8,56.2222,0.0003382
2020,13,13,0,8,62.2308,0.00055492
2021,15,15,0,8,67.9333,0.00069324
2022,6,6,0,12,12,1.264e-05
2023,27,27,0,8,66.8148,0.00141616
2024,8,8,0,16,12,1.68e-05
2025,18,18,0,8,71.6111,0.0009104
2026,9,9,0,18,12,1.888e-05
2027,15,15,0,30,12,3.136e-05
2028,10,10,0,20,12,2.096e-05
2029,44,44,0,8,71.3636,0.00245636
2030,34,34,0,8,64.6176,0.00184444
2031,23,23,0,46,12.0435,4.8e-05
2032,18,18,0,36,12,3.76e-05
2033,34,34,0,8,60.4118,0.00187332
2034,33,33,0,8,65.8788,0.00180104
2035,18,18,0,36,12,3.76e-05
2036,17,17,0,8,58.1765,0.00084568
2037,18,18,0,36,12,3.76e-05
2038,10,10,0,20,12,2.096e-05
2039,69,54,26,10,73.4444,0.00302632
2040,56,41,16,8,73.0244,0.00226768
2041,14,14,0,8,60.8571,0.00062228
2042,136,119,17,8,78.521,0.00697444
2043,83,72,11,10,81.0972,0.00415712
2044,47,47,0,94,12.0638,0.0001264
2045,140,134,6,8,65.1716,0.00791444
2046,23,14,13,8,58.5,0.0006426
2047,33,33,0,66,12.0606,8.544e-05
2048,8,8,0,16,12,1.68e-05
2049,89,89,0,178,12.0562,0.00022848
2050,63,63,0,126,12.0635,0.00016896
2051,81,81,0,162,12.0494,0.00017952
2052,12,12,0,24,12,2.992e-05
2053,53,44,9,8,78.7273,0.0024686
2054,32,32,0,64,12.0625,8.08e-05
2055,113,106,7,8,77.9717,0.00618468
2056,59,59,0,118,12.0508,0.00012864
2057,15,15,0,8,50.3333,0.0006976
2058,9,9,0,18,12,1.888e-05
2059,34,34,0,8,65.7353,0.00182528
2060,70,65,5,8,76.0462,0.00372144
2061,18,18,0,36,12,3.76e-05
2062,44,44,0,88,12.0455,0.0001016
2063,162,156,6,10,74.1795,0.00917776
2064,21,13,10,8,81.1538,0.00057256
2065,40,33,9,8,77.4545,0.00180448
2066,91,91,0,182,12.044,0.00019936
2067,10,10,0,20,12,2.192e-05
2068,20,20,0,8,82.85,0.00103368
2069,199,182,18,8,65.3736,0.0108227
2070,23,23,0,46,12.0435,5.504e-05
2071,115,100,15,10,77.68,0.0057812
2072,11,11,0,22,12,2.304e-05
2073,118,118,0,236,12.0508,0.00027056
2074,27,27,0,8,80.963,0.00143864
2075,78,78,0,156,12.0641,0.00020112
2076,15,15,0,30,12,3.136e-05
2077,22,21,1,10,72.0952,0.00105112
2078,93,90,3,8,69.1778,0.00524412
2079,82,71,11,8,75.7887,0.00408632
2080,15,15,0,30,12,3.328e-05
2081,55,55,0,110,12.0545,0.00012096
2082,17,17,0,8,63,0.00084452
2083,49,49,0,98,12.0408,0.00011296
2084,10,10,0,20,12,2.096e-05
2085,38,38,0,8,66.5789,0.0021082
2086,20,20,0,40,12.05,4.176e-05
2087,200,179,21,8,79.2793,0.0106484
2088,125,105,23,10,79.4571,0.00612992
2089,149,140,9,8,77.85,0.00828388
2090,135,135,0,270,12.0593,0.00034464
2091,83,83,0,166,12.0602,0.000216
2092,93,93,0,186,12.0538,0.00021984
2093,21,21,0,8,79.4762,0.00108328
2094,12,12,0,24,12,2.512e-05
2095,63,53,10,8,78.7736,0.00298392
2096,36,36,0,72,12.0556,8.944e-05
2097,38,32,6,8,75.4062,0.0017278
2098,58,46,12,8,80.4565,0.00256328
2099,24,15,16,8,80.6667,0.00069096
2100,25,25,0,50,12.04,5.92e-05
2101,32,32,0,64,12.0312,7.472e-05
2102,13,13,0,26,12,3.04e-05
2103,15,15,0,8,75.6,0.00069584
2104,183,172,11,10,76.0349,0.0102182
2105,9,9,0,18,12,1.888e-05
2106,116,116,0,232,12.0517,0.00026864
2107,33,25,9,8,74.24,0.00129016
2108,130,120,10,8,78.6417,0.00705864
2109,57,49,8,8,77.0204,0.00274728
2110,39,32,7,10,76.0312,0.00165904
2111,76,67,11,8,76.5075,0.00386404
2112,18,18,0,36,12.0556,4.272e-05
2113,81,81,0,162,12.0494,0.00019008
2114,35,35,0,70,12.0571,8.384e-05
2115,27,27,0,54,12.037,6.464e-05
2116,47,47,0,94,12.0426,0.00010688
2117,20,12,8,8,80.75,0.00051472
2118,10,10,0,20,12,2.288e-05
2119,35,33,2,8,82.7273,0.0017976
2120,19,19,0,38,12.0526,4.096e-05
2121,58,57,1,8,83.5439,0.00326836
2122,40,40,0,80,12.05,8.976e-05
2123,11,11,0,8,80.6364,0.00048312
2124,7,7,0,14,12,1.472e-05
2125,362,321,51,8,77.9907,0.0191931
2126,238,238,0,476,12.0588,0.00058416
2127,70,58,12,8,77.8103,0.0032984
2128,50,50,0,100,12.06,0.00012432
2129,97,85,12,8,80.4941,0.00496516
2130,12,8,6,8,82.625,0.00026868
2131,67,67,0,134,12.0597,0.000168
2132,52,49,3,8,79.1224,0.00277932
2133,6,6,0,12,12,1.264e-05
2134,34,34,0,68,12.0588,8.016e-05
2135,56,53,3,8,79.6038,0.00302804
2136,44,31,16,8,79.7742,0.00167144
2137,30,30,0,60,12.0333,6.352e-05
2138,27,27,0,54,12.037,6.688e-05
2139,134,121,13,10,82.5372,0.00705552
2140,39,27,12,8,69.6667,0.0014162
2141,84,66,20,10,82.697,0.00380488
2142,235,220,15,8,73.1955,0.013119
2143,79,68,18,8,77.6471,0.00390472
2144,111,111,0,222,12.0631,0.00029024
2145,20,20,0,40,12.05,4.88e-05
2146,230,217,13,8,40.6452,0.0129458
2147,59,59,0,118,12.0678,0.00016288
2148,136,136,0,272,12.0515,0.00030928
2149,50,50,0,100,12.04,0.00011248
2150,120,120,0,240,12.05,0.00025616
2151,59,50,10,10,83,0.00273408
2152,45,45,0,90,12.0444,0.00011776
2153,32,22,12,8,70.4091,0.00114108
2154,38,30,8,8,83.7667,0.00158972
2155,52,42,10,8,85.1905,0.00231876
2156,19,19,0,38,12.0526,4.672e-05
2157,23,23,0,46,12.0435,5.344e-05
2158,72,62,10,8,85.8226,0.00352784
2159,31,31,0,62,12.0323,7.904e-05
2160,54,54,0,108,12.0556,0.00013488
2161,14,11,3,8,80.3636,0.00045356
2162,7,7,0,14,12,1.504e-05
2163,22,22,0,8,50.6818,0.00110988
2164,12,12,0,24,12,2.512e-05
2165,136,118,20,8,74.7627,0.00690664
2166,70,56,22,8,78.4286,0.00320484
2167,80,80,0,160,12.0625,0.00020112
2168,40,40,0,80,12.05,0.0001016
2169,34,25,14,8,80.68,0.00133032
2170,20,20,0,40,12.05,4.56e-05
2171,451,398,53,10,70.9573,0.0238062
2172,363,363,0,726,12.0661,0.00099712
2173,48,40,8,8,78.25,0.0022128
2174,28,28,0,56,12.0357,6.416e-05
2175,20,19,1,8,75.8947,0.00095916
2176,38,30,8,8,78.0333,0.00160568
2177,10,10,0,20,12,2.128e-05
2178,23,23,0,46,12.0435,5.408e-05
2179,29,24,5,8,78.5833,0.00123176
2180,46,39,12,10,80.641,0.00209952
2181,17,17,0,34,12.0588,4.16e-05
2182,29,29,0,58,12.0345,7.264e-05
2183,49,41,8,8,70.3415,0.00228912
2184,60,52,8,8,67.3462,0.00295968
2185,28,28,0,56,12.0357,6.384e-05
2186,34,34,0,68,12.0294,7.664e-05
2187,8,8,0,8,61.375,0.000274
2188,5,5,0,10,12,1.056e-05
2189,9,9,0,8,69.4444,0.00033056
2190,6,6,0,12,12,1.264e-05
2191,17,17,0,8,58.0588,0.000837
2192,10,10,0,20,12,2.096e-05
2193,139,126,20,10,54.4444,0.00737144
2194,75,75,0,150,12.0533,0.00017056
2195,18,18,0,8,64.8889,0.0008784
2196,34,26,8,8,33.7692,0.00137092
2197,10,10,0,20,12,2.096e-05
2198,22,18,4,8,50.8333,0.00090824
2199,21,21,0,42,12.0476,4.96e-05
2200,13,13,0,26,12,2.976e-05
2201,18,18,0,8,25.9444,0.00089868
2202,10,10,0,20,12,2.096e-05
2203,173,154,23,8,59.0455,0.00913652
2204,93,93,0,186,12.0538,0.00021792
2205,51,41,16,8,76.122,0.00224816
2206,31,31,0,8,53.1613,0.00164936
2207,22,22,0,44,12.0455,4.592e-05
2208,6,6,0,8,55.6667,0.00017264
2209,17,17,0,34,12,3.552e-05
2210,18,18,0,8,53.0556,0.00090968
2211,26,26,0,8,50.0769,0.00138088
2212,4,4,0,8,12,8.48e-06
2213,10,10,0,20,12,2.096e-05
2214,14,14,0,28,12,2.928e-05
2215,12,12,0,8,32.9167,0.00052904
2216,14,14,0,8,40.7143,0.00064736
2217,62,62,0,8,39.4516,0.00355644
2218,7,7,0,14,12,1.472e-05
2219,8,8,0,16,12,1.68e-05
2220,32,32,0,64,12.0312,6.672e-05
2221,20,20,0,8,20.8,0.00101376
2222,11,11,0,22,12,2.304e-05
2223,60,60,0,8,39.9167,0.00344932
2224,31,31,0,62,12.0323,6.464e-05
2225,16,16,0,8,35.625,0.00074696
2226,9,9,0,18,12,1.888e-05
2227,45,45,0,8,49.4889,0.0025106
2228,26,26,0,8,57.6538,0.00137088
2229,24,24,0,48,12.0417,5.008e-05
2230,14,14,0,28,12,2.928e-05
2231,50,50,0,8,45.36,0.00283884
2232,26,26,0,52,12.0385,5.424e-05
2233,57,48,9,10,71.8333,0.00262744
2234,179,160,29,10,69.9938,0.00948816
2235,54,45,9,8,80.6222,0.0025408
2236,31,31,0,62,12.0323,7.04e-05
2237,35,32,3,10,82.0938,0.001674
2238,141,141,0,282,12.0709,0.00040864
2239,31,31,0,62,12.0323,7.616e-05
2240,26,26,0,52,12.0385,6.064e-05
2241,39,29,10,10,76.4828,0.0015048
2242,103,92,11,8,60.337,0.00536892
2243,39,32,7,8,68.4688,0.00175944
2244,24,24,0,48,12.0417,5.776e-05
2245,63,63,0,126,12.0476,0.0001504
2246,24,24,0,48,12.0417,5.904e-05
2247,61,54,7,8,50.3148,0.00304996
2248,26,22,6,10,68.5909,0.00108344
2249,34,34,0,68,12.0294,7.664e-05
2250,17,17,0,34,12,3.904e-05
2251,12,12,0,8,46.75,0.00054132
2252,27,27,0,8,56.8519,0.0014384
2253,7,7,0,14,12,1.472e-05
2254,15,15,0,30,12,3.136e-05
2255,55,55,0,8,39.4727,0.00314776
2256,29,29,0,58,12.0345,6.048e-05
2257,109,90,28,8,65.6444,0.00524864
2258,56,56,0,112,12.0536,0.00013488
2259,86,74,12,10,72.8919,0.00423496
2260,103,88,17,8,70,0.00510432
2261,74,62,12,8,80.0161,0.00352384
2262,64,64,0,128,12.0625,0.0001656
2263,65,65,0,130,12.0615,0.00015744
2264,50,50,0,100,12.06,0.00013072
2265,35,28,7,10,70.8929,0.00142408
2266,52,45,7,8,70.8222,0.00252156
2267,20,20,0,40,12.05,4.496e-05
2268,40,40,0,80,12.05,9.808e-05
2269,40,28,16,8,66.5357,0.00147892
2270,23,23,0,46,12.0435,5.6e-05
2271,16,16,0,8,61.0625,0.00076416
2272,163,131,41,8,67.9847,0.00769928
2273,9,9,0,18,12,1.888e-05
2274,98,98,0,196,12.0612,0.00025936
2275,20,20,0,8,68.05,0.00100928
2276,26,24,2,8,70.8333,0.00126416
2277,11,11,0,22,12,2.304e-05
2278,14,14,0,28,12,3.024e-05
2279,30,27,3,10,52.6667,0.0013596
2280,22,22,0,44,12.0455,4.976e-05
2281,103,103,0,8,46.8155,0.00600992
2282,53,53,0,106,12.0377,0.0001104
2283,245,199,66,8,67.1759,0.0118254
2284,82,66,17,10,65.0606,0.00373
2285,139,139,0,278,12.0576,0.00035808
2286,50,50,0,100,12.06,0.00012912
2287,57,47,10,10,73.7021,0.00261608
2288,39,39,0,78,12.0513,9.792e-05
2289,30,23,11,8,62.7391,0.00118504
2290,170,165,5,8,80.8242,0.00976836
2291,20,20,0,40,12.05,4.848e-05
2292,9,9,0,8,75.8889,0.00035496
2293,6,6,0,12,12,1.264e-05
2294,42,42,0,8,38.8571,0.00234544
2295,22,22,0,44,12.0455,4.592e-05
2296,28,28,0,8,34.75,0.00150984
2297,15,15,0,30,12,3.136e-05
2298,57,57,0,8,47.9649,0.00321804
2299,30,30,0,60,12.0333,6.256e-05
2300,169,142,39,10,68.4789,0.00832544
2301,96,96,0,192,12.0625,0.0002392
2302,166,165,1,8,59.1273,0.00976152
2303,102,102,0,204,12.049,0.00022384
2304,69,52,27,6,80.2115,0.00300452
2305,15,15,0,8,76.8667,0.0007134
2306,32,32,0,64,12.0312,6.784e-05
2307,41,33,9,8,79.5152,0.00179468
2308,30,29,1,10,65.3103,0.00146688
2309,9,9,0,18,12,1.888e-05
2310,23,23,0,46,12.0435,5.12e-05
2311,170,153,19,10,52.7059,0.00900448
2312,94,94,0,188,12.0532,0.00022032
2313,132,121,14,8,51.8512,0.007124
2314,73,73,0,146,12.0548,0.00016928
2315,19,19,0,8,28.5789,0.00092052
2316,35,35,0,8,49.9714,0.00189048
2317,11,11,0,22,12,2.304e-05
2318,19,19,0,38,12.0526,3.968e-05
2319,190,144,63,8,57.7014,0.00849452
2320,110,110,0,220,12.0636,0.00029616
2321,22,19,5,8,74.6842,0.00096408
2322,15,15,0,8,78.7333,0.00069296
2323,110,92,26,6,77.7717,0.00544608
2324,12,12,0,24,12,2.576e-05
2325,9,9,0,18,12,1.888e-05
2326,57,57,0,114,12.0526,0.00012416
2327,13,13,0,8,21.0769,0.00059308
2328,8,8,0,16,12,1.68e-05
2329,68,68,0,8,35.7206,0.00393004
2330,35,35,0,70,12.0286,7.296e-05
2331,36,36,0,8,46.25,0.00197836
2332,19,19,0,38,12.0526,3.968e-05
2333,91,87,4,8,49.6207,0.00506776
2334,47,47,0,94,12.0426,0.00010048
2335,87,87,0,8,67.2759,0.00505972
2336,45,45,0,90,12.0444,9.376e-05
2337,94,93,1,8,80.6237,0.00540404
2338,75,75,0,150,12.0533,0.00016832
2339,338,270,75,8,76.9222,0.0161126
2340,14,14,0,8,71.7143,0.00063824
2341,223,223,0,446,12.0673,0.00061568
2342,8,8,0,16,12,1.68e-05
2343,63,53,10,8,78.0377,0.0030174
2344,111,95,16,8,75.2842,0.00551236
2345,60,45,15,10,82.2667,0.00252824
2346,37,37,0,74,12.0541,9.056e-05
2347,26,17,9,8,75.5294,0.00082612
2348,57,48,9,8,75.5208,0.00268132
2349,71,71,0,142,12.0563,0.00017728
2350,41,41,0,82,12.0488,9.824e-05
2351,63,47,16,8,80.5319,0.00263468
2352,15,15,0,30,12,3.52e-05
2353,32,32,0,64,12.0312,7.056e-05
2354,42,42,0,84,12.0476,9.936e-05
2355,104,104,0,208,12.0481,0.00022992
2356,24,16,8,8,76.5625,0.00075728
2357,25,18,7,8,81.4444,0.00088228
2358,14,14,0,28,12,3.408e-05
2359,668,596,77,8,80.6779,0.0358635
2360,15,15,0,30,12,3.648e-05
2361,63,58,5,10,74.3103,0.003278
2362,47,47,0,94,12.0426,0.00011808
2363,18,11,7,8,71.6364,0.00043976
2364,81,62,22,8,78.0645,0.00353688
2365,7,7,0,14,12,1.472e-05
2366,127,97,40,10,74.6701,0.0055976
2367,134,97,52,8,77.2784,0.00566184
2368,47,47,0,94,12.0638,0.00012
2369,80,80,0,160,12.0625,0.00022032
2370,81,81,0,162,12.0617,0.00021888
2371,123,104,25,6,77.1827,0.00611476
2372,95,95,0,190,12.0632,0.00024128
2373,24,16,10,8,79.125,0.000768
2374,50,33,23,10,81.4848,0.00170552
2375,156,138,18,8,74.7681,0.00815496
2376,156,139,19,8,81.1367,0.00818484
2377,25,25,0,50,12.04,5.664e-05
2378,17,14,3,8,67.6429,0.00066824
2379,14,14,0,28,12,3.536e-05
2380,28,28,0,56,12.0357,6.864e-05
2381,102,102,0,204,12.0588,0.00024016
2382,19,18,1,8,77.6667,0.00086624
2383,17,12,5,8,77.25,0.000494
2384,59,46,19,8,76.9565,0.00256488
2385,96,96,0,192,12.0521,0.00022096
2386,9,9,0,18,12,2.048e-05
2387,11,11,0,22,12,2.4e-05
2388,9,9,0,18,12,2.08e-05
2389,39,39,0,78,12.0513,9.568e-05
2390,217,187,30,10,81.2674,0.011123
2391,166,166,0,332,12.0602,0.00044464
2392,66,54,12,10,84.8889,0.00299328
2393,43,43,0,86,12.0465,0.00011616
2394,69,59,10,8,77.7797,0.00336136
2395,51,51,0,102,12.0588,0.0001264
2396,98,86,12,8,79.6279,0.00501404
2397,26,16,10,8,77.1875,0.00076228
2398,11,10,1,8,81,0.00042836
2399,54,54,0,108,12.0556,0.00012688
2400,14,14,0,28,12,3.472e-05
2401,7,7,0,14,12,1.472e-05
2402,33,33,0,8,71.5758,0.00179608
2403,18,18,0,36,12,3.76e-05
2404,17,17,0,8,69.4118,0.00082256
2405,10,10,0,20,12,2.096e-05
2406,343,273,85,10,75.5311,0.0162419
2407,228,228,0,456,12.0658,0.00061552
2408,60,49,19,8,82.9592,0.00274744
2409,27,15,19,8,80.6667,0.00070208
2410,39,39,0,78,12.0513,9.024e-05
2411,66,52,14,10,79.5,0.0028544
2412,13,13,0,26,12,3.072e-05
2413,14,14,0,8,81.2857,0.00063084
2414,72,57,17,8,81.1404,0.00325208
2415,46,46,0,92,12.0435,0.00011696
2416,8,8,0,16,12,1.68e-05
2417,44,44,0,88,12.0455,0.00010256
2418,10,7,3,8,81.5714,0.00019784
2419,40,30,13,10,75.3667,0.00161864
2420,22,22,0,8,77.1818,0.00111348
2421,5,5,0,10,12,1.056e-05
2422,26,26,0,8,83.1154,0.00138284
2423,12,12,0,24,12,2.512e-05
2424,14,14,0,28,12,2.928e-05
2425,24,22,2,10,77.3636,0.00108816
2426,39,37,2,10,80.5946,0.00203488
2427,61,57,4,8,77.7193,0.003231
2428,16,16,0,32,12,3.6e-05
2429,147,117,33,8,82.2222,0.00688116
2430,31,31,0,62,12.0323,7.232e-05
2431,38,38,0,76,12.0526,8.432e-05
2432,144,126,21,8,82,0.00741368
2433,99,99,0,198,12.0606,0.00024416
2434,15,10,5,8,79.8,0.000421
2435,118,106,12,8,82.2925,0.00619232
2436,102,102,0,204,12.0588,0.00025264
2437,24,15,9,8,81.0667,0.00068164
2438,7,7,0,14,12,1.472e-05
2439,77,77,0,154,12.0519,0.00017344
2440,13,13,0,26,12,3.072e-05
2441,45,35,10,8,82.3429,0.00189032
2442,427,427,0,854,12.0562,0.00098784
2443,26,17,13,8,86.4118,0.00082248
2444,31,31,0,62,12.0323,7.904e-05
2445,15,15,0,30,12,3.84e-05
2446,124,107,17,8,82.9439,0.00629056
2447,65,53,12,10,84.9623,0.00299032
2448,78,78,0,156,12.0513,0.00018384
2449,38,33,5,10,83.303,0.00179136
2450,44,44,0,88,12.0455,0.00010448
2451,29,29,0,58,12.0345,6.88e-05
2452,21,21,0,8,82.8095,0.0010782
2453,12,12,0,24,12,2.512e-05
2454,41,40,1,10,84.8,0.00214184
2455,226,193,43,8,81.715,0.0114459
2456,34,34,0,68,12.0294,7.6e-05
2457,139,139,0,278,12.0576,0.00031904
2458,18,18,0,8,84.5,0.00085956
2459,10,10,0,20,12,2.096e-05
2460,42,40,2,8,82.35,0.002237
2461,88,75,14,8,82.1067,0.00433228
2462,31,31,0,62,12.0323,7.04e-05
2463,54,54,0,108,12.0556,0.00012368
2464,92,81,13,8,81.5556,0.00470992
2465,56,56,0,112,12.0536,0.00013072
2466,13,13,0,8,81.3077,0.00057364
2467,34,27,7,10,83.9259,0.00138304
2468,8,8,0,16,12,1.68e-05
2469,13,13,0,8,75.1538,0.00060904
2470,23,23,0,46,12.0435,5.76e-05
2471,30,23,7,8,83.3043,0.0011644
2472,8,8,0,16,12,1.68e-05
2473,72,56,18,8,79.625,0.00318452
2474,30,21,18,8,82.0476,0.00105668
2475,42,38,4,8,83.9211,0.00212068
2476,573,519,61,8,77.4066,0.0311645
2477,19,19,0,38,12.0526,4.544e-05
2478,48,48,0,96,12.0417,0.00011408
2479,18,18,0,36,12.0556,4.336e-05
2480,32,32,0,64,12.0312,7.792e-05
2481,340,340,0,680,12.0559,0.0007656
2482,52,46,6,8,82.7826,0.00259232
2483,33,33,0,66,12.0303,7.392e-05
2484,29,29,0,8,82.2759,0.00157784
2485,16,16,0,32,12,3.344e-05
2486,78,64,18,8,80.3125,0.00365752
2487,98,79,23,10,80.3544,0.00459392
2488,75,65,13,10,78.5846,0.00371752
2489,141,119,24,8,77.084,0.00700536
2490,49,49,0,98,12.0612,0.00012736
2491,46,38,8,8,81.2632,0.0021032
2492,66,66,0,132,12.0606,0.000172
2493,56,56,0,112,12.0536,0.00013168
2494,87,87,0,174,12.046,0.00019872
2495,13,13,0,8,85,0.0005546
2496,22,15,11,8,81.0667,0.00070196
2497,63,48,24,8,79.3542,0.00269616
2498,8,8,0,16,12,1.68e-05
2499,39,29,10,10,77.069,0.00149104
2500,37,29,8,8,81.2759,0.00154472
2501,12,12,0,24,12,2.928e-05
2502,27,27,0,54,12.037,6.848e-05
2503,36,34,2,8,81.6471,0.00184672
2504,31,31,0,62,12.0323,6.656e-05
2505,27,27,0,54,12.037,7.072e-05
2506,25,25,0,50,12.04,6.112e-05
2507,29,29,0,58,12.0345,6.944e-05
2508,80,69,15,10,77.4783,0.00399328
2509,58,58,0,116,12.0517,0.00014352
2510,49,34,19,8,74.0588,0.00187076
2511,352,305,51,8,75.3049,0.0182187
2512,31,31,0,62,12.0323,7.552e-05
2513,13,13,0,8,72.5385,0.00056992
2514,218,218,0,436,12.055,0.00050032
2515,93,79,14,10,83.5316,0.00459848
2516,8,8,0,16,12,1.68e-05
2517,157,129,40,10,76.0853,0.0075884
2518,113,113,0,226,12.0619,0.00028864
2519,33,26,7,8,80.1923,0.0013692
2520,132,110,24,8,72.0273,0.00643032
2521,98,78,20,8,72.8333,0.00450664
2522,17,17,0,34,12.0588,4.064e-05
2523,81,81,0,162,12.0494,0.00018752
2524,30,24,6,8,79.0417,0.00126712
2525,69,69,0,138,12.058,0.00017408
2526,10,9,1,8,84.3333,0.00035908
2527,42,33,9,8,82.9697,0.00177616
2528,20,20,0,40,12.05,4.624e-05
2529,26,26,0,52,12.0385,6.928e-05
2530,68,63,5,8,82.2857,0.00357796
2531,50,50,0,100,12.06,0.00012752
2532,334,254,101,8,72.1535,0.0151504
2533,9,9,0,8,59.1111,0.00033752
2534,205,205,0,410,12.0634,0.00055808
2535,6,6,0,12,12,1.264e-05
2536,92,78,14,10,74.9359,0.00443912
2537,60,60,0,120,12.05,0.00014832
2538,36,26,10,10,65.9231,0.0012832
2539,47,33,14,8,61.8788,0.00177616
2540,36,20,16,8,78.35,0.00102424
2541,24,24,0,48,12.0417,6.064e-05
2542,29,29,0,58,12.0345,7.104e-05
2543,14,14,0,28,12,3.312e-05
2544,27,27,0,8,78.2963,0.00142716
2545,15,15,0,30,12,3.136e-05
2546,45,38,7,10,69.0526,0.00206888
2547,20,20,0,8,76.15,0.00101828
2548,29,29,0,58,12.0345,7.392e-05
2549,25,25,0,8,72.68,0.001299
2550,11,11,0,22,12,2.304e-05
2551,14,14,0,28,12,2.928e-05
2552,141,117,39,8,65.0855,0.00686408
2553,77,77,0,154,12.0519,0.00019104
2554,247,203,57,10,78.6059,0.0120996
2555,170,170,0,340,12.0647,0.0004616
2556,51,34,20,8,66.9706,0.00182784
2557,24,15,9,8,79.5333,0.00067652
2558,25,25,0,50,12.04,5.728e-05
2559,144,126,19,8,79.8095,0.00743024
2560,13,13,0,8,72,0.00056736
2561,13,13,0,26,12,3.232e-05
2562,105,105,0,210,12.0571,0.00025216
2563,8,8,0,16,12,1.68e-05
2564,68,56,13,8,79.4107,0.00316348
2565,50,34,19,10,81.2353,0.0018224
2566,40,40,0,80,12.05,9.328e-05
2567,253,222,36,8,80.2928,0.0132503
2568,29,29,0,58,12.0345,7.776e-05
2569,351,308,52,8,78.5909,0.0184328
2570,31,31,0,62,12.0645,7.904e-05
2571,160,160,0,320,12.0563,0.00036464
2572,219,219,0,438,12.0548,0.00049248
2573,328,285,45,8,82.0456,0.0170449
2574,24,23,1,10,81.087,0.00113824
2575,202,202,0,404,12.0594,0.00048464
2576,17,17,0,34,12,3.776e-05
2577,76,62,14,8,82.371,0.00351768
2578,62,52,11,8,84.0577,0.00292084
2579,52,52,0,104,12.0577,0.00013424
2580,39,39,0,78,12.0513,9.664e-05
2581,47,37,10,8,81.4595,0.0020214
2582,10,7,3,8,83.5714,0.0002338
2583,47,37,17,10,82.3243,0.00194736
2584,77,66,15,8,82.4394,0.00378016
2585,30,30,0,60,12.0333,7.888e-05
2586,6,6,0,12,12,1.264e-05
2587,15,13,2,8,79.7692,0.00057504
2588,35,35,0,70,12.0571,9.312e-05
2589,50,50,0,100,12.04,0.00011376
2590,9,9,0,18,12,1.952e-05
2591,26,16,10,8,82,0.00074284
2592,63,63,0,126,12.0476,0.0001552
2593,46,42,4,8,83,0.0023154
2594,13,13,0,26,12,3.168e-05
2595,27,20,9,10,83.15,0.00101888
2596,31,31,0,62,12.0323,7.424e-05
2597,18,18,0,36,12.0556,4.304e-05
2598,131,112,20,8,79.9911,0.00658492
2599,65,55,14,8,71,0.00309892
2600,96,96,0,192,12.0521,0.00023664
2601,35,35,0,70,12.0571,8e-05
2602,99,81,18,8,83.358,0.00469884
2603,6,6,0,12,12,1.264e-05
2604,56,43,13,8,82.093,0.00238932
2605,161,140,24,8,79.6429,0.00828892
2606,69,69,0,138,12.058,0.00017568
2607,34,34,0,68,12.0588,9.008e-05
2608,111,111,0,222,12.0541,0.0002544
2609,45,42,3,8,80.9762,0.00234576
2610,30,30,0,60,12.0333,7.184e-05
2611,53,49,4,8,80.898,0.00276932
2612,167,135,45,8,79.2667,0.00795252
2613,34,34,0,68,12.0294,7.6e-05
2614,110,110,0,220,12.0545,0.0002648
2615,44,33,13,10,80.0606,0.00181376
2616,59,47,12,8,78.9149,0.00261716
2617,29,29,0,58,12.0345,7.872e-05
2618,25,17,8,8,77.7647,0.00082888
2619,30,30,0,60,12.0333,6.768e-05
2620,15,15,0,30,12,3.776e-05
2621,52,41,11,10,79.7561,0.00219328
2622,38,29,9,8,75.1034,0.00153364
2623,62,52,10,10,67.0769,0.00291968
2624,34,34,0,68,12.0588,8.56e-05
2625,72,60,16,10,63.7833,0.0033848
2626,22,22,0,44,12.0455,4.976e-05
2627,50,50,0,100,12.06,0.00013264
2628,94,71,26,8,79.2535,0.00406116
2629,57,57,0,114,12.0526,0.0001376
2630,71,63,8,10,77.3968,0.00352224
2631,53,53,0,106,12.0566,0.0001392
2632,54,54,0,108,12.0556,0.00013744
2633,117,106,11,8,64.2453,0.00620432
2634,38,36,2,10,79.9722,0.00191704
2635,72,72,0,144,12.0556,0.00016208
2636,31,31,0,62,12.0323,7.008e-05
2637,269,226,55,10,81.4204,0.0134334
2638,204,204,0,408,12.0686,0.0005912
2639,121,101,20,8,82.495,0.00591368
2640,40,28,21,8,82.5,0.0015122
2641,82,82,0,164,12.061,0.00021296
2642,20,14,6,8,83.7857,0.0006606
2643,17,17,0,34,12,3.584e-05
2644,91,76,18,8,80.8026,0.0043924
2645,9,9,0,18,12,1.984e-05
2646,39,31,8,8,82.8065,0.00166684
2647,58,58,0,116,12.0517,0.00013776
2648,30,21,10,10,82.9524,0.00098176
2649,27,27,0,54,12.037,6.688e-05
2650,18,18,0,36,12.0556,4.176e-05
2651,34,26,8,8,80.6538,0.00135716
2652,90,69,21,8,83.8406,0.0039842
2653,34,23,12,8,82.6087,0.00119464
2654,17,17,0,34,12,3.776e-05
2655,63,63,0,126,12.0635,0.00016768
2656,21,21,0,42,12.0476,5.408e-05
2657,60,41,21,8,83.4634,0.00226944
2658,50,38,12,8,83.9211,0.00207024
2659,33,33,0,66,12.0606,8.64e-05
2660,31,31,0,62,12.0323,7.776e-05
2661,125,110,15,8,81.4727,0.00646024
2662,30,21,9,8,82.619,0.00104516
2663,96,96,0,192,12.0521,0.00022832
2664,131,110,22,8,79.8182,0.00642324
2665,16,16,0,32,12.0625,3.92e-05
2666,272,257,15,8,80.7198,0.0153623
2667,77,77,0,154,12.0519,0.0001792
2668,24,20,4,10,85.15,0.00101832
2669,168,168,0,336,12.0536,0.0003816
2670,15,15,0,30,12,3.648e-05
2671,27,20,7,8,84.2,0.0009766
2672,194,165,33,8,81.9818,0.00979624
2673,16,16,0,32,12,3.728e-05
2674,117,117,0,234,12.0513,0.00026336
2675,32,26,6,8,83.6154,0.00137528
2676,150,127,26,8,81.6142,0.0074796
2677,31,23,12,8,78.4783,0.00116648
2678,104,88,26,8,82,0.005145
2679,159,143,16,8,78.8811,0.00846688
2680,20,20,0,40,12.05,4.944e-05
2681,95,95,0,190,12.0526,0.00021888
2682,19,19,0,38,12.0526,4.48e-05
2683,65,65,0,130,12.0462,0.00015584
2684,100,100,0,200,12.05,0.00022896
2685,15,15,0,8,82.7333,0.00067768
2686,35,27,9,8,74.037,0.00140956
2687,30,23,10,8,74.2609,0.001161
2688,9,9,0,18,12,1.888e-05
2689,21,21,0,42,12.0476,4.928e-05
2690,20,20,0,40,12.05,4.752e-05
2691,5,5,0,8,63,0.00010936
2692,19,19,0,8,68.6316,0.00092076
2693,4,4,0,8,12,8.48e-06
2694,11,11,0,22,12,2.304e-05
2695,16,16,0,8,76.375,0.00073888
2696,9,9,0,18,12,1.888e-05
2697,250,217,37,8,83.3871,0.0129479
2698,32,21,11,8,85,0.00106312
2699,183,183,0,366,12.0601,0.00045216
2700,19,19,0,38,12.0526,4.768e-05
2701,24,14,10,6,82.4286,0.0007248
2702,20,20,0,40,12.05,4.592e-05
2703,83,71,12,10,83.1831,0.00409936
2704,57,47,11,10,81.8511,0.00263864
2705,60,60,0,120,12.05,0.00015344
2706,93,72,27,8,82.125,0.00414144
2707,89,70,24,8,81.1714,0.00404888
2708,32,24,11,10,79.5417,0.0012656
2709,44,44,0,88,12.0455,0.00011856
2710,223,196,35,8,81.102,0.0116393
2711,62,62,0,124,12.0484,0.00015216
2712,56,56,0,112,12.0536,0.00013456
2713,21,21,0,42,12.0476,5.088e-05
2714,144,144,0,288,12.0556,0.00033328
2715,149,133,21,8,82.0376,0.00781568
2716,5,5,0,8,81.4,7.312e-05
2717,99,99,0,198,12.0606,0.00024448
2718,65,45,20,8,83.4889,0.00251516
2719,4,4,0,8,12,8.48e-06
2720,39,39,0,78,12.0513,9.696e-05
2721,53,43,10,8,83.7907,0.00241048
2722,37,37,0,74,12.0541,8.864e-05
2723,67,58,9,8,78.7931,0.0032836
2724,54,42,12,8,83.1667,0.0023166
2725,36,36,0,72,12.0556,8.016e-05
2726,265,180,142,8,83.2278,0.0107077
2727,28,28,0,56,12.0357,6.448e-05
2728,54,42,12,8,82.2381,0.0023182
2729,32,22,10,10,79.5909,0.00114672
2730,177,177,0,354,12.0621,0.00046432
2731,24,19,5,8,78.5789,0.0009556
2732,34,24,11,10,80.125,0.00118072
2733,32,32,0,64,12.0312,7.92e-05
2734,32,22,10,8,82.2727,0.00112664
2735,19,19,0,38,12.0526,4.8e-05
2736,15,15,0,30,12,3.456e-05
2737,22,22,0,44,12.0455,5.648e-05
2738,19,19,0,38,12.0526,4.544e-05
2739,210,140,85,8,82.5643,0.00825452
2740,141,117,26,8,80.4444,0.00688752
2741,129,129,0,258,12.062,0.00035264
2742,12,10,2,8,81,0.00042264
2743,89,89,0,178,12.0562,0.00020864
2744,63,51,15,8,81.7255,0.00287436
2745,122,102,20,8,81.2941,0.00594348
2746,6,6,0,12,12,1.328e-05
2747,41,41,0,82,12.0488,9.408e-05
2748,83,83,0,166,12.0482,0.00019328
2749,30,30,0,8,77.4,0.00161648
2750,255,221,39,8,82.0226,0.0131343
2751,16,16,0,32,12,3.344e-05
2752,170,170,0,340,12.0588,0.00041296
2753,50,38,12,10,79.6842,0.00201376
2754,19,17,2,8,74.1176,0.0008524
2755,1020,947,85,8,68.7381,0.0570606
2756,32,32,0,64,12.0312,7.792e-05
2757,100,89,11,8,83.5955,0.0051728
2758,10,10,0,20,12,2.192e-05
2759,607,607,0,1214,12.0544,0.0013488
2760,58,43,22,8,83,0.00240748
2761,57,57,0,114,12.0526,0.000136
2762,89,84,5,10,84.1429,0.0048628
2763,32,32,0,64,12.0312,7.184e-05
2764,61,61,0,122,12.0492,0.00013696
2765,19,19,0,8,85.7895,0.00091908
2766,11,11,0,22,12,2.304e-05
2767,24,22,2,10,87,0.00114656
2768,16,16,0,32,12,3.6e-05
2769,68,45,28,8,83.1556,0.00251568
2770,40,40,0,80,12.05,0.00010032
2771,21,16,5,8,83.9375,0.00077164
2772,18,13,5,8,84.3077,0.0005926
2773,78,68,15,8,81.6324,0.00391844
2774,11,11,0,22,12,2.496e-05
2775,8,8,0,16,12,1.68e-05
2776,7,7,0,8,75.4286,0.00021612
2777,50,50,0,100,12.04,0.00011504
2778,87,79,8,10,81.7848,0.00454672
2779,41,34,7,8,81.4118,0.00184964
2780,5,5,0,10,12,1.056e-05
2781,63,63,0,126,12.0476,0.00015552
2782,24,24,0,48,12.0417,5.584e-05
2783,43,33,10,8,82.1515,0.00180524
2784,64,54,10,10,83.7222,0.0030212
2785,89,71,21,8,84.169,0.0040814
2786,23,23,0,46,12.0435,5.472e-05
2787,50,50,0,100,12.06,0.0001256
2788,61,61,0,122,12.0492,0.00014304
2789,15,14,1,8,72.2857,0.00066552
2790,10,10,0,8,77.7,0.00042832
2791,6,6,0,12,12,1.264e-05
2792,95,80,15,8,85.95,0.00465512
2793,60,60,0,120,12.05,0.00014384
2794,84,78,6,10,83.8333,0.00452984
2795,64,64,0,128,12.0469,0.0001512
2796,33,28,5,10,85.5714,0.00141848
2797,53,41,14,10,84.1707,0.00220848
2798,438,386,65,8,69.3912,0.0231277
2799,24,24,0,48,12.0417,5.744e-05
2800,37,37,0,74,12.0541,9.44e-05
2801,257,257,0,514,12.0545,0.0005776
2802,72,61,12,8,83.6885,0.00350808
2803,114,97,17,8,82.7423,0.00564876
2804,55,55,0,110,12.0545,0.00014208
2805,44,31,16,8,83.8065,0.0016644
2806,80,80,0,160,12.05,0.00019504
2807,31,22,9,10,83.9091,0.00107184
2808,218,178,53,8,80.7303,0.0105562
2809,26,26,0,52,12.0385,6.448e-05
2810,165,136,30,8,83.3456,0.00804144
2811,19,19,0,38,12.0526,4.672e-05
2812,147,147,0,294,12.0612,0.00035808
2813,101,87,14,8,82.1724,0.00505548
2814,54,47,7,8,81.1702,0.00261988
2815,111,111,0,222,12.0541,0.00027872
2816,71,71,0,142,12.0563,0.00017248
2817,72,58,15,8,79.2241,0.00329104
2818,37,37,0,74,12.0541,8.448e-05
2819,110,95,17,8,84.7474,0.00556016
2820,44,44,0,88,12.0455,0.00010416
2821,23,23,0,8,84.3043,0.00116772
2822,46,37,9,10,82.4865,0.00200088
2823,69,69,0,138,12.0435,0.00015968
2824,13,13,0,26,12,2.72e-05
2825,32,32,0,64,12.0625,7.792e-05
2826,277,251,29,8,81.5179,0.0149586
2827,171,171,0,342,12.0526,0.00039296
2828,13,13,0,8,81.9231,0.00059164
2829,8,8,0,16,12,1.68e-05
2830,143,118,27,8,79.2712,0.00692616
2831,303,277,36,8,75.7834,0.0165247
2832,25,16,12,8,81.3125,0.00078548
2833,95,95,0,190,12.0526,0.0002256
2834,166,166,0,332,12.0542,0.00036176
2835,14,14,0,28,12,3.44e-05
2836,27,23,4,8,82.3478,0.0012152
2837,14,14,0,28,12,3.152e-05
2838,31,19,12,8,81.5789,0.00093988
2839,17,17,0,34,12.0588,4.096e-05
2840,27,22,5,8,78.4091,0.00113004
2841,119,108,12,8,78.8333,0.00632772
2842,15,15,0,30,12,3.328e-05
2843,29,21,8,8,76.5714,0.00104152
2844,247,220,30,8,76.6909,0.0130867
2845,100,71,42,10,79.3239,0.00400472
2846,78,78,0,156,12.0513,0.00018032
2847,18,18,0,36,12.0556,4.336e-05
2848,168,168,0,336,12.0536,0.00038576
2849,21,21,0,8,77.9048,0.00105104
2850,65,65,0,130,12.0615,0.00016256
2851,8,8,0,16,12,1.68e-05
2852,12,12,0,24,12,2.512e-05
2853,10,10,0,8,76.6,0.00041716
2854,69,59,14,8,82.6102,0.00338408
2855,113,86,36,10,80.3023,0.00497848
2856,28,19,9,10,78.6842,0.0008996
2857,6,6,0,12,12,1.264e-05
2858,53,53,0,106,12.0566,0.00012864
2859,82,82,0,164,12.061,0.00020304
2860,18,18,0,36,12.0556,4.144e-05
2861,49,43,6,10,81.093,0.00240296
2862,9,9,0,8,81.4444,0.00034392
2863,40,40,0,80,12.05,9.328e-05
2864,12,8,4,8,84.25,0.00026436
2865,6,6,0,12,12,1.264e-05
2866,21,14,7,8,83.7143,0.00065264
2867,24,14,10,8,81.7857,0.0006378
2868,86,74,21,8,81.5541,0.0042602
2869,6,6,0,12,12,1.264e-05
2870,11,11,0,22,12,2.624e-05
2871,8,8,0,16,12,1.68e-05
2872,42,42,0,84,12.0476,8.944e-05
2873,260,186,109,8,79.8548,0.0110548
2874,17,17,0,8,84,0.0008402
2875,165,165,0,330,12.0667,0.00047616
2876,10,10,0,20,12,2.096e-05
2877,55,43,13,8,83.3488,0.00238752
2878,34,34,0,68,12.0588,9.136e-05
2879,18,15,3,8,77.4,0.0007256
2880,107,92,16,10,81.5109,0.00527984
2881,121,103,26,8,79.9417,0.00601844
2882,59,43,22,8,81.4419,0.00241592
2883,10,10,0,20,12,2.224e-05
2884,20,17,3,8,74.8824,0.00080036
2885,68,68,0,136,12.0441,0.00015664
2886,73,73,0,146,12.0548,0.0001696
2887,84,66,25,10,79.5455,0.00381432
2888,40,40,0,80,12.05,0.00010448
2889,45,37,8,8,80.2703,0.0020326
2890,11,11,0,22,12,2.368e-05
2891,59,59,0,118,12.0678,0.00016832
2892,27,17,10,8,81.5882,0.00082588
2893,28,28,0,56,12.0357,6.48e-05
2894,15,15,0,30,12,3.616e-05
2895,75,60,15,10,78.3667,0.0033828
2896,83,64,22,10,81.375,0.00365456
2897,58,43,18,10,82.6977,0.00236552
2898,42,29,19,8,80.0345,0.0015426
2899,159,122,42,10,79.6557,0.00712616
2900,53,53,0,106,12.0566,0.00014624
2901,57,57,0,114,12.0526,0.00015584
2902,38,38,0,76,12.0526,9.808e-05
2903,26,26,0,52,12.0385,6.096e-05
2904,98,98,0,196,12.051,0.00023696
2905,41,34,7,8,84.9118,0.00182332
2906,25,25,0,50,12.04,6.272e-05
2907,34,24,10,10,80.8333,0.0012004
2908,17,15,2,8,79.6667,0.00071252
2909,22,22,0,44,12.0455,5.328e-05
2910,9,9,0,18,12,1.984e-05
2911,45,36,9,10,81.1667,0.00194656
2912,65,49,18,8,80.2245,0.00273224
2913,29,29,0,58,12.0345,7.52e-05
2914,24,20,4,10,80,0.00099856
2915,38,38,0,76,12.0526,9.264e-05
2916,14,10,4,8,82.2,0.00041408
2917,16,16,0,32,12,3.568e-05
2918,8,8,0,16,12,1.744e-05
2919,107,81,36,10,79.6296,0.004614
2920,65,65,0,130,12.0615,0.0001776
2921,55,40,19,10,84.05,0.00220784
2922,33,33,0,66,12.0606,9.024e-05
2923,21,18,3,8,83.0556,0.00090812
2924,51,41,10,8,83.4146,0.0022892
2925,13,13,0,26,12,2.944e-05
2926,35,35,0,70,12.0571,8.32e-05
2927,26,26,0,8,84.5769,0.00139132
2928,14,14,0,28,12,2.928e-05
2929,48,36,12,8,80.75,0.00198412
2930,104,89,15,10,82.1236,0.00517736
2931,30,30,0,60,12.0333,7.824e-05
2932,51,34,25,8,81.4118,0.0018582
2933,38,29,14,8,82.5172,0.00157072
2934,80,80,0,160,12.0625,0.00021008
2935,29,29,0,58,12.0345,7.04e-05
2936,25,25,0,50,12.04,5.856e-05
2937,33,28,5,8,84.9286,0.00149064
2938,19,19,0,38,12.0526,4.512e-05
2939,43,34,9,6,82.7353,0.00190168
2940,38,38,0,76,12.0526,9.008e-05
2941,23,17,6,8,82,0.00082724
2942,14,14,0,28,12,3.44e-05
2943,40,32,8,10,87.4062,0.00171512
2944,27,27,0,54,12.037,7.168e-05
2945,51,40,11,8,83.575,0.00221524
2946,24,17,7,8,85.9412,0.00085152
2947,30,30,0,60,12.0333,7.76e-05
2948,106,94,12,8,81.5957,0.0054538
2949,14,14,0,28,12,3.536e-05
2950,72,72,0,144,12.0556,0.00017104
2951,30,19,12,8,84.8421,0.00092464
2952,68,57,11,8,82.7544,0.00324036
2953,17,17,0,34,12.0588,4.16e-05
2954,13,9,5,8,82.5556,0.00034068
2955,43,43,0,86,12.0465,0.00010656
2956,7,7,0,14,12,1.536e-05
2957,21,19,2,8,80.0526,0.0009318
2958,61,49,12,10,80.2857,0.00273928
2959,59,49,10,8,79.4694,0.002773
2960,12,12,0,24,12,2.672e-05
2961,46,46,0,92,12.0652,0.00012368
2962,37,37,0,74,12.0541,8.64e-05
2963,104,81,27,8,81.2222,0.00471292
2964,278,258,20,8,77.124,0.0154108
2965,74,74,0,148,12.0676,0.0002056
2966,29,21,8,10,79.619,0.00098504
2967,168,168,0,336,12.0536,0.000388
2968,18,18,0,36,12.0556,4.56e-05
2969,80,71,9,8,78.4085,0.00409208
2970,16,13,3,8,86,0.00060752
2971,31,23,8,8,77.7826,0.00121088
2972,51,51,0,102,12.0588,0.00012864
2973,8,8,0,16,12,1.776e-05
2974,19,19,0,38,12.0526,4.352e-05
2975,13,13,0,8,82.3846,0.00057816
2976,8,8,0,16,12,1.68e-05
2977,37,29,8,8,73.8966,0.001578
2978,183,152,33,8,79.3224,0.00900512
2979,22,22,0,44,12.0455,5.584e-05
2980,148,130,20,8,77.9385,0.0076438
2981,8,6,2,8,73.1667,0.000148
2982,129,129,0,258,12.062,0.0003232
2983,99,99,0,198,12.0606,0.00024352
2984,52,39,17,8,81,0.00217276
2985,5,5,0,10,12,1.056e-05
2986,47,36,19,8,70.1111,0.00198836
2987,42,34,8,8,84.2941,0.0018386
2988,32,32,0,64,12.0312,7.632e-05
2989,25,25,0,50,12.04,5.856e-05
2990,34,24,10,10,80.125,0.00122168
2991,31,31,0,62,12.0645,7.744e-05
2992,22,22,0,44,12.0455,5.776e-05
2993,40,28,13,8,83.4286,0.00150928
2994,44,34,10,8,83.4412,0.00186768
2995,24,24,0,48,12.0417,6.512e-05
2996,69,59,17,10,76.8644,0.00327832
2997,30,30,0,60,12.0333,7.728e-05
2998,158,143,15,8,82.7762,0.00841712
2999,39,39,0,78,12.0513,9.056e-05
3000,92,92,0,184,12.0543,0.00022192
3001,23,14,9,8,82.2857,0.00066104
3002,12,12,0,24,12,2.8e-05
3003,20,20,0,8,77.25,0.00097648
3004,11,11,0,22,12,2.304e-05
3005,27,27,0,8,78.8519,0.00141048
3006,15,15,0,30,12,3.136e-05
3007,39,33,6,8,62.3333,0.00180824
3008,23,23,0,8,67.7391,0.00117812
3009,25,25,0,50,12.04,5.92e-05
3010,13,13,0,26,12,2.72e-05
3011,30,30,0,8,61.2,0.00162852
3012,25,25,0,8,66.28,0.00129024
3013,16,16,0,32,12,3.344e-05
3014,14,14,0,28,12,2.928e-05
3015,23,23,0,8,73.8696,0.0011954
3016,13,13,0,26,12,2.72e-05
3017,34,32,2,10,82.2812,0.00169744
3018,26,26,0,52,12.0385,5.84e-05
3019,69,55,16,10,79.6364,0.00313576
3020,48,48,0,96,12.0417,0.0001176
3021,82,67,17,12,77.6567,0.0037444
3022,45,31,23,8,79.3226,0.00165008
3023,87,66,29,8,81.1818,0.0038052
3024,58,58,0,116,12.0517,0.00014864
3025,24,24,0,48,12.0417,6.416e-05
3026,59,59,0,118,12.0508,0.00015456
3027,42,33,14,8,82.6061,0.0018164
3028,132,121,11,8,77.4959,0.00710536
3029,35,25,16,8,79.76,0.00128316
3030,30,30,0,60,12.0333,7.152e-05
3031,136,111,25,8,76.3964,0.00651764
3032,165,150,16,8,72.5867,0.00888896
3033,75,75,0,150,12.0533,0.00016832
3034,21,21,0,42,12.0476,5.12e-05
3035,40,31,9,8,77.7742,0.00168128
3036,83,83,0,166,12.0602,0.00021536
3037,93,93,0,186,12.0538,0.00020992
3038,27,27,0,54,12.037,6.272e-05
3039,46,39,7,8,75.641,0.00212552
3040,22,14,8,8,80.4286,0.00064932
3041,17,11,6,8,78.5455,0.000437
3042,27,27,0,54,12.037,6.208e-05
3043,12,12,0,24,12,2.896e-05
3044,47,42,5,10,77.1429,0.00235704
3045,41,33,8,8,80,0.0017738
3046,9,9,0,18,12,2.08e-05
3047,30,30,0,60,12.0333,6.896e-05
3048,23,23,0,46,12.0435,5.568e-05
3049,127,117,10,8,77.7436,0.0068626
3050,82,82,0,164,12.0488,0.00018416
3051,62,58,4,8,80.6034,0.0032996
3052,32,32,0,64,12.0312,6.768e-05
3053,134,105,41,6,79.2857,0.00617496
3054,77,77,0,154,12.0519,0.0002016
3055,340,319,21,8,69.3762,0.0190728
3056,204,204,0,408,12.0539,0.00046704
3057,13,13,0,8,75.1538,0.00059956
3058,8,8,0,16,12,1.68e-05
3059,62,52,15,8,77.7308,0.0029256
3060,23,20,3,8,81.05,0.00101604
3061,38,38,0,76,12.0526,9.552e-05
3062,110,99,11,8,62.5657,0.00576024
3063,189,177,19,8,62.2429,0.0104934
3064,12,12,0,24,12,2.64e-05
3065,63,63,0,126,12.0476,0.00014048
3066,103,103,0,206,12.0485,0.000224
3067,49,39,10,8,79.3333,0.00215428
3068,31,31,0,62,12.0645,8.192e-05
3069,30,30,0,8,83.6,0.00160168
3070,16,16,0,32,12,3.344e-05
3071,27,24,3,8,72.4167,0.001265
3072,52,45,7,10,72.4889,0.00250824
3073,13,13,0,8,82.7692,0.0006002
3074,15,15,0,30,12,3.392e-05
3075,27,21,6,8,74.1429,0.00108812
3076,38,38,0,76,12.0526,9.712e-05
3077,8,8,0,16,12,1.68e-05
3078,17,17,0,34,12,3.968e-05
3079,57,57,0,8,74.8421,0.00324996
3080,30,30,0,60,12.0333,6.256e-05
3081,36,36,0,8,80.8056,0.001984
3082,19,19,0,38,12.0526,3.968e-05
3083,116,109,7,8,64.7798,0.00641352
3084,27,27,0,8,55.5926,0.00144852
3085,71,71,0,142,12.0423,0.00015712
3086,15,15,0,30,12,3.136e-05
3087,74,60,15,10,70.4667,0.003346
3088,43,43,0,86,12.0465,0.00010688
3089,47,37,10,8,71.1081,0.0020356
3090,20,20,0,8,82,0.00103384
3091,28,28,0,56,12.0357,7.312e-05
3092,11,11,0,22,12,2.304e-05
3093,111,95,17,8,65.7684,0.00556204
3094,59,59,0,118,12.0508,0.00014048
3095,55,47,8,8,71.4255,0.00262984
3096,24,19,5,8,71.8421,0.00095824
3097,161,144,26,8,72.6667,0.00851964
3098,34,34,0,68,12.0294,7.664e-05
3099,15,15,0,30,12,3.456e-05
3100,89,89,0,178,12.0562,0.00020064
3101,120,108,12,8,72.2037,0.0063372
3102,75,75,0,150,12.0533,0.00018464
3103,34,24,11,8,64.0833,0.00125344
3104,21,21,0,42,12.0476,4.96e-05
3105,171,144,32,10,77.9722,0.0085004
3106,126,126,0,252,12.0635,0.0003624
3107,88,63,25,8,79.2222,0.00361952
3108,125,111,14,8,79.7568,0.00648564
3109,37,24,18,8,70.9167,0.0012308
3110,56,56,0,112,12.0536,0.00015056
3111,82,82,0,164,12.061,0.00020016
3112,38,31,12,8,80.1613,0.0016918
3113,130,120,13,8,70.9083,0.00704244
3114,20,20,0,40,12.05,4.56e-05
3115,23,23,0,46,12.0435,5.472e-05
3116,80,80,0,160,12.05,0.00018576
3117,65,58,7,10,82.7069,0.0032388
3118,47,47,0,94,12.0426,0.0001088
3119,12,11,1,8,84.9091,0.00047932
3120,38,29,9,8,58.4138,0.00153892
3121,34,24,17,8,80.875,0.00125284
3122,7,7,0,14,12,1.472e-05
3123,22,22,0,44,12.0455,5.104e-05
3124,20,20,0,40,12.05,4.752e-05
3125,12,12,0,8,74.75,0.00053852
3126,7,7,0,14,12,1.472e-05
3127,74,61,13,8,82.1803,0.00346796
3128,53,44,9,10,84.1591,0.0024368
3129,17,11,6,8,75.6364,0.00046992
3130,54,47,7,8,80.2979,0.00265788
3131,52,52,0,104,12.0577,0.0001352
3132,35,35,0,70,12.0571,9.216e-05
3133,8,8,0,16,12,1.744e-05
3134,33,33,0,66,12.0606,8.192e-05
3135,32,28,4,10,82.7857,0.00142872
3136,23,23,0,46,12.0435,5.248e-05
3137,10,10,0,8,75.7,0.00039176
3138,6,6,0,12,12,1.264e-05
3139,34,34,0,8,43.3529,0.00188052
3140,18,18,0,36,12,3.76e-05
3141,48,48,0,8,55.5,0.00271888
3142,25,25,0,50,12.04,5.216e-05
3143,125,101,24,10,70.7426,0.00589592
3144,78,78,0,156,12.0641,0.00020784
3145,46,41,5,8,78.0732,0.00230036
3146,9,9,0,8,79.7778,0.00031584
3147,23,23,0,46,12.0435,4.832e-05
3148,60,52,8,8,63.75,0.00294532
3149,6,6,0,12,12,1.264e-05
3150,34,34,0,68,12.0294,7.664e-05
3151,16,16,0,8,56.75,0.00076652
3152,45,45,0,8,66.5333,0.00252632
3153,9,9,0,18,12,1.888e-05
3154,96,76,30,10,70.1447,0.00436424
3155,24,24,0,48,12.0417,5.008e-05
3156,60,60,0,120,12.05,0.00015792
3157,123,109,14,8,75.1927,0.0063648
3158,72,72,0,144,12.0556,0.00016624
3159,25,25,0,8,55.64,0.0012922
3160,14,14,0,28,12,2.928e-05
3161,28,28,0,8,62.8929,0.0014656
3162,314,254,65,10,80.7677,0.0151494
3163,15,15,0,30,12,3.136e-05
3164,225,225,0,450,12.0667,0.00064512
3165,29,25,4,8,86.32,0.00131064
3166,16,16,0,32,12,3.664e-05
3167,44,34,12,8,82.6471,0.00183944
3168,51,39,15,8,82.9744,0.00212608
3169,220,200,22,8,72.225,0.0118904
3170,29,29,0,58,12.0345,7.104e-05
3171,30,30,0,60,12.0667,7.408e-05
3172,140,140,0,280,12.0571,0.0003272
3173,52,44,8,10,80.7273,0.00238848
3174,42,30,17,8,79.1,0.00163352
3175,27,16,14,8,77.75,0.00078236
3176,42,29,17,8,78.6207,0.0015642
3177,41,41,0,82,12.0488,0.00010048
3178,27,27,0,54,12.037,6.368e-05
3179,13,13,0,26,12,3.136e-05
3180,24,16,8,8,81.875,0.00078932
3181,23,23,0,46,12.0435,5.984e-05
3182,12,8,4,8,73.125,0.00029208
3183,14,14,0,28,12,3.44e-05
3184,30,21,9,8,79.4762,0.00105288
3185,6,6,0,12,12,1.36e-05
3186,21,18,3,8,71.7778,0.00090544
3187,17,17,0,34,12.0588,4.288e-05
3188,37,31,6,10,81.871,0.00165008
3189,11,11,0,22,12,2.336e-05
3190,26,26,0,52,12.0385,5.808e-05
3191,86,72,20,10,72.0694,0.00412568
3192,51,51,0,102,12.0392,0.00011872
3193,26,26,0,8,77.6154,0.00136964
3194,100,98,2,8,79.7347,0.00571188
3195,14,14,0,28,12,2.928e-05
3196,66,56,10,8,83.1786,0.00318636
3197,68,68,0,136,12.0441,0.00015312
3198,15,15,0,8,78.6,0.00070444
3199,43,43,0,86,12.0465,0.00011264
3200,9,9,0,18,12,1.888e-05
3201,211,155,71,10,77.329,0.00916872
3202,121,121,0,242,12.0661,0.00033152
3203,31,25,6,8,73.6,0.00131924
3204,144,131,17,8,69.9771,0.00769844
3205,22,13,9,8,72.9231,0.00056116
3206,15,15,0,30,12,3.168e-05
3207,88,88,0,176,12.0568,0.00021232
3208,46,37,9,10,70.4324,0.00199704
3209,9,9,0,18,12,1.952e-05
3210,33,24,13,8,73.25,0.00124724
3211,34,34,0,68,12.0588,9.104e-05
3212,95,91,4,8,66.4396,0.0052884
3213,17,14,3,8,78.0714,0.00065436
3214,19,19,0,38,12.0526,4.832e-05
3215,57,57,0,114,12.0526,0.00012768
3216,9,9,0,18,12,1.984e-05
3217,111,97,20,10,64.0928,0.00559816
3218,63,56,7,8,63.7857,0.003182
3219,73,73,0,146,12.0548,0.00018144
3220,37,37,0,74,12.0541,8.16e-05
3221,457,408,56,10,67.4681,0.0244044
3222,361,361,0,722,12.0693,0.00105024
3223,21,21,0,8,65.7619,0.00104824
3224,12,12,0,24,12,2.512e-05
3225,30,23,7,10,74.7391,0.00111848
3226,17,12,5,8,76.8333,0.00051636
3227,20,20,0,40,12.05,5.2e-05
3228,9,9,0,18,12,2.016e-05
3229,19,19,0,8,62.9474,0.00096336
3230,11,11,0,22,12,2.304e-05
3231,20,20,0,8,50.5,0.00102024
3232,11,11,0,22,12,2.304e-05
3233,39,39,0,8,35.9487,0.00214892
3234,45,45,0,8,45.7556,0.00251992
3235,21,21,0,42,12.0476,4.384e-05
3236,24,24,0,48,12.0417,5.008e-05
3237,40,40,0,8,46.725,0.00224368
3238,21,21,0,42,12.0476,4.384e-05
3239,176,136,53,8,66.0588,0.00800764
3240,104,104,0,208,12.0577,0.0002776
3241,17,17,0,8,44.8824,0.00083056
3242,10,10,0,20,12,2.096e-05
3243,90,78,16,8,68.0128,0.00452552
3244,128,114,17,8,74.2368,0.00668692
3245,52,52,0,104,12.0577,0.00012752
3246,78,78,0,156,12.0513,0.00019152
3247,34,26,16,8,75.8077,0.00135044
3248,202,182,22,8,59.4341,0.0108314
3249,63,54,9,8,78.6481,0.00307664
3250,21,21,0,42,12.0476,5.024e-05
3251,115,115,0,230,12.0522,0.00025376
3252,151,117,44,8,78.7863,0.00687212
3253,82,82,0,164,12.061,0.00021296
3254,16,16,0,8,71.625,0.00078004
3255,65,54,11,10,78.6852,0.00303176
3256,75,60,19,10,82.5,0.0033452
3257,9,9,0,18,12,1.888e-05
3258,50,50,0,100,12.06,0.00012816
3259,50,50,0,100,12.06,0.00012208
3260,52,44,8,10,77.6364,0.00245528
3261,117,110,7,8,78.2455,0.0064642
3262,41,41,0,82,12.0488,0.00010752
3263,126,115,11,8,78.3304,0.00676496
3264,73,73,0,146,12.0548,0.00016672
3265,52,44,8,8,79.5909,0.00247796
3266,81,81,0,162,12.0494,0.00019392
3267,57,48,9,8,79.6458,0.00268212
3268,145,135,10,8,75.8,0.00795012
3269,34,34,0,68,12.0588,7.952e-05
3270,37,37,0,74,12.0541,8.704e-05
3271,81,81,0,162,12.0494,0.00018016
3272,17,17,0,8,80.4706,0.00079748
3273,98,79,25,8,79.3924,0.00458596
3274,93,77,17,10,79.5065,0.004434
3275,10,10,0,20,12,2.096e-05
3276,63,63,0,126,12.0476,0.0001552
3277,66,66,0,132,12.0606,0.00016496
3278,15,14,1,8,82.5714,0.00061832
3279,8,8,0,16,12,1.712e-05
3280,44,31,15,8,79.7742,0.0016784
3281,81,74,7,8,81.1081,0.00425432
3282,62,52,13,10,80.6923,0.00296296
3283,48,37,20,8,58.7297,0.00204356
3284,24,24,0,48,12.0417,5.872e-05
3285,108,92,18,8,66.2283,0.00535372
3286,59,59,0,118,12.0508,0.00014848
3287,47,47,0,94,12.0426,0.00011776
3288,22,22,0,44,12.0455,4.688e-05
3289,51,44,7,8,76.5909,0.00243736
3290,157,131,27,8,60.2748,0.00770176
3291,75,75,0,150,12.0533,0.0001728
3292,35,35,0,70,12.0571,8.416e-05
3293,37,30,7,8,83.2,0.00159284
3294,43,32,14,8,76.5,0.00173232
3295,15,9,10,8,62.5556,0.00036436
3296,159,139,21,8,69.2518,0.00822604
3297,25,25,0,50,12.04,6.144e-05
3298,27,27,0,54,12.037,6.688e-05
3299,6,6,0,12,12,1.264e-05
3300,113,113,0,226,12.0619,0.00028256
3301,83,69,14,8,81.5652,0.00399332
3302,54,54,0,108,12.0556,0.00014096
3303,48,39,11,8,70.2308,0.00212712
3304,54,45,11,8,59.1556,0.0025118
3305,34,34,0,68,12.0588,8.368e-05
3306,30,30,0,60,12.0333,6.64e-05
3307,14,14,0,8,70.3571,0.0006156
3308,8,8,0,16,12,1.68e-05
3309,9,9,0,8,48.3333,0.00032356
3310,32,32,0,8,57.75,0.00173708
3311,6,6,0,12,12,1.264e-05
3312,17,17,0,34,12,3.552e-05
3313,34,34,0,8,53.6176,0.00182584
3314,18,18,0,36,12,3.76e-05
3315,22,22,0,8,52.3636,0.0011002
3316,23,23,0,8,62.2174,0.00120636
3317,17,17,0,8,63.4118,0.00082668
3318,12,12,0,24,12,2.512e-05
3319,13,13,0,26,12,2.72e-05
3320,10,10,0,20,12,2.096e-05
3321,28,28,0,8,47.5357,0.00150188
3322,15,15,0,30,12,3.136e-05
3323,112,96,18,10,66.5625,0.00552208
3324,62,62,0,124,12.0484,0.00014832
3325,104,93,11,8,72.4624,0.00541436
3326,48,38,10,10,79.2632,0.00211208
3327,71,71,0,142,12.0563,0.00017856
3328,31,31,0,62,12.0323,7.584e-05
3329,37,37,0,74,12.0541,8.96e-05
3330,23,23,0,8,69.8696,0.0011764
3331,61,53,9,8,74.283,0.002987
3332,133,119,14,8,81.5294,0.00701976
3333,13,13,0,26,12,2.72e-05
3334,32,32,0,64,12.0312,7.056e-05
3335,94,94,0,188,12.0638,0.00024848
3336,51,41,13,8,74.1463,0.00229816
3337,23,12,12,8,80.25,0.00054628
3338,28,28,0,56,12.0357,6.48e-05
3339,9,9,0,18,12,1.984e-05
3340,85,74,12,8,78.8243,0.00424448
3341,27,18,11,8,80.7778,0.0008952
3342,78,67,13,8,77.7015,0.00386656
3343,61,61,0,122,12.0492,0.00015136
3344,15,15,0,30,12,3.68e-05
3345,23,13,12,8,76.0769,0.00056636
3346,23,15,8,8,79.6,0.00067848
3347,61,61,0,122,12.0656,0.00016096
3348,52,43,9,8,73.2326,0.00238392
3349,11,11,0,22,12,2.592e-05
3350,65,60,5,10,74.25,0.00342776
3351,39,39,0,78,12.0513,9.696e-05
3352,66,53,13,8,75.3774,0.00299488
3353,55,55,0,110,12.0545,0.00014592
3354,41,41,0,82,12.0488,0.00010752
3355,51,41,10,10,78.3415,0.00224008
3356,31,23,8,8,68.6087,0.00120404
3357,33,33,0,66,12.0606,8.448e-05
3358,19,19,0,38,12.0526,4.512e-05
3359,15,15,0,8,77.6667,0.0007214
3360,24,16,8,8,59.0625,0.00074656
3361,45,45,0,6,62.7111,0.0025464
3362,9,9,0,18,12,1.888e-05
3363,14,14,0,28,12,3.408e-05
3364,10,10,0,8,59.4,0.0004114
3365,24,24,0,48,12.0417,5.008e-05
3366,6,6,0,12,12,1.264e-05
3367,87,87,0,174,12.0575,0.00021696
3368,30,30,0,8,62.7,0.0016196
3369,16,16,0,32,12,3.344e-05
3370,17,17,0,8,52,0.00080504
3371,82,75,7,8,71.68,0.00433876
3372,10,10,0,20,12,2.096e-05
3373,44,44,0,88,12.0455,0.00010064
3374,6,6,0,8,67.6667,0.00017152
3375,43,35,8,8,73.0571,0.00193924
3376,4,4,0,8,12,8.48e-06
3377,26,26,0,52,12.0385,6.608e-05
3378,61,56,5,8,76.1071,0.00320748
3379,18,17,1,8,75.8235,0.0008392
3380,40,38,2,10,78.7632,0.00207848
3381,40,34,6,10,76.4412,0.00182432
3382,32,32,0,64,12.0312,6.992e-05
3383,11,11,0,22,12,2.432e-05
3384,32,32,0,64,12.0312,7.248e-05
3385,28,28,0,56,12.0357,7.152e-05
3386,7,7,0,8,62,0.00024296
3387,78,68,10,8,69.1029,0.00388708
3388,5,5,0,10,12,1.056e-05
3389,58,47,15,8,64.8936,0.00261628
3390,44,44,0,88,12.0455,0.00010608
3391,30,30,0,60,12.0333,6.896e-05
3392,75,74,1,10,66.8514,0.00424912
3393,64,57,9,10,74.4386,0.00323232
3394,59,59,0,118,12.0508,0.00013056
3395,40,40,0,80,12.05,9.104e-05
3396,49,49,0,8,69.0408,0.00273268
3397,26,26,0,52,12.0385,5.424e-05
3398,66,66,0,8,73.2576,0.00377552
3399,124,106,25,8,74.8962,0.00620304
3400,34,34,0,68,12.0294,7.088e-05
3401,82,82,0,164,12.061,0.00020912
3402,110,96,18,8,71.3021,0.00561628
3403,68,54,23,8,76.9074,0.0030894
3404,20,20,0,8,77.35,0.000978
3405,69,69,0,138,12.058,0.00016256
3406,43,43,0,86,12.0465,0.000104
3407,42,42,0,8,75.7857,0.0023364
3408,11,11,0,22,12,2.304e-05
3409,22,22,0,44,12.0455,4.592e-05
3410,63,58,5,10,76.0172,0.00331736
3411,12,12,0,8,74.25,0.00052736
3412,36,36,0,8,71.7222,0.00195224
3413,35,35,0,70,12.0286,7.616e-05
3414,7,7,0,14,12,1.472e-05
3415,19,19,0,38,12.0526,3.968e-05
3416,30,30,0,8,73.6333,0.00162408
3417,14,11,3,8,79.9091,0.00045676
3418,16,16,0,32,12,3.344e-05
3419,7,7,0,14,12,1.472e-05
3420,90,69,33,8,73.1159,0.00395824
3421,105,77,38,8,76.5974,0.00444816
3422,51,51,0,102,12.0588,0.00013408
3423,138,123,17,8,79.1382,0.00723312
3424,60,60,0,120,12.0667,0.00016368
3425,87,87,0,174,12.0575,0.00021216
3426,12,12,0,24,12,2.896e-05
3427,246,231,15,8,70.0043,0.0137554
3428,80,70,11,8,80.3286,0.00400408
3429,144,144,0,288,12.0556,0.00033552
3430,57,57,0,114,12.0526,0.000136
3431,113,98,15,10,71.7857,0.00565568
3432,44,35,9,8,72.9429,0.00193292
3433,89,89,0,178,12.0674,0.00024608
3434,31,31,0,62,12.0645,7.968e-05
3435,34,27,7,8,72.963,0.00140204
3436,83,77,6,8,62.4156,0.00447872
3437,30,22,8,8,61.9091,0.00110036
3438,21,21,0,42,12.0476,5.28e-05
3439,47,47,0,94,12.0426,0.00010496
3440,19,19,0,38,12.0526,4.544e-05
3441,33,33,0,8,60.8485,0.00177432
3442,18,18,0,36,12,3.76e-05
3443,38,38,0,8,72.7895,0.00207116
3444,22,22,0,8,77.3182,0.00110212
3445,20,20,0,40,12.05,4.176e-05
3446,111,108,3,8,73.3241,0.00633972
3447,12,12,0,24,12,2.512e-05
3448,57,57,0,114,12.0526,0.00012128
3449,155,134,25,8,64.4179,0.00787704
3450,87,87,0,174,12.0575,0.00021344
3451,24,24,0,6,42.2083,0.00127608
3452,71,71,0,8,46.7887,0.00407872
3453,13,13,0,26,12,2.72e-05
3454,37,37,0,74,12.027,7.712e-05
3455,46,46,0,8,50.913,0.00257308
3456,24,24,0,48,12.0417,5.008e-05
3457,45,45,0,8,46.1778,0.00253692
3458,24,24,0,48,12.0417,5.008e-05
3459,25,25,0,8,33.52,0.00130388
3460,14,14,0,28,12,2.928e-05
3461,21,21,0,8,38.1429,0.001072
3462,12,12,0,24,12,2.512e-05
3463,75,75,0,8,54.8667,0.004326
3464,39,39,0,78,12.0513,8.128e-05
3465,102,102,0,8,66.451,0.00598468
3466,52,52,0,104,12.0385,0.00010832
3467,47,47,0,8,37.7447,0.00264784
3468,25,25,0,50,12.04,5.216e-05
3469,154,140,14,8,60.0786,0.008259
3470,84,84,0,168,12.0476,0.00019696
3471,30,30,0,8,38.5,0.00160204
3472,16,16,0,32,12,3.344e-05
3473,25,25,0,8,36.52,0.0012938
3474,14,14,0,28,12,2.928e-05
3475,39,39,0,8,48.6667,0.00215152
3476,11,11,0,8,38,0.00047188
3477,21,21,0,42,12.0476,4.384e-05
3478,7,7,0,14,12,1.472e-05
3479,26,26,0,8,51.8462,0.00135684
3480,14,14,0,28,12,2.928e-05
3481,101,86,15,8,64.407,0.00501272
3482,57,57,0,114,12.0526,0.00013952
3483,41,34,7,8,72.3235,0.00184356
3484,24,24,0,48,12.0417,5.808e-05
3485,65,58,8,8,70.3103,0.00327532
3486,45,45,0,90,12.0444,0.00011264
3487,26,26,0,8,71.5385,0.00139524
3488,5,5,0,8,67.8,0.0001238
3489,14,14,0,28,12,2.928e-05
3490,4,4,0,8,12,8.48e-06
3491,415,324,113,10,74.9414,0.0193506
3492,266,266,0,532,12.0677,0.0007496
3493,126,114,13,8,68.1491,0.00667116
3494,30,23,8,8,82.2609,0.0011952
3495,67,58,9,8,78.1552,0.00332936
3496,118,103,20,8,73.2039,0.00601724
3497,90,90,0,180,12.0556,0.00020944
3498,19,19,0,38,12.0526,4.512e-05
3499,36,36,0,72,12.0556,8.016e-05
3500,67,67,0,134,12.0448,0.0001536
3501,33,25,8,8,80.16,0.00128168
3502,122,105,17,8,77.1714,0.0061624
3503,15,15,0,30,12,3.296e-05
3504,83,83,0,166,12.0602,0.00020224
3505,26,26,0,8,72.4615,0.0013798
3506,93,88,6,8,80.7273,0.00511152
3507,82,66,16,10,84.5909,0.00372928
3508,14,14,0,28,12,2.928e-05
3509,63,63,0,126,12.0476,0.0001536
3510,57,57,0,114,12.0526,0.00015136
3511,48,43,5,8,83.1628,0.00242336
3512,38,38,0,76,12.0526,8.848e-05
3513,49,41,8,8,80.2439,0.00226228
3514,122,111,11,8,78.4775,0.00652748
3515,38,31,7,8,77,0.00167084
3516,28,28,0,56,12.0357,6.416e-05
3517,74,74,0,148,12.0541,0.00017104
3518,33,33,0,8,81.2424,0.0017686
3519,22,16,6,8,82.8125,0.00074636
3520,23,23,0,46,12.0435,5.376e-05
3521,18,18,0,36,12.0556,3.76e-05
3522,13,13,0,26,12,3.168e-05
3523,19,19,0,8,73.8947,0.00095912
3524,11,11,0,22,12,2.304e-05
3525,16,16,0,8,81.5625,0.00078332
3526,80,65,18,10,80.1385,0.00370336
3527,9,9,0,18,12,1.888e-05
3528,10,10,0,8,81.4,0.00041468
3529,54,54,0,108,12.0556,0.00014128
3530,117,108,10,8,70.2037,0.006343
3531,24,18,12,8,76.5,0.000864
3532,27,17,10,8,71.1176,0.00080512
3533,6,6,0,12,12,1.264e-05
3534,37,37,0,8,71.8378,0.00206192
3535,48,41,7,8,58.1951,0.00228652
3536,62,62,0,124,12.0484,0.00013296
3537,14,14,0,28,12,3.248e-05
3538,10,10,0,20,12,2.096e-05
3539,20,20,0,40,12.05,4.176e-05
3540,28,28,0,56,12.0357,6.448e-05
3541,40,40,0,8,65.75,0.002233
3542,21,21,0,42,12.0476,4.384e-05
3543,34,34,0,8,46.1176,0.00185056
3544,18,18,0,36,12.0556,3.76e-05
3545,104,92,13,8,69.0543,0.00533924
3546,58,58,0,116,12.0517,0.00013808
3547,153,148,6,8,77.277,0.0087392
3548,106,106,0,212,12.0566,0.00025456
3549,21,21,0,8,72,0.00108304
3550,12,12,0,24,12,2.512e-05
3551,24,23,1,8,74.913,0.0011638
3552,246,240,6,6,53.6333,0.01434
3553,31,21,11,8,42.2857,0.00107404
3554,12,12,0,24,12,2.544e-05
3555,139,139,0,278,12.0504,0.00030304
3556,12,12,0,24,12,2.512e-05
3557,164,134,30,8,78.7313,0.00788116
3558,113,95,21,8,79.6421,0.00553532
3559,103,103,0,206,12.0583,0.00027072
3560,8,8,0,8,73.125,0.000304
3561,69,69,0,138,12.058,0.0001776
3562,5,5,0,10,12,1.056e-05
3563,16,16,0,8,79.3125,0.00077736
3564,9,9,0,18,12,1.888e-05
3565,56,56,0,8,49.8036,0.00316084
3566,29,29,0,58,12.0345,6.048e-05
3567,18,18,0,8,59,0.000899
3568,10,10,0,20,12,2.096e-05
3569,14,14,0,8,20.5714,0.00064852
3570,8,8,0,16,12,1.68e-05
3571,160,140,24,8,55.9357,0.00826404
3572,89,89,0,178,12.0562,0.00021728
3573,27,27,0,8,66,0.0014262
3574,15,15,0,30,12,3.136e-05
3575,224,209,18,10,72.512,0.0124623
3576,14,14,0,8,52.7143,0.00065584
3577,58,58,0,8,55,0.00332544
3578,17,17,0,8,61.7647,0.0008058
3579,8,8,0,16,12,1.68e-05
3580,30,30,0,60,12.0333,6.256e-05
3581,10,10,0,20,12,2.096e-05
3582,27,27,0,8,58.5556,0.00145572
3583,15,15,0,30,12,3.136e-05
3584,22,22,0,8,21.6818,0.0011168
3585,12,12,0,24,12,2.512e-05
3586,26,26,0,8,22.8077,0.001367
3587,14,14,0,28,12,2.928e-05
3588,55,55,0,8,38.8,0.00309992
3589,29,29,0,58,12.0345,6.048e-05
3590,71,70,1,8,57.0143,0.00404224
3591,37,37,0,74,12.027,7.712e-05
3592,367,329,46,8,81.5471,0.0197218
3593,50,50,0,8,70.78,0.00284744
3594,263,263,0,526,12.0646,0.00070624
3595,26,26,0,52,12.0385,5.424e-05
3596,67,57,10,8,81,0.00323468
3597,45,45,0,90,12.0444,0.00011712
3598,27,27,0,8,73.8519,0.0014186
3599,14,11,3,8,77.3636,0.00043528
3600,49,49,0,8,58.7347,0.0027836
3601,15,15,0,30,12,3.136e-05
3602,8,8,0,16,12,1.84e-05
3603,26,26,0,52,12.0385,5.424e-05
3604,32,32,0,8,49.125,0.00172132
3605,17,17,0,34,12,3.552e-05
3606,76,76,0,8,37.7105,0.00440608
3607,39,39,0,78,12.0513,8.128e-05
3608,73,72,1,8,49.1389,0.00415272
3609,37,37,0,74,12.027,7.776e-05
3610,56,56,0,8,64.4107,0.00318332
3611,44,44,0,8,71.4091,0.00247264
3612,15,15,0,8,78,0.00067604
3613,29,29,0,58,12.0345,6.048e-05
3614,23,23,0,46,12.0435,4.8e-05
3615,9,9,0,18,12,1.888e-05
3616,40,40,0,8,72.925,0.00221984
3617,5,5,0,8,75.2,0.00010512
3618,44,44,0,8,77.4091,0.00244208
3619,77,70,7,10,74.0286,0.00401112
3620,21,21,0,42,12.0476,4.384e-05
3621,4,4,0,8,12,8.48e-06
3622,245,195,60,10,75.0564,0.011597
3623,23,23,0,46,12.0435,4.8e-05
3624,56,56,0,112,12.0536,0.00013392
3625,144,144,0,288,12.0625,0.00037968
3626,28,28,0,8,48.8214,0.00148852
3627,159,159,0,318,12.0566,0.0003872
3628,15,15,0,30,12,3.136e-05
3629,32,32,0,8,59.0938,0.00170284
3630,17,17,0,34,12,3.552e-05
3631,741,714,28,8,64.1821,0.0429843
3632,74,65,9,8,64.6,0.00372132
3633,412,412,0,824,12.0534,0.00091856
3634,65,55,14,8,74.6727,0.00312564
3635,58,58,0,116,12.0517,0.00013808
3636,22,14,9,8,69.5714,0.00061904
3637,42,42,0,84,12.0476,0.00010736
3638,56,47,11,8,61.234,0.00265984
3639,12,12,0,24,12,2.896e-05
3640,36,36,0,72,12.0556,8.368e-05
3641,66,56,10,8,75.8393,0.00318652
3642,81,78,3,8,77.7308,0.0044876
3643,41,41,0,82,12.0488,8.736e-05
3644,41,32,9,8,50.6875,0.00172556
3645,21,12,16,8,79.3333,0.00051536
3646,24,24,0,48,12.0417,5.392e-05
3647,7,7,0,14,12,1.472e-05
3648,20,20,0,8,50.2,0.00101232
3649,36,36,0,8,59.8056,0.0019686
3650,11,11,0,22,12,2.304e-05
3651,19,19,0,38,12.0526,3.968e-05
3652,13,13,0,8,42.0769,0.00058004
3653,26,26,0,8,46.5385,0.0013702
3654,8,8,0,16,12,1.68e-05
3655,14,14,0,28,12,2.928e-05
3656,166,132,38,10,69.3561,0.00775712
3657,95,95,0,190,12.0632,0.0002448
3658,128,120,13,8,73.7417,0.00707272
3659,73,73,0,146,12.0548,0.00016928
3660,600,577,23,8,59.3657,0.0346821
3661,335,335,0,670,12.0537,0.0007296
3662,17,17,0,8,70.9412,0.00084368
3663,30,30,0,8,76.9,0.00160696
3664,10,10,0,20,12,2.096e-05
3665,16,16,0,32,12,3.344e-05
3666,24,24,0,8,79.4167,0.00122132
3667,13,13,0,26,12,2.72e-05
3668,58,58,0,8,77.2759,0.00330644
3669,30,30,0,60,12.0333,6.256e-05
3670,14,14,0,8,79.1429,0.00065632
3671,140,131,9,8,62.7557,0.00773016
3672,8,8,0,16,12,1.68e-05
3673,84,84,0,168,12.0476,0.00019184
3674,85,72,13,8,72.4861,0.00414244
3675,50,50,0,100,12.06,0.00012688
3676,28,24,4,8,74.125,0.00124216
3677,17,11,6,8,83,0.00045196
3678,17,17,0,34,12.0588,4.064e-05
3679,8,8,0,16,12,1.744e-05
3680,31,31,0,8,59.7742,0.00168908
3681,58,58,0,8,70.431,0.0033212
3682,17,17,0,34,12,3.552e-05
3683,30,30,0,60,12.0333,6.256e-05
3684,32,32,0,8,75.2188,0.00170652
3685,20,20,0,8,77.75,0.0010278
3686,17,17,0,34,12,3.552e-05
3687,11,11,0,22,12,2.304e-05
3688,58,50,8,8,71.44,0.00284568
3689,31,31,0,62,12.0323,6.944e-05
3690,9,9,0,8,57.6667,0.0003558
3691,65,56,9,8,77.0179,0.00319716
3692,46,39,7,8,80.7436,0.00213128
3693,6,6,0,12,12,1.264e-05
3694,25,20,5,10,78.4,0.00102888
3695,45,45,0,90,12.0444,0.00011296
3696,30,30,0,60,12.0333,7.408e-05
3697,37,37,0,74,12.0541,8.768e-05
3698,14,14,0,28,12,3.056e-05
3699,32,32,0,8,77.7812,0.00172968
3700,17,17,0,34,12,3.552e-05
3701,12,9,3,6,85.1111,0.00036892
3702,6,6,0,12,12,1.296e-05
3703,212,193,20,10,79.3212,0.0114815
3704,127,97,39,10,79.6289,0.00557944
3705,169,169,0,338,12.0651,0.00046528
3706,81,81,0,162,12.0617,0.00022528
3707,68,52,19,8,78.7692,0.00295588
3708,44,38,6,8,78.7368,0.00210336
3709,39,39,0,78,12.0513,9.472e-05
3710,45,33,21,8,78.4848,0.00177116
3711,166,154,20,8,54.9286,0.00912752
3712,179,160,25,8,69.3563,0.0094906
3713,32,32,0,64,12.0625,7.92e-05
3714,25,25,0,50,12.04,5.696e-05
3715,87,87,0,174,12.046,0.00018784
3716,95,95,0,190,12.0526,0.00021152
3717,11,11,0,8,77.2727,0.00044072
3718,199,173,27,8,79.3757,0.0102854
3719,7,7,0,14,12,1.472e-05
3720,104,81,25,8,76.2716,0.00468456
3721,140,140,0,280,12.0643,0.00037072
3722,19,18,1,8,74,0.0009034
3723,160,146,14,8,76.7192,0.0086526
3724,67,67,0,134,12.0597,0.0001776
3725,11,11,0,22,12,2.304e-05
3726,95,95,0,190,12.0526,0.00022656
3727,111,83,36,10,76.9277,0.0047352
3728,47,38,9,10,75.8947,0.00209744
3729,70,70,0,140,12.0571,0.0001976
3730,31,31,0,62,12.0323,7.36e-05
3731,18,11,7,8,53.1818,0.00048184
3732,34,25,15,8,74.6,0.00131812
3733,70,61,13,8,75.7049,0.00345812
3734,9,9,0,18,12,1.984e-05
3735,20,20,0,40,12.05,4.56e-05
3736,38,38,0,76,12.0526,8.304e-05
3737,35,31,4,10,80.7419,0.00161648
3738,21,21,0,42,12.0476,4.64e-05
3739,22,20,2,10,75.1,0.00093504
3740,121,112,9,8,67.2946,0.00657188
3741,14,14,0,28,12,3.152e-05
3742,69,69,0,138,12.0435,0.00015328
3743,84,74,12,8,74.1216,0.00424596
3744,23,23,0,8,72.2609,0.0012026
3745,48,48,0,96,12.0417,0.00011728
3746,13,13,0,26,12,2.72e-05
3747,18,14,4,8,80.1429,0.00065244
3748,10,10,0,20,12,2.352e-05
3749,164,150,14,8,80.3,0.0088644
3750,33,28,5,10,85.0357,0.00145456
3751,123,123,0,246,12.065,0.00033152
3752,20,20,0,40,12.05,4.656e-05
3753,50,42,11,8,64.1429,0.00233904
3754,29,29,0,58,12.0345,6.656e-05
3755,31,31,0,8,56.7419,0.00167888
3756,17,17,0,34,12,3.552e-05
3757,39,39,0,8,55.1026,0.00216476
3758,21,21,0,42,12.0476,4.384e-05
3759,29,29,0,8,76.1034,0.0015224
3760,16,16,0,32,12,3.344e-05
3761,40,40,0,8,72.275,0.00220408
3762,21,21,0,42,12.0476,4.384e-05
3763,315,265,60,10,78.3623,0.0158507
3764,206,206,0,412,12.0631,0.00052976
3765,42,40,2,8,62.675,0.00224144
3766,32,32,0,64,12.0312,7.248e-05
3767,37,37,0,8,48.0541,0.00204944
3768,32,32,0,8,56.3438,0.00175828
3769,20,20,0,40,12.05,4.176e-05
3770,17,17,0,34,12,3.552e-05
3771,8,8,0,8,52.875,0.0002916
3772,5,5,0,10,12,1.056e-05
3773,28,28,0,8,32.0714,0.00146328
3774,15,15,0,30,12,3.136e-05
3775,61,61,0,8,44.5574,0.00350244
3776,32,32,0,64,12.0312,6.672e-05
3777,44,44,0,8,60.0455,0.00248428
3778,26,26,0,8,52.2692,0.00135584
3779,23,23,0,46,12.0435,4.8e-05
3780,14,14,0,28,12,2.928e-05
3781,19,19,0,8,58.9474,0.00092788
3782,11,11,0,22,12,2.304e-05
3783,28,28,0,8,35.3214,0.00151744
3784,15,15,0,30,12,3.136e-05
3785,18,18,0,8,35.1111,0.00090276
3786,10,10,0,20,12,2.096e-05
3787,107,106,1,10,71.1226,0.00618056
3788,43,39,4,8,60.7692,0.00216944
3789,73,73,0,146,12.0411,0.00015904
3790,22,22,0,44,12.0455,4.784e-05
3791,24,24,0,8,72.625,0.0012652
3792,29,29,0,8,65.9655,0.0015274
3793,13,13,0,26,12,2.72e-05
3794,16,16,0,32,12,3.344e-05
3795,229,202,29,10,59.9653,0.0119734
3796,180,180,0,360,12.0667,0.00052336
3797,31,25,8,8,66.72,0.00130964
3798,45,44,1,10,75.7045,0.00248192
3799,42,31,11,10,68.4516,0.00163416
3800,18,18,0,36,12.0556,4.432e-05
3801,33,33,0,66,12.0303,7.296e-05
3802,25,25,0,50,12.04,6.144e-05
3803,71,65,10,8,55.5231,0.00370884
3804,122,106,24,8,69.6981,0.006208
3805,41,41,0,82,12.0488,8.992e-05
3806,70,70,0,140,12.0429,0.00015568
3807,16,16,0,8,42.6875,0.00074256
3808,205,154,70,10,77.2857,0.00904776
3809,9,9,0,18,12,1.888e-05
3810,121,121,0,242,12.0661,0.00033376
3811,80,72,13,8,81,0.00413624
3812,49,49,0,98,12.0612,0.00012064
3813,118,108,10,8,64.2963,0.0063128
3814,78,78,0,156,12.0513,0.00018928
3815,36,34,2,8,70.4412,0.00184052
3816,23,20,3,8,76,0.00100084
3817,13,13,0,26,12,3.008e-05
3818,34,29,5,8,64.7241,0.00155084
3819,25,25,0,50,12.04,5.92e-05
3820,21,21,0,8,57.4762,0.0010738
3821,12,12,0,24,12,2.512e-05
3822,171,143,36,10,78.3916,0.00843048
3823,114,114,0,228,12.0614,0.0002904
3824,31,26,5,8,72.7308,0.00137256
3825,57,49,8,10,84.2857,0.00267896
3826,142,131,11,8,67.4962,0.00774556
3827,17,17,0,34,12,3.808e-05
3828,55,46,13,10,71.0217,0.00258928
3829,40,40,0,80,12.05,0.00010192
3830,84,84,0,168,12.0476,0.0001912
3831,43,43,0,86,12.0465,0.00010592
3832,27,27,0,8,83.4815,0.00142964
3833,15,15,0,30,12,3.136e-05
3834,68,56,12,10,76.8214,0.0031096
3835,39,39,0,78,12.0513,9.472e-05
3836,90,86,4,8,63.593,0.00498956
3837,52,52,0,104,12.0385,0.00011344
3838,7,7,0,8,62.4286,0.00024616
3839,14,14,0,8,56.2143,0.00066244
3840,5,5,0,10,12,1.056e-05
3841,46,46,0,8,68.7609,0.0025846
3842,8,8,0,16,12,1.68e-05
3843,24,24,0,48,12.0417,5.008e-05
3844,29,29,0,8,48.4483,0.00154808
3845,16,16,0,32,12,3.344e-05
3846,12,12,0,8,38.5833,0.00049736
3847,21,21,0,8,47.9048,0.00104368
3848,7,7,0,14,12,1.472e-05
3849,12,12,0,24,12,2.512e-05
3850,81,81,0,8,69.2346,0.00468412
3851,20,20,0,8,63.3,0.0010004
3852,42,42,0,84,12.0476,8.752e-05
3853,11,11,0,22,12,2.304e-05
3854,46,46,0,8,74.5652,0.00255636
3855,24,24,0,48,12.0417,5.008e-05
3856,204,173,31,8,79.896,0.0102694
3857,138,138,0,276,12.0652,0.000364
3858,27,27,0,8,78.963,0.00142268
3859,15,15,0,30,12,3.136e-05
3860,277,259,20,8,75.529,0.0154557
3861,55,45,10,10,75.1333,0.00249072
3862,165,165,0,330,12.0545,0.00037536
3863,34,34,0,68,12.0294,7.92e-05
3864,61,54,7,8,75.7037,0.0030346
3865,27,20,7,8,81.95,0.0010142
3866,41,41,0,82,12.0488,0.00010272
3867,13,13,0,26,12,2.912e-05
3868,174,155,19,8,76.1161,0.00916868
3869,27,19,8,10,76.6842,0.00086392
3870,70,70,0,8,75.9714,0.0040024
3871,107,107,0,214,12.0561,0.00024832
3872,18,18,0,36,12.0556,4.336e-05
3873,36,36,0,72,12.0278,7.504e-05
3874,42,30,12,8,78.2,0.00162916
3875,25,25,0,50,12.04,6.176e-05
3876,31,31,0,8,76.7419,0.00166216
3877,19,19,0,38,12.0526,3.968e-05
3878,17,17,0,34,12,3.552e-05
3879,73,60,13,10,75.6833,0.00340248
3880,43,43,0,86,12.0465,0.00010752
3881,193,170,31,10,77.2412,0.0100203
3882,134,134,0,268,12.0597,0.00033136
3883,20,13,7,8,82.9231,0.00060012
3884,10,10,0,20,12,2.224e-05
3885,298,270,28,8,74.6926,0.0160997
3886,38,29,9,8,78.4483,0.00156044
3887,40,32,8,10,81.2188,0.00166816
3888,229,229,0,458,12.0611,0.00057632
3889,22,22,0,44,12.0455,5.424e-05
3890,23,23,0,46,12.0435,5.376e-05
3891,32,32,0,8,76.5938,0.00171136
3892,17,17,0,34,12,3.552e-05
3893,41,39,2,10,79.4103,0.00207896
3894,51,45,6,8,70.4444,0.00251996
3895,33,25,13,8,74.12,0.00133572
3896,34,34,0,68,12.0294,7.664e-05
3897,31,31,0,62,12.0323,7.168e-05
3898,9,9,0,8,80,0.00034952
3899,20,20,0,40,12.05,4.56e-05
3900,19,11,8,8,76,0.00046096
3901,18,17,1,8,81.6471,0.00083076
3902,59,47,12,8,80.3617,0.00261544
3903,6,6,0,12,12,1.264e-05
3904,11,11,0,22,12,2.432e-05
3905,36,36,0,72,12.0556,8.432e-05
3906,228,195,48,8,77.1231,0.0115808
3907,45,35,13,8,78.2571,0.00193076
3908,169,169,0,338,12.0651,0.0004464
3909,22,22,0,44,12.0455,4.784e-05
3910,42,30,14,8,79.2,0.00162708
3911,36,34,4,10,81.1471,0.00177424
3912,95,82,13,8,80.3171,0.00473868
3913,23,23,0,46,12.0435,5.376e-05
3914,52,41,11,10,81.4634,0.00225544
3915,54,45,9,8,72.6222,0.00252628
3916,19,11,12,8,82.8182,0.00044628
3917,144,127,26,8,74.7638,0.007456
3918,93,74,19,10,75.7027,0.00427256
3919,28,28,0,56,12.0357,6.288e-05
3920,56,56,0,112,12.0536,0.00013552
3921,29,22,7,10,81.3636,0.001068
3922,36,36,0,72,12.0556,9.008e-05
3923,19,19,0,38,12.0526,4.608e-05
3924,14,14,0,8,72.7143,0.00061924
3925,162,133,29,10,81.2707,0.00782336
3926,8,8,0,16,12,1.68e-05
3927,110,110,0,220,12.0636,0.00029936
3928,71,62,10,8,75.8387,0.0035372
3929,43,43,0,86,12.0465,0.00010048
3930,176,159,18,8,74.6792,0.00940404
3931,24,18,6,8,78,0.00086012
3932,30,25,5,10,76.8,0.00126408
3933,135,122,22,8,74,0.00715052
3934,101,101,0,202,12.0495,0.00022624
3935,14,14,0,28,12,3.248e-05
3936,21,21,0,42,12.0476,4.832e-05
3937,79,79,0,158,12.0506,0.0001792
3938,96,82,14,10,74.5244,0.00467152
3939,63,63,0,126,12.0635,0.00016384
3940,285,267,19,8,73.7303,0.0159421
3941,168,168,0,336,12.0536,0.000388
3942,31,31,0,8,56.2903,0.00164472
3943,17,17,0,34,12,3.552e-05
3944,10,10,0,8,72.1,0.00042096
3945,26,26,0,8,69.1538,0.00137532
3946,13,13,0,8,84.1538,0.00056656
3947,6,6,0,12,12,1.264e-05
3948,14,14,0,28,12,2.928e-05
3949,8,8,0,16,12,1.68e-05
3950,22,22,0,8,61.9091,0.00112092
3951,27,27,0,8,71.2593,0.00140536
3952,12,12,0,24,12,2.512e-05
3953,15,15,0,30,12,3.136e-05
3954,79,61,26,8,78.2623,0.00346688
3955,26,26,0,8,82.8846,0.00137388
3956,44,44,0,88,12.0455,0.00011088
3957,14,14,0,28,12,2.928e-05
3958,38,31,7,8,79.0968,0.0016584
3959,82,69,14,8,69.2754,0.0039652
3960,25,25,0,50,12.04,5.792e-05
3961,59,59,0,118,12.0508,0.00014016
3962,40,36,4,8,79.2778,0.001965
3963,23,23,0,46,12.0435,5.312e-05
3964,37,28,11,10,73.3214,0.00144216
3965,12,8,6,8,80.875,0.0002886
3966,25,25,0,50,12.04,5.984e-05
3967,6,6,0,12,12,1.264e-05
3968,118,93,26,8,75.1828,0.00541984
3969,69,69,0,138,12.058,0.00018112
3970,61,51,10,8,78.2549,0.00286768
3971,37,37,0,74,12.0541,9.184e-05
3972,10,10,0,20,12,2.256e-05
3973,27,27,0,8,70.1481,0.00143252
3974,15,15,0,30,12,3.136e-05
3975,51,51,0,8,75.1373,0.002884
3976,266,243,25,8,75.8107,0.0144674
3977,27,27,0,54,12.037,5.632e-05
3978,220,220,0,440,12.0682,0.00064336
3979,98,72,26,8,72.4722,0.0041752
3980,55,55,0,110,12.0545,0.00014176
3981,78,66,12,8,57.0909,0.00375868
3982,35,35,0,70,12.0571,8.48e-05
3983,7,7,0,14,12,1.472e-05
3984,79,79,0,158,12.0506,0.00017632
3985,54,54,0,108,12.0556,0.00012912
3986,36,36,0,8,69.25,0.00196996
3987,46,46,0,92,12.0435,0.00010448
3988,19,19,0,38,12.0526,3.968e-05
3989,190,152,50,8,75.125,0.00901348
3990,111,111,0,222,12.0631,0.00029536
3991,87,81,6,10,78.8889,0.00463568
3992,57,57,0,8,67.4035,0.00323276
3993,29,29,0,8,63.1724,0.00153436
3994,21,21,0,8,68.5714,0.00109224
3995,30,30,0,60,12.0333,6.256e-05
3996,16,16,0,32,12,3.344e-05
3997,12,12,0,24,12,2.512e-05
3998,120,112,8,8,60.9732,0.00658404
3999,65,65,0,130,12.0462,0.00014592
4000,115,98,21,8,78.6735,0.00570808
4001,310,220,126,8,79.45,0.013078
4002,33,33,0,8,77.0303,0.00176692
4003,71,71,0,142,12.0563,0.00018208
4004,201,201,0,402,12.0647,0.00053024
4005,89,80,10,8,81.2125,0.00465688
4006,18,18,0,36,12,3.76e-05
4007,54,54,0,108,12.0556,0.00013104
4008,18,18,0,8,74.5,0.0008714
4009,10,10,0,20,12,2.096e-05
4010,23,23,0,8,78.5652,0.00118572
4011,36,31,5,8,79.7097,0.00166516
4012,64,55,14,8,73.4,0.0031176
4013,13,13,0,26,12,2.72e-05
4014,183,158,27,10,77.1456,0.0093184
4015,24,24,0,48,12.0417,5.456e-05
4016,35,35,0,70,12.0571,7.872e-05
4017,141,141,0,282,12.0638,0.000368
4018,112,89,23,8,78.5056,0.00519644
4019,67,67,0,134,12.0597,0.0001776
4020,60,50,18,6,78.48,0.00284872
4021,36,36,0,72,12.0556,8.976e-05
4022,37,29,8,8,70.9655,0.00157812
4023,22,22,0,44,12.0455,5.168e-05
4024,27,27,0,8,74.2963,0.00145168
4025,44,42,2,8,74.6667,0.00233472
4026,15,15,0,30,12,3.136e-05
4027,31,31,0,62,12.0323,7.04e-05
4028,99,88,12,10,75.5,0.00506
4029,72,72,0,144,12.0556,0.000172
4030,29,29,0,8,58.3448,0.00156004
4031,16,16,0,32,12,3.344e-05
4032,46,38,8,8,65.6053,0.00211256
4033,227,204,24,10,79.5245,0.0120914
4034,46,32,17,8,75.9062,0.00174988
4035,22,22,0,44,12.0455,4.656e-05
4036,177,177,0,354,12.0678,0.00050976
4037,25,25,0,50,12.04,6.464e-05
4038,54,39,16,8,82.7692,0.0021298
4039,37,37,0,74,12.0541,9.312e-05
4040,49,40,9,10,78.6,0.00217008
4041,74,64,11,8,81.9375,0.00366584
4042,38,38,0,76,12.0526,9.232e-05
4043,110,95,25,6,80.2211,0.00557056
4044,250,232,24,8,67.1121,0.0138336
4045,45,30,22,8,82.3333,0.00158424
4046,40,40,0,80,12.05,8.912e-05
4047,28,19,13,10,79.1053,0.0008784
4048,183,164,22,8,71.8476,0.00971724
4049,219,202,17,8,66.4802,0.0120292
4050,69,69,0,138,12.058,0.00017056
4051,145,145,0,290,12.0552,0.00031872
4052,28,28,0,56,12.0357,6.768e-05
4053,18,18,0,36,12.0556,4.144e-05
4054,106,106,0,212,12.0566,0.00024048
4055,58,51,7,8,81.0392,0.00287892
4056,123,123,0,246,12.0488,0.0002752
4057,15,10,5,8,81,0.00037752
4058,15,12,3,8,78.5833,0.00054576
4059,39,39,0,78,12.0513,9.376e-05
4060,8,8,0,16,12,1.84e-05
4061,8,8,0,16,12,1.68e-05
4062,66,60,6,10,85.0833,0.00341208
4063,49,49,0,98,12.0612,0.00012832
4064,69,69,0,138,12.058,0.00017056
4065,40,30,10,8,83.5,0.0016332
4066,29,23,11,10,86.5652,0.0011964
4067,358,335,25,8,80.9463,0.0200311
4068,23,23,0,46,12.0435,5.376e-05
4069,21,21,0,42,12.0476,5.152e-05
4070,258,258,0,516,12.0581,0.00063568
4071,12,11,1,8,32.3636,0.0004878
4072,22,15,7,8,83.3333,0.00069924
4073,12,12,0,24,12,2.992e-05
4074,8,8,0,8,88.375,0.00025544
4075,99,89,10,8,81.6067,0.00518716
4076,5,5,0,10,12,1.056e-05
4077,63,63,0,126,12.0476,0.00014336
4078,22,20,2,8,77.1,0.00102024
4079,71,60,11,8,83.2667,0.00343288
4080,56,44,12,8,84.7727,0.00243328
4081,13,13,0,26,12,2.944e-05
4082,61,61,0,122,12.0492,0.000152
4083,57,52,5,10,81.4615,0.0029656
4084,37,37,0,74,12.0541,9.12e-05
4085,22,13,14,8,79,0.000578
4086,43,43,0,86,12.0465,0.00010176
4087,10,10,0,20,12,2.288e-05
4088,37,27,10,8,82.963,0.00141248
4089,19,19,0,38,12.0526,4.224e-05
4090,76,63,13,10,84,0.00357736
4091,28,19,9,8,78.9474,0.00091748
4092,30,20,12,8,71,0.00101216
4093,50,50,0,100,12.06,0.00013264
4094,97,88,9,10,77.1023,0.00512512
4095,17,17,0,34,12.0588,4.128e-05
4096,86,76,10,8,77.0526,0.00438768
4097,17,17,0,34,12.0588,4.128e-05
4098,60,60,0,120,12.05,0.00013584
4099,56,56,0,112,12.0536,0.00013424
4100,59,50,9,8,81.02,0.0028376
4101,17,15,2,8,80.0667,0.00072448
4102,43,43,0,86,12.0465,0.00010528
4103,9,9,0,18,12,1.984e-05
4104,140,110,35,8,78.3273,0.006472
4105,87,87,0,174,12.0575,0.00023296
4106,86,71,15,10,76.6761,0.00401904
4107,64,64,0,128,12.0625,0.00016912
4108,38,30,12,8,78.6,0.00158104
4109,23,23,0,46,12.0435,5.664e-05
4110,27,19,8,10,72.4211,0.0009052
4111,98,90,8,8,61.9222,0.00522184
4112,18,18,0,36,12.0556,4.336e-05
4113,60,60,0,120,12.05,0.00013904
4114,120,97,24,8,78.0309,0.00567348
4115,72,72,0,144,12.0556,0.0001896
4116,40,32,8,10,76.875,0.00166296
4117,24,24,0,48,12.0417,5.968e-05
4118,49,49,0,8,68.1633,0.00276692
4119,26,26,0,52,12.0385,5.424e-05
4120,6,6,0,8,48.8333,0.00013936
4121,42,42,0,8,42.7143,0.002335
4122,4,4,0,8,12,8.48e-06
4123,22,22,0,44,12.0455,4.592e-05
4124,29,29,0,8,34.2069,0.0015638
4125,16,16,0,32,12,3.344e-05
4126,7,7,0,14,12,1.472e-05
4127,10,10,0,8,33.5,0.00039632
4128,6,6,0,12,12,1.264e-05
4129,79,79,0,8,42.0633,0.0045794
4130,41,41,0,82,12.0488,8.544e-05
4131,572,536,36,8,74.3451,0.0322249
4132,58,49,9,10,73.3878,0.0027396
4133,345,345,0,690,12.058,0.00084544
4134,34,34,0,68,12.0588,8.048e-05
4135,12,12,0,8,60.4167,0.00053572
4136,57,52,5,8,78.1538,0.00291484
4137,7,7,0,14,12,1.472e-05
4138,41,41,0,82,12.0488,0.00010048
4139,115,99,16,8,81.7172,0.00576428
4140,76,76,0,152,12.0526,0.00019376
4141,119,110,9,8,68.0818,0.00646812
4142,69,69,0,138,12.0435,0.00015648
