flow_id,tx_packets,rx_packets,lost_packets,retx_packets,mean_delay_ms,throughput_mbps
1,9283,8870,430,4,62.9219,0.536341
2,11224,10799,456,4,62.7636,0.653007
3,12648,11858,1113,4,63.4497,0.717055
4,13752,13241,555,4,62.2787,0.800699
5,11772,11014,1099,4,61.7411,0.66601
6,5222,5222,0,10444,12.0548,0.0115035
7,6290,6290,0,12580,12.0548,0.0138734
8,7278,7278,0,14556,12.0565,0.0165563
9,7896,7895,0,15790,12.0554,0.0175981
10,6637,6633,0,13266,12.0556,0.0148429
11,55,39,16,8,79.4103,0.00217448
12,30,18,21,8,82.5556,0.00086096
13,30,30,0,60,12.0333,7.536e-05
14,17,17,0,34,12.0588,4.16e-05
15,16,15,1,8,80.2667,0.00072568
16,9,9,0,18,12,1.888e-05
17,49,38,13,10,84.8158,0.00208944
18,32,32,0,64,12.0625,8.368e-05
19,66,59,7,8,85.5085,0.00335528
20,21,15,6,8,74.1333,0.00072816
21,53,48,5,8,83.1458,0.00268496
22,43,43,0,86,12.0465,9.92e-05
23,65,56,13,8,75.6964,0.0031754
24,68,63,5,8,82.873,0.003597
25,11,11,0,22,12,2.592e-05
26,32,32,0,64,12.0312,7.472e-05
27,36,36,0,72,12.0556,8.176e-05
28,115,106,9,8,81.4245,0.0062014
29,46,46,0,92,12.0435,0.00010544
30,65,65,0,130,12.0462,0.00015136
31,60,60,0,8,79.6833,0.00342852
32,31,31,0,62,12.0323,6.464e-05
33,15,15,0,8,65.3333,0.0006834
34,9,9,0,18,12,1.888e-05
35,45,45,0,8,79.2444,0.00252472
36,24,24,0,48,12.0417,5.008e-05
37,44,40,4,8,74.025,0.002211
38,71,56,15,8,79.7857,0.00320192
39,24,24,0,48,12.0417,5.328e-05
40,42,42,0,84,12.0476,0.00010928
41,39,35,4,8,77.7429,0.00191192
42,52,45,7,8,74.4,0.00253448
43,12,9,3,8,77.4444,0.00031456
44,22,22,0,44,12.0455,4.976e-05
45,30,30,0,60,12.0333,6.864e-05
46,7,7,0,14,12,1.6e-05
47,21,21,0,8,66.1429,0.00108452
48,12,12,0,24,12,2.512e-05
49,42,40,2,8,76.825,0.00219308
50,23,23,0,46,12.0435,5.056e-05
51,9,9,0,8,84.6667,0.0003508
52,6,6,0,12,12,1.264e-05
53,14,14,0,8,75.3571,0.00065932
54,8,8,0,16,12,1.68e-05
55,112,90,26,10,78.4111,0.00516576
56,58,48,10,10,80.4167,0.00265272
57,70,70,0,140,12.0571,0.00017904
58,33,33,0,66,12.0303,7.776e-05
59,51,49,2,8,78.0816,0.00275308
60,239,218,24,8,75.3119,0.012965
61,14,10,4,8,81.2,0.00037268
62,64,60,4,8,82.0667,0.00342224
63,35,35,0,70,12.0286,7.872e-05
64,149,149,0,298,12.0537,0.00033728
65,7,7,0,14,12,1.472e-05
66,38,38,0,76,12.0526,8.688e-05
67,743,673,74,8,76.6657,0.0405068
68,573,573,0,1146,12.0663,0.00156192
69,44,36,8,8,70.8611,0.0019578
70,25,25,0,50,12.04,6.176e-05
71,20,17,3,8,74.9412,0.0008468
72,52,44,10,8,72.3409,0.00242816
73,133,118,15,10,73.4407,0.0068952
74,12,12,0,24,12,2.704e-05
75,30,30,0,60,12.0333,6.832e-05
76,83,83,0,166,12.0602,0.00020384
77,8,8,0,8,66.5,0.00026052
78,28,28,0,8,75.3929,0.00150548
79,5,5,0,10,12,1.056e-05
80,15,15,0,30,12,3.136e-05
81,11,11,0,8,81.8182,0.00048936
82,7,7,0,14,12,1.472e-05
83,24,24,0,8,69.1667,0.00124556
84,91,78,13,8,79.7179,0.0045218
85,13,13,0,26,12,2.72e-05
86,52,52,0,104,12.0577,0.00012816
87,45,34,16,8,71.7353,0.00185464
88,25,25,0,50,12.04,5.92e-05
89,55,40,25,8,75.1,0.00219068
90,34,28,6,8,69.4643,0.0014674
91,31,31,0,62,12.0323,8.064e-05
92,29,20,16,8,81.4,0.00100792
93,18,18,0,36,12.0556,4.08e-05
94,18,18,0,36,12.0556,4.144e-05
95,239,209,40,8,81.311,0.0124449
96,191,191,0,382,12.0628,0.00051936
97,92,79,13,8,80.0759,0.00454464
98,66,66,0,132,12.0455,0.00015536
99,34,30,4,8,85.9667,0.00160844
100,18,18,0,36,12,3.824e-05
101,43,35,8,8,80.8857,0.00192324
102,13,13,0,8,80,0.00059708
103,166,148,18,8,69.6081,0.00876216
104,32,32,0,64,12.0312,8.016e-05
105,8,8,0,16,12,1.68e-05
106,110,110,0,220,12.0545,0.00026224
107,42,38,4,8,81.1316,0.0021022
108,35,27,8,8,80.6296,0.00142812
109,21,21,0,42,12.0476,4.448e-05
110,64,53,11,8,77.283,0.00299156
111,20,20,0,40,12.05,5.008e-05
112,46,46,0,92,12.0435,0.00010832
113,15,15,0,8,82.4667,0.00072788
114,9,9,0,18,12,1.888e-05
115,14,14,0,8,82.1429,0.00066668
116,8,8,0,16,12,1.68e-05
117,34,26,8,8,79.8077,0.00135992
118,34,25,9,8,83.92,0.001322
119,21,21,0,42,12.0476,4.96e-05
120,20,20,0,40,12.05,4.752e-05
121,19,19,0,8,79.7368,0.00092504
122,11,11,0,22,12,2.304e-05
123,66,54,12,8,83.6852,0.00305816
124,40,40,0,80,12.05,9.648e-05
125,188,173,16,10,82.6474,0.0101778
126,54,45,9,8,85.4222,0.00248916
127,48,38,10,10,85.3947,0.00205384
128,118,118,0,236,12.0508,0.0002776
129,34,34,0,68,12.0588,8.368e-05
130,33,33,0,66,12.0606,8.384e-05
131,14,10,4,8,86.2,0.00038928
132,8,8,0,16,12,1.904e-05
133,14,14,0,8,81.0714,0.00061456
134,8,8,0,16,12,1.68e-05
135,15,15,0,8,82.8,0.00072332
136,25,20,5,8,83.9,0.00098908
137,9,9,0,18,12,1.888e-05
138,60,58,2,10,73.0172,0.00331608
139,16,16,0,8,78,0.00078276
140,39,36,3,10,79.25,0.00189256
141,15,15,0,30,12,3.584e-05
142,29,19,11,10,76.2105,0.00087944
143,43,43,0,86,12.0465,9.504e-05
144,9,9,0,18,12,1.888e-05
145,31,31,0,62,12.0323,7.04e-05
146,17,17,0,34,12.0588,4.288e-05
147,33,24,15,8,72.7083,0.00126676
148,14,14,0,28,12,2.928e-05
149,64,49,24,8,68.5714,0.00275644
150,32,32,0,64,12.0312,7.856e-05
151,67,61,6,8,79.3934,0.00349064
152,13,10,3,8,81,0.00038216
153,28,17,12,8,76.0588,0.0008474
154,49,49,0,98,12.0612,0.0001232
155,28,25,3,10,77.8,0.0013008
156,7,7,0,14,12,1.504e-05
157,43,35,14,8,81.2571,0.00191504
158,11,9,2,8,68.5556,0.0003404
159,15,15,0,30,12,3.968e-05
160,34,28,6,8,82.5,0.00150752
161,20,20,0,40,12.05,4.528e-05
162,25,25,0,50,12.04,5.824e-05
163,7,7,0,14,12,1.472e-05
164,23,23,0,46,12.0435,5.6e-05
165,58,55,3,8,82.7273,0.00313848
166,68,56,12,10,79.8929,0.0032008
167,49,49,0,98,12.0408,0.00011584
168,45,45,0,90,12.0444,0.00011744
169,35,25,11,8,67.76,0.00132284
170,8,8,0,8,85.125,0.00028232
171,143,133,10,8,60.6241,0.00781356
172,40,37,3,8,70.5946,0.00206196
173,22,22,0,44,12.0455,5.456e-05
174,14,10,4,8,77.4,0.0004074
175,5,5,0,10,12,1.056e-05
176,79,79,0,158,12.0506,0.0001728
177,27,27,0,54,12.037,6.24e-05
178,8,8,0,16,12,1.84e-05
179,16,16,0,8,59.375,0.00076636
180,57,57,0,8,71.8421,0.00323236
181,9,9,0,18,12,1.888e-05
182,30,30,0,60,12.0333,6.256e-05
183,96,94,2,10,81.234,0.00547912
184,8,8,0,8,73.125,0.00028428
185,79,79,0,158,12.0506,0.00018272
186,5,5,0,10,12,1.056e-05
187,59,52,9,10,67.9038,0.00294744
188,42,42,0,84,12.0476,0.00010672
189,77,77,0,8,48.974,0.0044554
190,40,40,0,80,12.05,8.336e-05
191,39,39,0,8,40.0256,0.00214748
192,21,21,0,42,12.0476,4.384e-05
193,13,13,0,8,44.5385,0.00060668
194,28,28,0,8,55.8571,0.00146376
195,8,8,0,16,12,1.68e-05
196,15,15,0,30,12,3.136e-05
197,58,50,8,10,74.06,0.00282736
198,34,34,0,68,12.0588,7.984e-05
199,14,14,0,8,79.4286,0.00063468
200,50,44,6,8,64.2727,0.0024538
201,26,22,4,10,69.7727,0.00107896
202,8,8,0,16,12,1.68e-05
203,31,31,0,62,12.0323,7.168e-05
204,17,17,0,34,12,3.904e-05
205,143,114,37,10,75.7632,0.0067016
206,119,87,42,10,76,0.0050572
207,98,98,0,196,12.0612,0.00025552
208,81,67,15,8,71.1194,0.00383292
209,70,70,0,140,12.0571,0.00019344
210,50,50,0,100,12.06,0.000124
211,81,71,10,8,61.2535,0.00407112
212,47,37,10,8,70.3784,0.00205072
213,42,42,0,84,12.0476,9.2e-05
214,20,20,0,40,12.05,4.176e-05
215,35,29,9,10,76.931,0.0015344
216,43,37,6,10,77.6757,0.00195488
217,66,58,8,8,62.0862,0.00331256
218,22,22,0,44,12.0455,4.976e-05
219,39,30,11,8,54.5667,0.0016352
220,27,27,0,54,12.037,6.464e-05
221,37,37,0,74,12.0541,8.256e-05
222,110,107,3,8,60.5234,0.00629532
223,23,23,0,46,12.0435,5.376e-05
224,63,63,0,126,12.0476,0.00013632
225,18,18,0,8,70.7222,0.00086112
226,10,10,0,20,12,2.096e-05
227,40,40,0,8,61.025,0.00222836
228,21,21,0,42,12.0476,4.384e-05
229,28,28,0,8,66.3214,0.00151224
230,15,15,0,30,12,3.136e-05
231,22,22,0,8,41.5455,0.00114008
232,12,12,0,24,12,2.512e-05
233,64,56,8,8,64.5357,0.00319624
234,53,47,6,8,66.8723,0.0026136
235,35,35,0,70,12.0571,8.256e-05
236,29,29,0,58,12.0345,6.688e-05
237,37,30,7,8,76.2,0.0016242
238,21,21,0,42,12.0476,4.96e-05
239,55,55,0,8,73.7273,0.00314636
240,29,29,0,58,12.0345,6.048e-05
241,25,25,0,8,73.6,0.00132928
242,14,14,0,28,12,2.928e-05
243,35,35,0,8,41.6,0.00192996
244,19,19,0,38,12.0526,3.968e-05
245,20,20,0,8,28.15,0.00098244
246,11,11,0,22,12,2.304e-05
247,32,32,0,8,32.7812,0.0017222
248,17,17,0,34,12,3.552e-05
249,15,15,0,8,27.4,0.00069984
250,9,9,0,18,12,1.888e-05
251,42,42,0,8,45.1429,0.0023486
252,22,22,0,44,12.0455,4.592e-05
253,27,27,0,8,47.6667,0.00142388
254,15,15,0,30,12,3.136e-05
255,292,219,99,10,72.8082,0.013034
256,179,179,0,358,12.0615,0.00048128
257,99,81,22,10,74.9136,0.00469128
258,67,67,0,134,12.0597,0.00017504
259,232,219,16,8,68.6849,0.0130434
260,143,143,0,286,12.0559,0.00033184
261,160,143,24,8,60.4825,0.00846652
262,27,18,13,8,77.0556,0.0009058
263,47,46,1,8,58.3478,0.0025998
264,87,87,0,174,12.046,0.00019392
265,15,15,0,30,12,3.776e-05
266,33,22,13,8,72.4545,0.00114336
267,19,19,0,38,12.0526,4.768e-05
268,26,25,1,8,32.36,0.00128384
269,15,15,0,8,74.0667,0.00070608
270,41,34,7,8,73.0588,0.00184436
271,111,100,13,8,61.85,0.00581912
272,193,183,11,8,58.8525,0.0108906
273,9,9,0,18,12,1.888e-05
274,24,24,0,48,12.0417,5.584e-05
275,140,117,28,10,74.6496,0.0068448
276,74,74,0,148,12.0541,0.00016848
277,108,108,0,216,12.0463,0.00023536
278,81,81,0,162,12.0617,0.00020384
279,21,16,5,8,67.6875,0.00077504
280,24,15,13,8,65.4,0.00071516
281,12,12,0,24,12,2.736e-05
282,13,13,0,26,12,3.232e-05
283,16,16,0,8,48.0625,0.00073512
284,64,64,0,8,63.1094,0.00369432
285,9,9,0,18,12,1.888e-05
286,33,33,0,66,12.0303,6.88e-05
287,26,26,0,8,68.6154,0.00138388
288,24,17,7,8,63.0588,0.00084636
289,14,9,7,8,79.1111,0.00031536
290,14,14,0,28,12,2.928e-05
291,14,14,0,28,12,3.44e-05
292,6,6,0,12,12,1.264e-05
293,33,33,0,8,64.9394,0.00176632
294,14,14,0,8,63.7857,0.00065
295,18,18,0,36,12,3.76e-05
296,8,8,0,16,12,1.68e-05
297,12,12,0,8,47.75,0.0005238
298,7,7,0,14,12,1.472e-05
299,97,86,13,10,71.5349,0.00494464
300,53,53,0,106,12.0566,0.00012128
301,107,82,34,10,73.878,0.0047456
302,63,63,0,126,12.0635,0.00016448
303,121,114,7,8,73.4825,0.00671208
304,14,14,0,8,65.8571,0.00062996
305,78,78,0,156,12.0513,0.00017808
306,10,10,0,8,74.6,0.00037612
307,79,71,10,8,75.7887,0.0041144
308,8,8,0,16,12,1.68e-05
309,6,6,0,12,12,1.264e-05
310,43,43,0,86,12.0465,9.824e-05
311,86,80,6,8,71.6375,0.00465364
312,51,51,0,102,12.0392,0.00011424
313,64,53,11,8,67.5472,0.00297532
314,18,14,5,8,58,0.00064024
315,39,39,0,78,12.0513,9.44e-05
316,17,17,0,8,60,0.00084048
317,9,9,0,18,12,2.016e-05
318,10,10,0,20,12,2.096e-05
319,69,55,26,8,75.8909,0.00314236
320,65,55,10,10,76.5273,0.00309488
321,39,39,0,78,12.0513,9.92e-05
322,45,45,0,90,12.0444,0.00012032
323,39,31,10,8,58.9355,0.00166048
324,23,23,0,46,12.0435,5.376e-05
325,15,15,0,8,67.3333,0.00069216
326,9,9,0,18,12,1.888e-05
327,24,24,0,48,12.0417,5.008e-05
328,14,14,0,28,12,2.928e-05
329,11,11,0,8,23.5455,0.00048544
330,16,16,0,8,30.625,0.00076448
331,7,7,0,14,12,1.472e-05
332,9,9,0,18,12,1.888e-05
333,13,13,0,8,19.8462,0.00057504
334,8,8,0,16,12,1.68e-05
335,15,15,0,8,21.2667,0.000705
336,9,9,0,18,12,1.888e-05
337,107,107,0,8,54.5981,0.00628892
338,55,55,0,110,12.0364,0.00011456
339,221,178,62,8,78.5,0.0105695
340,19,19,0,8,76.8947,0.0009424
341,134,134,0,268,12.0597,0.00034736
342,11,11,0,22,12,2.304e-05
343,45,35,10,8,75.0286,0.00193028
344,232,216,16,8,77.7546,0.0128311
345,26,26,0,52,12.0385,6.48e-05
346,147,147,0,294,12.0544,0.00036064
347,542,508,40,8,72.498,0.0305013
348,133,108,30,8,80.2685,0.00633084
349,343,343,0,686,12.0583,0.000808
350,79,79,0,158,12.0633,0.0002016
351,66,50,16,8,70.28,0.0028454
352,323,301,26,8,70.3688,0.0179941
353,44,44,0,88,12.0455,0.000108
354,181,181,0,362,12.0552,0.0004032
355,174,147,31,8,70.483,0.0086676
356,114,114,0,228,12.0614,0.0003112
357,49,38,12,8,80.5526,0.00209576
358,28,28,0,56,12.0357,6.992e-05
359,66,56,10,8,77.1429,0.00318196
360,31,27,4,10,82.2963,0.00137608
361,19,17,2,8,80.3529,0.00084396
362,98,90,8,8,75.8556,0.0052162
363,40,40,0,80,12.05,9.36e-05
364,24,24,0,48,12.0417,5.456e-05
365,11,11,0,22,12,2.464e-05
366,60,60,0,120,12.05,0.00013968
367,44,37,8,8,79.4865,0.0020506
368,30,30,0,60,12.0333,7.376e-05
369,54,41,16,10,76.1951,0.00227648
370,82,73,9,8,77.589,0.00423376
371,53,45,10,8,71.5778,0.00250316
372,444,415,30,8,65.4723,0.0249181
373,34,34,0,68,12.0588,8.688e-05
374,53,53,0,106,12.0566,0.000128
375,30,30,0,60,12.0333,6.8e-05
376,250,250,0,500,12.052,0.0005608
377,16,16,0,8,75.8125,0.00079032
378,9,9,0,18,12,1.888e-05
379,12,12,0,8,74.9167,0.0005048
380,7,7,0,14,12,1.472e-05
381,9,9,0,8,58.8889,0.00032008
382,6,6,0,12,12,1.264e-05
383,89,66,27,8,78.6667,0.00379508
384,129,104,34,10,79.9327,0.00608848
385,50,50,0,100,12.06,0.00013232
386,88,88,0,176,12.0568,0.00023728
387,85,75,14,8,72.7333,0.00431116
388,63,61,2,8,78.7213,0.00345928
389,44,42,2,10,74.8095,0.00228656
390,52,52,0,104,12.0577,0.00012048
391,18,15,3,8,76.0667,0.00071328
392,13,13,0,8,80.9231,0.00055716
393,41,41,0,82,12.0488,9.12e-05
394,8,8,0,16,12,1.68e-05
395,14,14,0,8,63.2143,0.00063508
396,98,86,12,10,77.6628,0.00493576
397,8,8,0,16,12,1.68e-05
398,57,57,0,114,12.0526,0.00013696
399,59,59,0,8,69.4915,0.00333532
400,31,31,0,62,12.0323,6.464e-05
401,286,225,71,8,79.64,0.0133999
402,193,193,0,386,12.0622,0.0005232
403,50,40,10,10,68.375,0.00213304
404,38,38,0,76,12.0526,9.328e-05
405,25,25,0,8,82.12,0.00128192
406,6,6,0,8,79.5,0.0001366
407,14,14,0,28,12,2.928e-05
408,4,4,0,8,12,8.48e-06
409,9,9,0,8,85,0.00032824
410,45,36,9,10,68.0833,0.00198952
411,27,19,13,10,62.3158,0.00090592
412,252,241,14,8,61.9627,0.0143635
413,6,6,0,12,12,1.264e-05
414,30,30,0,60,12.0333,7.536e-05
415,8,7,1,8,75.4286,0.00019724
416,18,18,0,36,12.0556,4.336e-05
417,25,17,8,8,56.2353,0.00079968
418,139,139,0,278,12.0504,0.00030144
419,31,22,13,8,61.8182,0.00110004
420,7,7,0,8,69.7143,0.00021524
421,9,8,1,8,70.625,0.00028392
422,30,23,7,8,52.2174,0.0011612
423,4,4,0,8,12,8.8e-06
424,15,15,0,30,12,3.776e-05
425,19,19,0,38,12.0526,4.64e-05
426,5,5,0,10,12,1.056e-05
427,5,5,0,10,12,1.088e-05
428,19,19,0,38,12.0526,4.608e-05
429,24,24,0,8,45.875,0.00124156
430,11,11,0,8,48.7273,0.00046608
431,13,13,0,26,12,2.72e-05
432,7,7,0,14,12,1.472e-05
433,65,58,7,8,67.5,0.00331044
434,65,55,10,8,71.2727,0.003095
435,35,35,0,70,12.0286,7.872e-05
436,37,37,0,74,12.0541,9.056e-05
437,9,9,0,8,64.5556,0.00034348
438,6,6,0,12,12,1.264e-05
439,32,32,0,8,54.0312,0.00174316
440,17,17,0,34,12,3.552e-05
441,41,41,0,8,57,0.00228188
442,22,22,0,44,12.0455,4.592e-05
443,26,26,0,8,53.9615,0.00138588
444,14,14,0,28,12,2.928e-05
445,12,12,0,8,68.5833,0.00053308
446,33,28,7,8,79.2143,0.00147376
447,7,7,0,14,12,1.472e-05
448,27,27,0,54,12.037,5.888e-05
449,19,19,0,38,12.0526,4.544e-05
450,114,104,12,8,53.7308,0.00609608
451,9,9,0,18,12,1.984e-05
452,80,80,0,160,12.05,0.00019856
453,25,24,1,8,69.7083,0.00125912
454,27,27,0,8,76.0741,0.001415
455,112,109,3,8,71.3853,0.00636276
456,13,13,0,26,12,2.752e-05
457,15,15,0,30,12,3.136e-05
458,72,72,0,144,12.0556,0.00016912
459,48,40,8,8,68,0.00222916
460,28,28,0,56,12.0357,6.416e-05
461,9,9,0,8,78.2222,0.000315
462,6,6,0,12,12,1.264e-05
463,8,8,0,8,68.75,0.00026084
464,5,5,0,10,12,1.056e-05
465,10,10,0,8,66.3,0.00039924
466,6,6,0,12,12,1.264e-05
467,41,38,3,8,70.7632,0.00212216
468,36,36,0,8,74,0.00197972
469,21,21,0,42,12.0476,4.384e-05
470,19,19,0,38,12.0526,3.968e-05
471,86,79,7,8,42.2025,0.00456916
472,7,7,0,8,56.4286,0.0001908
473,47,47,0,94,12.0426,0.00010368
474,5,5,0,10,12,1.056e-05
475,9,9,0,8,43.3333,0.00031316
476,6,6,0,12,12,1.264e-05
477,23,23,0,8,38.3913,0.00116516
478,13,13,0,26,12,2.72e-05
479,55,50,5,10,61.24,0.00280984
480,61,57,4,8,70.9474,0.00321688
481,31,31,0,62,12.0323,6.784e-05
482,32,32,0,64,12.0312,6.992e-05
483,13,13,0,8,79.1538,0.0005742
484,8,8,0,16,12,1.68e-05
485,22,18,4,8,69.1111,0.00088248
486,13,13,0,26,12,2.976e-05
487,97,84,15,8,69.4524,0.00484864
488,144,124,24,8,62.3952,0.00730204
489,53,53,0,106,12.0566,0.0001264
490,84,84,0,168,12.0595,0.0002088
491,51,37,20,8,76.8378,0.0020562
492,148,128,22,10,77.6797,0.0074888
493,30,30,0,8,70.7333,0.0015954
494,135,123,12,8,81.878,0.00724752
495,93,93,0,186,12.0538,0.00023488
496,16,16,0,32,12,3.344e-05
497,94,94,0,188,12.0638,0.00024976
498,355,322,34,8,71.5932,0.01929
499,62,61,1,8,47.0656,0.003468
500,42,42,0,84,12.0476,9.392e-05
501,11,11,0,8,25.6364,0.00048624
502,20,20,0,8,39,0.0010306
503,7,7,0,14,12,1.472e-05
504,58,58,0,8,46.0172,0.00329972
505,11,11,0,22,12,2.304e-05
506,30,30,0,60,12.0333,6.256e-05
507,15,15,0,8,26.0667,0.00069232
508,9,9,0,18,12,1.888e-05
509,23,23,0,8,29.8696,0.00118456
510,13,13,0,26,12,2.72e-05
511,24,24,0,8,45.125,0.0012426
512,21,21,0,8,46.7619,0.00104948
513,13,13,0,26,12,2.72e-05
514,36,36,0,8,57.0278,0.00194504
515,12,12,0,24,12,2.512e-05
516,19,19,0,38,12.0526,3.968e-05
517,97,96,1,8,71.2083,0.0056012
518,28,28,0,8,61.9286,0.00150988
519,49,49,0,98,12.0408,0.00010272
520,15,15,0,30,12,3.136e-05
521,14,14,0,8,65.9286,0.00065788
522,8,8,0,16,12,1.68e-05
523,12,12,0,8,32.4167,0.00050564
524,18,18,0,8,38.6111,0.00089376
525,35,35,0,8,43.6857,0.00192644
526,7,7,0,14,12,1.472e-05
527,10,10,0,20,12,2.096e-05
528,19,19,0,38,12.0526,3.968e-05
529,15,15,0,8,32.2,0.0006752
530,9,9,0,18,12,1.888e-05
531,303,228,91,10,72.0526,0.0135417
532,11,11,0,8,36.8182,0.00048076
533,181,181,0,362,12.0663,0.00049792
534,7,7,0,14,12,1.472e-05
535,107,89,24,10,80.8202,0.00513384
536,46,35,19,6,76.4286,0.00195544
537,81,81,0,162,12.0617,0.00023552
538,52,38,21,10,80.3421,0.0020408
539,24,24,0,48,12.0417,5.456e-05
540,84,75,9,8,76.1333,0.00431948
541,81,65,20,8,80.5692,0.00373808
542,34,34,0,68,12.0588,8.144e-05
543,29,20,12,8,80.45,0.001018
544,58,58,0,116,12.0517,0.0001416
545,53,53,0,106,12.0566,0.00012672
546,229,204,26,8,69.3922,0.0121445
547,16,16,0,32,12.0625,4.112e-05
548,32,32,0,64,12.0312,7.888e-05
549,253,224,33,10,81.125,0.0133391
550,125,125,0,250,12.048,0.00027072
551,192,192,0,384,12.0677,0.00052976
552,68,59,9,10,76.9492,0.00329072
553,39,32,7,8,80.2188,0.00172136
554,45,45,0,90,12.0444,0.00010272
555,23,23,0,46,12.0435,5.76e-05
556,220,220,0,440,12.0591,0.00052496
557,292,261,43,10,76.1111,0.0155657
558,57,55,2,8,75.7455,0.003122
559,169,169,0,338,12.0533,0.0003808
560,40,40,0,80,12.05,8.976e-05
561,18,18,0,8,80.3333,0.0008616
562,380,362,19,8,73.942,0.0216681
563,10,10,0,20,12,2.096e-05
564,231,231,0,462,12.0519,0.00051616
565,51,44,7,8,80.7273,0.00246644
566,29,29,0,58,12.0345,7.008e-05
567,48,43,5,8,69.7907,0.00238792
568,126,112,14,10,81.0625,0.00659616
569,31,31,0,62,12.0323,6.976e-05
570,77,77,0,154,12.0519,0.00017344
571,24,24,0,8,67.7917,0.0012202
572,13,13,0,26,12,2.72e-05
573,20,20,0,8,61.05,0.0009948
574,11,11,0,22,12,2.304e-05
575,16,16,0,8,62.625,0.00075848
576,9,9,0,18,12,1.888e-05
577,54,44,10,10,82.75,0.00243512
578,35,29,6,10,81.3448,0.00153736
579,133,117,24,8,81.3419,0.00684572
580,36,36,0,72,12.0556,9.36e-05
581,25,25,0,50,12.04,5.984e-05
582,84,84,0,168,12.0476,0.00019504
583,31,20,11,10,83.15,0.00096992
584,18,18,0,36,12.0556,4.592e-05
585,65,55,10,8,79.2,0.00312684
586,46,36,11,10,81.3889,0.00188888
587,9,8,1,8,80,0.00026184
588,51,51,0,102,12.0588,0.0001312
589,34,34,0,68,12.0588,8.432e-05
590,6,6,0,12,12,1.264e-05
591,76,60,16,10,82.3333,0.00336368
592,51,51,0,102,12.0588,0.0001408
593,36,32,4,8,80.5,0.00172788
594,81,68,13,8,78.2353,0.0038798
595,43,28,24,8,81.6786,0.00147044
596,18,18,0,36,12,3.856e-05
597,50,50,0,100,12.04,0.00011536
598,24,24,0,48,12.0417,5.584e-05
599,17,17,0,8,68.4706,0.00079824
600,52,44,10,10,76.1364,0.0024364
601,10,10,0,20,12,2.096e-05
602,46,39,7,10,78.1538,0.00208896
603,29,29,0,58,12.0345,6.624e-05
604,33,33,0,66,12.0606,8.448e-05
605,25,19,6,8,73.7895,0.00092844
606,15,15,0,30,12,3.488e-05
607,910,837,81,8,71.8746,0.0504104
608,89,62,27,8,81.9516,0.00354864
609,592,592,0,1184,12.0608,0.00147056
610,48,48,0,96,12.0625,0.00013008
611,49,39,14,8,75.4103,0.002146
612,39,25,22,6,80.88,0.0013366
613,73,63,13,8,78.127,0.00358008
614,64,51,23,10,81.4118,0.00283448
615,35,35,0,70,12.0571,8.384e-05
616,23,23,0,46,12.0435,5.984e-05
617,47,47,0,94,12.0426,0.00010752
618,37,37,0,74,12.0541,9.152e-05
619,144,116,30,8,75.181,0.00683748
620,33,24,13,8,77.4167,0.00125016
621,86,86,0,172,12.0581,0.00021616
622,22,22,0,44,12.0455,5.584e-05
623,52,40,14,8,78.625,0.00223572
624,13,10,3,8,79.2,0.00042484
625,58,49,9,10,74.6531,0.0027736
626,104,94,15,8,61.9787,0.00546744
627,37,37,0,74,12.0541,8.96e-05
628,7,7,0,14,12,1.472e-05
629,45,45,0,90,12.0444,0.00011136
630,58,58,0,116,12.0517,0.00012816
631,33,32,1,8,81.1562,0.00174504
632,17,17,0,34,12,3.616e-05
633,28,20,8,8,73.15,0.00097964
634,18,18,0,36,12.0556,4.336e-05
635,27,27,0,8,69.7778,0.00144584
636,15,15,0,30,12,3.136e-05
637,71,61,10,8,77.9016,0.00350288
638,21,21,0,8,82.619,0.00104376
639,37,37,0,74,12.0541,8.48e-05
640,12,12,0,24,12,2.512e-05
641,105,83,26,10,86,0.00474168
642,71,71,0,142,12.0563,0.00018944
643,104,94,11,10,81.3617,0.00547272
644,33,29,4,8,80.7241,0.0015504
645,44,35,9,8,84.6857,0.00190512
646,80,80,0,160,12.05,0.0001992
647,20,20,0,40,12.05,4.72e-05
648,28,28,0,56,12.0357,6.992e-05
649,76,64,12,8,82.6875,0.00364296
650,52,52,0,104,12.0577,0.00013008
651,12,12,0,8,78.25,0.0005342
652,53,50,3,8,77.18,0.00282672
653,7,7,0,14,12,1.472e-05
654,36,36,0,72,12.0556,8.08e-05
655,46,46,0,8,70.8696,0.00258348
656,24,24,0,48,12.0417,5.008e-05
657,95,73,27,8,74.6164,0.00423444
658,56,56,0,112,12.0536,0.0001496
659,9,9,0,8,79.6667,0.00033668
660,34,28,6,10,76.5357,0.00145368
661,32,23,14,8,63.3913,0.00118052
662,6,6,0,12,12,1.264e-05
663,42,33,16,8,62.6364,0.00176332
664,23,23,0,46,12.0435,5.536e-05
665,39,30,11,8,59.6,0.00160732
666,33,23,19,6,64.6087,0.00121844
667,19,19,0,38,12.0526,4.352e-05
668,24,24,0,48,12.0417,5.392e-05
669,23,23,0,46,12.0435,5.536e-05
670,20,20,0,40,12.05,4.56e-05
671,9,9,0,8,63.2222,0.00031184
672,6,6,0,12,12,1.264e-05
673,64,53,11,8,74.283,0.00302904
674,301,269,39,8,77.5093,0.0160908
675,43,31,15,8,78.6129,0.00169644
676,38,38,0,76,12.0526,9.776e-05
677,191,191,0,382,12.0576,0.00045216
678,65,54,11,10,80.9074,0.00302792
679,28,18,18,6,82.1111,0.00094696
680,24,24,0,48,12.0417,6.256e-05
681,50,50,0,100,12.06,0.00012432
682,17,17,0,34,12.0588,4.128e-05
683,18,14,4,8,72.2143,0.00066988
684,252,232,21,8,79.0776,0.0138415
685,18,11,13,8,70.5455,0.00043496
686,88,73,15,8,81.8904,0.00418744
687,10,10,0,20,12,2.32e-05
688,35,30,5,8,81.1333,0.00161408
689,156,156,0,312,12.0513,0.000356
690,10,10,0,20,12,2.288e-05
691,61,61,0,122,12.0492,0.00014688
692,24,24,0,48,12.0417,5.776e-05
693,40,30,10,8,84.2333,0.0016126
694,40,32,8,10,85.2188,0.0016688
695,85,70,22,8,80.8286,0.0040228
696,24,24,0,48,12.0417,6.16e-05
697,29,29,0,58,12.0345,7.072e-05
698,50,50,0,100,12.04,0.00011568
699,198,178,22,10,76.8427,0.0104786
700,42,27,16,8,77.7778,0.00144768
701,157,157,0,314,12.0573,0.00039488
702,41,38,3,10,81.5263,0.0020332
703,24,24,0,48,12.0417,6.064e-05
704,32,32,0,64,12.0312,7.504e-05
705,59,54,5,10,77.5,0.00302992
706,43,43,0,86,12.0465,0.0001104
707,154,137,17,8,76.854,0.00807772
708,25,13,15,8,80.0769,0.00060412
709,98,98,0,196,12.0612,0.00023952
710,9,9,0,18,12,1.92e-05
711,22,22,0,8,62.0455,0.00113864
712,12,12,0,24,12,2.512e-05
713,30,22,8,8,81.7727,0.00114424
714,53,43,10,8,76.3256,0.00240296
715,33,24,16,10,79.625,0.00123832
716,17,17,0,34,12.0588,3.936e-05
717,41,41,0,82,12.0488,0.00010016
718,22,22,0,44,12.0455,5.264e-05
719,51,38,13,8,81.5,0.0021206
720,26,25,1,8,78.24,0.0013042
721,62,49,14,10,72.2245,0.00270552
722,29,29,0,58,12.0345,7.104e-05
723,83,75,12,8,78.4933,0.00436004
724,35,35,0,70,12.0571,8.352e-05
725,94,80,14,8,75.3,0.00461232
726,53,53,0,106,12.0566,0.00011968
727,127,111,16,8,76.7387,0.00651292
728,50,50,0,100,12.04,0.00011472
729,54,42,12,8,82.3095,0.00231228
730,39,28,11,10,76.1786,0.00147152
731,32,23,18,8,74.1304,0.00116992
732,81,81,0,162,12.0617,0.00020064
733,34,34,0,68,12.0588,8.528e-05
734,40,29,11,8,78.6207,0.0015532
735,26,26,0,52,12.0385,6.896e-05
736,19,19,0,38,12.0526,4.544e-05
737,25,24,1,8,76.3333,0.00121936
738,24,24,0,48,12.0417,5.872e-05
739,26,26,0,8,81.8077,0.00135724
740,14,14,0,28,12,2.928e-05
741,11,10,1,8,88.1,0.00041812
742,7,7,0,14,12,1.472e-05
743,43,34,9,8,75.4412,0.00185296
744,107,95,16,8,71,0.0055504
745,27,27,0,54,12.037,7.008e-05
746,60,60,0,120,12.05,0.00014192
747,12,12,0,8,71.9167,0.0005036
748,7,7,0,14,12,1.472e-05
749,22,22,0,8,63.9091,0.00111004
750,12,12,0,24,12,2.512e-05
751,22,22,0,8,70.8636,0.00112928
752,12,12,0,24,12,2.512e-05
753,15,15,0,8,66.9333,0.0007188
754,9,9,0,18,12,1.888e-05
755,52,52,0,8,61.9615,0.00293076
756,27,27,0,54,12.037,5.632e-05
757,98,92,6,10,81.6957,0.00534992
758,80,80,0,160,12.05,0.00019984
759,8,8,0,8,82.375,0.00029552
760,5,5,0,10,12,1.056e-05
761,13,13,0,8,81.0769,0.00056184
762,8,8,0,16,12,1.68e-05
763,138,122,16,10,78.9836,0.00712976
764,73,61,14,8,82.9672,0.00348808
765,112,112,0,224,12.0625,0.00028336
766,49,49,0,98,12.0612,0.00012704
767,180,167,16,8,67.994,0.009912
768,12,10,2,8,79.9,0.00039212
769,59,48,11,8,72.6875,0.00267156
770,117,117,0,234,12.0513,0.00027936
771,7,7,0,14,12,1.472e-05
772,37,37,0,74,12.0541,8.896e-05
773,43,33,10,8,81.8788,0.0018064
774,29,21,8,8,79.5714,0.00106924
775,23,23,0,46,12.0435,5.536e-05
776,30,23,13,10,78.7391,0.0011844
777,16,16,0,32,12,3.792e-05
778,35,33,2,8,74.6364,0.0017978
779,21,21,0,42,12.0476,4.832e-05
780,19,19,0,38,12.0526,3.968e-05
781,39,35,4,8,75.6,0.00192524
782,167,125,57,8,75.6,0.0073504
783,19,19,0,38,12.0526,4.064e-05
784,108,108,0,216,12.0556,0.00027056
785,91,79,13,8,78.7595,0.00457476
786,40,31,9,10,80.2581,0.00159016
787,14,14,0,28,12,2.928e-05
788,31,31,0,8,78,0.00166776
789,68,68,0,136,12.0588,0.00016816
790,27,27,0,54,12.037,6.944e-05
791,17,17,0,34,12,3.552e-05
792,26,21,5,8,76.0952,0.00108844
793,17,17,0,34,12,3.936e-05
794,13,13,0,26,12,2.72e-05
795,35,35,0,8,61.7143,0.001898
796,19,19,0,38,12.0526,3.968e-05
797,170,141,33,10,81.0851,0.00827768
798,164,134,41,10,76.9478,0.0078228
799,120,120,0,240,12.0667,0.00032368
800,118,118,0,236,12.0678,0.00034064
801,46,38,10,8,73.6053,0.00206608
802,25,18,7,8,78.9444,0.0008694
803,26,26,0,52,12.0385,6.32e-05
804,46,41,5,10,80.3415,0.00225352
805,14,14,0,28,12,3.408e-05
806,19,12,7,8,83.25,0.00051116
807,36,36,0,72,12.0556,8.4e-05
808,8,8,0,16,12,1.68e-05
809,128,125,3,8,52.92,0.00736816
810,70,70,0,140,12.0429,0.0001496
811,19,19,0,8,68.6316,0.00091976
812,11,11,0,22,12,2.304e-05
813,20,20,0,8,74.1,0.00103068
814,11,11,0,22,12,2.304e-05
815,21,21,0,8,76.2381,0.00106472
816,12,12,0,24,12,2.512e-05
817,23,23,0,8,41.8696,0.0011726
818,13,13,0,26,12,2.72e-05
819,21,21,0,8,40.381,0.00106792
820,12,12,0,24,12,2.512e-05
821,59,59,0,8,58,0.00333536
822,31,31,0,62,12.0323,6.464e-05
823,11,11,0,8,51.9091,0.00046612
824,131,109,34,8,72.211,0.00637896
825,7,7,0,14,12,1.472e-05
826,72,72,0,144,12.0556,0.00017936
827,25,25,0,8,70.04,0.00131048
828,141,116,32,8,80.8276,0.00682264
829,14,14,0,28,12,2.928e-05
830,62,49,14,8,76.4694,0.00276776
831,81,81,0,162,12.0617,0.00020832
832,37,37,0,74,12.0541,8.768e-05
833,66,60,6,10,76.35,0.00334992
834,39,39,0,78,12.0513,9.344e-05
835,37,33,4,8,76.0606,0.00182016
836,100,100,0,8,69.16,0.00584776
837,27,27,0,54,12.037,6.24e-05
838,51,51,0,102,12.0392,0.00010624
839,133,102,31,8,76.8922,0.00596024
840,216,189,38,10,72.6984,0.0112398
841,72,72,0,144,12.0556,0.00018448
842,173,173,0,346,12.0578,0.00043264
843,65,53,12,8,76.8302,0.0030024
844,93,83,11,8,76.2048,0.00482972
845,65,55,16,8,76.9636,0.00312596
846,40,40,0,80,12.05,9.904e-05
847,70,70,0,140,12.0571,0.00016944
848,51,51,0,102,12.0588,0.00013312
849,10,10,0,8,69,0.00041628
850,32,31,1,8,80.129,0.00165784
851,6,6,0,12,12,1.264e-05
852,16,16,0,32,12,3.376e-05
853,42,35,7,10,74.2286,0.00190352
854,75,68,7,8,73.4118,0.00392208
855,32,32,0,64,12.0312,7.568e-05
856,52,42,10,8,71.8333,0.00233448
857,47,47,0,94,12.0426,0.0001072
858,10,10,0,8,72.8,0.0004052
859,17,17,0,8,77.9412,0.0008094
860,23,18,5,8,77.3333,0.00087872
861,33,33,0,66,12.0606,8.512e-05
862,6,6,0,12,12,1.264e-05
863,10,10,0,20,12,2.096e-05
864,14,14,0,28,12,3.216e-05
865,15,15,0,8,65,0.00073112
866,30,30,0,8,63.0667,0.00163424
867,9,9,0,18,12,1.888e-05
868,16,16,0,32,12,3.344e-05
869,43,42,1,8,67.2381,0.00234152
870,23,23,0,46,12.0435,4.8e-05
871,103,91,13,8,81.6703,0.00527596
872,238,219,21,10,78.9224,0.012997
873,59,48,15,10,76.8125,0.00265376
874,72,72,0,144,12.0556,0.00018448
875,155,155,0,310,12.0581,0.0003744
876,32,32,0,64,12.0312,7.376e-05
877,31,29,2,8,79.2069,0.00152652
878,14,8,10,8,65.125,0.00027336
879,72,70,2,8,79.9286,0.0040458
880,18,18,0,36,12,4.016e-05
881,5,5,0,10,12,1.056e-05
882,53,53,0,106,12.0566,0.00012128
883,35,29,6,10,80.6207,0.00149832
884,24,16,11,8,81.5,0.00077348
885,25,25,0,50,12.04,5.984e-05
886,14,14,0,28,12,3.472e-05
887,113,95,21,8,78.0947,0.0055268
888,69,69,0,138,12.058,0.00017824
889,18,16,2,8,82.75,0.00076984
890,10,10,0,20,12,2.224e-05
891,44,43,1,10,76.3953,0.00233832
892,37,37,0,74,12.0541,8.32e-05
893,46,46,0,8,73.4348,0.00258368
894,24,24,0,48,12.0417,5.008e-05
895,11,11,0,8,69.9091,0.00048336
896,26,26,0,8,67.3077,0.00135224
897,163,139,29,8,76.5971,0.00822184
898,7,7,0,14,12,1.472e-05
899,14,14,0,28,12,2.928e-05
900,91,91,0,182,12.0549,0.00021856
901,128,115,16,8,78.6435,0.00674132
902,80,71,9,8,79.4225,0.00406712
903,17,17,0,8,78.9412,0.00080808
904,70,70,0,140,12.0571,0.00015984
905,116,107,16,8,76.972,0.00629096
906,43,43,0,86,12.0465,9.568e-05
907,10,10,0,20,12,2.096e-05
908,236,185,64,10,78.3568,0.010969
909,67,67,0,134,12.0448,0.0001488
910,21,21,0,8,71.9048,0.00109228
911,12,12,0,24,12,2.512e-05
912,41,41,0,8,79.4146,0.0022844
913,22,22,0,44,12.0455,4.592e-05
914,17,17,0,8,70.9412,0.00085236
915,31,31,0,8,79.2581,0.00168072
916,66,61,5,10,74.459,0.00350672
917,10,10,0,20,12,2.096e-05
918,17,17,0,34,12.0588,3.552e-05
919,50,50,0,100,12.06,0.00012624
920,68,65,3,8,76.4462,0.00373548
921,32,26,6,8,78.3462,0.00138484
922,36,36,0,72,12.0278,7.6e-05
923,19,19,0,38,12.0526,4.384e-05
924,188,179,9,8,63.1564,0.0106342
925,108,108,0,216,12.0556,0.00024208
926,51,43,8,8,61.5581,0.00239048
927,10,10,0,8,51.8,0.00038312
928,29,29,0,58,12.0345,6.656e-05
929,6,6,0,12,12,1.264e-05
930,50,50,0,8,58.62,0.0028038
931,26,26,0,52,12.0385,5.424e-05
932,45,45,0,8,70.7778,0.00251676
933,24,24,0,48,12.0417,5.008e-05
934,83,76,7,8,74.4211,0.00437492
935,23,23,0,8,70.6957,0.00117264
936,45,45,0,90,12.0444,0.00010336
937,13,13,0,26,12,2.72e-05
938,35,35,0,8,69.8857,0.00191844
939,19,19,0,38,12.0526,3.968e-05
940,38,38,0,8,56.4737,0.00206732
941,54,54,0,8,65.1852,0.00307284
942,20,20,0,40,12.05,4.176e-05
943,28,28,0,56,12.0357,5.84e-05
944,11,11,0,8,77.6364,0.00048116
945,7,7,0,14,12,1.472e-05
946,40,40,0,8,56.625,0.00220168
947,21,21,0,42,12.0476,4.384e-05
948,23,23,0,8,48.3478,0.00118188
949,13,13,0,26,12,2.72e-05
950,5,5,0,8,37.4,8.236e-05
951,26,26,0,8,34.6923,0.00137576
952,4,4,0,8,12,8.48e-06
953,14,14,0,28,12,2.928e-05
954,12,12,0,8,38.9167,0.00050832
955,7,7,0,14,12,1.472e-05
956,25,25,0,8,41.72,0.0012888
957,14,14,0,28,12,2.928e-05
958,98,89,9,8,67.6067,0.00515036
959,54,54,0,108,12.0556,0.00012688
960,46,46,0,8,74.1087,0.0025988
961,24,24,0,48,12.0417,5.008e-05
962,11,11,0,8,71.8182,0.00043668
963,22,22,0,8,72.7727,0.00114656
964,151,151,0,302,12.0662,0.000424
965,7,7,0,14,12,1.472e-05
966,12,12,0,24,12,2.512e-05
967,86,71,15,8,77.6056,0.00410192
968,248,228,23,8,69.4825,0.0136016
969,83,70,15,10,75.5,0.00395952
970,16,10,6,8,74,0.00039472
971,48,48,0,96,12.0417,0.00011728
972,146,146,0,292,12.0548,0.00032784
973,64,64,0,128,12.0625,0.00017488
974,8,8,0,16,12,1.872e-05
975,27,25,2,8,78.52,0.0012902
976,29,25,4,8,84.56,0.00130904
977,15,15,0,30,12,3.264e-05
978,16,16,0,32,12,3.472e-05
979,25,25,0,8,76.36,0.00130832
980,14,14,0,28,12,2.928e-05
981,105,88,20,10,72.8523,0.00504152
982,55,55,0,110,12.0545,0.00012608
983,14,14,0,8,76.6429,0.00061808
984,42,36,6,8,65.8056,0.00198232
985,8,8,0,16,12,1.68e-05
986,27,27,0,54,12.037,6.336e-05
987,10,10,0,8,55.7,0.00038828
988,53,53,0,8,66.1321,0.00300464
989,6,6,0,12,12,1.264e-05
990,28,28,0,56,12.0357,5.84e-05
991,64,55,9,10,67.5091,0.00304328
992,138,122,18,6,70.4672,0.00720328
993,14,14,0,8,62.0714,0.00061736
994,22,21,1,10,71.8571,0.00101296
995,11,11,0,8,70.8182,0.00047912
996,38,35,3,10,69.6286,0.0019256
997,45,45,0,90,12.0444,0.00011328
998,84,84,0,168,12.0595,0.00020976
999,8,8,0,16,12,1.68e-05
1000,15,15,0,30,12,3.328e-05
1001,7,7,0,14,12,1.472e-05
1002,30,30,0,60,12.0333,6.8e-05
1003,13,13,0,8,80.1538,0.0006002
1004,183,162,32,8,64.9074,0.00957112
1005,8,8,0,16,12,1.68e-05
1006,33,30,4,8,85.7667,0.001616
1007,103,103,0,206,12.0583,0.000248
1008,18,18,0,36,12,3.824e-05
1009,20,13,7,8,88.3077,0.00055476
1010,11,11,0,22,12,2.656e-05
1011,6,6,0,8,51.6667,0.000143
1012,4,4,0,8,12,8.48e-06
1013,99,74,33,8,66.8784,0.00429004
1014,146,131,15,8,76.2672,0.0077182
1015,57,57,0,114,12.0526,0.00015328
1016,103,103,0,206,12.0583,0.00026336
1017,67,54,16,10,74.0926,0.00297656
1018,19,17,2,8,75.1176,0.00082176
1019,69,57,12,10,73.8421,0.00315896
1020,47,47,0,94,12.0426,0.00011744
1021,11,11,0,22,12,2.336e-05
1022,44,44,0,88,12.0455,0.00011088
1023,31,19,13,8,72.0526,0.00095484
1024,17,17,0,34,12.0588,3.936e-05
1025,89,76,13,10,79.8816,0.0044192
1026,27,19,8,10,79.6842,0.0008868
1027,66,66,0,132,12.0606,0.00016944
1028,18,18,0,36,12.0556,4.304e-05
1029,79,63,19,8,78.3175,0.00361468
1030,44,39,5,10,79.9744,0.00207536
1031,92,83,9,8,73.7108,0.00479288
1032,51,51,0,102,12.0588,0.00013056
1033,651,623,30,8,64.9374,0.037496
1034,71,61,17,8,78.2131,0.00350812
1035,33,33,0,66,12.0303,7.584e-05
1036,54,54,0,108,12.0556,0.00012112
1037,173,151,23,10,75.1192,0.00884352
1038,369,369,0,738,12.0542,0.00081344
1039,42,42,0,84,12.0476,9.616e-05
1040,44,39,5,8,78.359,0.00215688
1041,138,138,0,276,12.0652,0.00038224
1042,32,32,0,64,12.0312,7.504e-05
1043,21,13,8,8,77.3077,0.00060836
1044,8,8,0,16,12,1.712e-05
1045,58,51,7,10,78.2157,0.00288704
1046,91,85,6,8,76.0118,0.00492724
1047,34,34,0,68,12.0294,7.824e-05
1048,56,56,0,112,12.0536,0.00013584
1049,31,31,0,8,80.7742,0.00168432
1050,17,17,0,34,12,3.552e-05
1051,26,26,0,8,77.5,0.00135408
1052,14,14,0,28,12,2.928e-05
1053,48,48,0,8,58.0417,0.002673
1054,25,25,0,50,12.04,5.216e-05
1055,33,33,0,8,75.5758,0.0017964
1056,42,32,10,8,82.75,0.00175108
1057,18,18,0,36,12.0556,3.76e-05
1058,48,46,2,10,73.913,0.00255016
1059,25,25,0,50,12.04,6.144e-05
1060,39,39,0,78,12.0513,9.088e-05
1061,73,70,3,10,77.8857,0.00397688
1062,125,117,8,8,68.1197,0.00684644
1063,14,14,0,8,82.3571,0.00067008
1064,65,57,8,8,74.5965,0.00322468
1065,57,57,0,114,12.0526,0.00013472
1066,67,67,0,134,12.0448,0.00014656
1067,8,8,0,16,12,1.68e-05
1068,36,36,0,72,12.0556,7.888e-05
1069,53,53,0,8,77.0755,0.00298216
1070,28,28,0,56,12.0357,5.84e-05
1071,46,46,0,8,56.8043,0.00259888
1072,24,24,0,48,12.0417,5.008e-05
1073,50,44,6,8,76.0909,0.00244848
1074,46,45,1,8,83.7111,0.00254192
1075,28,28,0,56,12.0357,6.512e-05
1076,24,24,0,48,12.0417,5.008e-05
1077,326,261,79,8,75.6973,0.0156074
1078,204,204,0,408,12.0637,0.00053616
1079,20,20,0,8,71.15,0.00101036
1080,11,11,0,22,12,2.304e-05
1081,34,22,20,8,80.6364,0.00111028
1082,14,14,0,28,12,2.96e-05
1083,111,88,26,10,79.4659,0.00512632
1084,33,23,13,8,82.2609,0.0011848
1085,79,79,0,158,12.0633,0.00021248
1086,108,83,25,8,80.3614,0.00479396
1087,20,20,0,40,12.05,5.264e-05
1088,85,68,17,10,80.2059,0.00390712
1089,81,64,20,10,82.7031,0.00359232
1090,70,70,0,140,12.0571,0.00018672
1091,57,57,0,114,12.0526,0.00014464
1092,55,55,0,110,12.0545,0.0001424
1093,123,86,52,8,80.7326,0.00502292
1094,95,84,13,10,82.2381,0.00481928
1095,212,178,34,8,77.3596,0.0105626
1096,34,26,9,8,78.9231,0.00138492
1097,83,83,0,166,12.0602,0.00022208
1098,18,11,7,8,75.1818,0.0004448
1099,73,73,0,146,12.0548,0.00019136
1100,122,122,0,244,12.0574,0.00029456
1101,21,21,0,42,12.0476,4.992e-05
1102,10,10,0,20,12,2.256e-05
1103,90,79,12,8,80.8481,0.0045854
1104,213,198,15,8,78.9495,0.0117806
1105,71,71,0,142,12.0563,0.00017088
1106,128,128,0,256,12.0547,0.00028784
1107,43,32,11,10,81.4375,0.00166128
1108,53,41,19,8,81.0244,0.00225536
1109,90,78,17,8,57.9872,0.00448772
1110,19,12,9,8,80,0.00049788
1111,52,40,17,8,80.2,0.00220672
1112,30,30,0,60,12.0667,7.952e-05
1113,38,38,0,76,12.0526,0.00010064
1114,8,8,0,16,12,1.68e-05
1115,53,53,0,106,12.0566,0.00012224
1116,33,33,0,66,12.0303,7.648e-05
1117,137,118,21,10,81.3475,0.00691192
1118,96,73,23,8,82.3562,0.0042356
1119,98,98,0,196,12.0612,0.0002536
1120,63,63,0,126,12.0635,0.00017184
1121,46,38,8,10,82.3158,0.00208408
1122,195,182,13,8,76.7088,0.0107898
1123,119,103,24,8,78.4563,0.00602732
1124,34,34,0,68,12.0588,8.208e-05
1125,110,110,0,220,12.0545,0.00024368
1126,70,70,0,140,12.0571,0.00016048
1127,24,19,6,8,83.1579,0.00096712
1128,23,12,11,8,67.9167,0.00054204
1129,47,42,7,8,80.3571,0.00234456
1130,63,53,10,8,77.7925,0.0029722
1131,13,13,0,26,12,2.944e-05
1132,11,11,0,22,12,2.368e-05
1133,31,31,0,62,12.0323,6.976e-05
1134,39,39,0,78,12.0513,8.992e-05
1135,197,177,20,8,76.9435,0.0105213
1136,328,304,25,8,61.5658,0.0181658
1137,102,90,17,8,77.0333,0.00522348
1138,123,123,0,246,12.0569,0.00029504
1139,196,196,0,392,12.051,0.00043248
1140,61,61,0,122,12.0492,0.00013984
1141,46,37,9,8,83.4595,0.0020046
1142,93,77,20,8,80.8831,0.00445116
1143,30,30,0,60,12.0667,7.984e-05
1144,64,64,0,128,12.0625,0.00016432
1145,26,23,3,8,81.7826,0.00120056
1146,13,11,2,8,86.5455,0.00043848
1147,14,14,0,28,12,3.12e-05
1148,7,7,0,14,12,1.568e-05
1149,19,14,5,8,79.5,0.0006372
1150,10,10,0,20,12,2.384e-05
1151,72,61,11,8,78.5246,0.00348224
1152,43,43,0,86,12.0465,0.00010944
1153,42,34,8,10,76.2059,0.0017692
1154,28,28,0,56,12.0357,6.928e-05
1155,90,83,7,8,73.6024,0.00483996
1156,13,13,0,8,76.1538,0.00058824
1157,52,52,0,104,12.0385,0.00011472
1158,8,8,0,16,12,1.68e-05
1159,37,30,7,8,77.7667,0.00158468
1160,21,21,0,42,12.0476,5.152e-05
1161,32,27,5,8,79.9259,0.00143024
1162,23,15,8,8,79.6667,0.00070788
1163,19,19,0,38,12.0526,4.224e-05
1164,13,13,0,26,12,3.168e-05
1165,63,55,8,10,79.6182,0.00304768
1166,10,10,0,8,69.5,0.00037552
1167,26,26,0,8,81,0.00137028
1168,37,37,0,74,12.0541,8.736e-05
1169,6,6,0,12,12,1.264e-05
1170,14,14,0,28,12,2.928e-05
1171,34,32,2,8,82.2812,0.00172608
1172,205,162,53,10,77.9753,0.009514
1173,17,17,0,34,12,3.616e-05
1174,132,132,0,264,12.0606,0.00034128
1175,28,24,5,8,79.9167,0.00126916
1176,27,20,7,8,77,0.0009772
1177,17,17,0,34,12.0588,4.064e-05
1178,17,17,0,34,12.0588,4.576e-05
1179,17,13,4,8,60,0.00055292
1180,9,9,0,18,12,2.144e-05
1181,21,21,0,8,76.1905,0.00107856
1182,46,46,0,8,78.0435,0.00257236
1183,12,12,0,24,12,2.512e-05
1184,24,24,0,48,12.0417,5.008e-05
1185,35,35,0,8,74.8,0.00188348
1186,30,25,5,10,73.36,0.001256
1187,19,19,0,38,12.0526,3.968e-05
1188,22,22,0,44,12.0455,5.328e-05
1189,66,65,1,8,74.7538,0.00373088
1190,34,34,0,68,12.0294,7.088e-05
1191,11,11,0,8,66.0909,0.0004834
1192,14,14,0,8,67.0714,0.00065684
1193,7,7,0,14,12,1.472e-05
1194,8,8,0,16,12,1.68e-05
1195,33,33,0,8,45.2121,0.00179644
1196,63,63,0,8,55.9524,0.00358516
1197,18,18,0,36,12,3.76e-05
1198,33,33,0,66,12.0303,6.88e-05
1199,17,17,0,8,32.6471,0.00082544
1200,10,10,0,20,12,2.096e-05
1201,19,19,0,8,35.1579,0.0009416
1202,11,11,0,22,12,2.304e-05
1203,7,7,0,8,31.5714,0.0002186
1204,5,5,0,10,12,1.056e-05
1205,15,15,0,8,29.4,0.0007008
1206,9,9,0,18,12,1.888e-05
1207,36,36,0,8,34.3611,0.0019502
1208,19,19,0,38,12.0526,3.968e-05
1209,55,55,0,8,44.1273,0.00311216
1210,29,29,0,58,12.0345,6.048e-05
1211,8,8,0,8,44.625,0.000289
1212,5,5,0,10,12,1.056e-05
1213,54,54,0,8,43.463,0.0030792
1214,28,28,0,56,12.0357,5.84e-05
1215,52,52,0,8,64.1731,0.00295388
1216,262,244,18,8,79.8893,0.0145468
1217,27,27,0,54,12.037,5.632e-05
1218,211,211,0,422,12.0616,0.00055456
1219,75,69,6,10,84.4348,0.00398264
1220,58,58,0,116,12.0517,0.00015056
1221,81,73,8,8,79.9589,0.00420572
1222,175,164,12,8,61.9695,0.00972904
1223,59,59,0,118,12.0508,0.00014208
1224,96,96,0,192,12.0521,0.00021424
1225,151,138,13,8,74.413,0.00815004
1226,114,114,0,228,12.0614,0.00028592
1227,47,37,10,10,76.2703,0.00205784
1228,19,17,2,8,72.4706,0.00079952
1229,32,32,0,64,12.0625,8.08e-05
1230,10,10,0,20,12,2.192e-05
1231,11,11,0,8,75.0909,0.00045636
1232,7,7,0,14,12,1.472e-05
1233,244,191,65,8,71.6702,0.0113272
1234,143,143,0,286,12.0629,0.00038112
1235,55,43,17,10,71.907,0.00238
1236,36,36,0,72,12.0556,9.232e-05
1237,48,44,7,8,56.7273,0.00243708
1238,7,7,0,8,74.5714,0.00019056
1239,32,32,0,64,12.0312,7.632e-05
1240,5,5,0,10,12,1.056e-05
1241,62,62,0,8,47.9194,0.00356688
1242,32,32,0,64,12.0312,6.672e-05
1243,156,132,29,10,67.4394,0.0077108
1244,88,88,0,176,12.0568,0.00021584
1245,22,21,1,8,75.1429,0.0010918
1246,12,12,0,24,12,2.512e-05
1247,73,60,13,8,71.6167,0.00342244
1248,48,42,6,8,76.3095,0.00232136
1249,53,47,9,8,77.4468,0.00264364
1250,42,42,0,84,12.0476,0.00010512
1251,26,26,0,52,12.0385,6e-05
1252,28,28,0,56,12.0357,6.256e-05
1253,21,14,7,8,63.3571,0.00063124
1254,11,11,0,22,12,2.528e-05
1255,29,29,0,8,63.2414,0.00154236
1256,23,23,0,8,70.4348,0.0011788
1257,10,10,0,8,63.9,0.00041696
1258,16,16,0,32,12,3.344e-05
1259,13,13,0,26,12,2.72e-05
1260,10,10,0,8,71.3,0.00038396
1261,68,63,5,10,75.2698,0.0035716
1262,6,6,0,12,12,1.264e-05
1263,6,6,0,12,12,1.264e-05
1264,38,38,0,76,12.0526,8.304e-05
1265,114,93,28,8,74.2043,0.00543676
1266,92,84,8,8,71.3095,0.00484768
1267,72,72,0,144,12.0556,0.00018512
1268,55,55,0,110,12.0545,0.00013184
1269,9,9,0,8,59.4444,0.00033952
1270,73,66,7,8,69.1364,0.00377704
1271,6,6,0,12,12,1.264e-05
1272,47,47,0,94,12.0426,0.0001152
1273,15,15,0,8,79.9333,0.00071956
1274,9,9,0,18,12,1.888e-05
1275,115,115,0,8,66.7565,0.00676656
1276,59,59,0,118,12.0508,0.00012288
1277,28,28,0,8,56.2857,0.00150892
1278,45,43,2,8,52.0698,0.00237296
1279,15,15,0,30,12,3.136e-05
1280,32,32,0,64,12.0312,7.248e-05
1281,13,13,0,8,56.6923,0.00059088
1282,8,8,0,16,12,1.68e-05
1283,86,81,6,10,59.963,0.00461912
1284,47,47,0,94,12.0426,0.00010304
1285,57,54,3,10,64.3704,0.0030448
1286,100,91,9,8,58.3516,0.00531172
1287,41,41,0,82,12.0488,9.568e-05
1288,58,58,0,116,12.0517,0.00013776
1289,56,56,0,8,62.7321,0.00319144
1290,29,29,0,58,12.0345,6.048e-05
1291,12,12,0,8,67.6667,0.00054116
1292,7,7,0,14,12,1.472e-05
1293,36,36,0,8,38.1389,0.0019442
1294,19,19,0,38,12.0526,3.968e-05
1295,14,14,0,8,47,0.0006326
1296,135,118,19,8,65.9576,0.00691264
1297,8,8,0,16,12,1.68e-05
1298,75,75,0,150,12.0533,0.00018112
1299,60,60,0,8,80.5667,0.00341632
1300,169,153,18,8,73.0915,0.00907356
1301,31,31,0,62,12.0323,6.464e-05
1302,112,112,0,224,12.0536,0.00026544
1303,30,30,0,8,64.7667,0.0016054
1304,27,27,0,8,71.8889,0.00144448
1305,16,16,0,32,12,3.344e-05
1306,238,224,15,8,79.1964,0.0133457
1307,15,15,0,30,12,3.136e-05
1308,175,175,0,350,12.0571,0.00042528
1309,84,69,15,10,80.4058,0.00398112
1310,124,112,12,8,77.125,0.00657408
1311,62,62,0,124,12.0645,0.00016304
1312,80,80,0,160,12.05,0.00018704
1313,31,25,8,8,83.52,0.00128788
1314,40,31,9,10,78.7742,0.00163656
1315,19,19,0,38,12.0526,4.64e-05
1316,59,47,12,8,75.4894,0.00261848
1317,29,29,0,58,12.0345,7.072e-05
1318,31,31,0,62,12.0323,7.072e-05
1319,88,68,20,10,80.7941,0.0038612
1320,74,60,14,10,78.9167,0.00343728
1321,58,58,0,116,12.069,0.00016368
1322,12,9,3,8,80.5556,0.000323
1323,50,50,0,100,12.06,0.00012752
1324,6,6,0,12,12,1.264e-05
1325,28,24,4,8,80.5417,0.00124884
1326,243,228,15,8,72.3377,0.0135651
1327,15,15,0,30,12,3.392e-05
1328,37,31,6,8,73.8387,0.00166204
1329,137,137,0,274,12.0511,0.00031072
1330,27,21,11,8,71.7619,0.00103776
1331,24,24,0,48,12.0417,5.712e-05
1332,18,18,0,36,12.0556,4.496e-05
1333,25,23,2,8,77.6087,0.00117924
1334,90,83,11,8,77.6627,0.0048392
1335,16,16,0,32,12,3.632e-05
1336,203,192,11,10,68.9115,0.0113339
1337,48,48,0,96,12.0417,0.00010864
1338,142,142,0,284,12.0563,0.00033008
1339,13,11,2,8,87.4545,0.00044296
1340,7,7,0,14,12,1.536e-05
1341,54,54,0,8,63.4074,0.00307292
1342,28,28,0,56,12.0357,5.84e-05
1343,36,36,0,8,71.3056,0.00195012
1344,8,8,0,8,84.625,0.00029072
1345,19,19,0,38,12.0526,3.968e-05
1346,95,94,1,8,75.1383,0.00545912
1347,5,5,0,10,12,1.056e-05
1348,48,48,0,96,12.0417,0.00010032
1349,11,11,0,8,60.9091,0.00045064
1350,7,7,0,14,12,1.472e-05
1351,32,32,0,8,73.625,0.00174908
1352,20,20,0,8,78.7,0.00098384
1353,17,17,0,34,12,3.552e-05
1354,11,11,0,22,12,2.304e-05
1355,37,37,0,8,65.3243,0.00205848
1356,20,20,0,40,12.05,4.176e-05
1357,54,46,8,10,73.2609,0.0026004
1358,138,120,18,10,77.0917,0.00697184
1359,31,31,0,62,12.0323,7.232e-05
1360,98,98,0,196,12.0612,0.0002568
1361,47,35,12,8,74.1143,0.00189764
1362,36,32,4,10,75.7188,0.00173936
1363,28,28,0,56,12.0357,7.152e-05
1364,28,28,0,56,12.0357,6.352e-05
1365,38,31,7,8,56.129,0.00165352
1366,14,11,5,8,85.7273,0.00048148
1367,23,23,0,46,12.0435,5.472e-05
1368,7,7,0,14,12,1.472e-05
1369,34,34,0,8,52.8824,0.00187656
1370,18,18,0,36,12.0556,3.76e-05
1371,50,50,0,8,52.58,0.00280968
1372,26,26,0,52,12.0385,5.424e-05
1373,65,65,0,8,60.5692,0.00374588
1374,34,34,0,68,12.0294,7.088e-05
1375,114,102,12,8,66.2745,0.00595772
1376,62,62,0,124,12.0484,0.00014352
1377,26,26,0,8,72.6538,0.00135212
1378,14,14,0,28,12,2.928e-05
1379,17,17,0,8,45.8235,0.00084124
1380,10,10,0,20,12,2.096e-05
1381,107,87,20,10,75.6667,0.00500128
1382,63,53,10,8,75.8491,0.00300088
1383,65,65,0,130,12.0615,0.00016832
1384,36,36,0,72,12.0556,8.88e-05
1385,7,7,0,8,75.1429,0.00022996
1386,5,5,0,10,12,1.056e-05
1387,55,51,4,10,82.4706,0.00289384
1388,39,33,6,8,81.7879,0.00181608
1389,40,40,0,80,12.05,9.136e-05
1390,22,22,0,44,12.0455,5.264e-05
1391,212,194,21,8,65.4588,0.011508
1392,32,27,5,8,76.7407,0.00145008
1393,120,120,0,240,12.0583,0.00028272
1394,44,36,8,8,73.8333,0.00196344
1395,18,18,0,36,12.0556,4.24e-05
1396,26,26,0,52,12.0385,6.448e-05
1397,25,25,0,8,62.24,0.00130088
1398,14,14,0,28,12,2.928e-05
1399,6,6,0,8,34,0.00015028
1400,4,4,0,8,12,8.48e-06
1401,50,50,0,8,50.38,0.00281068
1402,26,26,0,52,12.0385,5.424e-05
1403,13,13,0,8,40.0769,0.00059296
1404,148,125,28,6,74.384,0.00738484
1405,8,8,0,16,12,1.68e-05
1406,50,46,4,10,70.2826,0.0025888
1407,83,83,0,166,12.0602,0.00020512
1408,28,28,0,56,12.0357,6.096e-05
1409,13,13,0,8,72.8462,0.00056108
1410,62,56,9,8,65.3393,0.00321096
1411,56,47,17,8,67.234,0.00266288
1412,8,8,0,16,12,1.68e-05
1413,37,37,0,74,12.0541,8.448e-05
1414,31,31,0,62,12.0323,6.848e-05
1415,18,18,0,8,47.7222,0.00091216
1416,37,37,0,8,62.4324,0.00204552
1417,10,10,0,20,12,2.096e-05
1418,20,20,0,40,12.05,4.176e-05
1419,24,24,0,8,64.3333,0.00122404
1420,62,62,0,8,74.9032,0.00354248
1421,13,13,0,26,12,2.72e-05
1422,32,32,0,64,12.0312,6.672e-05
1423,22,22,0,8,80.7727,0.00113588
1424,12,12,0,24,12,2.512e-05
1425,70,70,0,8,66.8714,0.00404576
1426,36,36,0,72,12.0278,7.504e-05
1427,20,20,0,8,66.4,0.00097904
1428,11,11,0,22,12,2.304e-05
1429,365,291,106,10,78.9485,0.0173102
1430,230,230,0,460,12.0652,0.00062032
1431,10,10,0,8,52.9,0.00041672
1432,91,68,32,8,76.1176,0.0038984
1433,6,6,0,12,12,1.264e-05
1434,52,52,0,104,12.0577,0.0001384
1435,72,67,5,8,82.0597,0.00382804
1436,53,53,0,106,12.0566,0.00013344
1437,285,274,11,10,60.5146,0.0163104
1438,157,157,0,314,12.051,0.00033696
1439,11,11,0,8,81.6364,0.00044432
1440,43,37,6,8,52.027,0.00201464
1441,82,70,18,8,67.5571,0.00404732
1442,30,27,3,10,59.5556,0.00143888
1443,7,7,0,14,12,1.472e-05
1444,27,27,0,54,12.037,6.336e-05
1445,20,20,0,8,57.55,0.00099632
1446,41,41,0,82,12.0488,8.832e-05
1447,21,21,0,8,56.7619,0.00107192
1448,22,22,0,44,12.0455,4.976e-05
1449,11,11,0,22,12,2.304e-05
1450,12,12,0,24,12,2.512e-05
1451,27,27,0,8,40.9259,0.0014452
1452,15,15,0,30,12,3.136e-05
1453,12,12,0,8,32.75,0.0005274
1454,7,7,0,14,12,1.472e-05
1455,36,36,0,8,50.3056,0.00197496
1456,20,20,0,40,12.05,4.176e-05
1457,66,66,0,8,65.0455,0.0038068
1458,17,17,0,8,56.7647,0.00085008
1459,34,34,0,68,12.0294,7.088e-05
1460,10,10,0,20,12,2.096e-05
1461,29,29,0,8,81.3793,0.00157256
1462,16,16,0,32,12,3.344e-05
1463,21,21,0,8,61.0476,0.001091
1464,12,12,0,24,12,2.512e-05
1465,37,37,0,8,32.1622,0.00201544
1466,20,20,0,40,12.05,4.176e-05
1467,23,23,0,8,46.4783,0.00120208
1468,79,79,0,8,61.6835,0.004581
1469,28,28,0,8,54,0.0014988
1470,13,13,0,26,12,2.72e-05
1471,41,41,0,82,12.0488,8.544e-05
1472,15,15,0,30,12,3.136e-05
1473,117,99,21,8,70.899,0.00578464
1474,65,65,0,130,12.0462,0.00016
1475,22,22,0,8,64.7727,0.00114784
1476,12,12,0,24,12,2.512e-05
1477,47,44,3,8,75.9773,0.00243448
1478,25,25,0,50,12.04,5.472e-05
1479,7,7,0,8,63.4286,0.00023008
1480,32,32,0,8,73.625,0.00174976
1481,10,10,0,8,78.2,0.0004042
1482,5,5,0,10,12,1.056e-05
1483,17,17,0,34,12,3.552e-05
1484,6,6,0,12,12,1.264e-05
1485,23,23,0,8,71.1739,0.0011856
1486,13,13,0,26,12,2.72e-05
1487,13,13,0,8,60.7692,0.00055932
1488,28,28,0,8,65.0714,0.00151772
1489,8,8,0,16,12,1.68e-05
1490,15,15,0,30,12,3.136e-05
1491,28,28,0,8,55.7857,0.00150876
1492,15,15,0,30,12,3.136e-05
1493,80,65,15,8,75.5692,0.00374028
1494,48,48,0,96,12.0625,0.00012592
1495,122,106,17,8,76.2075,0.00618416
1496,46,37,9,8,79.0541,0.00202176
1497,84,84,0,168,12.0595,0.000212
1498,30,30,0,60,12.0333,7.984e-05
1499,11,11,0,8,74.3636,0.00046
1500,7,7,0,14,12,1.472e-05
1501,72,56,19,8,80.4107,0.00316136
1502,29,24,10,8,80.0833,0.00126796
1503,40,40,0,80,12.05,0.00010288
1504,17,17,0,34,12.0588,4.16e-05
1505,80,67,15,10,70.4478,0.00387176
1506,61,48,16,8,74.1667,0.00271248
1507,61,61,0,122,12.0492,0.00015552
1508,39,39,0,78,12.0513,9.536e-05
1509,39,32,7,10,78.4375,0.00173768
1510,85,76,9,8,69.75,0.00439736
1511,39,33,6,8,76.7576,0.00181828
1512,29,29,0,58,12.0345,7.168e-05
1513,54,54,0,108,12.0556,0.00012976
1514,53,46,7,10,77.2826,0.0026004
1515,25,25,0,50,12.04,5.664e-05
1516,57,48,13,8,62.125,0.00268196
1517,38,38,0,76,12.0526,9.488e-05
1518,32,32,0,64,12.0312,7.056e-05
1519,86,79,7,10,77.4304,0.00453192
1520,6,6,0,8,36.3333,0.00017032
1521,4,4,0,8,12,8.48e-06
1522,79,74,7,8,56.1351,0.00428336
1523,40,40,0,80,12.05,8.464e-05
1524,163,125,51,8,81.136,0.00734352
1525,30,23,7,8,79.4348,0.00118744
1526,92,92,0,184,12.0543,0.00024208
1527,19,19,0,38,12.0526,4.544e-05
1528,8,8,0,8,69.625,0.00026468
1529,144,135,9,8,70.6222,0.00796064
1530,5,5,0,10,12,1.056e-05
1531,84,84,0,168,12.0476,0.00019952
1532,98,93,5,8,69.5699,0.0054418
1533,57,57,0,114,12.0526,0.000128
1534,26,26,0,8,71.6923,0.0013926
1535,14,14,0,28,12,2.928e-05
1536,188,155,39,8,68.129,0.00914984
1537,108,108,0,216,12.0556,0.00027728
1538,26,22,4,10,58.3636,0.00112272
1539,17,17,0,34,12,3.904e-05
1540,72,71,1,8,64.8028,0.0040626
1541,10,10,0,8,32.1,0.00042764
1542,21,21,0,8,48.5238,0.0010372
1543,37,37,0,74,12.027,7.744e-05
1544,6,6,0,12,12,1.264e-05
1545,22,22,0,8,59.3182,0.00113324
1546,12,12,0,24,12,2.512e-05
1547,12,12,0,24,12,2.512e-05
1548,61,61,0,8,67.1311,0.00350548
1549,32,32,0,64,12.0312,6.672e-05
1550,134,113,26,8,77.5929,0.00665336
1551,69,54,16,8,69.2407,0.00305264
1552,80,80,0,160,12.0625,0.00020368
1553,72,64,8,8,67.2812,0.00367
1554,38,38,0,76,12.0526,9.296e-05
1555,46,46,0,92,12.0435,0.00011504
1556,19,19,0,8,35.7368,0.00092344
1557,11,11,0,22,12,2.304e-05
1558,9,9,0,8,25.1111,0.00031684
1559,6,6,0,12,12,1.264e-05
1560,114,102,12,10,69.4216,0.00593152
1561,42,42,0,8,63.1667,0.00234944
1562,73,73,0,146,12.0548,0.00018112
1563,22,22,0,44,12.0455,4.592e-05
1564,14,14,0,8,58.8571,0.0006674
1565,8,8,0,16,12,1.68e-05
1566,8,8,0,8,74.25,0.000303
1567,51,51,0,102,12.0392,0.00011968
1568,5,5,0,10,12,1.056e-05
1569,42,42,0,8,72.1667,0.0023614
1570,22,22,0,44,12.0455,4.592e-05
1571,159,142,18,8,66.0211,0.00840224
1572,88,88,0,176,12.0568,0.00020912
1573,25,16,15,8,39.25,0.000775
1574,14,14,0,28,12,3.28e-05
1575,156,135,24,8,58.0222,0.0079858
1576,85,85,0,170,12.0588,0.00020288
1577,294,280,14,8,65.4857,0.0167316
1578,185,185,0,370,12.0541,0.00043712
1579,123,101,30,8,69.1485,0.00587924
1580,48,45,3,8,76.8444,0.00253968
1581,72,72,0,144,12.0556,0.00018256
1582,33,33,0,66,12.0303,7.456e-05
1583,26,23,3,8,76.2609,0.00120404
1584,23,15,8,8,70.4,0.00071684
1585,14,14,0,28,12,3.12e-05
1586,13,13,0,26,12,3.136e-05
1587,14,14,0,8,65.5714,0.00065308
1588,8,8,0,16,12,1.68e-05
1589,99,80,24,10,66.925,0.00458896
1590,34,29,5,8,69.4483,0.0015264
1591,53,52,1,10,72.9231,0.00288608
1592,63,63,0,126,12.0635,0.00016608
1593,17,17,0,34,12,3.808e-05
1594,39,39,0,78,12.0513,8.608e-05
1595,8,8,0,8,53,0.0002942
1596,9,9,0,8,50.8889,0.0003604
1597,5,5,0,10,12,1.056e-05
1598,6,6,0,12,12,1.264e-05
1599,22,22,0,8,35.3636,0.00113952
1600,52,52,0,8,39.3846,0.00295284
1601,12,12,0,24,12,2.512e-05
1602,27,27,0,54,12.037,5.632e-05
1603,539,434,145,10,73.3894,0.0260623
1604,363,363,0,726,12.0689,0.00102944
1605,30,20,11,8,80.9,0.00103144
1606,103,88,15,10,81.5568,0.00509072
1607,75,75,0,150,12.0533,0.00019936
1608,25,16,9,8,61.1875,0.00077292
1609,14,14,0,28,12,3.568e-05
1610,93,87,6,8,46,0.00506144
1611,58,58,0,116,12.0517,0.00014192
1612,10,10,0,8,34.1,0.00037436
1613,6,6,0,12,12,1.264e-05
1614,63,63,0,8,29.2381,0.0036132
1615,33,33,0,66,12.0303,6.88e-05
1616,23,23,0,8,20.913,0.00116692
1617,13,13,0,26,12,2.72e-05
1618,28,28,0,8,27.4286,0.0015174
1619,15,15,0,30,12,3.136e-05
1620,101,101,0,8,48.2079,0.00587588
1621,52,52,0,104,12.0385,0.00010832
1622,15,15,0,8,40.8,0.00072212
1623,9,9,0,18,12,1.888e-05
1624,40,40,0,8,37.65,0.0022408
1625,21,21,0,42,12.0476,4.384e-05
1626,10,10,0,8,16.8,0.0003778
1627,6,6,0,12,12,1.264e-05
1628,22,22,0,8,18.5,0.00112168
1629,12,12,0,24,12,2.512e-05
1630,58,58,0,8,28.3621,0.00330024
1631,30,30,0,60,12.0333,6.256e-05
1632,282,257,25,8,61.8911,0.0153592
1633,27,27,0,8,45.4074,0.0014518
1634,176,176,0,352,12.0625,0.000444
1635,15,15,0,30,12,3.136e-05
1636,58,58,0,8,66.1379,0.00327456
1637,30,30,0,60,12.0333,6.256e-05
1638,10,10,0,8,59.2,0.00037228
1639,48,47,1,10,70.7021,0.00266656
1640,6,6,0,12,12,1.264e-05
1641,32,32,0,64,12.0312,6.992e-05
1642,75,73,2,8,70.4795,0.00422184
1643,39,39,0,78,12.0513,8.192e-05
1644,41,36,5,8,53.5556,0.00194984
1645,28,28,0,56,12.0357,6.352e-05
1646,581,539,44,8,74.9647,0.0324232
1647,48,42,6,8,66.881,0.0023124
1648,71,61,12,10,71.5738,0.00349048
1649,417,417,0,834,12.0576,0.00099872
1650,26,26,0,52,12.0385,5.744e-05
1651,46,46,0,92,12.0435,0.0001128
1652,81,70,11,8,76.0286,0.00404252
1653,53,53,0,106,12.0566,0.00013728
1654,54,53,1,10,82.5472,0.00299344
1655,18,18,0,8,81.7222,0.0008808
1656,32,32,0,64,12.0312,6.896e-05
1657,10,10,0,20,12,2.096e-05
1658,155,129,33,10,82.4806,0.00758304
1659,18,18,0,36,12.0556,4.304e-05
1660,100,89,11,8,85.1685,0.00517064
1661,113,113,0,226,12.0619,0.00031648
1662,14,14,0,8,78.5,0.0006562
1663,69,69,0,138,12.058,0.00017728
1664,69,63,6,10,83.5079,0.00358232
1665,8,8,0,16,12,1.68e-05
1666,51,51,0,102,12.0588,0.00012224
1667,69,58,11,8,84.8966,0.00329304
1668,47,47,0,94,12.0426,0.00011808
1669,27,21,9,8,84.8571,0.00104516
1670,187,176,11,8,71.4091,0.0104493
1671,18,18,0,36,12.0556,4.464e-05
1672,106,106,0,212,12.0472,0.00023824
1673,40,36,4,10,68.0278,0.00192656
1674,30,30,0,60,12.0333,6.768e-05
1675,31,31,0,6,61.6452,0.00169948
1676,17,17,0,34,12,3.552e-05
1677,140,114,32,8,67.0614,0.00668884
1678,79,79,0,158,12.0633,0.00020064
1679,128,115,13,8,74.3391,0.00673244
1680,92,92,0,184,12.0652,0.00024176
1681,33,28,5,8,80.3571,0.0015106
1682,19,19,0,38,12.0526,4.416e-05
1683,13,13,0,8,65,0.0005698
1684,77,70,7,10,70.9714,0.00398976
1685,36,32,4,10,78.3438,0.00173616
1686,48,40,8,10,76.525,0.00218936
1687,8,8,0,16,12,1.68e-05
1688,43,43,0,86,12.0465,9.632e-05
1689,28,28,0,56,12.0357,6.352e-05
1690,91,82,9,8,72.7195,0.00476756
1691,32,32,0,64,12.0312,7.344e-05
1692,54,54,0,108,12.0556,0.00012944
1693,44,39,5,8,67.4359,0.00218236
1694,103,92,11,10,76.3913,0.00533048
1695,23,23,0,46,12.0435,5.056e-05
1696,71,71,0,142,12.0563,0.00017792
1697,54,46,8,8,78.8696,0.00256764
1698,29,29,0,58,12.0345,6.688e-05
1699,59,56,3,8,77.9643,0.00320684
1700,15,15,0,8,78.4,0.00070656
1701,46,46,0,92,12.0435,0.00011056
1702,188,178,11,8,77.4326,0.0105533
1703,61,54,9,8,70.5926,0.00308864
1704,92,78,20,8,78.5513,0.00449504
1705,9,9,0,18,12,1.888e-05
1706,108,108,0,216,12.0463,0.00023824
1707,21,21,0,8,71.4286,0.00105444
1708,36,36,0,72,12.0556,7.952e-05
1709,56,56,0,112,12.0536,0.00013136
1710,12,12,0,24,12,2.512e-05
1711,31,31,0,8,69.0968,0.00167724
1712,57,51,6,10,76.3333,0.0028428
1713,17,17,0,34,12,3.552e-05
1714,30,21,11,8,74.2857,0.001085
1715,40,40,0,80,12.05,0.00010064
1716,15,15,0,30,12,3.392e-05
1717,56,46,10,8,81.6739,0.0025682
1718,35,35,0,70,12.0571,8.224e-05
1719,82,78,4,10,79.2821,0.00451632
1720,36,34,2,8,79.6176,0.00184916
1721,59,59,0,118,12.0508,0.00014304
1722,20,20,0,40,12.05,4.24e-05
1723,39,27,12,8,82.5556,0.0014462
1724,64,53,17,8,80.2075,0.0030142
1725,37,27,20,10,84.0741,0.00136648
1726,23,23,0,46,12.0435,5.792e-05
1727,39,39,0,78,12.0513,9.12e-05
1728,24,24,0,48,12.0417,5.616e-05
1729,78,60,19,8,83.4167,0.00344396
1730,45,45,0,90,12.0444,0.00011968
1731,201,186,15,8,77.7581,0.0110172
1732,123,123,0,246,12.0569,0.00028928
1733,33,25,11,8,78.56,0.00130328
1734,30,29,1,8,83.4828,0.00157544
1735,20,20,0,40,12.05,4.752e-05
1736,16,16,0,32,12,3.344e-05
1737,23,23,0,8,70.8261,0.0011828
1738,23,23,0,8,76.6522,0.00116696
1739,13,13,0,26,12,2.72e-05
1740,13,13,0,26,12,2.72e-05
1741,41,32,13,10,73.875,0.00165824
1742,72,66,6,8,77.4545,0.0037808
1743,19,16,3,8,83.1875,0.000779
1744,24,16,8,8,78.125,0.00073432
1745,23,23,0,46,12.0435,5.248e-05
1746,52,52,0,104,12.0577,0.00013104
1747,10,10,0,20,12,2.288e-05
1748,91,88,3,8,71.7614,0.0050916
1749,14,14,0,28,12,3.44e-05
1750,54,54,0,108,12.037,0.00011856
1751,436,397,39,10,78.6877,0.0237646
1752,319,319,0,638,12.0627,0.00084192
1753,83,59,28,8,80.7458,0.00338188
1754,48,48,0,96,12.0625,0.00012784
1755,177,165,18,8,69.0727,0.00976368
1756,36,27,9,8,72.6296,0.00145704
1757,80,70,17,8,74.6714,0.00405384
1758,105,105,0,210,12.0476,0.00023296
1759,22,22,0,44,12.0455,5.328e-05
1760,42,42,0,84,12.0476,9.456e-05
1761,52,43,9,10,74.3721,0.0023444
1762,25,19,6,8,79.8947,0.00095968
1763,36,36,0,72,12.0556,9.168e-05
1764,58,50,8,8,78.72,0.00283372
1765,49,41,8,8,79.561,0.00226448
1766,29,19,10,8,78.6842,0.00093804
1767,87,73,15,8,74.3288,0.00422228
1768,14,14,0,28,12,3.472e-05
1769,33,33,0,66,12.0303,7.456e-05
1770,28,28,0,56,12.0357,6.416e-05
1771,11,11,0,22,12,2.304e-05
1772,52,52,0,104,12.0577,0.0001224
1773,130,116,14,8,82.0172,0.00679728
1774,85,85,0,170,12.0588,0.00021792
1775,19,19,0,8,82.7368,0.00092844
1776,11,11,0,22,12,2.304e-05
1777,20,20,0,8,84.5,0.0010284
1778,11,11,0,22,12,2.304e-05
1779,31,29,2,8,82.5517,0.00153168
1780,61,52,9,10,76.6346,0.00296096
1781,16,16,0,32,12,3.44e-05
1782,30,27,3,8,81.6296,0.00145028
1783,41,41,0,82,12.0488,0.00010464
1784,17,17,0,8,78.5294,0.00079684
1785,16,16,0,32,12,3.344e-05
1786,49,42,9,8,74.8333,0.00233684
1787,10,10,0,20,12,2.096e-05
1788,63,53,10,8,71.3208,0.0030056
1789,81,70,16,8,77.1429,0.00404184
1790,23,23,0,46,12.0435,4.8e-05
1791,41,32,9,10,76.5938,0.00168928
1792,40,40,0,80,12.05,0.00010064
1793,49,49,0,98,12.0612,0.00012128
1794,125,113,13,8,75,0.00663356
1795,29,29,0,58,12.0345,7.264e-05
1796,70,70,0,140,12.0429,0.00015536
1797,57,51,6,8,84.0392,0.0028596
1798,39,39,0,78,12.0513,9.568e-05
1799,15,15,0,8,76.5333,0.00070676
1800,9,9,0,18,12,1.888e-05
1801,31,31,0,8,71.3548,0.0016426
1802,17,17,0,34,12.0588,3.552e-05
1803,164,126,49,8,79.3889,0.00740604
1804,91,91,0,182,12.0549,0.00023968
1805,400,378,26,8,71.8492,0.0226449
1806,97,87,11,8,69.8046,0.00504388
1807,236,236,0,472,12.0551,0.000532
1808,83,83,0,166,12.0602,0.0002016
1809,60,46,14,8,80.8478,0.00258348
1810,69,52,17,8,76.0962,0.00291188
1811,39,39,0,78,12.0513,9.952e-05
1812,48,48,0,96,12.0625,0.00011952
1813,71,58,13,8,70.6207,0.0032918
1814,38,28,13,10,79.25,0.00142664
1815,347,338,10,10,68.3225,0.020262
1816,30,22,12,8,72,0.00110132
1817,43,43,0,86,12.0465,0.0001088
1818,22,22,0,44,12.0455,5.424e-05
1819,200,200,0,400,12.05,0.00044208
1820,19,19,0,38,12.0526,4.544e-05
1821,67,60,7,8,66.0333,0.00344224
1822,37,37,0,74,12.0541,8.384e-05
1823,28,28,0,8,72.1786,0.0014854
1824,15,15,0,30,12,3.136e-05
1825,49,43,6,8,70.5116,0.00241716
1826,327,305,23,8,77.4623,0.0182354
1827,25,25,0,50,12.04,5.312e-05
1828,193,193,0,386,12.057,0.00046528
1829,26,22,4,8,84,0.00113896
1830,200,157,64,10,78.3312,0.0092848
1831,14,14,0,28,12,3.024e-05
1832,147,147,0,294,12.068,0.00041408
1833,7,7,0,8,58.2857,0.00021388
1834,10,10,0,8,67.8,0.00038216
1835,5,5,0,10,12,1.056e-05
1836,6,6,0,12,12,1.264e-05
1837,15,15,0,8,71.4,0.000711
1838,11,11,0,8,80.1818,0.00048468
1839,9,9,0,18,12,1.888e-05
1840,7,7,0,8,77.7143,0.00020592
1841,7,7,0,14,12,1.472e-05
1842,5,5,0,10,12,1.056e-05
1843,96,80,16,10,84.75,0.0045624
1844,70,70,0,140,12.0571,0.00018896
1845,104,84,23,8,80.2738,0.00486996
1846,67,67,0,134,12.0597,0.00015616
1847,19,15,4,8,83.9333,0.00070056
1848,56,43,18,8,82.5116,0.00239808
1849,51,41,19,8,82.878,0.00225348
1850,10,10,0,20,12,2.224e-05
1851,38,38,0,76,12.0526,9.776e-05
1852,22,22,0,44,12.0455,4.592e-05
1853,217,193,24,8,82.8601,0.011442
1854,150,150,0,300,12.06,0.00038032
1855,15,15,0,8,66.7333,0.00069156
1856,10,10,0,8,77.1,0.00037656
1857,9,9,0,18,12,1.888e-05
1858,171,158,13,10,83.5696,0.00927312
1859,85,63,30,8,81.1905,0.00358096
1860,6,6,0,12,12,1.264e-05
1861,77,62,20,8,80.3871,0.00352028
1862,118,118,0,236,12.0593,0.00029264
1863,59,59,0,118,12.0508,0.00015552
1864,51,51,0,102,12.0588,0.0001216
1865,50,39,11,8,84.641,0.00212832
1866,31,31,0,62,12.0323,7.584e-05
1867,41,31,10,10,82.2903,0.00161592
1868,22,15,7,8,81.3333,0.000692
1869,58,48,17,8,77.4792,0.0027154
1870,29,29,0,58,12.0345,7.584e-05
1871,12,12,0,24,12,2.896e-05
1872,41,41,0,82,12.0488,9.536e-05
1873,44,39,5,8,75.4615,0.00214464
1874,23,23,0,46,12.0435,5.088e-05
1875,74,56,25,8,81.2857,0.00317416
1876,41,41,0,82,12.0488,0.00010304
1877,30,26,4,8,85.7308,0.00137092
1878,57,48,14,8,79.6667,0.0027044
1879,20,20,0,40,12.05,4.592e-05
1880,100,87,13,8,75.4598,0.005062
1881,37,37,0,74,12.0541,8.576e-05
1882,6,6,0,8,78.3333,0.000144
1883,59,59,0,118,12.0508,0.00013888
1884,25,25,0,8,82.56,0.00132672
1885,4,4,0,8,12,8.48e-06
1886,14,14,0,28,12,2.928e-05
1887,48,33,24,8,82.8182,0.00177512
1888,41,30,11,10,79.7,0.00163496
1889,26,26,0,52,12.0385,6.96e-05
1890,28,28,0,56,12.0357,6.96e-05
1891,37,31,6,8,77.8387,0.00166948
1892,28,23,5,10,81.913,0.00117928
1893,24,24,0,48,12.0417,5.456e-05
1894,19,19,0,38,12.0526,4.384e-05
1895,91,76,16,10,77.5,0.00441032
1896,57,57,0,114,12.0526,0.00013856
1897,68,53,21,8,77.9057,0.00298448
1898,37,37,0,74,12.0541,9.216e-05
1899,118,106,12,10,75.7358,0.00619
1900,80,72,8,8,74.2083,0.004157
1901,97,97,0,194,12.0619,0.00025056
1902,51,51,0,102,12.0588,0.00011936
1903,32,32,0,8,80.0625,0.00171792
1904,17,17,0,34,12,3.552e-05
1905,66,59,7,8,74.8983,0.00337804
1906,62,54,8,8,74.2222,0.00306036
1907,37,37,0,74,12.0541,8.256e-05
1908,35,35,0,70,12.0286,7.84e-05
1909,46,46,0,8,71.9783,0.00258848
1910,10,10,0,8,69.4,0.00040228
1911,24,24,0,48,12.0417,5.008e-05
1912,6,6,0,12,12,1.264e-05
1913,50,47,3,8,78.0213,0.00262728
1914,34,30,4,10,79.8667,0.00158808
1915,25,25,0,50,12.04,5.216e-05
1916,123,115,8,8,68.9826,0.00677932
1917,20,20,0,40,12.05,4.464e-05
1918,77,77,0,154,12.0519,0.00017152
1919,81,81,0,8,69.0617,0.00467944
1920,42,42,0,84,12.0476,8.752e-05
1921,25,25,0,8,50.68,0.00129828
1922,241,179,88,10,75.5698,0.0106406
1923,14,14,0,28,12,2.928e-05
1924,147,147,0,294,12.068,0.00040896
1925,196,174,30,8,72.3506,0.0103126
1926,100,84,16,8,74.8333,0.00485276
1927,120,120,0,240,12.0583,0.00028784
1928,104,90,15,8,63.7,0.00521112
1929,75,75,0,150,12.0667,0.00020576
1930,57,46,20,8,78.3696,0.00255072
1931,34,23,15,8,77.2174,0.00120504
1932,8,7,1,8,77,0.00019736
1933,62,62,0,124,12.0484,0.00014448
1934,21,14,7,8,82.2143,0.00065324
1935,6,6,0,8,83.1667,0.00018652
1936,30,30,0,60,12.0333,6.832e-05
1937,19,19,0,38,12.0526,4.672e-05
1938,5,5,0,10,12,1.056e-05
1939,12,12,0,24,12,2.8e-05
1940,4,4,0,8,12,8.48e-06
1941,170,128,53,10,81.5938,0.00754976
1942,30,20,10,8,81.65,0.00097744
1943,46,37,9,8,68.3784,0.00202824
1944,99,99,0,198,12.0606,0.0002656
1945,17,17,0,34,12.0588,4.064e-05
1946,32,32,0,64,12.0312,7.632e-05
1947,76,65,12,8,67.4,0.0037334
1948,45,45,0,90,12.0444,0.00010048
1949,24,24,0,8,79.375,0.0012502
1950,137,126,11,8,72.6032,0.00740828
1951,13,13,0,26,12,2.72e-05
1952,80,80,0,160,12.05,0.00018032
1953,8,8,0,8,35,0.00030648
1954,5,5,0,10,12,1.056e-05
1955,30,25,5,8,63.92,0.0012818
1956,45,38,7,8,71.8947,0.00209828
1957,15,15,0,8,64.1333,0.00067468
1958,22,22,0,8,72.8182,0.0011488
1959,35,35,0,8,78.6286,0.0019196
1960,18,18,0,36,12.0556,4.4e-05
1961,27,27,0,54,12.037,6.752e-05
1962,9,9,0,18,12,1.888e-05
1963,12,12,0,24,12,2.512e-05
1964,19,19,0,38,12.0526,3.968e-05
1965,90,68,32,8,77.9118,0.00391336
1966,85,69,22,8,76.2029,0.00394852
1967,51,51,0,102,12.0588,0.0001328
1968,10,10,0,8,72.2,0.00042272
1969,50,50,0,100,12.06,0.00012912
1970,24,18,8,8,82.6111,0.0008722
1971,6,6,0,12,12,1.264e-05
1972,165,155,10,8,68.2194,0.00917984
1973,14,14,0,28,12,3.12e-05
1974,24,16,12,8,77.0625,0.00077944
1975,201,195,6,8,69.0513,0.0115665
1976,34,27,7,8,77.5926,0.00142516
1977,96,96,0,192,12.0521,0.00021456
1978,14,14,0,28,12,3.536e-05
1979,123,123,0,246,12.0488,0.000272
1980,21,21,0,42,12.0476,4.992e-05
1981,61,55,6,10,78.5091,0.00307944
1982,34,34,0,68,12.0294,7.472e-05
1983,15,15,0,8,79.1333,0.000727
1984,82,69,13,8,78.5217,0.0039482
1985,9,9,0,18,12,1.888e-05
1986,68,56,12,8,77.125,0.00316372
1987,54,54,0,108,12.0556,0.00013072
1988,37,37,0,74,12.0541,9.088e-05
1989,65,53,12,10,84.0755,0.00294768
1990,106,101,5,8,73.0396,0.005879
1991,46,46,0,92,12.0435,0.00011536
1992,63,55,8,8,78.5091,0.00309644
1993,66,66,0,132,12.0455,0.0001512
1994,74,71,3,8,81.0986,0.00407568
1995,40,40,0,80,12.05,9.264e-05
1996,51,51,0,102,12.0392,0.00011616
1997,34,28,6,8,82.3214,0.00150796
1998,24,24,0,48,12.0417,5.712e-05
1999,11,11,0,8,83.6364,0.00044548
2000,7,7,0,14,12,1.472e-05
2001,20,20,0,8,49.35,0.00101896
2002,11,11,0,22,12,2.304e-05
2003,35,35,0,8,45.2,0.0019322
2004,19,19,0,38,12.0526,3.968e-05
2005,103,103,0,8,60.4078,0.00602056
2006,53,53,0,106,12.0377,0.0001104
2007,10,10,0,8,67.1,0.00040892
2008,6,6,0,12,12,1.264e-05
2009,20,20,0,8,33.25,0.00101528
2010,16,16,0,8,37.875,0.00078276
2011,11,11,0,22,12,2.304e-05
2012,9,9,0,18,12,1.888e-05
2013,20,20,0,8,32.7,0.00102256
2014,11,11,0,22,12,2.304e-05
2015,11,11,0,8,34.7273,0.0004374
2016,7,7,0,14,12,1.472e-05
2017,32,32,0,8,59.6875,0.00170216
2018,32,32,0,8,68.7812,0.00174624
2019,17,17,0,34,12,3.552e-05
2020,17,17,0,34,12,3.552e-05
2021,24,24,0,8,60.9167,0.0012248
2022,26,26,0,8,67.0769,0.0013612
2023,13,13,0,26,12,2.72e-05
2024,14,14,0,28,12,2.928e-05
2025,53,44,9,8,77.9773,0.00243036
2026,268,160,168,8,82.2125,0.00948836
2027,28,28,0,56,12.0357,6.512e-05
2028,153,153,0,306,12.0654,0.00041472
2029,41,33,8,8,81.4545,0.00178564
2030,452,425,29,8,74.3953,0.0255165
2031,59,46,16,8,84.3696,0.00259908
2032,26,26,0,52,12.0385,6.8e-05
2033,272,272,0,544,12.0551,0.00061584
2034,37,37,0,74,12.0541,9.6e-05
2035,821,774,53,8,73.3941,0.0466328
2036,13,8,5,8,64,0.00027256
2037,558,558,0,1116,12.0573,0.00132432
2038,326,301,34,6,69.8505,0.0180601
2039,196,196,0,392,12.0561,0.00044176
2040,106,88,22,8,85.3977,0.00512868
2041,73,73,0,146,12.0548,0.00019072
2042,91,82,9,10,79.6463,0.00471152
2043,23,15,8,8,78.7333,0.00069572
2044,62,50,14,8,78.86,0.00281648
2045,75,75,0,150,12.0533,0.00019488
2046,13,13,0,26,12,3.136e-05
2047,77,64,14,8,79.7969,0.0036392
2048,44,30,14,8,81.6667,0.00160824
2049,45,45,0,90,12.0444,0.0001056
2050,426,399,29,8,72.6541,0.0239083
2051,55,55,0,110,12.0545,0.00014048
2052,23,23,0,46,12.0435,5.28e-05
2053,34,26,10,8,74.6538,0.00134708
2054,254,254,0,508,12.0551,0.00057584
2055,21,21,0,42,12.0476,4.96e-05
2056,154,137,17,8,75.073,0.00806388
2057,152,128,31,8,79.9453,0.00752664
2058,11,8,3,8,81.75,0.00028996
2059,91,91,0,182,12.0549,0.00021024
2060,86,86,0,172,12.0465,0.00019664
2061,6,6,0,12,12,1.36e-05
2062,22,22,0,8,69.1364,0.001136
2063,12,12,0,24,12,2.512e-05
2064,46,46,0,8,77.3043,0.00255336
2065,24,24,0,48,12.0417,5.008e-05
2066,46,39,8,10,84.9231,0.00216232
2067,64,61,3,8,78.7377,0.00347968
2068,35,35,0,70,12.0571,8.448e-05
2069,41,41,0,82,12.0488,9.12e-05
2070,48,38,10,10,83.6053,0.00211192
2071,46,32,14,10,83.1875,0.00173048
2072,117,95,28,8,80.5263,0.00556624
2073,32,32,0,64,12.0625,8.848e-05
2074,28,28,0,56,12.0357,6.8e-05
2075,74,74,0,148,12.0541,0.00018384
2076,37,32,5,8,80.3125,0.00171136
2077,47,37,14,8,79.973,0.00201424
2078,82,65,19,8,70.4462,0.00372904
2079,24,24,0,48,12.0417,5.808e-05
2080,31,31,0,62,12.0323,7.136e-05
2081,48,48,0,96,12.0417,0.00011216
2082,18,18,0,8,77.8333,0.00085948
2083,11,11,0,8,80.5455,0.00048396
2084,10,10,0,20,12,2.096e-05
2085,7,7,0,14,12,1.472e-05
2086,46,39,7,10,82.7179,0.00210104
2087,136,118,18,8,64.822,0.00690748
2088,31,31,0,62,12.0323,7.84e-05
2089,88,88,0,176,12.0568,0.00021808
2090,7,7,0,14,12,1.536e-05
2091,8,8,0,8,80,0.00028184
2092,99,84,15,8,81.0238,0.00484876
2093,5,5,0,10,12,1.056e-05
2094,137,127,10,8,80.748,0.007474
2095,69,69,0,138,12.058,0.00017408
2096,90,90,0,180,12.0556,0.00021392
2097,14,10,4,8,67.5,0.00042924
2098,40,32,8,10,78.6562,0.00166328
2099,8,8,0,16,12,1.776e-05
2100,83,71,12,6,77.3099,0.0041188
2101,28,28,0,56,12.0357,6.64e-05
2102,56,56,0,112,12.0536,0.0001368
2103,31,25,6,8,84.88,0.0013232
2104,20,20,0,40,12.05,5.136e-05
2105,50,42,8,8,76.7143,0.0023478
2106,29,29,0,58,12.0345,6.592e-05
2107,155,140,15,10,62.4429,0.00823208
2108,128,128,0,256,12.0703,0.00037392
2109,19,18,1,8,78.3889,0.00086228
2110,11,11,0,22,12,2.4e-05
2111,35,28,7,8,62.3571,0.00147268
2112,21,21,0,42,12.0476,4.992e-05
2113,14,14,0,8,71.6429,0.00066588
2114,8,8,0,16,12,1.68e-05
2115,37,37,0,8,72.4865,0.0020456
2116,20,20,0,40,12.05,4.176e-05
2117,16,16,0,8,71.5625,0.0007696
2118,79,77,2,8,76.2727,0.00445356
2119,48,44,4,8,72.5227,0.00246656
2120,9,9,0,18,12,1.888e-05
2121,49,49,0,98,12.0408,0.00010784
2122,32,32,0,64,12.0312,7.184e-05
2123,18,18,0,8,76.1111,0.00091032
2124,23,21,2,8,84.1429,0.00106832
2125,10,10,0,20,12,2.096e-05
2126,67,61,6,10,77.7705,0.00351224
2127,13,13,0,26,12,2.784e-05
2128,16,15,1,8,84.7333,0.00070936
2129,52,52,0,104,12.0577,0.00013136
2130,9,9,0,18,12,1.952e-05
2131,34,34,0,8,74.9118,0.00182432
2132,18,18,0,36,12,3.76e-05
2133,19,19,0,8,75.2632,0.00094916
2134,11,11,0,22,12,2.304e-05
2135,36,36,0,8,53.8333,0.00199156
2136,19,19,0,38,12.0526,3.968e-05
2137,178,152,27,10,76.7039,0.00898048
2138,169,148,28,8,77.6757,0.00876376
2139,129,129,0,258,12.0698,0.00036832
2140,106,106,0,212,12.0566,0.00026256
2141,53,47,7,8,73.8085,0.00266392
2142,31,31,0,62,12.0323,7.104e-05
2143,83,79,4,10,71,0.0045692
2144,45,45,0,90,12.0444,9.696e-05
2145,26,23,3,8,71.5217,0.00120956
2146,14,14,0,28,12,3.12e-05
2147,52,44,8,8,57.9318,0.00243456
2148,29,29,0,58,12.0345,6.624e-05
2149,347,291,71,10,78.9175,0.0174142
2150,255,255,0,510,12.0667,0.00070784
2151,33,26,7,8,83.5769,0.0013868
2152,105,87,28,6,58.3908,0.00515584
2153,20,20,0,40,12.05,4.72e-05
2154,70,61,9,8,62.0164,0.00345984
2155,72,72,0,144,12.0556,0.000164
2156,104,101,3,8,74.0198,0.00592248
2157,21,20,1,8,77.95,0.00099704
2158,59,59,0,118,12.0508,0.00014432
2159,68,64,4,10,85.6719,0.0036484
2160,11,11,0,22,12,2.368e-05
2161,49,49,0,98,12.0408,0.00011072
2162,192,185,7,8,61.9297,0.0109713
2163,34,27,8,8,77.1111,0.00144664
2164,107,107,0,214,12.0467,0.00023456
2165,30,28,2,8,87.2143,0.00149568
2166,21,21,0,42,12.0476,4.96e-05
2167,16,16,0,32,12,3.44e-05
2168,51,51,0,8,51.5882,0.0028942
2169,11,11,0,8,44.7273,0.00045444
2170,27,27,0,54,12.037,5.632e-05
2171,7,7,0,14,12,1.472e-05
2172,9,9,0,8,35.5556,0.00035896
2173,6,6,0,12,12,1.264e-05
2174,90,68,31,8,72.7941,0.00389012
2175,51,51,0,102,12.0588,0.00013408
2176,76,58,18,8,76.431,0.00329704
2177,37,28,9,10,78.8214,0.00141512
2178,145,122,23,8,79.1885,0.00716836
2179,47,47,0,94,12.0638,0.00012128
2180,21,21,0,42,12.0476,5.024e-05
2181,103,103,0,206,12.0583,0.00025696
2182,52,42,10,8,77.5952,0.00234908
2183,123,114,10,8,77.7456,0.00669788
2184,33,33,0,66,12.0606,8.16e-05
2185,83,83,0,166,12.0482,0.0001968
2186,18,12,6,8,84.6667,0.00051772
2187,8,8,0,16,12,1.68e-05
2188,162,139,27,10,75.3094,0.00819664
2189,10,10,0,8,74.6,0.00041028
2190,29,29,0,8,77.8621,0.00156508
2191,69,57,12,10,77.9298,0.003256
2192,107,107,0,214,12.0561,0.00027776
2193,6,6,0,12,12,1.264e-05
2194,16,16,0,32,12,3.344e-05
2195,43,43,0,86,12.0465,0.00010528
2196,5,5,0,8,66.4,0.00011884
2197,9,9,0,8,65,0.0003342
2198,14,14,0,8,72.1429,0.00066676
2199,4,4,0,8,12,8.48e-06
2200,6,6,0,12,12,1.264e-05
2201,8,8,0,16,12,1.68e-05
2202,99,81,23,8,75.6296,0.00467072
2203,66,52,14,10,78.1154,0.00296424
2204,83,73,10,8,74.7123,0.00418916
2205,119,109,13,8,62.2844,0.006399
2206,62,62,0,124,12.0484,0.00015568
2207,45,45,0,90,12.0667,0.000128
2208,57,57,0,114,12.0526,0.000136
2209,79,79,0,158,12.0506,0.0001824
2210,17,13,4,8,72.6923,0.00059608
2211,354,340,14,8,58.6941,0.0203341
2212,27,21,6,8,81.0952,0.00107104
2213,8,8,0,16,12,1.68e-05
2214,225,225,0,450,12.0533,0.00051584
2215,17,17,0,34,12,3.968e-05
2216,11,11,0,8,84.2727,0.00047188
2217,35,27,8,8,72.5556,0.00140856
2218,202,181,26,8,61.3094,0.0107544
2219,18,11,10,8,72.1818,0.0004784
2220,7,7,0,14,12,1.472e-05
2221,21,21,0,42,12.0476,4.96e-05
2222,114,114,0,228,12.0526,0.0002616
2223,9,9,0,18,12,1.984e-05
2224,72,60,12,10,73.9833,0.00335816
2225,25,25,0,8,61.52,0.00131792
2226,49,49,0,98,12.0612,0.00012128
2227,14,14,0,28,12,2.928e-05
2228,22,22,0,8,63.2273,0.00111244
2229,53,53,0,106,12.0377,0.00011104
2230,12,12,0,24,12,2.512e-05
2231,18,18,0,8,76.0556,0.00086072
2232,219,186,35,8,75.9032,0.0110398
2233,76,60,21,8,76.5667,0.00342668
2234,10,10,0,20,12,2.096e-05
2235,106,84,22,6,77.3571,0.00490488
2236,132,132,0,264,12.0606,0.00033776
2237,44,44,0,88,12.0455,0.00011344
2238,71,71,0,142,12.0563,0.00019424
2239,28,28,0,8,79.8929,0.00150564
2240,68,59,9,8,77.0847,0.00337564
2241,15,15,0,30,12,3.136e-05
2242,43,43,0,86,12.0465,0.00010944
2243,24,24,0,8,76.75,0.00125732
2244,13,13,0,26,12,2.72e-05
2245,20,20,0,8,75.4,0.0010322
2246,11,11,0,22,12,2.304e-05
2247,68,68,0,8,74.7794,0.00393684
2248,33,33,0,8,67.0606,0.00181236
2249,35,35,0,70,12.0286,7.296e-05
2250,18,18,0,36,12,3.76e-05
2251,24,24,0,8,39.2917,0.00122116
2252,13,13,0,26,12,2.72e-05
2253,163,132,40,8,70.1439,0.00778076
2254,93,93,0,186,12.0538,0.00024096
2255,41,32,9,8,79.4688,0.00173412
2256,23,23,0,46,12.0435,5.76e-05
2257,103,85,18,8,75.3412,0.00495368
2258,64,64,0,128,12.0625,0.00016784
2259,30,23,7,8,72.913,0.0011846
2260,97,86,11,8,78.1744,0.00498108
2261,19,16,3,8,77.0625,0.00074372
2262,21,13,8,8,55.3846,0.00055552
2263,16,16,0,32,12,3.856e-05
2264,67,67,0,134,12.0597,0.00017024
2265,10,10,0,20,12,2.224e-05
2266,11,11,0,22,12,2.72e-05
2267,200,156,61,10,77.0577,0.00919792
2268,120,120,0,240,12.0583,0.00031792
2269,91,76,20,10,73.6842,0.00433512
2270,60,60,0,120,12.05,0.00014992
2271,31,27,4,10,75.8148,0.00137024
2272,34,34,0,8,79.0882,0.00184628
2273,23,23,0,46,12.0435,5.568e-05
2274,18,18,0,36,12.0556,3.76e-05
2275,106,94,12,10,70.0957,0.0054912
2276,60,60,0,120,12.05,0.00014224
2277,55,53,2,8,69.1509,0.00298952
2278,29,29,0,58,12.0345,6.048e-05
2279,17,17,0,8,71.2353,0.00084492
2280,10,10,0,20,12,2.096e-05
2281,30,30,0,8,42.8333,0.00161248
2282,44,44,0,8,51.2045,0.0024724
2283,16,16,0,32,12,3.344e-05
2284,23,23,0,46,12.0435,4.8e-05
2285,14,14,0,8,29.0714,0.00065208
2286,43,43,0,8,34.7674,0.00237552
2287,8,8,0,16,12,1.68e-05
2288,23,23,0,46,12.0435,4.8e-05
2289,49,49,0,8,46.0612,0.00275084
2290,26,26,0,52,12.0385,5.424e-05
2291,28,28,0,8,53.7857,0.00150384
2292,36,36,0,8,67.1111,0.00197372
2293,15,15,0,30,12,3.136e-05
2294,19,19,0,38,12.0526,3.968e-05
2295,20,20,0,8,61.8,0.00102452
2296,11,11,0,22,12,2.304e-05
2297,15,15,0,8,28,0.0006774
2298,9,9,0,18,12,1.888e-05
2299,15,15,0,8,24.0667,0.00070216
2300,9,9,0,18,12,1.888e-05
2301,46,46,0,8,40.7609,0.0025932
2302,24,24,0,48,12.0417,5.008e-05
2303,52,52,0,8,62.4231,0.00294228
2304,27,27,0,54,12.037,5.632e-05
2305,29,29,0,8,57.2069,0.00155812
2306,16,16,0,32,12,3.344e-05
2307,17,17,0,8,34.5294,0.00081708
2308,10,10,0,8,40.5,0.00042296
2309,10,10,0,20,12,2.096e-05
2310,6,6,0,12,12,1.264e-05
2311,23,23,0,8,32.2609,0.00121448
2312,13,13,0,26,12,2.72e-05
2313,13,13,0,6,30.5385,0.00061084
2314,21,21,0,8,40.7143,0.0010802
2315,8,8,0,16,12,1.68e-05
2316,12,12,0,24,12,2.512e-05
2317,31,31,0,8,44.7419,0.0016818
2318,17,17,0,34,12,3.552e-05
2319,65,61,4,8,65.8197,0.00346376
2320,35,35,0,70,12.0286,7.68e-05
2321,14,14,0,8,62.6429,0.00062968
2322,33,33,0,8,76.7273,0.00177232
2323,8,8,0,16,12,1.68e-05
2324,18,18,0,36,12,3.76e-05
2325,62,62,0,8,65.6613,0.0035452
2326,15,15,0,8,58.8667,0.00070972
2327,32,32,0,64,12.0312,6.672e-05
2328,9,9,0,18,12,1.888e-05
2329,100,98,2,8,64.1633,0.00571252
2330,51,51,0,102,12.0392,0.00010624
2331,134,120,16,8,80.5417,0.00702612
2332,27,27,0,8,66.1111,0.00144008
2333,27,27,0,8,76.8148,0.00141572
2334,73,73,0,146,12.0548,0.00017248
2335,15,15,0,30,12,3.136e-05
2336,15,15,0,30,12,3.136e-05
2337,25,25,0,8,73.04,0.00133468
2338,18,18,0,8,71,0.00086388
2339,34,32,2,8,82.75,0.00174144
2340,5,5,0,8,74.4,0.00011216
2341,14,14,0,28,12,2.928e-05
2342,10,10,0,20,12,2.096e-05
2343,46,46,0,8,71.6304,0.00257732
2344,17,17,0,34,12,3.616e-05
2345,4,4,0,8,12,8.48e-06
2346,24,24,0,48,12.0417,5.008e-05
2347,181,148,46,8,73.1554,0.00876012
2348,47,36,12,8,80.8056,0.00195476
2349,132,132,0,264,12.0682,0.00038128
2350,24,19,5,8,78.5263,0.000939
2351,29,29,0,58,12.0345,7.52e-05
2352,40,30,10,8,77.3,0.00160004
2353,70,58,19,8,73.0862,0.00328848
2354,36,27,18,8,70.2222,0.00144652
2355,12,12,0,24,12,2.576e-05
2356,24,24,0,48,12.0417,5.712e-05
2357,51,43,8,10,69.907,0.00234664
2358,44,44,0,88,12.0455,0.0001048
2359,21,21,0,42,12.0476,4.96e-05
2360,19,17,2,8,78.1176,0.00084492
2361,36,36,0,72,12.0556,9.232e-05
2362,56,48,9,8,73.1458,0.00268636
2363,10,10,0,20,12,2.096e-05
2364,32,32,0,64,12.0312,7.248e-05
2365,71,69,2,8,65.7391,0.00394564
2366,37,37,0,74,12.027,7.712e-05
2367,66,65,1,8,75.8769,0.00370792
2368,39,31,8,8,75.6129,0.00164616
2369,26,26,0,8,67.5,0.00138652
2370,44,44,0,88,12.0455,9.808e-05
2371,23,23,0,46,12.0435,5.376e-05
2372,14,14,0,28,12,2.928e-05
2373,16,16,0,8,74.0625,0.00075172
2374,9,9,0,18,12,1.888e-05
2375,13,13,0,8,82.5385,0.00055336
2376,8,8,0,16,12,1.68e-05
2377,18,18,0,8,73.3333,0.00089916
2378,82,64,24,8,78.1562,0.00367444
2379,64,54,13,10,79.037,0.00304976
2380,10,10,0,20,12,2.096e-05
2381,44,44,0,88,12.0455,0.00011088
2382,24,22,2,8,83.5,0.00111584
2383,45,45,0,90,12.0444,0.00011584
2384,56,44,17,8,75.0455,0.00246692
2385,60,45,20,8,73.7778,0.00252664
2386,13,13,0,26,12,2.88e-05
2387,147,139,15,8,75.7842,0.008191
2388,40,40,0,80,12.05,0.00010096
2389,35,35,0,70,12.0571,8.448e-05
2390,77,77,0,154,12.0519,0.00016608
2391,126,118,8,8,68.7542,0.00691384
2392,107,96,11,8,69.6458,0.00557624
2393,56,54,2,10,73.1296,0.00305608
2394,72,72,0,144,12.0556,0.0001672
2395,59,59,0,118,12.0508,0.0001376
2396,109,98,18,8,76.8265,0.00569784
2397,39,39,0,78,12.0513,8.608e-05
2398,67,67,0,134,12.0448,0.00014976
2399,31,31,0,8,73.2258,0.00169916
2400,17,17,0,34,12,3.552e-05
2401,100,85,15,10,82.2353,0.00491752
2402,82,71,11,10,82.2394,0.00411544
2403,69,69,0,138,12.058,0.00017856
2404,57,57,0,114,12.0526,0.00013984
2405,71,60,12,8,75.2167,0.00343404
2406,85,73,12,8,71.9589,0.0042356
2407,40,40,0,80,12.05,9.744e-05
2408,52,52,0,104,12.0577,0.00013136
2409,36,32,4,10,75.8438,0.00170128
2410,28,28,0,56,12.0357,6.352e-05
2411,10,10,0,8,65.3,0.00038428
2412,6,6,0,12,12,1.264e-05
2413,31,31,0,8,43.0645,0.00169672
2414,17,17,0,34,12,3.552e-05
2415,61,54,7,8,69.4074,0.00308972
2416,19,19,0,8,63.6316,0.00094252
2417,34,34,0,8,73.5,0.00188004
2418,34,34,0,68,12.0294,7.792e-05
2419,11,11,0,22,12,2.304e-05
2420,18,18,0,36,12,3.76e-05
2421,35,35,0,8,55.7429,0.00193624
2422,19,19,0,38,12.0526,3.968e-05
2423,8,8,0,8,47.125,0.00028112
2424,65,53,12,8,72.8491,0.00298024
2425,170,147,25,8,78.102,0.00866444
2426,5,5,0,10,12,1.056e-05
2427,37,37,0,74,12.0541,9.216e-05
2428,121,121,0,242,12.0579,0.00031552
2429,116,101,16,10,78.7624,0.00585024
2430,93,93,0,186,12.0538,0.00023904
2431,20,13,8,8,81.5385,0.00058912
2432,9,9,0,18,12,1.984e-05
2433,40,31,15,10,81.6452,0.00166064
2434,76,66,10,8,82.9545,0.00380956
2435,25,25,0,50,12.04,6.24e-05
2436,61,44,20,8,79.5455,0.00247452
2437,44,44,0,88,12.0455,0.00010608
2438,40,40,0,80,12.05,9.904e-05
2439,323,268,70,10,77.6866,0.015926
2440,212,212,0,424,12.0613,0.0005576
2441,42,31,11,10,75.2258,0.00158472
2442,28,28,0,56,12.0357,6.8e-05
2443,155,130,32,10,81.4231,0.00760528
2444,110,110,0,220,12.0545,0.00027952
2445,47,36,16,10,83.5833,0.00193832
2446,59,47,12,8,80.7234,0.00263076
2447,151,136,15,8,81.7721,0.00803504
2448,30,30,0,60,12.0333,7.344e-05
2449,73,67,6,8,80.9701,0.00382064
2450,38,38,0,76,12.0526,9.168e-05
2451,94,94,0,188,12.0532,0.0002136
2452,53,53,0,106,12.0566,0.0001328
2453,23,23,0,8,74.913,0.00120888
2454,13,13,0,26,12,2.72e-05
2455,392,363,35,8,72.9642,0.0217736
2456,77,71,6,8,83.3803,0.00407868
2457,256,256,0,512,12.0586,0.0006056
2458,57,57,0,114,12.0526,0.00013248
2459,37,28,9,10,80.8214,0.00150656
2460,26,26,0,52,12.0385,6.32e-05
2461,113,93,21,10,84.7849,0.00544408
2462,28,20,8,8,82.9,0.00098128
2463,72,63,14,8,84.381,0.00361512
2464,79,79,0,158,12.0633,0.0002064
2465,18,18,0,36,12.0556,4.336e-05
2466,45,45,0,90,12.0444,0.00010272
2467,96,76,20,8,84.9605,0.004392
2468,285,262,23,8,61.6031,0.015613
2469,65,65,0,130,12.0615,0.00017024
2470,151,151,0,302,12.053,0.00032896
2471,48,40,8,10,84.725,0.00219696
2472,34,34,0,68,12.0294,8.016e-05
2473,23,17,6,8,80.9412,0.00082912
2474,63,47,16,10,82.5106,0.00264616
2475,14,14,0,28,12,3.408e-05
2476,41,41,0,82,12.0488,9.6e-05
2477,171,144,32,10,80.5694,0.00842768
2478,47,37,10,10,84.8378,0.00200824
2479,127,127,0,254,12.063,0.00034944
2480,28,28,0,56,12.0357,6.8e-05
2481,29,19,10,8,80.7368,0.0009344
2482,29,19,10,8,79.0526,0.00095016
2483,17,17,0,34,12.0588,4.128e-05
2484,20,20,0,8,74.8,0.0009922
2485,18,18,0,36,12.0556,4.336e-05
2486,33,22,15,8,64.9091,0.00112928
2487,36,27,10,8,81.5185,0.0014542
2488,11,11,0,22,12,2.304e-05
2489,123,117,6,8,80.8718,0.00684568
2490,20,20,0,40,12.05,4.688e-05
2491,28,20,9,8,80.55,0.0010322
2492,25,16,17,8,80.9375,0.00078424
2493,140,124,17,8,57.0484,0.00730104
2494,84,84,0,168,12.0476,0.00019504
2495,12,11,1,8,71.5455,0.00048808
2496,18,18,0,36,12.0556,4.336e-05
2497,14,14,0,28,12,3.28e-05
2498,74,74,0,148,12.0541,0.0001624
2499,7,7,0,14,12,1.472e-05
2500,28,28,0,8,80.7857,0.00146848
2501,15,15,0,30,12,3.136e-05
2502,40,40,0,8,80.5,0.00219636
2503,21,21,0,42,12.0476,4.384e-05
2504,163,150,13,8,77.7267,0.00888216
2505,110,110,0,220,12.0545,0.00025392
2506,85,72,13,8,82.0972,0.0041712
2507,9,9,0,8,86.8889,0.000311
2508,128,101,28,10,77.9307,0.00587032
2509,60,60,0,120,12.05,0.00014736
2510,6,6,0,12,12,1.264e-05
2511,88,88,0,176,12.0568,0.0002216
2512,22,18,4,10,81.5556,0.00089632
2513,43,35,8,8,81.3429,0.00190392
2514,20,15,5,8,82.4667,0.00070892
2515,14,14,0,28,12,3.088e-05
2516,28,28,0,56,12.0357,7.376e-05
2517,78,66,12,8,60.5152,0.00378828
2518,11,11,0,22,12,2.432e-05
2519,51,51,0,102,12.0392,0.00011872
2520,109,79,30,10,77.7342,0.0045164
2521,99,80,19,10,77.4625,0.004564
2522,65,65,0,130,12.0615,0.0001776
2523,39,27,12,10,77,0.00142688
2524,36,26,10,10,76.2308,0.00128336
2525,67,67,0,134,12.0597,0.00016736
2526,57,46,11,8,74.2609,0.00257952
2527,48,37,11,8,74.8919,0.00205336
2528,24,24,0,48,12.0417,6.48e-05
2529,24,24,0,48,12.0417,6.224e-05
2530,232,216,16,8,59.2083,0.0128827
2531,61,51,15,8,71.0784,0.0028812
2532,29,29,0,58,12.0345,6.336e-05
2533,31,31,0,62,12.0323,7.328e-05
2534,125,125,0,250,12.048,0.00027136
2535,36,36,0,72,12.0556,8.304e-05
2536,86,76,10,8,76.4474,0.00441852
2537,37,31,6,8,80.5161,0.00167968
2538,57,57,0,114,12.0526,0.00014112
2539,68,59,16,8,73.678,0.0033352
2540,20,20,0,40,12.05,4.496e-05
2541,37,37,0,74,12.0541,8.096e-05
2542,15,14,1,8,87.2143,0.00062552
2543,27,27,0,8,73.8889,0.00140428
2544,8,8,0,16,12,1.712e-05
2545,7,7,0,8,69.1429,0.0002444
2546,15,15,0,30,12,3.136e-05
2547,5,5,0,10,12,1.056e-05
2548,52,48,7,10,76.3958,0.0026528
2549,23,20,3,8,69.95,0.00098664
2550,14,14,0,8,73.0714,0.00063812
2551,35,35,0,70,12.0571,8.448e-05
2552,13,13,0,26,12,3.008e-05
2553,8,8,0,16,12,1.68e-05
2554,54,42,13,8,76.4762,0.00233344
2555,16,16,0,8,80.5,0.00076464
2556,72,63,9,8,76.746,0.00362092
2557,18,11,12,8,42.8182,0.0004556
2558,61,48,22,6,50.7917,0.0027514
2559,31,31,0,62,12.0323,7.648e-05
2560,9,9,0,18,12,1.888e-05
2561,41,41,0,82,12.0488,9.248e-05
2562,10,10,0,20,12,2.288e-05
2563,22,21,1,10,73.9048,0.00102392
2564,32,32,0,64,12.0312,7.408e-05
2565,15,15,0,30,12,3.328e-05
2566,77,63,15,8,77.6825,0.00358968
2567,43,43,0,86,12.0465,0.00010368
2568,51,43,9,8,75.814,0.00238108
2569,27,27,0,54,12.037,5.92e-05
2570,35,29,6,8,73.7241,0.00152512
2571,42,32,14,8,69.7188,0.00175232
2572,27,27,0,8,80.5926,0.00141116
2573,134,129,5,8,40.5969,0.00760256
2574,18,18,0,36,12,3.984e-05
2575,25,25,0,50,12.04,5.952e-05
2576,15,15,0,30,12,3.136e-05
2577,75,75,0,150,12.0533,0.00016832
2578,33,27,6,10,56.5556,0.00142824
2579,16,16,0,8,75.5,0.00079004
2580,36,33,3,10,53.2727,0.00173744
2581,40,31,9,8,32.2903,0.001677
2582,24,24,0,48,12.0417,5.808e-05
2583,9,9,0,18,12,1.888e-05
2584,12,12,0,24,12,2.512e-05
2585,28,28,0,56,12.0357,6.32e-05
2586,23,23,0,46,12.0435,5.184e-05
2587,10,10,0,8,26.7,0.0004204
2588,6,6,0,12,12,1.264e-05
2589,9,9,0,8,17.7778,0.00035048
2590,6,6,0,12,12,1.264e-05
2591,16,16,0,8,21.875,0.00075024
2592,56,56,0,8,35.3036,0.00320236
2593,9,9,0,18,12,1.888e-05
2594,29,29,0,58,12.0345,6.048e-05
2595,23,23,0,8,41.4783,0.00119364
2596,13,13,0,26,12,2.72e-05
2597,35,35,0,8,42.4286,0.00191532
2598,19,19,0,38,12.0526,3.968e-05
2599,16,16,0,8,41.4375,0.00076836
2600,22,22,0,8,50.8182,0.00111756
2601,9,9,0,18,12,1.888e-05
2602,12,12,0,24,12,2.512e-05
2603,13,13,0,8,57.3846,0.00057012
2604,8,8,0,16,12,1.68e-05
2605,8,8,0,8,45.25,0.00030452
2606,36,36,0,8,62.9722,0.00195176
2607,5,5,0,10,12,1.056e-05
2608,19,19,0,38,12.0526,3.968e-05
2609,34,34,0,8,66.6176,0.00187308
2610,18,18,0,36,12,3.76e-05
2611,70,70,0,8,60.9,0.0040006
2612,15,15,0,8,52.4,0.00069168
2613,36,36,0,72,12.0278,7.504e-05
2614,9,9,0,18,12,1.888e-05
2615,28,28,0,8,58.9286,0.00151752
2616,11,11,0,8,50.3636,0.00047408
2617,49,49,0,8,65.2041,0.00274908
2618,15,15,0,30,12,3.136e-05
2619,7,7,0,14,12,1.472e-05
2620,26,26,0,52,12.0385,5.424e-05
2621,23,23,0,8,59.6522,0.00117272
2622,308,269,54,8,73.1747,0.0160752
2623,77,63,14,8,79.2063,0.0036216
2624,13,13,0,26,12,2.72e-05
2625,179,179,0,358,12.0559,0.00043616
2626,49,49,0,98,12.0612,0.0001264
2627,25,17,8,8,81.1176,0.00080024
2628,63,54,9,10,80.1111,0.0030324
2629,15,15,0,30,12,3.808e-05
2630,48,48,0,96,12.0625,0.00012144
2631,49,41,10,8,75.0244,0.00229812
2632,168,128,54,8,66.8516,0.00751348
2633,97,83,14,8,70.8313,0.0048156
2634,28,28,0,56,12.0357,6.512e-05
2635,17,14,3,8,77.1429,0.00062436
2636,30,23,7,8,81.087,0.001191
2637,66,66,0,132,12.0606,0.0001704
2638,82,73,10,8,69.9178,0.00421676
2639,9,9,0,18,12,1.984e-05
2640,20,20,0,40,12.05,4.88e-05
2641,70,70,0,140,12.0714,0.000204
2642,26,21,5,8,76.3333,0.00104804
2643,14,14,0,8,82.7857,0.0006612
2644,15,15,0,30,12,3.328e-05
2645,8,8,0,16,12,1.68e-05
2646,26,22,4,10,69.8636,0.00104456
2647,17,17,0,34,12.0588,3.904e-05
2648,29,28,1,8,80.3571,0.00146764
2649,22,21,1,10,81.7143,0.00098848
2650,15,15,0,30,12,3.2e-05
2651,15,15,0,30,12,3.328e-05
2652,51,41,10,10,73.0244,0.0022392
2653,15,15,0,8,77.9333,0.00071884
2654,30,26,4,10,74.4615,0.0013732
2655,33,33,0,66,12.0606,8.704e-05
2656,9,9,0,18,12,1.888e-05
2657,21,21,0,42,12.0476,4.8e-05
2658,43,43,0,8,68.6512,0.00242068
2659,23,23,0,46,12.0435,4.8e-05
2660,52,52,0,8,58.5962,0.00295832
2661,27,27,0,54,12.037,5.632e-05
2662,223,175,61,8,76.0229,0.0103696
2663,133,133,0,266,12.0602,0.00034816
2664,51,41,10,8,77.9512,0.00227852
2665,33,33,0,66,12.0606,8.8e-05
2666,90,88,2,8,77.5,0.00514116
2667,26,23,3,10,75.2609,0.00117536
2668,65,65,0,130,12.0462,0.00014688
2669,49,41,10,8,59.3902,0.0022788
2670,18,18,0,36,12.0556,4.08e-05
2671,28,28,0,56,12.0357,6.416e-05
2672,26,26,0,8,73.0769,0.00135788
2673,7,7,0,8,83.8571,0.00023692
2674,14,14,0,28,12,2.928e-05
2675,5,5,0,10,12,1.056e-05
2676,148,125,27,8,63.192,0.00735104
2677,84,84,0,168,12.0595,0.00020944
2678,27,25,2,8,79.2,0.00129284
2679,15,15,0,30,12,3.2e-05
2680,60,60,0,8,56.9667,0.0034
2681,31,31,0,62,12.0323,6.464e-05
2682,8,8,0,8,46.75,0.0002876
2683,41,41,0,8,58.7561,0.0022838
2684,5,5,0,10,12,1.056e-05
2685,22,22,0,44,12.0455,4.592e-05
2686,28,28,0,8,37.7857,0.00147188
2687,15,15,0,30,12,3.136e-05
2688,94,94,0,188,12.0638,0.00024752
2689,8,8,0,8,40.25,0.00030484
2690,5,5,0,10,12,1.056e-05
2691,89,82,7,8,74.439,0.00477624
2692,25,20,5,8,64.3,0.00100896
2693,67,67,0,134,12.0597,0.00016864
2694,13,13,0,26,12,2.912e-05
2695,39,33,6,8,68.6061,0.00179296
2696,25,25,0,50,12.04,5.92e-05
2697,36,36,0,8,69.6667,0.00195124
2698,19,19,0,38,12.0526,3.968e-05
2699,88,79,9,8,68.4684,0.00458888
2700,102,88,23,10,71.5114,0.00503432
2701,14,14,0,8,62.8571,0.00065568
2702,44,44,0,88,12.0455,9.456e-05
2703,65,65,0,130,12.0615,0.00016608
2704,8,8,0,16,12,1.68e-05
2705,100,89,12,8,63.0562,0.00516144
2706,25,16,9,8,46.5,0.00074532
2707,71,71,0,8,72.0845,0.00406208
2708,57,57,0,114,12.0526,0.00012672
2709,14,14,0,28,12,3.472e-05
2710,37,37,0,74,12.0541,7.712e-05
2711,46,46,0,8,65,0.00254908
2712,24,24,0,48,12.0417,5.008e-05
2713,121,102,27,10,63.6863,0.00596256
2714,66,66,0,132,12.0455,0.00015792
2715,34,30,4,10,78.8667,0.00157568
2716,192,172,25,8,72.3779,0.0102055
2717,20,20,0,40,12.05,4.432e-05
2718,17,17,0,8,74,0.0008224
2719,9,7,2,8,80.4286,0.00019884
2720,112,112,0,224,12.0536,0.000252
2721,10,10,0,20,12,2.096e-05
2722,56,48,9,8,75.0417,0.0026956
2723,6,6,0,12,12,1.264e-05
2724,37,37,0,8,81.8378,0.00200944
2725,31,31,0,62,12.0323,7.424e-05
2726,20,20,0,40,12.05,4.176e-05
2727,34,30,4,10,70.2667,0.00161264
2728,25,25,0,50,12.04,5.696e-05
2729,66,66,0,8,62.3939,0.00380612
2730,34,34,0,68,12.0294,7.088e-05
2731,33,25,8,8,73.6,0.00127976
2732,168,158,11,8,75.6392,0.0093632
2733,38,30,8,8,77.1667,0.00158732
2734,18,18,0,36,12.0556,4.272e-05
2735,54,43,11,10,77.1628,0.0023496
2736,88,75,13,8,74.7733,0.00435848
2737,116,116,0,232,12.0517,0.00027376
2738,23,23,0,46,12.0435,5.376e-05
2739,41,41,0,82,12.0488,0.00010848
2740,13,13,0,8,59.9231,0.00057872
2741,59,59,0,118,12.0508,0.00013888
2742,47,42,5,8,75.6905,0.002331
2743,146,130,16,8,80.7692,0.00767044
2744,8,8,0,16,12,1.68e-05
2745,25,25,0,50,12.04,5.472e-05
2746,100,100,0,200,12.06,0.00025392
2747,78,67,17,10,78.0149,0.00382352
2748,198,181,21,8,77.3425,0.0107595
2749,44,44,0,88,12.0455,9.936e-05
2750,72,68,4,8,79.3529,0.00393056
2751,136,136,0,272,12.0588,0.0003208
2752,43,43,0,86,12.0465,9.472e-05
2753,141,109,35,10,82.3211,0.00638448
2754,18,18,0,8,85.8333,0.00089304
2755,10,10,0,20,12,2.096e-05
2756,18,13,5,8,80.7692,0.00060824
2757,9,9,0,18,12,1.952e-05
2758,43,38,5,8,78.6316,0.00209424
2759,226,194,33,8,79.2526,0.0115106
2760,22,22,0,44,12.0455,4.72e-05
2761,147,147,0,294,12.0612,0.00037536
2762,95,88,7,8,78.625,0.00514184
2763,50,33,26,8,79.5455,0.00177532
2764,28,16,19,8,80.3125,0.00074052
2765,36,24,21,8,82.125,0.001234
2766,65,54,19,8,77.2593,0.00307476
2767,60,60,0,120,12.05,0.00014288
2768,30,30,0,60,12.0333,7.568e-05
2769,10,10,0,20,12,2.096e-05
2770,17,17,0,34,12,3.808e-05
2771,62,52,13,8,77.0192,0.00291168
2772,44,44,0,88,12.0455,0.00010416
2773,32,20,19,8,73.2,0.00102616
2774,644,598,61,10,68.9816,0.0359456
2775,50,50,0,100,12.06,0.00013168
2776,18,18,0,36,12.0556,4.336e-05
2777,370,370,0,740,12.0541,0.0008216
2778,13,13,0,8,78.3846,0.00058512
2779,8,8,0,16,12,1.68e-05
2780,15,15,0,8,82.8,0.0007044
2781,81,71,10,10,77.5775,0.0041092
2782,37,32,10,10,75.6562,0.00171544
2783,9,9,0,18,12,1.888e-05
2784,52,52,0,104,12.0385,0.00011952
2785,13,13,0,8,59.4615,0.00059068
2786,28,28,0,56,12.0357,6.352e-05
2787,17,17,0,8,72.5882,0.00080404
2788,12,12,0,8,81.6667,0.00050576
2789,8,8,0,16,12,1.68e-05
2790,10,10,0,20,12,2.096e-05
2791,7,7,0,14,12,1.472e-05
2792,14,14,0,8,66.0714,0.00064052
2793,25,25,0,8,70.6,0.00128936
2794,119,104,16,8,72.9904,0.00606072
2795,8,8,0,16,12,1.68e-05
2796,14,14,0,28,12,2.928e-05
2797,75,75,0,150,12.0533,0.00017728
2798,227,193,42,8,73.7927,0.0114539
2799,45,36,9,8,81.5556,0.00199632
2800,176,176,0,352,12.0625,0.00047248
2801,29,29,0,58,12.0345,7.648e-05
2802,10,10,0,8,79.4,0.00041732
2803,61,49,13,10,78.0204,0.0027116
2804,6,6,0,12,12,1.264e-05
2805,43,43,0,86,12.0465,0.00010848
2806,99,85,14,10,80.0588,0.00496336
2807,112,91,24,10,76.9451,0.00521912
2808,70,70,0,140,12.0571,0.00018224
2809,81,81,0,162,12.0617,0.00022656
2810,43,38,5,8,80.8947,0.00206888
2811,66,57,9,8,68.6491,0.003224
2812,89,80,9,8,70.3625,0.00461996
2813,30,30,0,60,12.0333,7.6e-05
2814,38,38,0,76,12.0526,9.136e-05
2815,96,92,4,8,64.087,0.00536288
2816,50,50,0,100,12.04,0.00011376
2817,56,56,0,112,12.0536,0.00012592
2818,93,89,4,8,75.9438,0.00518064
2819,13,13,0,8,84.6154,0.00060108
2820,62,62,0,124,12.0484,0.00014864
2821,8,8,0,16,12,1.68e-05
2822,91,91,0,182,12.0549,0.00023904
2823,138,123,18,6,80.4065,0.00726344
2824,108,89,19,12,78.7416,0.00518944
2825,92,92,0,184,12.0543,0.0002248
2826,76,76,0,152,12.0526,0.0001912
2827,189,172,18,8,50.2442,0.0102049
2828,116,116,0,232,12.0517,0.00026768
2829,47,35,12,10,79.8286,0.00183328
2830,69,53,17,8,77.2075,0.00298796
2831,31,31,0,62,12.0323,7.52e-05
2832,9,9,0,8,78.1111,0.00036608
2833,87,80,7,8,77.425,0.00465268
2834,147,134,13,8,37.2239,0.00791604
2835,81,71,10,8,77.3521,0.00409636
2836,43,43,0,86,12.0465,0.00011232
2837,6,6,0,12,12,1.264e-05
2838,73,73,0,146,12.0548,0.000176
2839,74,74,0,148,12.0541,0.00015952
2840,48,48,0,96,12.0417,0.00011024
2841,105,86,22,8,80.5349,0.0050144
2842,85,70,16,10,79.2857,0.00395936
2843,67,67,0,134,12.0597,0.00017056
2844,54,54,0,108,12.0556,0.00013744
2845,28,20,8,10,77.25,0.00094792
2846,111,96,15,8,78.2396,0.00561412
2847,18,18,0,36,12.0556,4.144e-05
2848,74,74,0,148,12.0541,0.00018832
2849,16,12,4,8,61.5833,0.00054356
2850,8,8,0,16,12,1.68e-05
2851,91,70,26,8,74.6857,0.00403604
2852,80,59,28,8,74.678,0.00337072
2853,54,54,0,108,12.0556,0.00014448
2854,45,45,0,90,12.0444,0.00011744
2855,54,46,8,8,70.2391,0.00256504
2856,46,39,7,10,77.4872,0.00211472
2857,35,35,0,70,12.0571,8.224e-05
2858,43,36,7,8,75.4722,0.00195676
2859,35,26,17,8,61.3077,0.00136576
2860,33,33,0,66,12.0303,7.584e-05
2861,27,27,0,54,12.037,6.08e-05
2862,20,20,0,40,12.05,4.624e-05
2863,48,48,0,8,75.2708,0.00270284
2864,95,91,4,8,63,0.00531196
2865,25,25,0,50,12.04,5.216e-05
2866,55,55,0,110,12.0545,0.00011968
2867,68,68,0,8,64.1912,0.00390232
2868,35,35,0,70,12.0286,7.296e-05
2869,48,48,0,8,58.5417,0.00269616
2870,48,48,0,8,63.3125,0.0026832
2871,25,25,0,50,12.04,5.216e-05
2872,25,25,0,50,12.04,5.216e-05
2873,35,35,0,8,57,0.0019322
2874,20,20,0,8,47.6,0.00100992
2875,11,11,0,8,54.0909,0.0004736
2876,19,19,0,38,12.0526,3.968e-05
2877,11,11,0,22,12,2.304e-05
2878,7,7,0,14,12,1.472e-05
2879,19,19,0,8,33.6842,0.00096332
2880,11,11,0,22,12,2.304e-05
2881,35,35,0,8,24.6286,0.00190568
2882,19,19,0,38,12.0526,3.968e-05
2883,18,18,0,8,20.6111,0.00087436
2884,10,10,0,20,12,2.096e-05
2885,39,39,0,8,33.2051,0.00216652
2886,21,21,0,42,12.0476,4.384e-05
2887,13,13,0,8,29.0769,0.00057648
2888,8,8,0,16,12,1.68e-05
2889,61,61,0,8,48.6557,0.00350816
2890,32,32,0,64,12.0312,6.672e-05
2891,8,8,0,8,42.875,0.00030768
2892,59,59,0,8,53.3559,0.00335968
2893,5,5,0,10,12,1.056e-05
2894,31,31,0,62,12.0323,6.464e-05
2895,20,20,0,8,58.55,0.00102044
2896,11,11,0,22,12,2.304e-05
2897,120,120,0,8,54.2083,0.00705388
2898,61,61,0,122,12.0492,0.00012704
2899,15,15,0,8,41,0.00069044
2900,9,9,0,18,12,1.888e-05
2901,32,32,0,8,23.4375,0.00175916
2902,17,17,0,34,12,3.552e-05
2903,37,37,0,8,31.6486,0.00205012
2904,20,20,0,40,12.05,4.176e-05
2905,9,9,0,8,36.1111,0.00035084
2906,36,36,0,8,51.0278,0.00194552
2907,6,6,0,12,12,1.264e-05
2908,19,19,0,38,12.0526,3.968e-05
2909,37,37,0,8,64.5676,0.00203028
2910,15,15,0,8,62,0.00069012
2911,20,20,0,40,12.05,4.176e-05
2912,9,9,0,18,12,1.888e-05
2913,34,34,0,8,67.1176,0.00182752
2914,18,18,0,36,12,3.76e-05
2915,5,5,0,8,48.6,0.00010908
2916,4,4,0,8,12,8.48e-06
2917,91,84,7,8,67.9286,0.00484972
2918,49,49,0,98,12.0408,0.00011168
2919,72,66,6,8,64.4242,0.00376424
2920,52,52,0,104,12.0577,0.00013136
2921,16,16,0,8,47,0.00077168
2922,8,8,0,8,45.625,0.00026272
2923,9,9,0,18,12,1.888e-05
2924,60,49,12,8,72.6327,0.00276944
2925,5,5,0,10,12,1.056e-05
2926,94,84,10,8,75.5119,0.004903
2927,74,55,23,10,78.1818,0.00310208
2928,36,36,0,72,12.0556,9.296e-05
2929,71,62,12,8,78.7419,0.00353144
2930,64,64,0,128,12.0469,0.00015952
2931,67,57,13,8,79.5439,0.00326064
2932,44,44,0,88,12.0455,0.00011312
2933,39,28,19,8,79,0.00150204
2934,44,44,0,88,12.0455,0.00010928
2935,302,283,27,8,71.6113,0.0169272
2936,45,45,0,90,12.0444,0.00010496
2937,22,22,0,44,12.0455,5.296e-05
2938,162,162,0,324,12.0494,0.00035184
2939,146,139,7,10,80.446,0.00811736
2940,165,145,21,8,80.8759,0.00856764
2941,122,122,0,244,12.0574,0.00029808
2942,104,100,4,10,81.18,0.005818
2943,38,26,14,10,81.4615,0.00128264
2944,17,10,12,8,78,0.00037892
2945,132,132,0,264,12.0606,0.0003416
2946,73,73,0,146,12.0548,0.00016928
2947,24,24,0,48,12.0417,6.224e-05
2948,6,6,0,12,12,1.264e-05
2949,56,45,11,8,81.3111,0.00249192
2950,38,29,9,10,82.2759,0.00154824
2951,54,40,18,8,82.25,0.00222
2952,35,35,0,70,12.0571,8.64e-05
2953,79,69,10,10,80.3623,0.00399616
2954,24,24,0,48,12.0417,5.808e-05
2955,93,78,15,8,64.7692,0.00452684
2956,35,35,0,70,12.0571,9.12e-05
2957,16,15,1,8,73.9333,0.00072408
2958,48,48,0,96,12.0417,0.00010672
2959,55,55,0,110,12.0545,0.00012576
2960,9,9,0,18,12,1.952e-05
2961,76,64,12,8,82,0.00364196
2962,68,59,11,8,83.5763,0.00333584
2963,44,32,17,8,75.5,0.00172136
2964,52,52,0,104,12.0577,0.0001336
2965,54,54,0,108,12.0556,0.00013456
2966,97,81,17,8,79.2099,0.00471936
2967,25,25,0,50,12.04,6.176e-05
2968,25,17,8,8,82.7059,0.00083656
2969,60,60,0,120,12.05,0.00013744
2970,15,15,0,30,12,3.712e-05
2971,34,28,6,8,85,0.00146612
2972,64,55,9,8,80.5273,0.00311568
2973,21,21,0,42,12.0476,5.312e-05
2974,37,37,0,74,12.0541,8.576e-05
2975,69,64,5,8,79.7188,0.00367664
2976,37,37,0,74,12.0541,8.192e-05
2977,101,91,10,10,76.4615,0.00523936
2978,66,66,0,132,12.0455,0.00015344
2979,80,70,10,8,80.3,0.00402932
2980,33,22,15,8,76.5455,0.00113208
2981,49,49,0,98,12.0408,0.00011456
2982,20,20,0,40,12.05,5.168e-05
2983,72,55,23,8,74.3455,0.0031116
2984,39,39,0,78,12.0513,9.76e-05
2985,9,9,0,8,74,0.0003202
2986,139,128,11,8,64.5625,0.0075196
2987,6,6,0,12,12,1.264e-05
2988,86,86,0,172,12.0465,0.00019504
2989,53,41,13,10,81.0244,0.00228592
2990,35,35,0,70,12.0571,9.312e-05
2991,23,17,6,8,79.5294,0.00081864
2992,37,31,6,8,75.2258,0.00169404
2993,14,14,0,28,12,3.376e-05
2994,39,32,7,8,75.0938,0.00172376
2995,75,68,7,8,78.6765,0.00388308
2996,171,164,7,8,64.061,0.0096862
2997,20,20,0,40,12.05,4.496e-05
2998,23,23,0,46,12.0435,5.44e-05
2999,45,45,0,90,12.0444,0.00010592
3000,89,89,0,178,12.0449,0.00019072
3001,22,22,0,8,73.9091,0.00113704
3002,12,12,0,24,12,2.512e-05
3003,20,20,0,8,78,0.00100228
3004,11,11,0,22,12,2.304e-05
3005,27,27,0,8,84.2593,0.0014046
3006,51,49,2,8,71.4694,0.0027506
3007,15,15,0,30,12,3.136e-05
3008,35,35,0,70,12.0286,7.872e-05
3009,26,24,2,10,71.7917,0.00127256
3010,18,18,0,36,12.0556,4.048e-05
3011,27,27,0,8,50.4815,0.0014506
3012,15,15,0,30,12,3.136e-05
3013,19,19,0,8,59.2632,0.00094164
3014,11,11,0,22,12,2.304e-05
3015,74,74,0,8,72.2838,0.00429912
3016,14,14,0,8,61.0714,0.0006396
3017,38,38,0,76,12.0526,7.92e-05
3018,8,8,0,16,12,1.68e-05
3019,49,49,0,8,73.7143,0.0027676
3020,71,64,12,8,79.25,0.00366596
3021,26,26,0,52,12.0385,5.424e-05
3022,38,38,0,76,12.0526,8.688e-05
3023,51,42,9,8,66.5952,0.0023478
3024,29,29,0,58,12.0345,6.624e-05
3025,60,60,0,8,61.1833,0.00340292
3026,15,15,0,8,55.9333,0.00072392
3027,31,31,0,62,12.0323,6.464e-05
3028,9,9,0,18,12,1.888e-05
3029,133,108,39,8,68.5463,0.00632756
3030,11,11,0,8,52.4545,0.00045204
3031,73,73,0,146,12.0548,0.00018176
3032,7,7,0,14,12,1.472e-05
3033,23,23,0,8,79.6957,0.00120736
3034,128,121,7,8,43.2314,0.00711856
3035,13,13,0,26,12,2.72e-05
3036,68,68,0,136,12.0441,0.00014704
3037,23,23,0,8,47.6522,0.0011998
3038,101,101,0,8,67.9406,0.00589716
3039,13,13,0,26,12,2.72e-05
3040,52,52,0,104,12.0385,0.00010832
3041,48,48,0,8,35,0.00269816
3042,25,25,0,50,12.04,5.216e-05
3043,11,11,0,8,40.0909,0.0004644
3044,7,7,0,14,12,1.472e-05
3045,20,20,0,8,32.35,0.00098712
3046,11,11,0,22,12,2.304e-05
3047,40,40,0,8,35.25,0.0021894
3048,21,21,0,42,12.0476,4.384e-05
3049,39,39,0,8,47.1795,0.00217328
3050,28,28,0,8,50.5714,0.00146376
3051,21,21,0,42,12.0476,4.384e-05
3052,15,15,0,30,12,3.136e-05
3053,26,26,0,8,48.0385,0.00136424
3054,10,10,0,8,45.6,0.000427
3055,14,14,0,28,12,2.928e-05
3056,6,6,0,12,12,1.264e-05
3057,36,36,0,8,46.7222,0.00199332
3058,19,19,0,38,12.0526,3.968e-05
3059,38,38,0,8,61.3684,0.00207204
3060,20,20,0,40,12.05,4.176e-05
3061,11,11,0,8,54.8182,0.0004548
3062,172,157,15,10,79.3185,0.00922816
3063,7,7,0,14,12,1.472e-05
3064,116,116,0,232,12.0603,0.00028848
3065,22,20,2,8,74.65,0.00099536
3066,13,13,0,26,12,2.944e-05
3067,16,15,1,8,79.2,0.00071468
3068,12,8,4,8,78.375,0.00029484
3069,9,9,0,18,12,1.888e-05
3070,6,6,0,12,12,1.392e-05
3071,111,95,17,8,76.4737,0.00551688
3072,74,74,0,148,12.0541,0.00018608
3073,49,40,14,8,79.125,0.00219284
3074,32,32,0,64,12.0312,7.504e-05
3075,343,317,33,8,69.4227,0.0189551
3076,16,16,0,8,68,0.000765
3077,195,195,0,390,12.0564,0.00045856
3078,9,9,0,18,12,1.888e-05
3079,91,89,2,8,79.9775,0.0051496
3080,30,22,9,8,79.7273,0.0011262
3081,64,64,0,128,12.0469,0.0001448
3082,32,21,11,8,72.381,0.00106764
3083,19,19,0,38,12.0526,4.512e-05
3084,18,18,0,36,12.0556,4.528e-05
3085,53,52,1,8,75.1923,0.0029482
3086,333,322,16,8,58.3137,0.019299
3087,38,38,0,76,12.0526,8.56e-05
3088,179,179,0,358,12.0503,0.00038464
3089,28,28,0,8,76.7143,0.001468
3090,15,15,0,30,12,3.136e-05
3091,12,12,0,8,74.25,0.00051056
3092,8,8,0,8,82.125,0.00026708
3093,7,7,0,14,12,1.472e-05
3094,5,5,0,10,12,1.056e-05
3095,79,75,4,8,66.76,0.0043226
3096,15,15,0,8,58.6667,0.0006864
3097,41,41,0,82,12.0488,8.8e-05
3098,9,9,0,18,12,1.888e-05
3099,23,23,0,8,68.5652,0.00118504
3100,13,13,0,26,12,2.72e-05
3101,43,43,0,8,53.2093,0.00241656
3102,23,23,0,46,12.0435,4.8e-05
3103,21,21,0,8,46.0952,0.001073
3104,12,12,0,24,12,2.512e-05
3105,70,62,8,8,72,0.00356244
3106,38,38,0,76,12.0526,8.592e-05
3107,94,81,13,10,80.5679,0.00463152
3108,64,64,0,128,12.0625,0.0001672
3109,41,34,7,8,81.2353,0.00187456
3110,55,53,2,10,78.434,0.00301248
3111,24,24,0,48,12.0417,5.872e-05
3112,39,39,0,78,12.0513,8.608e-05
3113,17,17,0,8,74.1765,0.00084456
3114,10,10,0,20,12,2.096e-05
3115,26,26,0,8,71.2692,0.00134716
3116,27,27,0,8,74.8519,0.00140144
3117,14,14,0,28,12,2.928e-05
3118,15,15,0,30,12,3.136e-05
3119,164,132,37,10,74.1818,0.00773848
3120,153,131,28,8,71.7634,0.0076966
3121,106,106,0,212,12.066,0.00029456
3122,87,87,0,174,12.0575,0.000216
3123,12,8,7,8,84.25,0.00026888
3124,37,25,12,8,83.68,0.00128956
3125,6,6,0,12,12,1.264e-05
3126,20,20,0,8,63.4,0.00103144
3127,17,17,0,8,68.9412,0.00080376
3128,11,11,0,22,12,2.304e-05
3129,10,10,0,20,12,2.096e-05
3130,82,70,12,8,70.8571,0.00400508
3131,48,48,0,96,12.0417,0.00012016
3132,38,27,11,8,73.3704,0.00140504
3133,23,22,1,8,77.6364,0.001154
3134,20,20,0,40,12.05,4.72e-05
3135,13,13,0,26,12,2.72e-05
3136,76,67,9,8,82.7313,0.00384332
3137,56,47,13,10,82.6809,0.00256472
3138,256,244,12,8,79.7131,0.0145538
3139,17,15,2,8,78.2,0.00070524
3140,52,52,0,104,12.0577,0.00012304
3141,45,45,0,90,12.0444,0.00010912
3142,186,186,0,372,12.0538,0.00044144
3143,9,9,0,18,12,1.984e-05
3144,11,11,0,8,77.5455,0.00047892
3145,414,393,22,8,68.0585,0.0235551
3146,7,7,0,14,12,1.472e-05
3147,54,46,8,8,80.3043,0.00257128
3148,230,230,0,460,12.0522,0.00049968
3149,20,18,2,8,83.3333,0.00085776
3150,35,35,0,70,12.0571,8.096e-05
3151,45,33,14,8,80.6061,0.00176708
3152,12,12,0,24,12,2.704e-05
3153,30,30,0,60,12.0333,7.28e-05
3154,257,242,15,8,76.4959,0.0144054
3155,32,24,8,10,83.4583,0.00119984
3156,165,165,0,330,12.0545,0.00039008
3157,21,21,0,42,12.0476,5.152e-05
3158,26,23,3,10,82.3043,0.00115264
3159,119,111,9,8,73.1712,0.00648448
3160,18,18,0,36,12.0556,4.08e-05
3161,63,63,0,126,12.0476,0.00013696
3162,42,38,4,8,79.6053,0.00211632
3163,22,22,0,44,12.0455,4.688e-05
3164,98,92,6,8,76.0543,0.00538544
3165,55,55,0,110,12.0545,0.0001216
3166,11,11,0,8,68.3636,0.00045056
3167,7,7,0,14,12,1.472e-05
3168,17,17,0,8,77.9412,0.00081504
3169,10,10,0,20,12,2.096e-05
3170,35,33,2,8,79.9091,0.00181816
3171,85,80,5,8,82.6375,0.0046386
3172,19,19,0,38,12.0526,3.968e-05
3173,57,57,0,114,12.0526,0.00014368
3174,31,23,8,8,78.4783,0.0011788
3175,16,16,0,32,12,3.536e-05
3176,21,21,0,42,12.0476,5.024e-05
3177,54,49,5,10,76.4694,0.00275352
3178,46,35,11,10,78.7143,0.0018644
3179,46,37,9,10,82.6486,0.00203872
3180,29,24,5,10,80.125,0.0011808
3181,42,42,0,84,12.0476,0.00010512
3182,28,28,0,56,12.0357,6.896e-05
3183,30,30,0,60,12.0333,7.088e-05
3184,17,17,0,34,12,3.776e-05
3185,49,43,11,10,75.2791,0.0023444
3186,78,61,17,10,83.2623,0.00344568
3187,28,28,0,56,12.0357,6.224e-05
3188,101,83,18,8,80.4217,0.00479776
3189,76,66,10,8,79.5303,0.00376316
3190,53,53,0,106,12.0566,0.00013696
3191,21,14,11,8,86.3571,0.0006322
3192,64,64,0,128,12.0625,0.00016912
3193,49,49,0,98,12.0408,0.0001136
3194,178,169,9,8,75.6568,0.0100182
3195,37,31,6,8,81.3226,0.00168572
3196,12,12,0,24,12,3.12e-05
3197,103,103,0,206,12.0485,0.00023008
3198,23,23,0,46,12.0435,5.44e-05
3199,51,45,6,8,78.4889,0.00249016
3200,58,57,1,8,80.7895,0.0032448
3201,30,30,0,60,12.0333,6.896e-05
3202,40,40,0,80,12.05,8.976e-05
3203,39,36,3,8,82.0556,0.0019498
3204,27,27,0,54,12.037,6.56e-05
3205,41,40,1,10,78.375,0.00222864
3206,34,34,0,68,12.0294,7.6e-05
3207,110,100,11,8,77.68,0.00584884
3208,43,37,6,8,73.7027,0.00205164
3209,68,68,0,136,12.0441,0.0001592
3210,30,30,0,8,70.9333,0.00161288
3211,27,27,0,54,12.037,6.08e-05
3212,16,16,0,32,12,3.344e-05
3213,262,215,54,8,79.0419,0.0127944
3214,164,164,0,328,12.061,0.00043024
3215,96,81,15,8,56.5309,0.00468432
3216,51,51,0,102,12.0392,0.00011232
3217,6,6,0,8,81.1667,0.00017048
3218,4,4,0,8,12,8.48e-06
3219,61,50,11,10,77.5,0.00281464
3220,52,43,9,10,71.6977,0.00241136
3221,35,35,0,70,12.0571,8.416e-05
3222,83,71,12,8,72.8169,0.00408852
3223,11,11,0,8,80.4545,0.00046836
3224,46,44,2,8,69.9091,0.00243092
3225,36,36,0,72,12.0556,9.232e-05
3226,47,47,0,94,12.0426,0.00011136
3227,95,84,11,10,73.7738,0.004852
3228,12,8,6,8,75.625,0.00027352
3229,7,7,0,14,12,1.472e-05
3230,35,35,0,70,12.0571,7.936e-05
3231,54,54,0,108,12.0556,0.0001224
3232,6,6,0,12,12,1.264e-05
3233,53,50,3,10,77.82,0.00279456
3234,37,37,0,74,12.0541,8.608e-05
3235,50,50,0,8,75.48,0.00284444
3236,26,26,0,52,12.0385,5.424e-05
3237,8,8,0,8,73.875,0.00029132
3238,20,20,0,8,58,0.00100176
3239,5,5,0,10,12,1.056e-05
3240,11,11,0,22,12,2.304e-05
3241,137,109,35,8,68.945,0.00639768
3242,17,17,0,8,61.1765,0.00082408
3243,74,74,0,148,12.0541,0.00019056
3244,10,10,0,20,12,2.096e-05
3245,17,17,0,8,75,0.00083908
3246,63,55,8,10,77.3636,0.00313552
3247,47,39,8,8,74.359,0.0021522
3248,10,10,0,20,12,2.096e-05
3249,37,37,0,74,12.0541,8.736e-05
3250,27,27,0,54,12.037,6.016e-05
3251,29,24,5,8,75.2083,0.00126088
3252,20,18,2,8,82.2222,0.00090256
3253,41,35,7,8,71.5143,0.00193476
3254,17,17,0,34,12.0588,4.032e-05
3255,12,12,0,24,12,2.576e-05
3256,26,26,0,52,12.0385,6.128e-05
3257,16,16,0,8,58.6875,0.00075464
3258,97,83,14,8,78.7952,0.00483332
3259,9,9,0,18,12,1.888e-05
3260,55,55,0,110,12.0545,0.0001344
3261,65,63,2,10,79.1905,0.00356024
3262,49,49,0,98,12.0408,0.00010848
3263,91,78,13,10,75.5385,0.00446024
3264,73,62,11,8,74.5806,0.00352064
3265,55,55,0,110,12.0545,0.00014048
3266,44,44,0,88,12.0455,0.00010992
3267,145,131,18,8,65.9084,0.00772724
3268,106,106,0,212,12.0566,0.00025936
3269,33,32,1,8,72.4062,0.0017562
3270,57,50,7,10,66.76,0.00277936
3271,62,52,10,8,70.6346,0.00292852
3272,17,17,0,34,12,3.584e-05
3273,41,41,0,82,12.0488,0.00010464
3274,39,39,0,78,12.0513,9.856e-05
3275,12,12,0,8,54.0833,0.0005222
3276,40,40,0,8,65.825,0.00219768
3277,168,140,28,10,80.5857,0.00825688
3278,7,7,0,14,12,1.472e-05
3279,21,21,0,42,12.0476,4.384e-05
3280,116,116,0,232,12.0603,0.00029904
3281,27,27,0,8,75.4074,0.00141892
3282,93,84,9,10,76.4524,0.00486744
3283,45,37,14,8,63.1622,0.00200696
3284,15,15,0,30,12,3.136e-05
3285,74,74,0,148,12.0541,0.0001976
3286,26,26,0,52,12.0385,6e-05
3287,38,30,8,10,56.2333,0.00155632
3288,27,27,0,54,12.037,6.72e-05
3289,61,49,12,8,53.2245,0.00274272
3290,36,28,8,8,47.8929,0.0014604
3291,21,13,8,8,46.1538,0.00058964
3292,35,35,0,70,12.0571,8.64e-05
3293,8,7,1,8,67.4286,0.00024152
3294,22,22,0,44,12.0455,5.136e-05
3295,20,20,0,8,64.8,0.00102488
3296,10,10,0,20,12,2.192e-05
3297,27,27,0,8,62.7778,0.0014478
3298,5,5,0,10,12,1.056e-05
3299,11,11,0,22,12,2.304e-05
3300,15,15,0,30,12,3.136e-05
3301,41,41,0,8,32.9756,0.00228652
3302,19,19,0,8,35.1579,0.00093324
3303,22,22,0,44,12.0455,4.592e-05
3304,11,11,0,22,12,2.304e-05
3305,100,100,0,8,54.09,0.00583152
3306,51,51,0,102,12.0392,0.00010624
3307,18,18,0,8,62.3333,0.00085684
3308,25,25,0,8,49.04,0.00133544
3309,10,10,0,20,12,2.096e-05
3310,14,14,0,28,12,2.928e-05
3311,47,47,0,8,46,0.00265516
3312,25,25,0,50,12.04,5.216e-05
3313,126,117,9,8,64.812,0.00687952
3314,66,66,0,132,12.0455,0.00014608
3315,42,42,0,8,74.9524,0.00235972
3316,16,16,0,8,63.9375,0.0007804
3317,54,54,0,8,75.0556,0.00306028
3318,22,22,0,44,12.0455,4.592e-05
3319,9,9,0,18,12,1.888e-05
3320,28,28,0,56,12.0357,5.84e-05
3321,39,39,0,8,69.1282,0.00212544
3322,99,95,4,8,77.2526,0.00554192
3323,21,21,0,42,12.0476,4.384e-05
3324,51,51,0,102,12.0392,0.0001088
3325,48,43,5,8,69.814,0.0023844
3326,101,83,21,10,74.6747,0.00482496
3327,26,26,0,52,12.0385,5.904e-05
3328,58,58,0,116,12.0517,0.00014224
3329,58,45,13,8,72.8444,0.00254468
3330,12,8,4,8,80.75,0.0002536
3331,35,35,0,70,12.0571,8.608e-05
3332,6,6,0,12,12,1.36e-05
3333,11,11,0,8,56.4545,0.00045472
3334,7,7,0,14,12,1.472e-05
3335,101,92,9,8,73.6304,0.00534156
3336,55,55,0,110,12.0545,0.000128
3337,56,48,8,10,79.9375,0.00261608
3338,39,39,0,78,12.0513,0.00010112
3339,16,16,0,8,84.125,0.00075192
3340,9,9,0,18,12,1.888e-05
3341,86,73,13,8,79.4384,0.00422636
3342,51,51,0,102,12.0588,0.00012992
3343,58,50,8,8,77.74,0.00283696
3344,15,10,5,8,85.2,0.000396
3345,39,39,0,78,12.0513,9.824e-05
3346,9,9,0,18,12,2.016e-05
3347,43,32,15,10,81.1875,0.0016472
3348,29,29,0,58,12.0345,7.584e-05
3349,274,239,40,8,80.4226,0.0142297
3350,182,157,26,10,79.9873,0.0092728
3351,203,203,0,406,12.064,0.00054848
3352,28,21,7,8,83.4286,0.00108092
3353,144,144,0,288,12.0625,0.00038448
3354,16,16,0,32,12,3.984e-05
3355,81,68,13,8,81.3382,0.00392544
3356,39,28,11,8,79.25,0.00150448
3357,39,30,9,8,82,0.00162356
3358,31,21,20,8,77.3333,0.00107608
3359,48,48,0,96,12.0417,0.00011472
3360,72,59,13,8,78.8305,0.00335984
3361,22,22,0,44,12.0455,5.68e-05
3362,25,25,0,50,12.04,6.208e-05
3363,17,17,0,34,12.0588,4.064e-05
3364,49,49,0,98,12.0408,0.00011744
3365,23,22,1,8,81.2727,0.00110764
3366,12,12,0,24,12,2.544e-05
3367,44,35,12,8,82.0571,0.00193472
3368,34,24,10,8,81,0.00125268
3369,26,16,18,8,81.6875,0.00075724
3370,27,27,0,54,12.037,6.176e-05
3371,22,22,0,44,12.0455,5.488e-05
3372,14,14,0,28,12,3.28e-05
3373,56,47,10,10,81.2979,0.00257776
3374,33,24,9,10,75.5833,0.0012552
3375,93,80,13,8,74.375,0.0046198
3376,40,40,0,80,12.05,0.00010096
3377,51,45,6,8,74,0.00254376
3378,22,22,0,44,12.0455,5.36e-05
3379,51,51,0,102,12.0392,0.00011456
3380,7,7,0,8,72.7143,0.00022896
3381,31,31,0,62,12.0323,7.168e-05
3382,500,473,31,8,72.649,0.0284052
3383,70,60,10,8,72,0.00339768
3384,5,5,0,10,12,1.056e-05
3385,10,10,0,8,82.4,0.00041268
3386,284,284,0,568,12.0563,0.00064304
3387,73,60,17,8,78.1,0.0034412
3388,43,43,0,86,12.0465,0.00010816
3389,6,6,0,12,12,1.264e-05
3390,48,48,0,96,12.0417,0.00011248
3391,8,8,0,8,81.25,0.00030284
3392,5,5,0,10,12,1.056e-05
3393,35,32,3,8,77.4062,0.00171872
3394,19,19,0,38,12.0526,4.224e-05
3395,50,41,10,8,79.6341,0.00229072
3396,33,33,0,66,12.0303,7.744e-05
3397,136,114,31,8,82.5175,0.00670084
3398,77,77,0,154,12.0519,0.0001936
3399,70,63,7,8,75.4921,0.00360872
3400,39,39,0,78,12.0513,8.704e-05
3401,19,19,0,8,78.7895,0.00096212
3402,11,11,0,22,12,2.304e-05
3403,27,27,0,8,69.5556,0.00141124
3404,24,24,0,8,73.0833,0.00127008
3405,15,15,0,30,12,3.136e-05
3406,13,13,0,26,12,2.72e-05
3407,65,65,0,8,68.0308,0.00370396
3408,34,34,0,68,12.0294,7.088e-05
3409,38,38,0,8,62.2895,0.00208836
3410,16,16,0,8,59.0625,0.00074292
3411,20,20,0,40,12.05,4.176e-05
3412,9,9,0,18,12,1.888e-05
3413,66,55,11,8,79.1636,0.00309632
3414,179,166,13,10,76.1024,0.00982688
3415,42,33,9,8,78.8182,0.00176824
3416,41,41,0,82,12.0488,0.00010464
3417,126,105,26,8,74.819,0.0061254
3418,46,34,15,8,71.0588,0.00186072
3419,154,154,0,308,12.0584,0.00039408
3420,24,24,0,48,12.0417,6e-05
3421,98,98,0,196,12.0612,0.0002472
3422,28,28,0,56,12.0357,6.992e-05
3423,14,14,0,8,77.7143,0.00063056
3424,27,19,8,10,68.8947,0.00088184
3425,8,8,0,16,12,1.68e-05
3426,18,18,0,36,12.0556,4.336e-05
3427,154,141,16,8,74.2057,0.00831176
3428,11,11,0,8,73.0909,0.0004536
3429,11,11,0,8,76.3636,0.000451
3430,146,135,13,8,63.2074,0.00795204
3431,93,93,0,186,12.0538,0.00021536
3432,28,20,9,8,77.95,0.00098584
3433,7,7,0,14,12,1.472e-05
3434,7,7,0,14,12,1.472e-05
3435,100,100,0,200,12.05,0.0002328
3436,18,18,0,36,12.0556,4.336e-05
3437,49,47,2,10,84.766,0.00265344
3438,33,33,0,66,12.0303,7.264e-05
3439,26,26,0,8,78.2692,0.00138812
3440,39,39,0,8,78.2821,0.00217652
3441,14,14,0,28,12,2.928e-05
3442,21,21,0,42,12.0476,4.384e-05
3443,29,29,0,8,75.6897,0.0015578
3444,78,75,3,8,75.0933,0.00430784
3445,45,35,10,10,76.2571,0.00186616
3446,16,16,0,32,12,3.344e-05
3447,52,52,0,104,12.0577,0.0001224
3448,29,29,0,58,12.0345,7.456e-05
3449,27,19,12,10,70.4211,0.00096784
3450,18,18,0,36,12.0556,4.368e-05
3451,52,52,0,8,72.5192,0.0029276
3452,19,19,0,8,71.5263,0.00096868
3453,27,27,0,54,12.037,5.632e-05
3454,11,11,0,22,12,2.304e-05
3455,61,60,1,8,76.55,0.00344364
3456,32,32,0,64,12.0312,6.672e-05
3457,107,92,17,10,55.6413,0.00528152
3458,14,14,0,8,64.1429,0.00063412
3459,63,55,8,8,68.9091,0.00310968
3460,100,88,14,8,51.4545,0.00512044
3461,35,25,11,8,69,0.00128576
3462,85,85,0,170,12.0588,0.00023008
3463,8,8,0,16,12,1.68e-05
3464,43,43,0,86,12.0465,0.00010272
3465,162,126,50,10,70.3413,0.0073516
3466,73,73,0,146,12.0548,0.00017152
3467,20,20,0,40,12.05,4.752e-05
3468,93,93,0,186,12.0645,0.00024224
3469,36,27,9,8,67.3704,0.0014492
3470,47,39,8,8,60.1795,0.0021466
3471,19,19,0,38,12.0526,4.256e-05
3472,27,27,0,54,12.037,6.208e-05
3473,38,38,0,8,76.5,0.002078
3474,20,20,0,40,12.05,4.176e-05
3475,49,49,0,8,71.2245,0.00277484
3476,26,26,0,52,12.0385,5.424e-05
3477,11,11,0,8,20.8182,0.00048064
3478,7,7,0,14,12,1.472e-05
3479,49,49,0,8,33.9184,0.00276148
3480,26,26,0,52,12.0385,5.424e-05
3481,53,53,0,8,56.1509,0.00299624
3482,24,24,0,8,60.625,0.00124484
3483,28,28,0,56,12.0357,5.84e-05
3484,13,13,0,26,12,2.72e-05
3485,104,93,14,10,71.7419,0.0053492
3486,62,62,0,124,12.0484,0.00014672
3487,72,63,9,8,60.8413,0.00363212
3488,15,15,0,8,63.0667,0.00068044
3489,44,44,0,88,12.0455,0.00010864
3490,9,9,0,18,12,1.888e-05
3491,15,14,1,8,78.7143,0.00064384
3492,8,8,0,16,12,1.712e-05
3493,12,12,0,8,53.1667,0.00052184
3494,11,11,0,8,45.1818,0.0004834
3495,7,7,0,14,12,1.472e-05
3496,7,7,0,14,12,1.472e-05
3497,32,32,0,8,42.375,0.00170324
3498,17,17,0,34,12,3.552e-05
3499,17,17,0,8,42.1765,0.00083472
3500,10,10,0,20,12,2.096e-05
3501,50,50,0,8,47.58,0.00279704
3502,389,362,27,8,72.8425,0.0216706
3503,27,27,0,54,12.037,5.632e-05
3504,260,260,0,520,12.0615,0.000652
3505,32,32,0,8,71.0938,0.0017314
3506,106,94,12,8,66.7872,0.00545612
3507,17,17,0,34,12,3.552e-05
3508,65,65,0,130,12.0462,0.00015008
3509,23,23,0,8,76.5217,0.0012034
3510,13,13,0,26,12,2.72e-05
3511,68,62,11,10,82.3871,0.003536
3512,35,27,8,8,83.5185,0.00143396
3513,52,52,0,104,12.0577,0.00013136
3514,32,23,9,8,72.9565,0.00117028
3515,22,22,0,44,12.0455,5.424e-05
3516,19,19,0,38,12.0526,4.352e-05
3517,85,80,5,8,76.7875,0.00461704
3518,61,61,0,122,12.0492,0.0001408
3519,120,99,27,8,71.4444,0.005763
3520,80,66,14,6,72.7576,0.00381636
3521,35,29,6,8,80.6207,0.00156472
3522,75,75,0,150,12.0533,0.00019232
3523,53,53,0,106,12.0566,0.00014112
3524,23,23,0,46,12.0435,5.632e-05
3525,20,12,8,8,39.1667,0.000514
3526,10,10,0,20,12,2.256e-05
3527,14,14,0,8,60.7143,0.00065688
3528,8,8,0,16,12,1.68e-05
3529,55,55,0,8,46.9091,0.00314748
3530,16,16,0,8,40.375,0.00074804
3531,29,29,0,58,12.0345,6.048e-05
3532,9,9,0,18,12,1.888e-05
3533,203,148,73,10,67.6351,0.0087192
3534,321,276,55,10,59.4312,0.0164991
3535,114,114,0,228,12.0614,0.00031184
3536,202,202,0,404,12.0644,0.00053232
3537,161,151,11,8,78.4172,0.00890956
3538,37,28,9,8,81.0714,0.00148988
3539,109,109,0,218,12.055,0.000264
3540,22,22,0,44,12.0455,5.168e-05
3541,278,268,16,8,46.5933,0.0160089
3542,11,7,7,8,57,0.00019128
3543,148,148,0,296,12.0541,0.00032176
3544,5,5,0,10,12,1.056e-05
3545,18,18,0,8,85.1111,0.000895
3546,10,10,0,20,12,2.096e-05
3547,75,62,13,8,83,0.00357392
3548,63,49,18,8,78.449,0.0027528
3549,96,87,9,8,81.2989,0.00507104
3550,44,44,0,88,12.0455,0.00011088
3551,36,32,4,10,75.8438,0.0016952
3552,38,29,14,8,64.5517,0.00155
3553,36,36,0,72,12.0556,8.752e-05
3554,56,56,0,112,12.0536,0.00013104
3555,26,26,0,52,12.0385,6.448e-05
3556,21,21,0,42,12.0476,4.736e-05
3557,23,23,0,8,78.4783,0.00121124
3558,13,13,0,26,12,2.72e-05
3559,23,23,0,6,77.5652,0.001216
3560,13,13,0,26,12,2.72e-05
3561,34,34,0,8,53.5882,0.00183004
3562,18,18,0,36,12,3.76e-05
3563,60,48,12,8,70.8333,0.00267336
3564,36,29,7,8,64,0.00152856
3565,38,38,0,76,12.0526,0.0001016
3566,44,36,8,8,69.5556,0.00196596
3567,58,51,7,10,63.1176,0.00281
3568,19,19,0,38,12.0526,4.256e-05
3569,27,27,0,54,12.037,6.88e-05
3570,45,45,0,90,12.0444,0.00011072
3571,16,16,0,8,22.25,0.00074332
3572,9,9,0,18,12,1.888e-05
3573,69,69,0,8,35.2754,0.00398632
3574,36,36,0,72,12.0278,7.504e-05
3575,42,42,0,8,25.5714,0.00232668
3576,22,22,0,44,12.0455,4.592e-05
3577,51,51,0,8,43.8235,0.002853
3578,62,62,0,8,51.2581,0.00352096
3579,27,27,0,54,12.037,5.632e-05
3580,32,32,0,64,12.0312,6.672e-05
3581,20,20,0,8,41.5,0.0009958
3582,11,11,0,22,12,2.304e-05
3583,35,35,0,8,25.0571,0.00193872
3584,19,19,0,38,12.0526,3.968e-05
3585,57,57,0,8,32.0351,0.00322116
3586,30,30,0,60,12.0333,6.256e-05
3587,13,13,0,8,18,0.0005592
3588,8,8,0,16,12,1.68e-05
3589,11,11,0,8,24,0.00047536
3590,7,7,0,14,12,1.472e-05
3591,42,42,0,8,27.4524,0.00234448
3592,22,22,0,44,12.0455,4.592e-05
3593,16,16,0,8,27,0.0007372
3594,9,9,0,18,12,1.888e-05
3595,68,68,0,8,49.7059,0.00391804
3596,36,36,0,72,12.0278,7.504e-05
3597,126,106,25,8,68.5849,0.00620072
3598,74,70,4,8,73.1571,0.0040122
3599,71,71,0,142,12.0563,0.00017856
3600,51,51,0,102,12.0588,0.00012928
3601,73,67,6,8,55.0597,0.0038202
3602,48,48,0,96,12.0417,0.0001128
3603,96,96,0,8,65.5417,0.00560332
3604,21,21,0,8,57.1429,0.00108972
3605,24,24,0,8,61.0833,0.00122908
3606,28,28,0,8,68.0357,0.00147796
3607,49,49,0,98,12.0408,0.00010208
3608,12,12,0,24,12,2.512e-05
3609,13,13,0,26,12,2.72e-05
3610,15,15,0,30,12,3.136e-05
3611,93,86,7,8,62.3605,0.0049728
3612,52,45,7,8,53.5111,0.0025424
3613,54,54,0,108,12.0556,0.00011952
3614,28,28,0,56,12.0357,6.32e-05
3615,45,38,7,10,61.0263,0.0020688
3616,9,9,0,8,65.2222,0.00034772
3617,29,29,0,58,12.0345,7.392e-05
3618,6,6,0,12,12,1.264e-05
3619,53,49,4,8,47.7347,0.00275784
3620,8,8,0,8,50.375,0.0002988
3621,34,34,0,68,12.0294,7.6e-05
3622,5,5,0,10,12,1.056e-05
3623,12,12,0,8,44.8333,0.00052332
3624,7,7,0,14,12,1.472e-05
3625,43,43,0,8,53.5581,0.00237048
3626,29,29,0,8,50.6207,0.00153796
3627,23,23,0,46,12.0435,4.8e-05
3628,16,16,0,32,12,3.344e-05
3629,71,66,5,8,73.1667,0.0038154
3630,113,90,32,8,70.7889,0.00522172
3631,7,7,0,8,67,0.00021232
3632,227,188,49,8,75.8564,0.01118
3633,37,37,0,74,12.0541,7.968e-05
3634,70,70,0,140,12.0571,0.00017904
3635,5,5,0,10,12,1.056e-05
3636,148,148,0,296,12.0608,0.00038448
3637,17,11,6,8,77.8182,0.00047172
3638,9,9,0,18,12,1.984e-05
3639,504,362,225,10,75.3729,0.0216398
3640,336,336,0,672,12.0655,0.00090672
3641,122,105,17,8,80.3524,0.00613656
3642,86,86,0,172,12.0581,0.00021648
3643,112,97,15,10,76.1546,0.00562816
3644,100,86,14,8,74.2907,0.00501104
3645,72,72,0,144,12.0556,0.00017104
3646,64,64,0,128,12.0469,0.00015408
3647,183,161,22,8,79.087,0.00953356
3648,135,135,0,270,12.0593,0.00034592
3649,83,71,12,8,72.7042,0.00407584
3650,72,71,1,10,79.1972,0.00403192
3651,37,29,10,8,74.069,0.0015732
3652,63,51,12,8,80.0392,0.00290448
3653,129,116,13,8,74.1466,0.00680568
3654,47,47,0,94,12.0426,0.00011136
3655,57,57,0,114,12.0526,0.00012608
3656,89,76,14,8,70.5132,0.00436484
3657,22,22,0,44,12.0455,5.168e-05
3658,31,31,0,62,12.0323,6.912e-05
3659,88,88,0,176,12.0568,0.0002056
3660,51,51,0,102,12.0588,0.0001168
3661,251,193,67,8,78.9793,0.0114657
3662,147,147,0,294,12.0612,0.00039456
3663,12,12,0,8,76.1667,0.00049356
3664,7,7,0,14,12,1.472e-05
3665,37,32,5,10,49.7188,0.00170792
3666,28,28,0,56,12.0357,6.352e-05
3667,220,197,25,8,77.5228,0.0117117
3668,132,132,0,264,12.0606,0.000324
3669,7,7,0,8,84.8571,0.00023036
3670,37,30,7,10,77.6,0.00161104
3671,24,17,7,8,82.2353,0.00083964
3672,5,5,0,10,12,1.056e-05
3673,24,24,0,48,12.0417,5.872e-05
3674,14,14,0,28,12,3.248e-05
3675,32,32,0,8,73.5625,0.00175804
3676,16,16,0,8,72.375,0.0007854
3677,17,17,0,34,12,3.552e-05
3678,72,70,2,10,84.3,0.00399392
3679,9,9,0,18,12,1.888e-05
3680,55,55,0,110,12.0545,0.00012192
3681,66,66,0,8,77.4545,0.00379328
3682,17,17,0,8,76.8824,0.00085048
3683,34,34,0,68,12.0294,7.088e-05
3684,10,10,0,20,12,2.096e-05
3685,13,13,0,8,46.3077,0.00059472
3686,8,8,0,16,12,1.68e-05
3687,32,25,7,8,76.44,0.0012874
3688,36,29,7,8,70.2414,0.00154068
3689,17,17,0,34,12,3.808e-05
3690,60,58,2,8,61.5517,0.003324
3691,22,22,0,44,12.0455,5.168e-05
3692,39,39,0,78,12.0513,8.704e-05
3693,17,17,0,8,64.5294,0.00079624
3694,10,10,0,20,12,2.096e-05
3695,24,24,0,8,71.2917,0.00126008
3696,147,121,27,8,81.0331,0.00714032
3697,13,13,0,26,12,2.72e-05
3698,96,96,0,192,12.0625,0.00025328
3699,269,193,112,8,72.8653,0.0114752
3700,157,157,0,314,12.0573,0.00039488
3701,11,11,0,8,78.3636,0.0004684
3702,7,7,0,14,12,1.472e-05
3703,76,68,8,8,77.8235,0.0039126
3704,44,33,16,8,83.3939,0.0018152
3705,47,47,0,94,12.0426,0.00011648
3706,26,26,0,52,12.0385,6.8e-05
3707,22,21,1,10,80.7143,0.00103096
3708,9,8,1,8,70.375,0.00028256
3709,15,15,0,30,12,3.328e-05
3710,12,12,0,8,64.4167,0.00051012
3711,7,7,0,14,12,1.472e-05
3712,147,116,40,10,73.8621,0.0068212
3713,71,53,19,8,74.8679,0.00297464
3714,58,47,11,10,74.1064,0.0025556
3715,100,100,0,200,12.07,0.000284
3716,41,41,0,82,12.0488,0.00010912
3717,40,40,0,80,12.05,0.0001
3718,68,53,17,8,73.7736,0.00302328
3719,37,37,0,74,12.0541,8.576e-05
3720,28,17,18,6,81.5294,0.00089336
3721,10,10,0,20,12,2.096e-05
3722,156,136,20,8,73.1765,0.00804864
3723,76,65,11,10,75.9077,0.00374328
3724,59,48,11,8,81.4375,0.00270608
3725,96,96,0,192,12.0521,0.000236
3726,58,58,0,116,12.0517,0.00014608
3727,39,39,0,78,12.0513,0.00010144
3728,236,218,25,8,70.8165,0.0129698
3729,141,141,0,282,12.0567,0.00033376
3730,25,24,1,8,73,0.0012228
3731,19,19,0,8,60.2105,0.0009518
3732,11,11,0,22,12,2.304e-05
3733,41,38,3,8,77.9474,0.00207588
3734,21,21,0,42,12.0476,4.416e-05
3735,31,31,0,8,80.8387,0.00168536
3736,14,14,0,8,83.2857,0.00066176
3737,17,17,0,34,12,3.552e-05
3738,8,8,0,16,12,1.68e-05
3739,101,83,18,8,72.7108,0.00483044
3740,51,51,0,102,12.0392,0.0001184
3741,196,161,38,8,71.5155,0.00954184
3742,112,112,0,224,12.0625,0.00028944
3743,35,33,2,8,74.4848,0.00178024
3744,145,139,6,10,70.0647,0.00815144
3745,63,60,3,10,75.5,0.00339992
3746,19,19,0,38,12.0526,4.096e-05
3747,95,95,0,190,12.0526,0.00022016
3748,15,15,0,8,77.2,0.0007036
3749,46,46,0,92,12.0435,0.00010224
3750,9,9,0,18,12,1.888e-05
3751,67,67,0,8,68.3134,0.00386584
3752,35,35,0,70,12.0286,7.296e-05
3753,5,5,0,10,12,1.056e-05
3754,11,11,0,8,81.0909,0.00048276
3755,7,7,0,14,12,1.472e-05
3756,83,83,0,8,65.1566,0.00482232
3757,43,43,0,86,12.0465,8.96e-05
3758,46,45,1,8,61.6,0.00253136
3759,39,39,0,78,12.0513,8.768e-05
3760,54,54,0,8,63.6111,0.0030616
3761,28,28,0,56,12.0357,5.84e-05
3762,23,23,0,8,67.8696,0.00116
3763,52,52,0,8,69.4615,0.00296
3764,13,13,0,26,12,2.72e-05
3765,27,27,0,54,12.037,5.632e-05
3766,46,42,4,8,61.2143,0.00231476
3767,44,44,0,8,73,0.00248068
3768,25,25,0,50,12.04,5.664e-05
3769,12,12,0,8,69.1667,0.00049408
3770,23,23,0,46,12.0435,4.8e-05
3771,7,7,0,14,12,1.472e-05
3772,274,250,27,10,80.612,0.0149158
3773,193,193,0,386,12.057,0.00048
3774,13,13,0,26,12,2.72e-05
3775,18,17,1,8,81,0.0007978
3776,30,26,4,10,80.5,0.00138064
3777,10,10,0,20,12,2.16e-05
3778,21,21,0,42,12.0476,4.8e-05
3779,146,127,22,8,82.0236,0.00748872
3780,103,103,0,206,12.0583,0.00026432
3781,7,7,0,8,80.8571,0.000244
3782,20,12,8,8,53.25,0.00053704
3783,5,5,0,10,12,1.056e-05
3784,42,34,8,8,81.5588,0.0018554
3785,8,8,0,16,12,1.68e-05
3786,30,30,0,60,12.0333,7.376e-05
3787,34,29,5,10,81.0345,0.001504
3788,327,310,17,8,53.6387,0.0185701
3789,50,39,18,8,81.5385,0.00214496
3790,22,22,0,44,12.0455,5.424e-05
3791,192,192,0,384,12.0521,0.0004248
3792,33,33,0,66,12.0303,7.552e-05
3793,60,53,7,10,83.0943,0.00291608
3794,101,84,17,8,71.631,0.00485588
3795,43,43,0,86,12.0465,0.00010816
3796,13,9,4,8,76,0.0003262
3797,76,76,0,152,12.0658,0.00020592
3798,7,7,0,14,12,1.472e-05
3799,97,86,11,10,80.2907,0.00500176
3800,42,32,10,10,83.25,0.00165352
3801,68,68,0,136,12.0588,0.00017584
3802,25,25,0,50,12.04,5.984e-05
3803,59,50,9,8,79.68,0.00281988
3804,49,42,7,8,83.2381,0.00232356
3805,34,29,5,10,82.7241,0.00149984
3806,39,39,0,78,12.0513,9.92e-05
3807,31,31,0,62,12.0323,7.776e-05
3808,24,24,0,48,12.0417,5.744e-05
3809,51,51,0,8,78.0392,0.00289088
3810,27,27,0,54,12.037,5.632e-05
3811,23,23,0,8,58.6522,0.00118912
3812,13,13,0,26,12,2.72e-05
3813,161,123,49,8,60.7561,0.00725336
3814,89,89,0,178,12.0562,0.00023072
3815,66,56,10,8,64.625,0.0031808
3816,41,31,15,8,69.0968,0.00169316
3817,72,68,4,8,57.4118,0.00388504
3818,41,41,0,82,12.0488,0.00010496
3819,24,24,0,48,12.0417,6.256e-05
3820,43,43,0,86,12.0465,9.472e-05
3821,94,72,22,8,76.0278,0.00417416
3822,39,39,0,6,44.4872,0.00218324
3823,21,21,0,42,12.0476,4.384e-05
3824,83,78,5,8,59.2692,0.00453896
3825,43,43,0,86,12.0465,9.216e-05
3826,58,58,0,8,66,0.00329872
3827,30,30,0,60,12.0333,6.256e-05
3828,84,69,16,8,73.5797,0.00397796
3829,126,99,37,10,75.4242,0.00578664
3830,47,47,0,94,12.0426,0.00011648
3831,83,83,0,166,12.0602,0.0002336
3832,56,46,14,10,80.1957,0.00252312
3833,37,37,0,74,12.0541,9.632e-05
3834,36,29,7,8,71.5517,0.00157436
3835,62,54,8,8,82.9259,0.00308128
3836,38,28,10,8,82.0357,0.00147552
3837,20,20,0,40,12.05,4.464e-05
3838,47,47,0,94,12.0426,0.00011616
3839,23,23,0,46,12.0435,5.28e-05
3840,218,180,50,8,82.2,0.0107045
3841,441,401,43,8,73.1796,0.0240551
3842,139,139,0,278,12.0647,0.00036832
3843,267,267,0,534,12.0562,0.00062464
3844,46,39,8,8,76.8205,0.00213912
3845,40,30,14,10,72.3667,0.0015428
3846,27,27,0,54,12.037,6.24e-05
3847,28,28,0,56,12.0357,7.088e-05
3848,24,20,4,8,86.65,0.00101804
3849,15,15,0,30,12,3.456e-05
3850,24,16,8,8,67,0.00078352
3851,113,103,14,8,72.165,0.00602572
3852,18,17,1,8,70.8235,0.0008298
3853,30,30,0,8,72.4333,0.00159516
3854,14,14,0,28,12,3.408e-05
3855,64,64,0,128,12.0469,0.00014352
3856,11,11,0,22,12,2.432e-05
3857,16,16,0,32,12,3.344e-05
3858,15,15,0,8,55.6,0.00067604
3859,9,9,0,18,12,1.888e-05
3860,27,27,0,8,64.1111,0.0014536
3861,15,15,0,30,12,3.136e-05
3862,10,10,0,8,71,0.00037504
3863,6,6,0,12,12,1.264e-05
3864,65,51,14,8,78.9804,0.00285652
3865,332,315,21,8,63.1587,0.0188679
3866,35,35,0,70,12.0571,8.608e-05
3867,191,191,0,382,12.0524,0.0004384
3868,10,9,1,8,79.4444,0.00031912
3869,6,6,0,12,12,1.328e-05
3870,86,68,18,10,81.1912,0.00389856
3871,58,47,11,10,81.383,0.00260184
3872,57,57,0,114,12.0526,0.00014848
3873,39,39,0,78,12.0513,0.00010272
3874,36,24,12,8,76.9167,0.0012378
3875,55,55,0,110,12.0545,0.000144
3876,20,20,0,40,12.05,5.456e-05
3877,28,25,3,8,77.84,0.00128668
3878,52,46,6,8,74.1739,0.0026052
3879,37,21,16,8,69.9524,0.00103868
3880,19,19,0,38,12.0526,4.544e-05
3881,32,32,0,64,12.0312,7.376e-05
3882,15,15,0,30,12,3.616e-05
3883,27,27,0,8,76.037,0.00143308
3884,31,31,0,8,78.0968,0.00166628
3885,15,15,0,30,12,3.136e-05
3886,17,17,0,34,12,3.552e-05
3887,13,13,0,8,67.7692,0.00060156
3888,10,10,0,8,57.8,0.00042536
3889,8,8,0,16,12,1.68e-05
3890,386,314,85,10,72.035,0.0187651
3891,6,6,0,12,12,1.264e-05
3892,125,97,31,10,71.0103,0.00559488
3893,271,271,0,542,12.0664,0.0007568
3894,77,77,0,154,12.0649,0.0002128
3895,28,23,5,8,60.3478,0.0011806
3896,15,15,0,30,12,3.424e-05
3897,94,81,13,8,55.9136,0.00469504
3898,50,40,10,8,35.825,0.0022192
3899,65,55,10,8,52.3818,0.00312492
3900,2,0,1,0,0,0
3901,54,54,0,108,12.0556,0.00012432
3902,12,12,0,8,63.6667,0.00051188
3903,21,21,0,42,12.0476,4.384e-05
3904,50,50,0,100,12.04,0.00011696
3905,7,7,0,14,12,1.472e-05
3906,17,17,0,8,78.5882,0.00084784
3907,14,14,0,8,71.5714,0.00061676
3908,105,83,24,8,82.241,0.00483176
3909,10,10,0,20,12,2.096e-05
3910,13,13,0,8,83.1538,0.00058108
3911,8,8,0,16,12,1.68e-05
3912,64,64,0,128,12.0625,0.0001688
3913,52,42,14,8,29.1667,0.00233376
3914,8,8,0,16,12,1.68e-05
3915,34,30,4,10,84,0.00162664
3916,22,22,0,44,12.0455,4.592e-05
3917,25,25,0,50,12.04,5.696e-05
3918,39,35,4,8,72.8571,0.00191716
3919,27,27,0,54,12.037,6.144e-05
3920,21,21,0,8,63.9048,0.00105716
3921,12,12,0,24,12,2.512e-05
3922,10,10,0,8,65.4,0.00038148
3923,6,6,0,12,12,1.264e-05
3924,22,22,0,8,49,0.0011458
3925,12,12,0,24,12,2.512e-05
